Listening...
====
STREAM PID 60589.0xffff9482d7141200 (C) > 60554.0xffff9482de657e00 (S), length 402
command[60589]: b'./src/ComposePostService/ComposePostService'
command[60554]: b'./cmake-build/src/TextService/TextService'
----
00000000: 00 00 01 8E 5B 31 2C 22  43 6F 6D 70 6F 73 65 54  ....[1,"ComposeT
00000010: 65 78 74 22 2C 31 2C 30  2C 7B 22 31 22 3A 7B 22  ext",1,0,{"1":{"
00000020: 69 36 34 22 3A 35 38 36  38 33 38 32 34 31 38 33  i64":58683824183
00000030: 30 35 33 35 39 33 36 7D  2C 22 32 22 3A 7B 22 73  0535936},"2":{"s
00000040: 74 72 22 3A 22 77 71 4A  46 7A 52 6A 57 4B 49 65  tr":"wqJFzRjWKIe
00000050: 57 37 34 38 70 35 6A 72  78 6C 45 4D 37 34 64 78  W748p5jrxlEM74dx
00000060: 49 78 35 6E 68 32 4E 57  41 34 52 49 54 4A 31 50  Ix5nh2NWA4RITJ1P
00000070: 54 6D 31 61 6E 53 67 30  50 33 79 57 75 64 65 77  Tm1anSg0P3yWudew
00000080: 50 30 53 4D 57 70 67 67  77 36 34 58 31 35 43 52  P0SMWpggw64X15CR
00000090: 6D 6C 78 62 61 64 48 6F  68 6F 55 31 77 79 64 74  mlxbadHohoU1wydt
000000A0: 5A 32 55 69 5A 58 50 61  56 31 74 41 30 49 61 46  Z2UiZXPaV1tA0IaF
000000B0: 6A 7A 42 75 37 58 69 77  6B 4A 58 69 47 69 59 44  jzBu7XiwkJXiGiYD
000000C0: 59 4B 5A 5A 66 34 63 65  45 44 37 63 72 57 52 61  YKZZf4ceED7crWRa
000000D0: 63 4D 44 47 4E 59 73 65  6F 35 6D 6F 72 63 45 4A  cMDGNYseo5morcEJ
000000E0: 49 77 52 75 33 38 33 55  47 70 4D 61 4C 64 35 66  IwRu383UGpMaLd5f
000000F0: 75 4E 51 47 57 49 58 63  6D 46 5A 53 6D 50 66 77  uNQGWIXcmFZSmPfw
00000100: 51 71 7A 68 56 47 55 45  69 57 78 41 35 31 50 65  QqzhVGUEiWxA51Pe
00000110: 4C 4F 71 74 41 4B 79 6B  36 32 48 38 43 6D 52 6C  LOqtAKyk62H8CmRl
00000120: 48 47 6E 4A 32 52 32 53  4F 30 57 46 5A 33 42 34  HGnJ2R2SO0WFZ3B4
00000130: 34 30 42 72 4E 54 48 75  41 6B 38 54 62 34 4E 55  40BrNTHuAk8Tb4NU
00000140: 44 5A 6B 4C 47 20 40 75  73 65 72 6E 61 6D 65 5F  DZkLG @username_
00000150: 35 38 31 20 40 75 73 65  72 6E 61 6D 65 5F 34 33  581 @username_43
00000160: 39 20 40 75 73 65 72 6E  61 6D 65 5F 37 35 32 22  9 @username_752"
00000170: 7D 2C 22 33 22 3A 7B 22  6D 61 70 22 3A 5B 22 73  },"3":{"map":["s
00000180: 74 72 22 2C 22 73 74 72  22 2C 30 2C 7B 7D 5D 7D  tr","str",0,{}]}
00000190: 7D 5D                                             }]
====
STREAM PID 60589.0xffff9482d7141200 (C) > 60554.0xffff9482de657e00 (S), length 373
command[60589]: b'./src/ComposePostService/ComposePostService'
command[60554]: b'./cmake-build/src/TextService/TextService'
----
00000000: 00 00 01 71 5B 31 2C 22  43 6F 6D 70 6F 73 65 54  ...q[1,"ComposeT
00000010: 65 78 74 22 2C 31 2C 30  2C 7B 22 31 22 3A 7B 22  ext",1,0,{"1":{"
00000020: 69 36 34 22 3A 34 38 36  35 37 35 39 36 30 36 34  i64":48657596064
00000030: 37 31 30 31 31 32 7D 2C  22 32 22 3A 7B 22 73 74  710112},"2":{"st
00000040: 72 22 3A 22 79 37 5A 6A  68 45 4B 36 78 53 46 63  r":"y7ZjhEK6xSFc
00000050: 45 59 6B 71 57 6E 4B 76  52 79 41 6F 49 42 62 48  EYkqWnKvRyAoIBbH
00000060: 75 5A 4D 58 71 42 43 49  44 5A 61 76 44 38 73 67  uZMXqBCIDZavD8sg
00000070: 56 73 71 69 4D 58 34 6D  6A 32 78 43 70 35 69 54  VsqiMX4mj2xCp5iT
00000080: 76 6E 4A 6A 58 64 55 65  68 47 70 4E 67 75 44 4A  vnJjXdUehGpNguDJ
00000090: 37 31 71 79 45 72 45 36  6C 51 64 4B 65 55 4D 35  71qyErE6lQdKeUM5
000000A0: 4A 36 35 30 37 64 58 76  53 4F 58 72 67 38 73 62  J6507dXvSOXrg8sb
000000B0: 34 45 32 68 4B 4E 37 31  51 38 68 6E 41 65 78 61  4E2hKN71Q8hnAexa
000000C0: 6A 6E 71 6D 71 69 52 59  38 35 61 76 79 42 50 35  jnqmqiRY85avyBP5
000000D0: 47 71 43 53 36 44 44 62  6F 33 57 75 76 4E 49 68  GqCS6DDbo3WuvNIh
000000E0: 66 65 66 76 36 6B 51 4B  4F 5A 51 54 56 68 39 37  fefv6kQKOZQTVh97
000000F0: 4A 5A 66 37 74 53 4A 46  41 46 6C 71 37 74 62 33  JZf7tSJFAFlq7tb3
00000100: 74 41 6C 4A 38 61 4D 4A  6A 44 41 6F 4C 6D 66 79  tAlJ8aMJjDAoLmfy
00000110: 6C 45 76 47 37 6E 48 63  78 68 30 72 74 43 62 6E  lEvG7nHcxh0rtCbn
00000120: 57 74 56 78 53 7A 51 49  74 58 42 36 38 6C 52 4D  WtVxSzQItXB68lRM
00000130: 45 39 70 47 31 6E 33 54  6C 64 76 68 47 49 47 35  E9pG1n3TldvhGIG5
00000140: 57 48 37 41 20 40 75 73  65 72 6E 61 6D 65 5F 38  WH7A @username_8
00000150: 33 35 22 7D 2C 22 33 22  3A 7B 22 6D 61 70 22 3A  35"},"3":{"map":
00000160: 5B 22 73 74 72 22 2C 22  73 74 72 22 2C 30 2C 7B  ["str","str",0,{
00000170: 7D 5D 7D 7D 5D                                    }]}}]
====
STREAM PID 60554.0xffff9482de657e00 (S) > 60589.0xffff9482d7141200 (C), length 370
command[60554]: b'./cmake-build/src/TextService/TextService'
command[60589]: b'./src/ComposePostService/ComposePostService'
----
00000000: 00 00 01 6E 5B 31 2C 22  43 6F 6D 70 6F 73 65 54  ...n[1,"ComposeT
00000010: 65 78 74 22 2C 32 2C 30  2C 7B 22 30 22 3A 7B 22  ext",2,0,{"0":{"
00000020: 72 65 63 22 3A 7B 22 31  22 3A 7B 22 73 74 72 22  rec":{"1":{"str"
00000030: 3A 22 79 37 5A 6A 68 45  4B 36 78 53 46 63 45 59  :"y7ZjhEK6xSFcEY
00000040: 6B 71 57 6E 4B 76 52 79  41 6F 49 42 62 48 75 5A  kqWnKvRyAoIBbHuZ
00000050: 4D 58 71 42 43 49 44 5A  61 76 44 38 73 67 56 73  MXqBCIDZavD8sgVs
00000060: 71 69 4D 58 34 6D 6A 32  78 43 70 35 69 54 76 6E  qiMX4mj2xCp5iTvn
00000070: 4A 6A 58 64 55 65 68 47  70 4E 67 75 44 4A 37 31  JjXdUehGpNguDJ71
00000080: 71 79 45 72 45 36 6C 51  64 4B 65 55 4D 35 4A 36  qyErE6lQdKeUM5J6
00000090: 35 30 37 64 58 76 53 4F  58 72 67 38 73 62 34 45  507dXvSOXrg8sb4E
000000A0: 32 68 4B 4E 37 31 51 38  68 6E 41 65 78 61 6A 6E  2hKN71Q8hnAexajn
000000B0: 71 6D 71 69 52 59 38 35  61 76 79 42 50 35 47 71  qmqiRY85avyBP5Gq
000000C0: 43 53 36 44 44 62 6F 33  57 75 76 4E 49 68 66 65  CS6DDbo3WuvNIhfe
000000D0: 66 76 36 6B 51 4B 4F 5A  51 54 56 68 39 37 4A 5A  fv6kQKOZQTVh97JZ
000000E0: 66 37 74 53 4A 46 41 46  6C 71 37 74 62 33 74 41  f7tSJFAFlq7tb3tA
000000F0: 6C 4A 38 61 4D 4A 6A 44  41 6F 4C 6D 66 79 6C 45  lJ8aMJjDAoLmfylE
00000100: 76 47 37 6E 48 63 78 68  30 72 74 43 62 6E 57 74  vG7nHcxh0rtCbnWt
00000110: 56 78 53 7A 51 49 74 58  42 36 38 6C 52 4D 45 39  VxSzQItXB68lRME9
00000120: 70 47 31 6E 33 54 6C 64  76 68 47 49 47 35 57 48  pG1n3TldvhGIG5WH
00000130: 37 41 20 40 75 73 65 72  6E 61 6D 65 5F 38 33 35  7A @username_835
00000140: 22 7D 2C 22 32 22 3A 7B  22 6C 73 74 22 3A 5B 22  "},"2":{"lst":["
00000150: 72 65 63 22 2C 30 5D 7D  2C 22 33 22 3A 7B 22 6C  rec",0]},"3":{"l
00000160: 73 74 22 3A 5B 22 72 65  63 22 2C 30 5D 7D 7D 7D  st":["rec",0]}}}
00000170: 7D 5D                                             }]
====
STREAM PID 60589.0xffff9482d7141200 (C) > 60554.0xffff9482de657e00 (S), length 647
command[60589]: b'./src/ComposePostService/ComposePostService'
command[60554]: b'./cmake-build/src/TextService/TextService'
----
00000000: 00 00 02 83 5B 31 2C 22  43 6F 6D 70 6F 73 65 54  ....[1,"ComposeT
00000010: 65 78 74 22 2C 31 2C 30  2C 7B 22 31 22 3A 7B 22  ext",1,0,{"1":{"
00000020: 69 36 34 22 3A 35 39 34  35 38 36 34 34 36 32 36  i64":59458644626
00000030: 38 34 33 31 38 34 7D 2C  22 32 22 3A 7B 22 73 74  843184},"2":{"st
00000040: 72 22 3A 22 58 76 36 59  77 30 44 6F 4D 4A 45 56  r":"Xv6Yw0DoMJEV
00000050: 77 58 6E 4A 4E 66 32 50  35 69 48 70 73 43 4E 36  wXnJNf2P5iHpsCN6
00000060: 65 49 30 73 63 68 65 57  65 5A 30 50 4D 6A 6F 41  eI0scheWeZ0PMjoA
00000070: 50 54 6B 59 74 48 50 49  50 54 6B 75 6C 5A 4F 4E  PTkYtHPIPTkulZON
00000080: 7A 4C 4C 34 59 64 32 56  69 45 73 46 74 48 32 77  zLL4Yd2ViEsFtH2w
00000090: 68 45 41 55 73 6C 59 4B  57 31 4B 53 38 67 47 43  hEAUslYKW1KS8gGC
000000A0: 6A 50 55 77 55 7A 68 77  6F 31 39 68 4C 58 34 4A  jPUwUzhwo19hLX4J
000000B0: 34 44 62 58 74 55 73 4F  51 43 79 68 4D 77 46 73  4DbXtUsOQCyhMwFs
000000C0: 53 34 30 6C 75 61 4C 4F  4B 79 58 50 61 62 55 58  S40luaLOKyXPabUX
000000D0: 56 74 6B 45 75 34 61 69  57 65 73 56 44 79 7A 49  VtkEu4aiWesVDyzI
000000E0: 6C 65 5A 32 4D 5A 44 56  76 62 75 55 72 55 79 4B  leZ2MZDVvbuUrUyK
000000F0: 7A 78 44 59 6C 78 41 77  74 50 55 57 4E 61 34 4D  zxDYlxAwtPUWNa4M
00000100: 44 48 56 4B 54 57 79 31  6E 48 58 4D 44 57 74 35  DHVKTWy1nHXMDWt5
00000110: 39 50 51 6F 73 44 6D 4B  49 4E 36 49 37 51 38 33  9PQosDmKIN6I7Q83
00000120: 37 72 69 6C 72 38 34 32  35 6B 69 4F 64 67 6F 63  7rilr8425kiOdgoc
00000130: 36 6B 42 6E 64 68 59 7A  38 7A 52 73 4E 4C 52 66  6kBndhYz8zRsNLRf
00000140: 39 4B 69 4B 20 68 74 74  70 3A 2F 2F 67 7A 49 68  9KiK http://gzIh
00000150: 77 66 66 75 63 65 68 52  67 69 6A 61 46 70 36 71  wffucehRgijaFp6q
00000160: 4C 34 6E 4A 4B 78 4E 78  70 77 47 58 38 4F 39 67  L4nJKxNxpwGX8O9g
00000170: 32 37 4D 70 31 33 67 36  77 31 45 69 77 30 48 50  27Mp13g6w1Eiw0HP
00000180: 6C 64 4D 34 4D 34 5A 54  49 6F 51 33 20 68 74 74  ldM4M4ZTIoQ3 htt
00000190: 70 3A 2F 2F 53 59 61 56  35 6F 54 71 6B 33 5A 39  p://SYaV5oTqk3Z9
000001A0: 39 79 48 61 6F 43 6D 6F  54 78 44 5A 6F 57 37 58  9yHaoCmoTxDZoW7X
000001B0: 38 37 4B 75 37 63 39 6C  68 74 41 7A 32 31 55 65  87Ku7c9lhtAz21Ue
000001C0: 65 72 50 49 69 6A 56 42  52 68 52 37 75 69 47 72  erPIijVBRhR7uiGr
000001D0: 73 4A 69 56 20 68 74 74  70 3A 2F 2F 63 4B 49 73  sJiV http://cKIs
000001E0: 30 39 5A 71 34 78 48 33  48 37 48 6B 4D 7A 59 4A  09Zq4xH3H7HkMzYJ
000001F0: 6A 4D 4E 7A 53 43 54 61  78 67 44 46 77 6F 44 34  jMNzSCTaxgDFwoD4
00000200: 71 6C 36 4F 69 46 73 76  78 33 39 47 4D 44 36 5A  ql6OiFsvx39GMD6Z
00000210: 36 59 66 79 6A 6E 53 55  43 6C 6F 69 20 68 74 74  6YfyjnSUCloi htt
00000220: 70 3A 2F 2F 65 73 31 37  74 64 74 4F 75 43 6C 39  p://es17tdtOuCl9
00000230: 4B 35 78 73 75 67 4A 73  57 76 38 41 55 39 4D 79  K5xsugJsWv8AU9My
00000240: 44 44 6A 6E 37 70 64 45  56 33 6C 69 57 46 34 58  DDjn7pdEV3liWF4X
00000250: 37 4D 63 57 41 36 30 4A  37 6D 63 73 52 30 6E 39  7McWA60J7mcsR0n9
00000260: 4B 61 31 67 22 7D 2C 22  33 22 3A 7B 22 6D 61 70  Ka1g"},"3":{"map
00000270: 22 3A 5B 22 73 74 72 22  2C 22 73 74 72 22 2C 30  ":["str","str",0
00000280: 2C 7B 7D 5D 7D 7D 5D                              ,{}]}}]
====
STREAM PID 60589.0xffff9482d7141200 (C) > 60554.0xffff9482de657e00 (S), length 560
command[60589]: b'./src/ComposePostService/ComposePostService'
command[60554]: b'./cmake-build/src/TextService/TextService'
----
00000000: 00 00 02 2C 5B 31 2C 22  43 6F 6D 70 6F 73 65 54  ...,[1,"ComposeT
00000010: 65 78 74 22 2C 31 2C 30  2C 7B 22 31 22 3A 7B 22  ext",1,0,{"1":{"
00000020: 69 36 34 22 3A 35 38 36  33 36 38 39 35 30 34 33  i64":58636895043
00000030: 39 32 33 32 37 36 38 7D  2C 22 32 22 3A 7B 22 73  9232768},"2":{"s
00000040: 74 72 22 3A 22 72 4A 5A  74 4F 6B 39 4D 6A 51 72  tr":"rJZtOk9MjQr
00000050: 6F 30 71 45 69 34 55 67  79 6C 48 34 66 64 70 52  o0qEi4UgylH4fdpR
00000060: 63 62 33 6F 79 37 78 36  4E 6D 64 4A 6D 53 6D 45  cb3oy7x6NmdJmSmE
00000070: 51 37 41 42 72 6D 79 50  63 50 50 49 65 55 6D 34  Q7ABrmyPcPPIeUm4
00000080: 46 69 62 6E 64 76 6E 6F  68 68 4D 6E 6A 75 49 38  FibndvnohhMnjuI8
00000090: 77 69 58 6C 4B 45 52 66  63 55 4A 37 47 4D 53 36  wiXlKERfcUJ7GMS6
000000A0: 64 30 58 50 70 76 6A 68  74 72 45 44 38 73 6E 37  d0XPpvjhtrED8sn7
000000B0: 51 39 4D 43 33 46 4C 30  43 6D 45 75 50 5A 65 65  Q9MC3FL0CmEuPZee
000000C0: 41 6D 45 43 76 5A 34 39  67 6B 71 54 37 35 59 73  AmECvZ49gkqT75Ys
000000D0: 31 30 58 32 38 64 77 67  39 4A 58 75 46 54 49 75  10X28dwg9JXuFTIu
000000E0: 6F 54 64 72 79 71 41 76  48 38 6A 46 42 5A 70 51  oTdryqAvH8jFBZpQ
000000F0: 51 74 75 33 7A 75 47 7A  50 59 41 62 35 57 7A 4C  Qtu3zuGzPYAb5WzL
00000100: 62 6C 35 38 61 78 33 74  64 50 52 76 58 44 4C 56  bl58ax3tdPRvXDLV
00000110: 62 49 6F 4E 69 4B 72 69  33 63 7A 43 37 74 43 6C  bIoNiKri3czC7tCl
00000120: 6C 58 69 4E 6F 45 4D 6D  38 77 37 32 4F 53 67 5A  lXiNoEMm8w72OSgZ
00000130: 4D 6E 50 6B 61 72 30 69  4B 79 4D 61 72 6B 75 57  MnPkar0iKyMarkuW
00000140: 53 58 53 78 77 20 40 75  73 65 72 6E 61 6D 65 5F  SXSxw @username_
00000150: 35 32 34 20 40 75 73 65  72 6E 61 6D 65 5F 32 32  524 @username_22
00000160: 38 20 40 75 73 65 72 6E  61 6D 65 5F 36 30 31 20  8 @username_601 
00000170: 40 75 73 65 72 6E 61 6D  65 5F 33 37 38 20 68 74  @username_378 ht
00000180: 74 70 3A 2F 2F 78 6F 36  33 4D 62 67 67 69 41 62  tp://xo63MbggiAb
00000190: 6D 62 66 46 38 52 39 64  71 51 74 33 64 51 35 6C  mbfF8R9dqQt3dQ5l
000001A0: 65 63 51 4A 67 4D 38 38  58 4E 6B 68 42 4C 68 64  ecQJgM88XNkhBLhd
000001B0: 6A 48 48 56 43 6F 32 6D  72 58 72 67 68 70 31 50  jHHVCo2mrXrghp1P
000001C0: 39 4F 47 52 4F 20 68 74  74 70 3A 2F 2F 6E 41 38  9OGRO http://nA8
000001D0: 59 75 52 4F 55 6B 73 51  66 53 7A 68 4A 33 38 35  YuROUksQfSzhJ385
000001E0: 34 35 76 46 57 38 36 65  74 33 34 45 50 4A 78 37  45vFW86et34EPJx7
000001F0: 61 52 6C 39 58 71 41 49  32 6F 70 6A 34 41 37 31  aRl9XqAI2opj4A71
00000200: 5A 4E 47 62 64 36 6F 34  56 48 37 35 4E 22 7D 2C  ZNGbd6o4VH75N"},
00000210: 22 33 22 3A 7B 22 6D 61  70 22 3A 5B 22 73 74 72  "3":{"map":["str
00000220: 22 2C 22 73 74 72 22 2C  30 2C 7B 7D 5D 7D 7D 5D  ","str",0,{}]}}]
====
STREAM PID 60554.0xffff9482de657e00 (S) > 60589.0xffff9482d7141200 (C), length 728
command[60554]: b'./cmake-build/src/TextService/TextService'
command[60589]: b'./src/ComposePostService/ComposePostService'
----
00000000: 00 00 02 D4 5B 31 2C 22  43 6F 6D 70 6F 73 65 54  ....[1,"ComposeT
00000010: 65 78 74 22 2C 32 2C 30  2C 7B 22 30 22 3A 7B 22  ext",2,0,{"0":{"
00000020: 72 65 63 22 3A 7B 22 31  22 3A 7B 22 73 74 72 22  rec":{"1":{"str"
00000030: 3A 22 72 4A 5A 74 4F 6B  39 4D 6A 51 72 6F 30 71  :"rJZtOk9MjQro0q
00000040: 45 69 34 55 67 79 6C 48  34 66 64 70 52 63 62 33  Ei4UgylH4fdpRcb3
00000050: 6F 79 37 78 36 4E 6D 64  4A 6D 53 6D 45 51 37 41  oy7x6NmdJmSmEQ7A
00000060: 42 72 6D 79 50 63 50 50  49 65 55 6D 34 46 69 62  BrmyPcPPIeUm4Fib
00000070: 6E 64 76 6E 6F 68 68 4D  6E 6A 75 49 38 77 69 58  ndvnohhMnjuI8wiX
00000080: 6C 4B 45 52 66 63 55 4A  37 47 4D 53 36 64 30 58  lKERfcUJ7GMS6d0X
00000090: 50 70 76 6A 68 74 72 45  44 38 73 6E 37 51 39 4D  PpvjhtrED8sn7Q9M
000000A0: 43 33 46 4C 30 43 6D 45  75 50 5A 65 65 41 6D 45  C3FL0CmEuPZeeAmE
000000B0: 43 76 5A 34 39 67 6B 71  54 37 35 59 73 31 30 58  CvZ49gkqT75Ys10X
000000C0: 32 38 64 77 67 39 4A 58  75 46 54 49 75 6F 54 64  28dwg9JXuFTIuoTd
000000D0: 72 79 71 41 76 48 38 6A  46 42 5A 70 51 51 74 75  ryqAvH8jFBZpQQtu
000000E0: 33 7A 75 47 7A 50 59 41  62 35 57 7A 4C 62 6C 35  3zuGzPYAb5WzLbl5
000000F0: 38 61 78 33 74 64 50 52  76 58 44 4C 56 62 49 6F  8ax3tdPRvXDLVbIo
00000100: 4E 69 4B 72 69 33 63 7A  43 37 74 43 6C 6C 58 69  NiKri3czC7tCllXi
00000110: 4E 6F 45 4D 6D 38 77 37  32 4F 53 67 5A 4D 6E 50  NoEMm8w72OSgZMnP
00000120: 6B 61 72 30 69 4B 79 4D  61 72 6B 75 57 53 58 53  kar0iKyMarkuWSXS
00000130: 78 77 20 40 75 73 65 72  6E 61 6D 65 5F 35 32 34  xw @username_524
00000140: 20 40 75 73 65 72 6E 61  6D 65 5F 32 32 38 20 40   @username_228 @
00000150: 75 73 65 72 6E 61 6D 65  5F 36 30 31 20 40 75 73  username_601 @us
00000160: 65 72 6E 61 6D 65 5F 33  37 38 20 68 74 74 70 3A  ername_378 http:
00000170: 2F 2F 73 68 6F 72 74 2D  75 72 6C 2F 4B 69 75 57  //short-url/KiuW
00000180: 5A 70 46 77 71 62 20 68  74 74 70 3A 2F 2F 73 68  ZpFwqb http://sh
00000190: 6F 72 74 2D 75 72 6C 2F  62 57 51 31 51 38 55 4E  ort-url/bWQ1Q8UN
000001A0: 67 45 22 7D 2C 22 32 22  3A 7B 22 6C 73 74 22 3A  gE"},"2":{"lst":
000001B0: 5B 22 72 65 63 22 2C 30  5D 7D 2C 22 33 22 3A 7B  ["rec",0]},"3":{
000001C0: 22 6C 73 74 22 3A 5B 22  72 65 63 22 2C 32 2C 7B  "lst":["rec",2,{
000001D0: 22 31 22 3A 7B 22 73 74  72 22 3A 22 68 74 74 70  "1":{"str":"http
000001E0: 3A 2F 2F 73 68 6F 72 74  2D 75 72 6C 2F 4B 69 75  ://short-url/Kiu
000001F0: 57 5A 70 46 77 71 62 22  7D 2C 22 32 22 3A 7B 22  WZpFwqb"},"2":{"
00000200: 73 74 72 22 3A 22 68 74  74 70 3A 2F 2F 78 6F 36  str":"http://xo6
00000210: 33 4D 62 67 67 69 41 62  6D 62 66 46 38 52 39 64  3MbggiAbmbfF8R9d
00000220: 71 51 74 33 64 51 35 6C  65 63 51 4A 67 4D 38 38  qQt3dQ5lecQJgM88
00000230: 58 4E 6B 68 42 4C 68 64  6A 48 48 56 43 6F 32 6D  XNkhBLhdjHHVCo2m
00000240: 72 58 72 67 68 70 31 50  39 4F 47 52 4F 22 7D 7D  rXrghp1P9OGRO"}}
00000250: 2C 7B 22 31 22 3A 7B 22  73 74 72 22 3A 22 68 74  ,{"1":{"str":"ht
00000260: 74 70 3A 2F 2F 73 68 6F  72 74 2D 75 72 6C 2F 62  tp://short-url/b
00000270: 57 51 31 51 38 55 4E 67  45 22 7D 2C 22 32 22 3A  WQ1Q8UNgE"},"2":
00000280: 7B 22 73 74 72 22 3A 22  68 74 74 70 3A 2F 2F 6E  {"str":"http://n
00000290: 41 38 59 75 52 4F 55 6B  73 51 66 53 7A 68 4A 33  A8YuROUksQfSzhJ3
000002A0: 38 35 34 35 76 46 57 38  36 65 74 33 34 45 50 4A  8545vFW86et34EPJ
000002B0: 78 37 61 52 6C 39 58 71  41 49 32 6F 70 6A 34 41  x7aRl9XqAI2opj4A
000002C0: 37 31 5A 4E 47 62 64 36  6F 34 56 48 37 35 4E 22  71ZNGbd6o4VH75N"
000002D0: 7D 7D 5D 7D 7D 7D 7D 5D                           }}]}}}}]
====
STREAM PID 60589.0xffff9482d7141200 (C) > 60554.0xffff9482de657e00 (S), length 619
command[60589]: b'./src/ComposePostService/ComposePostService'
command[60554]: b'./cmake-build/src/TextService/TextService'
----
00000000: 00 00 02 67 5B 31 2C 22  43 6F 6D 70 6F 73 65 54  ...g[1,"ComposeT
00000010: 65 78 74 22 2C 31 2C 30  2C 7B 22 31 22 3A 7B 22  ext",1,0,{"1":{"
00000020: 69 36 34 22 3A 31 31 31  36 39 38 30 37 36 31 35  i64":11169807615
00000030: 36 36 38 38 34 30 39 36  7D 2C 22 32 22 3A 7B 22  66884096},"2":{"
00000040: 73 74 72 22 3A 22 4C 36  79 42 69 6F 75 48 37 65  str":"L6yBiouH7e
00000050: 44 73 58 37 59 5A 73 71  52 67 4E 51 30 4D 46 66  DsX7YZsqRgNQ0MFf
00000060: 46 5A 4E 72 38 74 67 6C  4E 6D 62 39 56 51 36 44  FZNr8tglNmb9VQ6D
00000070: 65 56 72 4E 6B 43 76 32  6A 63 67 46 6A 47 4C 62  eVrNkCv2jcgFjGLb
00000080: 7A 64 68 49 6D 6D 4E 69  33 57 56 34 61 30 77 76  zdhImmNi3WV4a0wv
00000090: 6A 50 47 63 47 37 48 72  46 61 73 50 76 4F 6A 59  jPGcG7HrFasPvOjY
000000A0: 62 39 38 33 59 45 6B 78  6C 32 67 65 4E 5A 52 35  b983YEkxl2geNZR5
000000B0: 37 57 6E 4E 56 6E 47 44  46 43 34 4D 72 45 6D 43  7WnNVnGDFC4MrEmC
000000C0: 7A 31 77 48 74 56 55 66  56 54 75 70 6B 6A 73 34  z1wHtVUfVTupkjs4
000000D0: 67 73 66 78 41 31 45 45  43 75 78 72 32 78 45 47  gsfxA1EECuxr2xEG
000000E0: 4C 6C 32 74 30 6C 41 44  41 32 65 70 71 4B 76 32  Ll2t0lADA2epqKv2
000000F0: 50 46 58 6F 75 4B 68 49  54 4A 64 6F 33 65 51 30  PFXouKhITJdo3eQ0
00000100: 4A 56 4E 65 48 34 46 39  6C 4D 77 39 59 68 66 30  JVNeH4F9lMw9Yhf0
00000110: 6F 68 34 69 69 65 4D 50  5A 5A 58 71 34 43 6B 62  oh4iieMPZZXq4Ckb
00000120: 59 63 30 33 59 6C 38 52  36 37 4D 38 63 38 78 76  Yc03Yl8R67M8c8xv
00000130: 73 31 44 69 64 4F 6B 51  4B 55 39 49 45 38 4B 4F  s1DidOkQKU9IE8KO
00000140: 59 7A 4F 4D 74 37 20 40  75 73 65 72 6E 61 6D 65  YzOMt7 @username
00000150: 5F 33 31 35 20 40 75 73  65 72 6E 61 6D 65 5F 31  _315 @username_1
00000160: 36 33 20 40 75 73 65 72  6E 61 6D 65 5F 36 39 34  63 @username_694
00000170: 20 68 74 74 70 3A 2F 2F  77 4F 68 30 71 6E 79 78   http://wOh0qnyx
00000180: 51 57 50 43 6C 55 36 48  4D 43 72 58 45 4B 58 33  QWPClU6HMCrXEKX3
00000190: 33 4C 36 6F 36 75 42 46  38 38 5A 69 71 4A 33 62  3L6o6uBF88ZiqJ3b
000001A0: 76 52 56 4E 4D 48 57 57  78 68 4C 55 36 48 64 79  vRVNMHWWxhLU6Hdy
000001B0: 4F 76 6D 6D 6D 4D 51 78  20 68 74 74 70 3A 2F 2F  OvmmmMQx http://
000001C0: 63 69 37 67 49 4A 7A 4B  34 4F 6A 71 67 76 6E 43  ci7gIJzK4OjqgvnC
000001D0: 54 65 4D 6E 44 34 4D 46  32 41 50 63 31 54 50 62  TeMnD4MF2APc1TPb
000001E0: 46 48 7A 48 44 54 37 44  6B 5A 41 64 41 38 33 6B  FHzHDT7DkZAdA83k
000001F0: 45 74 7A 37 6B 55 61 37  4C 46 75 44 6E 59 47 4A  Etz7kUa7LFuDnYGJ
00000200: 20 68 74 74 70 3A 2F 2F  44 6C 53 79 70 68 41 54   http://DlSyphAT
00000210: 67 53 56 63 46 6B 34 50  75 4A 32 31 41 63 42 69  gSVcFk4PuJ21AcBi
00000220: 64 79 68 56 6C 61 65 77  4B 61 56 50 6F 32 31 44  dyhVlaewKaVPo21D
00000230: 72 68 38 67 31 41 63 6F  36 38 78 77 46 47 59 6D  rh8g1Aco68xwFGYm
00000240: 48 57 64 6E 61 6C 76 53  22 7D 2C 22 33 22 3A 7B  HWdnalvS"},"3":{
00000250: 22 6D 61 70 22 3A 5B 22  73 74 72 22 2C 22 73 74  "map":["str","st
00000260: 72 22 2C 30 2C 7B 7D 5D  7D 7D 5D                 r",0,{}]}}]
====
STREAM PID 60554.0xffff9482de657e00 (S) > 60589.0xffff9482d7141200 (C), length 872
command[60554]: b'./cmake-build/src/TextService/TextService'
command[60589]: b'./src/ComposePostService/ComposePostService'
----
00000000: 00 00 03 64 5B 31 2C 22  43 6F 6D 70 6F 73 65 54  ...d[1,"ComposeT
00000010: 65 78 74 22 2C 32 2C 30  2C 7B 22 30 22 3A 7B 22  ext",2,0,{"0":{"
00000020: 72 65 63 22 3A 7B 22 31  22 3A 7B 22 73 74 72 22  rec":{"1":{"str"
00000030: 3A 22 4C 36 79 42 69 6F  75 48 37 65 44 73 58 37  :"L6yBiouH7eDsX7
00000040: 59 5A 73 71 52 67 4E 51  30 4D 46 66 46 5A 4E 72  YZsqRgNQ0MFfFZNr
00000050: 38 74 67 6C 4E 6D 62 39  56 51 36 44 65 56 72 4E  8tglNmb9VQ6DeVrN
00000060: 6B 43 76 32 6A 63 67 46  6A 47 4C 62 7A 64 68 49  kCv2jcgFjGLbzdhI
00000070: 6D 6D 4E 69 33 57 56 34  61 30 77 76 6A 50 47 63  mmNi3WV4a0wvjPGc
00000080: 47 37 48 72 46 61 73 50  76 4F 6A 59 62 39 38 33  G7HrFasPvOjYb983
00000090: 59 45 6B 78 6C 32 67 65  4E 5A 52 35 37 57 6E 4E  YEkxl2geNZR57WnN
000000A0: 56 6E 47 44 46 43 34 4D  72 45 6D 43 7A 31 77 48  VnGDFC4MrEmCz1wH
000000B0: 74 56 55 66 56 54 75 70  6B 6A 73 34 67 73 66 78  tVUfVTupkjs4gsfx
000000C0: 41 31 45 45 43 75 78 72  32 78 45 47 4C 6C 32 74  A1EECuxr2xEGLl2t
000000D0: 30 6C 41 44 41 32 65 70  71 4B 76 32 50 46 58 6F  0lADA2epqKv2PFXo
000000E0: 75 4B 68 49 54 4A 64 6F  33 65 51 30 4A 56 4E 65  uKhITJdo3eQ0JVNe
000000F0: 48 34 46 39 6C 4D 77 39  59 68 66 30 6F 68 34 69  H4F9lMw9Yhf0oh4i
00000100: 69 65 4D 50 5A 5A 58 71  34 43 6B 62 59 63 30 33  ieMPZZXq4CkbYc03
00000110: 59 6C 38 52 36 37 4D 38  63 38 78 76 73 31 44 69  Yl8R67M8c8xvs1Di
00000120: 64 4F 6B 51 4B 55 39 49  45 38 4B 4F 59 7A 4F 4D  dOkQKU9IE8KOYzOM
00000130: 74 37 20 40 75 73 65 72  6E 61 6D 65 5F 33 31 35  t7 @username_315
00000140: 20 40 75 73 65 72 6E 61  6D 65 5F 31 36 33 20 40   @username_163 @
00000150: 75 73 65 72 6E 61 6D 65  5F 36 39 34 20 68 74 74  username_694 htt
00000160: 70 3A 2F 2F 73 68 6F 72  74 2D 75 72 6C 2F 46 33  p://short-url/F3
00000170: 47 6A 50 65 4B 67 37 69  20 68 74 74 70 3A 2F 2F  GjPeKg7i http://
00000180: 73 68 6F 72 74 2D 75 72  6C 2F 31 37 48 35 49 6B  short-url/17H5Ik
00000190: 35 4E 6C 77 20 68 74 74  70 3A 2F 2F 73 68 6F 72  5Nlw http://shor
000001A0: 74 2D 75 72 6C 2F 30 33  36 34 62 61 6D 57 4A 61  t-url/0364bamWJa
000001B0: 22 7D 2C 22 32 22 3A 7B  22 6C 73 74 22 3A 5B 22  "},"2":{"lst":["
000001C0: 72 65 63 22 2C 30 5D 7D  2C 22 33 22 3A 7B 22 6C  rec",0]},"3":{"l
000001D0: 73 74 22 3A 5B 22 72 65  63 22 2C 33 2C 7B 22 31  st":["rec",3,{"1
000001E0: 22 3A 7B 22 73 74 72 22  3A 22 68 74 74 70 3A 2F  ":{"str":"http:/
000001F0: 2F 73 68 6F 72 74 2D 75  72 6C 2F 46 33 47 6A 50  /short-url/F3GjP
00000200: 65 4B 67 37 69 22 7D 2C  22 32 22 3A 7B 22 73 74  eKg7i"},"2":{"st
00000210: 72 22 3A 22 68 74 74 70  3A 2F 2F 77 4F 68 30 71  r":"http://wOh0q
00000220: 6E 79 78 51 57 50 43 6C  55 36 48 4D 43 72 58 45  nyxQWPClU6HMCrXE
00000230: 4B 58 33 33 4C 36 6F 36  75 42 46 38 38 5A 69 71  KX33L6o6uBF88Ziq
00000240: 4A 33 62 76 52 56 4E 4D  48 57 57 78 68 4C 55 36  J3bvRVNMHWWxhLU6
00000250: 48 64 79 4F 76 6D 6D 6D  4D 51 78 22 7D 7D 2C 7B  HdyOvmmmMQx"}},{
00000260: 22 31 22 3A 7B 22 73 74  72 22 3A 22 68 74 74 70  "1":{"str":"http
00000270: 3A 2F 2F 73 68 6F 72 74  2D 75 72 6C 2F 31 37 48  ://short-url/17H
00000280: 35 49 6B 35 4E 6C 77 22  7D 2C 22 32 22 3A 7B 22  5Ik5Nlw"},"2":{"
00000290: 73 74 72 22 3A 22 68 74  74 70 3A 2F 2F 63 69 37  str":"http://ci7
000002A0: 67 49 4A 7A 4B 34 4F 6A  71 67 76 6E 43 54 65 4D  gIJzK4OjqgvnCTeM
000002B0: 6E 44 34 4D 46 32 41 50  63 31 54 50 62 46 48 7A  nD4MF2APc1TPbFHz
000002C0: 48 44 54 37 44 6B 5A 41  64 41 38 33 6B 45 74 7A  HDT7DkZAdA83kEtz
000002D0: 37 6B 55 61 37 4C 46 75  44 6E 59 47 4A 22 7D 7D  7kUa7LFuDnYGJ"}}
000002E0: 2C 7B 22 31 22 3A 7B 22  73 74 72 22 3A 22 68 74  ,{"1":{"str":"ht
000002F0: 74 70 3A 2F 2F 73 68 6F  72 74 2D 75 72 6C 2F 30  tp://short-url/0
00000300: 33 36 34 62 61 6D 57 4A  61 22 7D 2C 22 32 22 3A  364bamWJa"},"2":
00000310: 7B 22 73 74 72 22 3A 22  68 74 74 70 3A 2F 2F 44  {"str":"http://D
00000320: 6C 53 79 70 68 41 54 67  53 56 63 46 6B 34 50 75  lSyphATgSVcFk4Pu
00000330: 4A 32 31 41 63 42 69 64  79 68 56 6C 61 65 77 4B  J21AcBidyhVlaewK
00000340: 61 56 50 6F 32 31 44 72  68 38 67 31 41 63 6F 36  aVPo21Drh8g1Aco6
00000350: 38 78 77 46 47 59 6D 48  57 64 6E 61 6C 76 53 22  8xwFGYmHWdnalvS"
00000360: 7D 7D 5D 7D 7D 7D 7D 5D                           }}]}}}}]
====
STREAM PID 60589.0xffff9482d7141200 (C) > 60554.0xffff9482de657e00 (S), length 559
command[60589]: b'./src/ComposePostService/ComposePostService'
command[60554]: b'./cmake-build/src/TextService/TextService'
----
00000000: 00 00 02 2B 5B 31 2C 22  43 6F 6D 70 6F 73 65 54  ...+[1,"ComposeT
00000010: 65 78 74 22 2C 31 2C 30  2C 7B 22 31 22 3A 7B 22  ext",1,0,{"1":{"
00000020: 69 36 34 22 3A 39 35 32  39 33 39 33 37 35 38 33  i64":95293937583
00000030: 30 32 35 32 32 38 38 7D  2C 22 32 22 3A 7B 22 73  0252288},"2":{"s
00000040: 74 72 22 3A 22 79 49 52  34 58 72 44 6F 32 4C 77  tr":"yIR4XrDo2Lw
00000050: 4B 43 36 66 37 43 4C 58  56 64 38 67 77 52 61 42  KC6f7CLXVd8gwRaB
00000060: 67 5A 61 5A 69 45 47 65  66 61 66 5A 77 70 76 6F  gZaZiEGefafZwpvo
00000070: 77 42 67 75 39 56 38 64  4D 61 49 75 6A 45 47 4D  wBgu9V8dMaIujEGM
00000080: 30 65 49 65 43 78 50 59  48 4C 58 4E 47 48 47 64  0eIeCxPYHLXNGHGd
00000090: 50 50 51 31 75 74 55 30  65 67 72 61 75 32 43 77  PPQ1utU0egrau2Cw
000000A0: 49 71 72 59 74 55 38 67  62 34 5A 34 54 48 43 4B  IqrYtU8gb4Z4THCK
000000B0: 65 35 38 66 73 61 37 61  61 54 52 51 53 41 42 36  e58fsa7aaTRQSAB6
000000C0: 76 73 79 42 5A 77 34 53  53 37 79 5A 7A 76 38 72  vsyBZw4SS7yZzv8r
000000D0: 41 42 4D 6D 42 48 7A 41  72 39 63 42 63 53 49 50  ABMmBHzAr9cBcSIP
000000E0: 72 37 44 52 59 74 33 37  57 63 75 71 55 78 41 43  r7DRYt37WcuqUxAC
000000F0: 30 72 36 53 6F 59 46 75  50 4A 7A 4C 56 56 45 52  0r6SoYFuPJzLVVER
00000100: 74 6F 39 6A 56 41 30 43  30 6C 4F 4C 52 4E 70 34  to9jVA0C0lOLRNp4
00000110: 41 64 70 34 35 33 43 71  69 66 48 45 6E 7A 4B 65  Adp453CqifHEnzKe
00000120: 31 42 47 6C 64 48 78 77  6C 41 31 56 71 57 36 4C  1BGldHxwlA1VqW6L
00000130: 55 35 54 6F 50 71 48 34  76 75 57 71 4D 49 38 64  U5ToPqH4vuWqMI8d
00000140: 68 32 33 39 62 20 40 75  73 65 72 6E 61 6D 65 5F  h239b @username_
00000150: 35 34 31 20 40 75 73 65  72 6E 61 6D 65 5F 36 36  541 @username_66
00000160: 33 20 40 75 73 65 72 6E  61 6D 65 5F 38 31 20 40  3 @username_81 @
00000170: 75 73 65 72 6E 61 6D 65  5F 32 37 37 20 68 74 74  username_277 htt
00000180: 70 3A 2F 2F 5A 36 33 78  37 4B 72 63 4D 55 54 57  p://Z63x7KrcMUTW
00000190: 55 35 78 62 78 64 65 54  58 33 30 4C 62 68 37 4B  U5xbxdeTX30Lbh7K
000001A0: 4F 67 59 37 56 79 39 4D  45 54 69 44 4F 72 39 62  OgY7Vy9METiDOr9b
000001B0: 67 48 64 71 4C 50 68 53  4A 35 31 6C 34 41 4E 6E  gHdqLPhSJ51l4ANn
000001C0: 41 63 51 43 20 68 74 74  70 3A 2F 2F 4A 52 6E 51  AcQC http://JRnQ
000001D0: 5A 7A 6F 74 56 34 6B 4B  34 79 5A 48 48 64 34 34  ZzotV4kK4yZHHd44
000001E0: 65 6F 7A 68 57 74 6D 76  71 39 30 54 4B 6B 38 42  eozhWtmvq90TKk8B
000001F0: 65 51 70 45 57 6A 4C 42  33 37 33 55 59 33 31 73  eQpEWjLB373UY31s
00000200: 70 39 48 35 6F 42 33 4C  78 45 7A 7A 22 7D 2C 22  p9H5oB3LxEzz"},"
00000210: 33 22 3A 7B 22 6D 61 70  22 3A 5B 22 73 74 72 22  3":{"map":["str"
00000220: 2C 22 73 74 72 22 2C 30  2C 7B 7D 5D 7D 7D 5D     ,"str",0,{}]}}]
====
STREAM PID 60554.0xffff9482de657e00 (S) > 60589.0xffff9482d7141200 (C), length 727
command[60554]: b'./cmake-build/src/TextService/TextService'
command[60589]: b'./src/ComposePostService/ComposePostService'
----
00000000: 00 00 02 D3 5B 31 2C 22  43 6F 6D 70 6F 73 65 54  ....[1,"ComposeT
00000010: 65 78 74 22 2C 32 2C 30  2C 7B 22 30 22 3A 7B 22  ext",2,0,{"0":{"
00000020: 72 65 63 22 3A 7B 22 31  22 3A 7B 22 73 74 72 22  rec":{"1":{"str"
00000030: 3A 22 79 49 52 34 58 72  44 6F 32 4C 77 4B 43 36  :"yIR4XrDo2LwKC6
00000040: 66 37 43 4C 58 56 64 38  67 77 52 61 42 67 5A 61  f7CLXVd8gwRaBgZa
00000050: 5A 69 45 47 65 66 61 66  5A 77 70 76 6F 77 42 67  ZiEGefafZwpvowBg
00000060: 75 39 56 38 64 4D 61 49  75 6A 45 47 4D 30 65 49  u9V8dMaIujEGM0eI
00000070: 65 43 78 50 59 48 4C 58  4E 47 48 47 64 50 50 51  eCxPYHLXNGHGdPPQ
00000080: 31 75 74 55 30 65 67 72  61 75 32 43 77 49 71 72  1utU0egrau2CwIqr
00000090: 59 74 55 38 67 62 34 5A  34 54 48 43 4B 65 35 38  YtU8gb4Z4THCKe58
000000A0: 66 73 61 37 61 61 54 52  51 53 41 42 36 76 73 79  fsa7aaTRQSAB6vsy
000000B0: 42 5A 77 34 53 53 37 79  5A 7A 76 38 72 41 42 4D  BZw4SS7yZzv8rABM
000000C0: 6D 42 48 7A 41 72 39 63  42 63 53 49 50 72 37 44  mBHzAr9cBcSIPr7D
000000D0: 52 59 74 33 37 57 63 75  71 55 78 41 43 30 72 36  RYt37WcuqUxAC0r6
000000E0: 53 6F 59 46 75 50 4A 7A  4C 56 56 45 52 74 6F 39  SoYFuPJzLVVERto9
000000F0: 6A 56 41 30 43 30 6C 4F  4C 52 4E 70 34 41 64 70  jVA0C0lOLRNp4Adp
00000100: 34 35 33 43 71 69 66 48  45 6E 7A 4B 65 31 42 47  453CqifHEnzKe1BG
00000110: 6C 64 48 78 77 6C 41 31  56 71 57 36 4C 55 35 54  ldHxwlA1VqW6LU5T
00000120: 6F 50 71 48 34 76 75 57  71 4D 49 38 64 68 32 33  oPqH4vuWqMI8dh23
00000130: 39 62 20 40 75 73 65 72  6E 61 6D 65 5F 35 34 31  9b @username_541
00000140: 20 40 75 73 65 72 6E 61  6D 65 5F 36 36 33 20 40   @username_663 @
00000150: 75 73 65 72 6E 61 6D 65  5F 38 31 20 40 75 73 65  username_81 @use
00000160: 72 6E 61 6D 65 5F 32 37  37 20 68 74 74 70 3A 2F  rname_277 http:/
00000170: 2F 73 68 6F 72 74 2D 75  72 6C 2F 6D 4D 33 64 71  /short-url/mM3dq
00000180: 54 51 33 75 58 20 68 74  74 70 3A 2F 2F 73 68 6F  TQ3uX http://sho
00000190: 72 74 2D 75 72 6C 2F 36  6A 4A 58 4B 4B 55 30 65  rt-url/6jJXKKU0e
000001A0: 79 22 7D 2C 22 32 22 3A  7B 22 6C 73 74 22 3A 5B  y"},"2":{"lst":[
000001B0: 22 72 65 63 22 2C 30 5D  7D 2C 22 33 22 3A 7B 22  "rec",0]},"3":{"
000001C0: 6C 73 74 22 3A 5B 22 72  65 63 22 2C 32 2C 7B 22  lst":["rec",2,{"
000001D0: 31 22 3A 7B 22 73 74 72  22 3A 22 68 74 74 70 3A  1":{"str":"http:
000001E0: 2F 2F 73 68 6F 72 74 2D  75 72 6C 2F 6D 4D 33 64  //short-url/mM3d
000001F0: 71 54 51 33 75 58 22 7D  2C 22 32 22 3A 7B 22 73  qTQ3uX"},"2":{"s
00000200: 74 72 22 3A 22 68 74 74  70 3A 2F 2F 5A 36 33 78  tr":"http://Z63x
00000210: 37 4B 72 63 4D 55 54 57  55 35 78 62 78 64 65 54  7KrcMUTWU5xbxdeT
00000220: 58 33 30 4C 62 68 37 4B  4F 67 59 37 56 79 39 4D  X30Lbh7KOgY7Vy9M
00000230: 45 54 69 44 4F 72 39 62  67 48 64 71 4C 50 68 53  ETiDOr9bgHdqLPhS
00000240: 4A 35 31 6C 34 41 4E 6E  41 63 51 43 22 7D 7D 2C  J51l4ANnAcQC"}},
00000250: 7B 22 31 22 3A 7B 22 73  74 72 22 3A 22 68 74 74  {"1":{"str":"htt
00000260: 70 3A 2F 2F 73 68 6F 72  74 2D 75 72 6C 2F 36 6A  p://short-url/6j
00000270: 4A 58 4B 4B 55 30 65 79  22 7D 2C 22 32 22 3A 7B  JXKKU0ey"},"2":{
00000280: 22 73 74 72 22 3A 22 68  74 74 70 3A 2F 2F 4A 52  "str":"http://JR
00000290: 6E 51 5A 7A 6F 74 56 34  6B 4B 34 79 5A 48 48 64  nQZzotV4kK4yZHHd
000002A0: 34 34 65 6F 7A 68 57 74  6D 76 71 39 30 54 4B 6B  44eozhWtmvq90TKk
000002B0: 38 42 65 51 70 45 57 6A  4C 42 33 37 33 55 59 33  8BeQpEWjLB373UY3
000002C0: 31 73 70 39 48 35 6F 42  33 4C 78 45 7A 7A 22 7D  1sp9H5oB3LxEzz"}
000002D0: 7D 5D 7D 7D 7D 7D 5D                              }]}}}}]
====
STREAM PID 60589.0xffff9482d7141200 (C) > 60554.0xffff9482de657e00 (S), length 663
command[60589]: b'./src/ComposePostService/ComposePostService'
command[60554]: b'./cmake-build/src/TextService/TextService'
----
00000000: 00 00 02 93 5B 31 2C 22  43 6F 6D 70 6F 73 65 54  ....[1,"ComposeT
00000010: 65 78 74 22 2C 31 2C 30  2C 7B 22 31 22 3A 7B 22  ext",1,0,{"1":{"
00000020: 69 36 34 22 3A 31 30 34  39 31 38 30 32 30 33 34  i64":10491802034
00000030: 38 33 35 36 32 31 31 32  7D 2C 22 32 22 3A 7B 22  83562112},"2":{"
00000040: 73 74 72 22 3A 22 6D 61  75 32 4C 56 51 73 68 37  str":"mau2LVQsh7
00000050: 72 38 48 6A 52 4A 43 48  58 71 54 64 70 34 68 4C  r8HjRJCHXqTdp4hL
00000060: 5A 49 41 4D 34 7A 55 50  6C 59 38 7A 78 41 6E 47  ZIAM4zUPlY8zxAnG
00000070: 58 78 30 35 56 65 76 45  78 70 50 4E 4F 4A 45 41  Xx05VevExpPNOJEA
00000080: 46 72 69 73 41 6C 45 66  6A 45 53 68 66 7A 35 48  FrisAlEfjEShfz5H
00000090: 30 44 57 68 66 42 75 5A  53 59 36 76 55 67 5A 43  0DWhfBuZSY6vUgZC
000000A0: 44 4E 35 70 38 41 6B 38  30 57 6B 61 6E 35 48 62  DN5p8Ak80Wkan5Hb
000000B0: 35 49 59 35 79 4A 71 74  37 69 45 6F 32 69 77 43  5IY5yJqt7iEo2iwC
000000C0: 73 66 71 66 78 52 6D 54  44 61 42 47 4A 62 30 33  sfqfxRmTDaBGJb03
000000D0: 78 73 4B 38 56 45 42 37  6C 6C 35 56 35 72 30 44  xsK8VEB7ll5V5r0D
000000E0: 53 38 66 67 63 58 75 6C  6B 38 32 6C 77 76 57 33  S8fgcXulk82lwvW3
000000F0: 6B 56 70 67 41 4E 6F 37  47 6B 53 39 66 65 73 73  kVpgANo7GkS9fess
00000100: 36 44 37 76 4D 77 39 39  41 6B 79 49 71 66 47 39  6D7vMw99AkyIqfG9
00000110: 36 65 31 66 57 56 71 66  79 54 45 4D 35 75 65 4B  6e1fWVqfyTEM5ueK
00000120: 51 44 30 53 4C 73 6F 68  56 6D 39 78 7A 47 61 31  QD0SLsohVm9xzGa1
00000130: 30 62 65 4D 34 43 54 34  6B 6A 62 76 4C 50 32 31  0beM4CT4kjbvLP21
00000140: 56 66 33 39 37 4E 20 40  75 73 65 72 6E 61 6D 65  Vf397N @username
00000150: 5F 32 32 32 20 68 74 74  70 3A 2F 2F 36 4B 6D 37  _222 http://6Km7
00000160: 46 4E 73 34 54 74 5A 50  38 4F 37 4B 74 4D 4E 70  FNs4TtZP8O7KtMNp
00000170: 33 33 46 32 48 4E 76 50  78 64 32 31 39 67 73 53  33F2HNvPxd219gsS
00000180: 58 76 43 6E 4E 35 52 75  63 68 77 71 74 35 54 4D  XvCnN5Ruchwqt5TM
00000190: 37 4F 33 70 44 38 43 43  54 4D 64 72 20 68 74 74  7O3pD8CCTMdr htt
000001A0: 70 3A 2F 2F 6A 34 61 66  4E 76 4A 70 70 67 50 30  p://j4afNvJppgP0
000001B0: 32 6B 75 35 5A 77 76 36  54 59 7A 32 71 7A 45 41  2ku5Zwv6TYz2qzEA
000001C0: 6A 39 71 72 4E 5A 72 71  64 61 38 45 50 6A 4D 71  j9qrNZrqda8EPjMq
000001D0: 37 79 54 52 57 7A 6C 54  77 66 68 48 6C 75 6A 57  7yTRWzlTwfhHlujW
000001E0: 30 51 41 55 20 68 74 74  70 3A 2F 2F 43 67 7A 6E  0QAU http://Cgzn
000001F0: 58 42 52 5A 6F 6F 46 65  49 38 45 46 70 54 6C 58  XBRZooFeI8EFpTlX
00000200: 66 37 37 67 50 69 55 4D  39 62 56 62 37 70 62 4A  f77gPiUM9bVb7pbJ
00000210: 6B 6B 59 79 38 4D 62 55  59 56 43 54 6B 77 42 37  kkYy8MbUYVCTkwB7
00000220: 71 75 4C 6A 45 5A 6A 54  73 5A 37 39 20 68 74 74  quLjEZjTsZ79 htt
00000230: 70 3A 2F 2F 6C 46 34 58  77 32 33 35 73 42 5A 53  p://lF4Xw235sBZS
00000240: 63 50 56 64 77 5A 54 36  72 4C 35 4B 48 51 4A 52  cPVdwZT6rL5KHQJR
00000250: 59 33 48 6B 77 47 32 6B  72 67 4E 78 44 6F 62 4D  Y3HkwG2krgNxDobM
00000260: 58 7A 62 50 69 58 30 4A  51 4D 79 74 55 54 50 66  XzbPiX0JQMytUTPf
00000270: 49 4F 31 7A 22 7D 2C 22  33 22 3A 7B 22 6D 61 70  IO1z"},"3":{"map
00000280: 22 3A 5B 22 73 74 72 22  2C 22 73 74 72 22 2C 30  ":["str","str",0
00000290: 2C 7B 7D 5D 7D 7D 5D                              ,{}]}}]
====
STREAM PID 60554.0xffff9482de657e00 (S) > 60589.0xffff9482d7141200 (C), length 1002
command[60554]: b'./cmake-build/src/TextService/TextService'
command[60589]: b'./src/ComposePostService/ComposePostService'
----
00000000: 00 00 03 E6 5B 31 2C 22  43 6F 6D 70 6F 73 65 54  ....[1,"ComposeT
00000010: 65 78 74 22 2C 32 2C 30  2C 7B 22 30 22 3A 7B 22  ext",2,0,{"0":{"
00000020: 72 65 63 22 3A 7B 22 31  22 3A 7B 22 73 74 72 22  rec":{"1":{"str"
00000030: 3A 22 6D 61 75 32 4C 56  51 73 68 37 72 38 48 6A  :"mau2LVQsh7r8Hj
00000040: 52 4A 43 48 58 71 54 64  70 34 68 4C 5A 49 41 4D  RJCHXqTdp4hLZIAM
00000050: 34 7A 55 50 6C 59 38 7A  78 41 6E 47 58 78 30 35  4zUPlY8zxAnGXx05
00000060: 56 65 76 45 78 70 50 4E  4F 4A 45 41 46 72 69 73  VevExpPNOJEAFris
00000070: 41 6C 45 66 6A 45 53 68  66 7A 35 48 30 44 57 68  AlEfjEShfz5H0DWh
00000080: 66 42 75 5A 53 59 36 76  55 67 5A 43 44 4E 35 70  fBuZSY6vUgZCDN5p
00000090: 38 41 6B 38 30 57 6B 61  6E 35 48 62 35 49 59 35  8Ak80Wkan5Hb5IY5
000000A0: 79 4A 71 74 37 69 45 6F  32 69 77 43 73 66 71 66  yJqt7iEo2iwCsfqf
000000B0: 78 52 6D 54 44 61 42 47  4A 62 30 33 78 73 4B 38  xRmTDaBGJb03xsK8
000000C0: 56 45 42 37 6C 6C 35 56  35 72 30 44 53 38 66 67  VEB7ll5V5r0DS8fg
000000D0: 63 58 75 6C 6B 38 32 6C  77 76 57 33 6B 56 70 67  cXulk82lwvW3kVpg
000000E0: 41 4E 6F 37 47 6B 53 39  66 65 73 73 36 44 37 76  ANo7GkS9fess6D7v
000000F0: 4D 77 39 39 41 6B 79 49  71 66 47 39 36 65 31 66  Mw99AkyIqfG96e1f
00000100: 57 56 71 66 79 54 45 4D  35 75 65 4B 51 44 30 53  WVqfyTEM5ueKQD0S
00000110: 4C 73 6F 68 56 6D 39 78  7A 47 61 31 30 62 65 4D  LsohVm9xzGa10beM
00000120: 34 43 54 34 6B 6A 62 76  4C 50 32 31 56 66 33 39  4CT4kjbvLP21Vf39
00000130: 37 4E 20 40 75 73 65 72  6E 61 6D 65 5F 32 32 32  7N @username_222
00000140: 20 68 74 74 70 3A 2F 2F  73 68 6F 72 74 2D 75 72   http://short-ur
00000150: 6C 2F 66 62 71 30 47 45  71 77 4C 6A 20 68 74 74  l/fbq0GEqwLj htt
00000160: 70 3A 2F 2F 73 68 6F 72  74 2D 75 72 6C 2F 75 67  p://short-url/ug
00000170: 68 4F 50 34 4B 56 77 48  20 68 74 74 70 3A 2F 2F  hOP4KVwH http://
00000180: 73 68 6F 72 74 2D 75 72  6C 2F 5A 39 6F 32 34 72  short-url/Z9o24r
00000190: 4A 45 69 45 20 68 74 74  70 3A 2F 2F 73 68 6F 72  JEiE http://shor
000001A0: 74 2D 75 72 6C 2F 41 4F  47 4D 41 71 35 6B 30 30  t-url/AOGMAq5k00
000001B0: 22 7D 2C 22 32 22 3A 7B  22 6C 73 74 22 3A 5B 22  "},"2":{"lst":["
000001C0: 72 65 63 22 2C 30 5D 7D  2C 22 33 22 3A 7B 22 6C  rec",0]},"3":{"l
000001D0: 73 74 22 3A 5B 22 72 65  63 22 2C 34 2C 7B 22 31  st":["rec",4,{"1
000001E0: 22 3A 7B 22 73 74 72 22  3A 22 68 74 74 70 3A 2F  ":{"str":"http:/
000001F0: 2F 73 68 6F 72 74 2D 75  72 6C 2F 66 62 71 30 47  /short-url/fbq0G
00000200: 45 71 77 4C 6A 22 7D 2C  22 32 22 3A 7B 22 73 74  EqwLj"},"2":{"st
00000210: 72 22 3A 22 68 74 74 70  3A 2F 2F 36 4B 6D 37 46  r":"http://6Km7F
00000220: 4E 73 34 54 74 5A 50 38  4F 37 4B 74 4D 4E 70 33  Ns4TtZP8O7KtMNp3
00000230: 33 46 32 48 4E 76 50 78  64 32 31 39 67 73 53 58  3F2HNvPxd219gsSX
00000240: 76 43 6E 4E 35 52 75 63  68 77 71 74 35 54 4D 37  vCnN5Ruchwqt5TM7
00000250: 4F 33 70 44 38 43 43 54  4D 64 72 22 7D 7D 2C 7B  O3pD8CCTMdr"}},{
00000260: 22 31 22 3A 7B 22 73 74  72 22 3A 22 68 74 74 70  "1":{"str":"http
00000270: 3A 2F 2F 73 68 6F 72 74  2D 75 72 6C 2F 75 67 68  ://short-url/ugh
00000280: 4F 50 34 4B 56 77 48 22  7D 2C 22 32 22 3A 7B 22  OP4KVwH"},"2":{"
00000290: 73 74 72 22 3A 22 68 74  74 70 3A 2F 2F 6A 34 61  str":"http://j4a
000002A0: 66 4E 76 4A 70 70 67 50  30 32 6B 75 35 5A 77 76  fNvJppgP02ku5Zwv
000002B0: 36 54 59 7A 32 71 7A 45  41 6A 39 71 72 4E 5A 72  6TYz2qzEAj9qrNZr
000002C0: 71 64 61 38 45 50 6A 4D  71 37 79 54 52 57 7A 6C  qda8EPjMq7yTRWzl
000002D0: 54 77 66 68 48 6C 75 6A  57 30 51 41 55 22 7D 7D  TwfhHlujW0QAU"}}
000002E0: 2C 7B 22 31 22 3A 7B 22  73 74 72 22 3A 22 68 74  ,{"1":{"str":"ht
000002F0: 74 70 3A 2F 2F 73 68 6F  72 74 2D 75 72 6C 2F 5A  tp://short-url/Z
00000300: 39 6F 32 34 72 4A 45 69  45 22 7D 2C 22 32 22 3A  9o24rJEiE"},"2":
00000310: 7B 22 73 74 72 22 3A 22  68 74 74 70 3A 2F 2F 43  {"str":"http://C
00000320: 67 7A 6E 58 42 52 5A 6F  6F 46 65 49 38 45 46 70  gznXBRZooFeI8EFp
00000330: 54 6C 58 66 37 37 67 50  69 55 4D 39 62 56 62 37  TlXf77gPiUM9bVb7
00000340: 70 62 4A 6B 6B 59 79 38  4D 62 55 59 56 43 54 6B  pbJkkYy8MbUYVCTk
00000350: 77 42 37 71 75 4C 6A 45  5A 6A 54 73 5A 37 39 22  wB7quLjEZjTsZ79"
00000360: 7D 7D 2C 7B 22 31 22 3A  7B 22 73 74 72 22 3A 22  }},{"1":{"str":"
00000370: 68 74 74 70 3A 2F 2F 73  68 6F 72 74 2D 75 72 6C  http://short-url
00000380: 2F 41 4F 47 4D 41 71 35  6B 30 30 22 7D 2C 22 32  /AOGMAq5k00"},"2
00000390: 22 3A 7B 22 73 74 72 22  3A 22 68 74 74 70 3A 2F  ":{"str":"http:/
000003A0: 2F 6C 46 34 58 77 32 33  35 73 42 5A 53 63 50 56  /lF4Xw235sBZScPV
000003B0: 64 77 5A 54 36 72 4C 35  4B 48 51 4A 52 59 33 48  dwZT6rL5KHQJRY3H
000003C0: 6B 77 47 32 6B 72 67 4E  78 44 6F 62 4D 58 7A 62  kwG2krgNxDobMXzb
000003D0: 50 69 58 30 4A 51 4D 79  74 55 54 50 66 49 4F 31  PiX0JQMytUTPfIO1
000003E0: 7A 22 7D 7D 5D 7D 7D 7D  7D 5D                    z"}}]}}}}]
====
STREAM PID 60589.0xffff9482d7141200 (C) > 60554.0xffff9482de657e00 (S), length 560
command[60589]: b'./src/ComposePostService/ComposePostService'
command[60554]: b'./cmake-build/src/TextService/TextService'
----
00000000: 00 00 02 2C 5B 31 2C 22  43 6F 6D 70 6F 73 65 54  ...,[1,"ComposeT
00000010: 65 78 74 22 2C 31 2C 30  2C 7B 22 31 22 3A 7B 22  ext",1,0,{"1":{"
00000020: 69 36 34 22 3A 36 32 36  39 36 37 30 34 39 39 33  i64":62696704993
00000030: 32 39 38 37 30 30 38 7D  2C 22 32 22 3A 7B 22 73  2987008},"2":{"s
00000040: 74 72 22 3A 22 4D 76 44  75 47 71 51 59 57 79 67  tr":"MvDuGqQYWyg
00000050: 78 38 72 65 65 55 66 31  31 6C 6E 30 35 71 46 59  x8reeUf11ln05qFY
00000060: 36 35 64 58 4C 35 75 46  6A 52 70 72 31 78 4B 68  65dXL5uFjRpr1xKh
00000070: 6A 38 77 4E 41 45 52 48  54 54 56 4C 73 38 72 37  j8wNAERHTTVLs8r7
00000080: 71 54 36 32 4B 4E 42 61  74 58 67 4D 33 4A 52 4E  qT62KNBatXgM3JRN
00000090: 7A 42 36 46 35 6F 45 38  66 63 65 44 6D 66 72 6F  zB6F5oE8fceDmfro
000000A0: 73 31 6C 39 42 56 6E 68  58 6C 62 78 70 52 77 75  s1l9BVnhXlbxpRwu
000000B0: 36 69 72 64 49 4C 36 68  53 43 76 4A 6D 39 6F 57  6irdIL6hSCvJm9oW
000000C0: 63 48 32 64 61 70 67 56  30 50 6D 5A 57 74 69 33  cH2dapgV0PmZWti3
000000D0: 43 65 53 59 61 38 36 79  52 73 75 70 34 51 48 6C  CeSYa86yRsup4QHl
000000E0: 49 36 77 6F 61 38 39 52  43 6F 58 43 6B 6F 65 6F  I6woa89RCoXCkoeo
000000F0: 48 6D 37 45 4C 7A 66 78  4F 72 32 36 73 57 59 4D  Hm7ELzfxOr26sWYM
00000100: 54 67 6D 51 32 4D 65 61  44 68 74 77 58 74 66 38  TgmQ2MeaDhtwXtf8
00000110: 68 52 50 4E 36 46 4B 78  52 4B 75 71 6A 55 6F 52  hRPN6FKxRKuqjUoR
00000120: 61 36 49 52 42 67 70 45  54 72 44 61 73 75 62 59  a6IRBgpETrDasubY
00000130: 63 55 33 38 77 55 37 4F  77 58 53 67 55 56 4C 4E  cU38wU7OwXSgUVLN
00000140: 59 63 73 52 33 20 40 75  73 65 72 6E 61 6D 65 5F  YcsR3 @username_
00000150: 36 38 31 20 40 75 73 65  72 6E 61 6D 65 5F 33 34  681 @username_34
00000160: 32 20 40 75 73 65 72 6E  61 6D 65 5F 34 30 36 20  2 @username_406 
00000170: 40 75 73 65 72 6E 61 6D  65 5F 33 37 31 20 68 74  @username_371 ht
00000180: 74 70 3A 2F 2F 6D 49 74  70 52 4D 79 62 45 48 55  tp://mItpRMybEHU
00000190: 46 69 61 74 6F 5A 4B 49  76 42 47 35 65 54 36 36  FiatoZKIvBG5eT66
000001A0: 35 46 41 50 79 61 53 51  41 71 4C 59 55 43 39 62  5FAPyaSQAqLYUC9b
000001B0: 53 54 79 68 6F 4F 38 56  42 79 49 76 44 6B 51 42  STyhoO8VByIvDkQB
000001C0: 45 71 74 5A 30 20 68 74  74 70 3A 2F 2F 48 4A 62  EqtZ0 http://HJb
000001D0: 6F 56 58 4A 52 66 51 61  44 75 4C 61 39 52 4A 67  oVXJRfQaDuLa9RJg
000001E0: 56 53 55 52 72 5A 37 58  77 54 6C 46 79 69 6C 48  VSURrZ7XwTlFyilH
000001F0: 50 65 6D 39 64 6B 7A 62  39 47 75 31 47 32 38 35  Pem9dkzb9Gu1G285
00000200: 4E 70 79 56 35 47 75 33  76 6E 38 6A 4B 22 7D 2C  NpyV5Gu3vn8jK"},
00000210: 22 33 22 3A 7B 22 6D 61  70 22 3A 5B 22 73 74 72  "3":{"map":["str
00000220: 22 2C 22 73 74 72 22 2C  30 2C 7B 7D 5D 7D 7D 5D  ","str",0,{}]}}]
====
STREAM PID 60554.0xffff9482de657e00 (S) > 60589.0xffff9482d7141200 (C), length 728
command[60554]: b'./cmake-build/src/TextService/TextService'
command[60589]: b'./src/ComposePostService/ComposePostService'
----
00000000: 00 00 02 D4 5B 31 2C 22  43 6F 6D 70 6F 73 65 54  ....[1,"ComposeT
00000010: 65 78 74 22 2C 32 2C 30  2C 7B 22 30 22 3A 7B 22  ext",2,0,{"0":{"
00000020: 72 65 63 22 3A 7B 22 31  22 3A 7B 22 73 74 72 22  rec":{"1":{"str"
00000030: 3A 22 4D 76 44 75 47 71  51 59 57 79 67 78 38 72  :"MvDuGqQYWygx8r
00000040: 65 65 55 66 31 31 6C 6E  30 35 71 46 59 36 35 64  eeUf11ln05qFY65d
00000050: 58 4C 35 75 46 6A 52 70  72 31 78 4B 68 6A 38 77  XL5uFjRpr1xKhj8w
00000060: 4E 41 45 52 48 54 54 56  4C 73 38 72 37 71 54 36  NAERHTTVLs8r7qT6
00000070: 32 4B 4E 42 61 74 58 67  4D 33 4A 52 4E 7A 42 36  2KNBatXgM3JRNzB6
00000080: 46 35 6F 45 38 66 63 65  44 6D 66 72 6F 73 31 6C  F5oE8fceDmfros1l
00000090: 39 42 56 6E 68 58 6C 62  78 70 52 77 75 36 69 72  9BVnhXlbxpRwu6ir
000000A0: 64 49 4C 36 68 53 43 76  4A 6D 39 6F 57 63 48 32  dIL6hSCvJm9oWcH2
000000B0: 64 61 70 67 56 30 50 6D  5A 57 74 69 33 43 65 53  dapgV0PmZWti3CeS
000000C0: 59 61 38 36 79 52 73 75  70 34 51 48 6C 49 36 77  Ya86yRsup4QHlI6w
000000D0: 6F 61 38 39 52 43 6F 58  43 6B 6F 65 6F 48 6D 37  oa89RCoXCkoeoHm7
000000E0: 45 4C 7A 66 78 4F 72 32  36 73 57 59 4D 54 67 6D  ELzfxOr26sWYMTgm
000000F0: 51 32 4D 65 61 44 68 74  77 58 74 66 38 68 52 50  Q2MeaDhtwXtf8hRP
00000100: 4E 36 46 4B 78 52 4B 75  71 6A 55 6F 52 61 36 49  N6FKxRKuqjUoRa6I
00000110: 52 42 67 70 45 54 72 44  61 73 75 62 59 63 55 33  RBgpETrDasubYcU3
00000120: 38 77 55 37 4F 77 58 53  67 55 56 4C 4E 59 63 73  8wU7OwXSgUVLNYcs
00000130: 52 33 20 40 75 73 65 72  6E 61 6D 65 5F 36 38 31  R3 @username_681
00000140: 20 40 75 73 65 72 6E 61  6D 65 5F 33 34 32 20 40   @username_342 @
00000150: 75 73 65 72 6E 61 6D 65  5F 34 30 36 20 40 75 73  username_406 @us
00000160: 65 72 6E 61 6D 65 5F 33  37 31 20 68 74 74 70 3A  ername_371 http:
00000170: 2F 2F 73 68 6F 72 74 2D  75 72 6C 2F 6E 64 6B 52  //short-url/ndkR
00000180: 73 39 6D 4A 41 63 20 68  74 74 70 3A 2F 2F 73 68  s9mJAc http://sh
00000190: 6F 72 74 2D 75 72 6C 2F  46 4F 56 4C 7A 67 61 78  ort-url/FOVLzgax
000001A0: 6E 30 22 7D 2C 22 32 22  3A 7B 22 6C 73 74 22 3A  n0"},"2":{"lst":
000001B0: 5B 22 72 65 63 22 2C 30  5D 7D 2C 22 33 22 3A 7B  ["rec",0]},"3":{
000001C0: 22 6C 73 74 22 3A 5B 22  72 65 63 22 2C 32 2C 7B  "lst":["rec",2,{
000001D0: 22 31 22 3A 7B 22 73 74  72 22 3A 22 68 74 74 70  "1":{"str":"http
000001E0: 3A 2F 2F 73 68 6F 72 74  2D 75 72 6C 2F 6E 64 6B  ://short-url/ndk
000001F0: 52 73 39 6D 4A 41 63 22  7D 2C 22 32 22 3A 7B 22  Rs9mJAc"},"2":{"
00000200: 73 74 72 22 3A 22 68 74  74 70 3A 2F 2F 6D 49 74  str":"http://mIt
00000210: 70 52 4D 79 62 45 48 55  46 69 61 74 6F 5A 4B 49  pRMybEHUFiatoZKI
00000220: 76 42 47 35 65 54 36 36  35 46 41 50 79 61 53 51  vBG5eT665FAPyaSQ
00000230: 41 71 4C 59 55 43 39 62  53 54 79 68 6F 4F 38 56  AqLYUC9bSTyhoO8V
00000240: 42 79 49 76 44 6B 51 42  45 71 74 5A 30 22 7D 7D  ByIvDkQBEqtZ0"}}
00000250: 2C 7B 22 31 22 3A 7B 22  73 74 72 22 3A 22 68 74  ,{"1":{"str":"ht
00000260: 74 70 3A 2F 2F 73 68 6F  72 74 2D 75 72 6C 2F 46  tp://short-url/F
00000270: 4F 56 4C 7A 67 61 78 6E  30 22 7D 2C 22 32 22 3A  OVLzgaxn0"},"2":
00000280: 7B 22 73 74 72 22 3A 22  68 74 74 70 3A 2F 2F 48  {"str":"http://H
00000290: 4A 62 6F 56 58 4A 52 66  51 61 44 75 4C 61 39 52  JboVXJRfQaDuLa9R
000002A0: 4A 67 56 53 55 52 72 5A  37 58 77 54 6C 46 79 69  JgVSURrZ7XwTlFyi
000002B0: 6C 48 50 65 6D 39 64 6B  7A 62 39 47 75 31 47 32  lHPem9dkzb9Gu1G2
000002C0: 38 35 4E 70 79 56 35 47  75 33 76 6E 38 6A 4B 22  85NpyV5Gu3vn8jK"
000002D0: 7D 7D 5D 7D 7D 7D 7D 5D                           }}]}}}}]
====
STREAM PID 60589.0xffff9482d7141200 (C) > 60554.0xffff9482de657e00 (S), length 503
command[60589]: b'./src/ComposePostService/ComposePostService'
command[60554]: b'./cmake-build/src/TextService/TextService'
----
00000000: 00 00 01 F3 5B 31 2C 22  43 6F 6D 70 6F 73 65 54  ....[1,"ComposeT
00000010: 65 78 74 22 2C 31 2C 30  2C 7B 22 31 22 3A 7B 22  ext",1,0,{"1":{"
00000020: 69 36 34 22 3A 38 38 38  31 38 32 39 33 31 36 34  i64":88818293164
00000030: 33 37 38 35 39 32 7D 2C  22 32 22 3A 7B 22 73 74  378592},"2":{"st
00000040: 72 22 3A 22 57 4D 33 6F  78 66 63 37 39 71 7A 54  r":"WM3oxfc79qzT
00000050: 56 6C 70 46 66 41 4D 6E  6B 70 58 75 6C 6E 35 74  VlpFfAMnkpXuln5t
00000060: 70 70 71 45 46 66 48 50  52 4F 72 58 49 50 57 72  ppqEFfHPROrXIPWr
00000070: 51 78 65 73 4F 67 37 62  64 61 51 79 49 68 39 73  QxesOg7bdaQyIh9s
00000080: 31 38 46 61 5A 31 75 70  52 47 79 78 36 78 30 4C  18FaZ1upRGyx6x0L
00000090: 4C 61 57 37 32 49 41 75  6E 30 59 6A 55 55 6F 30  LaW72IAun0YjUUo0
000000A0: 41 41 68 6A 4E 41 39 31  67 6E 4D 69 34 44 43 4C  AAhjNA91gnMi4DCL
000000B0: 58 4F 53 49 73 44 49 57  74 4C 32 64 37 42 55 6A  XOSIsDIWtL2d7BUj
000000C0: 68 6B 35 5A 63 49 5A 7A  55 65 4B 44 6A 43 76 55  hk5ZcIZzUeKDjCvU
000000D0: 42 68 4B 32 41 73 49 4F  71 74 47 32 35 6A 4C 7A  BhK2AsIOqtG25jLz
000000E0: 58 72 51 63 76 51 4A 52  52 30 61 74 32 56 4D 61  XrQcvQJRR0at2VMa
000000F0: 62 71 4C 52 30 50 68 73  73 53 67 32 6B 68 69 46  bqLR0PhssSg2khiF
00000100: 4E 36 5A 4D 32 31 58 6C  71 52 51 61 34 75 5A 47  N6ZM21XlqRQa4uZG
00000110: 6E 55 34 41 36 32 4B 39  72 52 57 6D 79 53 64 59  nU4A62K9rRWmySdY
00000120: 4B 48 51 62 50 41 78 59  33 74 55 74 64 6E 35 73  KHQbPAxY3tUtdn5s
00000130: 6A 6F 52 4C 66 31 45 4E  69 68 51 44 31 77 64 31  joRLf1ENihQD1wd1
00000140: 78 53 6C 75 20 68 74 74  70 3A 2F 2F 48 5A 6C 35  xSlu http://HZl5
00000150: 6F 55 52 43 6F 59 6A 44  58 61 61 6A 39 77 72 44  oURCoYjDXaaj9wrD
00000160: 53 66 37 58 69 75 6C 50  50 7A 56 32 41 52 65 4B  Sf7XiulPPzV2AReK
00000170: 45 62 49 37 69 48 69 53  32 66 50 79 6C 51 52 63  EbI7iHiS2fPylQRc
00000180: 77 50 50 68 44 34 70 74  76 33 6B 6C 20 68 74 74  wPPhD4ptv3kl htt
00000190: 70 3A 2F 2F 4D 31 6E 46  35 7A 43 51 6F 43 4C 72  p://M1nF5zCQoCLr
000001A0: 52 70 69 44 6E 78 66 71  37 4C 30 7A 55 6B 75 38  RpiDnxfq7L0zUku8
000001B0: 77 42 52 72 46 73 68 39  6A 5A 32 4A 61 6F 65 33  wBRrFsh9jZ2Jaoe3
000001C0: 5A 62 4C 33 4D 56 50 6E  53 6E 59 31 7A 69 6B 74  ZbL3MVPnSnY1zikt
000001D0: 73 72 57 6D 22 7D 2C 22  33 22 3A 7B 22 6D 61 70  srWm"},"3":{"map
000001E0: 22 3A 5B 22 73 74 72 22  2C 22 73 74 72 22 2C 30  ":["str","str",0
000001F0: 2C 7B 7D 5D 7D 7D 5D                              ,{}]}}]
====
STREAM PID 60554.0xffff9482de657e00 (S) > 60589.0xffff9482d7141200 (C), length 672
command[60554]: b'./cmake-build/src/TextService/TextService'
command[60589]: b'./src/ComposePostService/ComposePostService'
----
00000000: 00 00 02 9C 5B 31 2C 22  43 6F 6D 70 6F 73 65 54  ....[1,"ComposeT
00000010: 65 78 74 22 2C 32 2C 30  2C 7B 22 30 22 3A 7B 22  ext",2,0,{"0":{"
00000020: 72 65 63 22 3A 7B 22 31  22 3A 7B 22 73 74 72 22  rec":{"1":{"str"
00000030: 3A 22 57 4D 33 6F 78 66  63 37 39 71 7A 54 56 6C  :"WM3oxfc79qzTVl
00000040: 70 46 66 41 4D 6E 6B 70  58 75 6C 6E 35 74 70 70  pFfAMnkpXuln5tpp
00000050: 71 45 46 66 48 50 52 4F  72 58 49 50 57 72 51 78  qEFfHPROrXIPWrQx
00000060: 65 73 4F 67 37 62 64 61  51 79 49 68 39 73 31 38  esOg7bdaQyIh9s18
00000070: 46 61 5A 31 75 70 52 47  79 78 36 78 30 4C 4C 61  FaZ1upRGyx6x0LLa
00000080: 57 37 32 49 41 75 6E 30  59 6A 55 55 6F 30 41 41  W72IAun0YjUUo0AA
00000090: 68 6A 4E 41 39 31 67 6E  4D 69 34 44 43 4C 58 4F  hjNA91gnMi4DCLXO
000000A0: 53 49 73 44 49 57 74 4C  32 64 37 42 55 6A 68 6B  SIsDIWtL2d7BUjhk
000000B0: 35 5A 63 49 5A 7A 55 65  4B 44 6A 43 76 55 42 68  5ZcIZzUeKDjCvUBh
000000C0: 4B 32 41 73 49 4F 71 74  47 32 35 6A 4C 7A 58 72  K2AsIOqtG25jLzXr
000000D0: 51 63 76 51 4A 52 52 30  61 74 32 56 4D 61 62 71  QcvQJRR0at2VMabq
000000E0: 4C 52 30 50 68 73 73 53  67 32 6B 68 69 46 4E 36  LR0PhssSg2khiFN6
000000F0: 5A 4D 32 31 58 6C 71 52  51 61 34 75 5A 47 6E 55  ZM21XlqRQa4uZGnU
00000100: 34 41 36 32 4B 39 72 52  57 6D 79 53 64 59 4B 48  4A62K9rRWmySdYKH
00000110: 51 62 50 41 78 59 33 74  55 74 64 6E 35 73 6A 6F  QbPAxY3tUtdn5sjo
00000120: 52 4C 66 31 45 4E 69 68  51 44 31 77 64 31 78 53  RLf1ENihQD1wd1xS
00000130: 6C 75 20 68 74 74 70 3A  2F 2F 73 68 6F 72 74 2D  lu http://short-
00000140: 75 72 6C 2F 53 56 36 32  48 54 50 38 73 58 20 68  url/SV62HTP8sX h
00000150: 74 74 70 3A 2F 2F 73 68  6F 72 74 2D 75 72 6C 2F  ttp://short-url/
00000160: 37 61 66 79 69 53 77 67  70 47 22 7D 2C 22 32 22  7afyiSwgpG"},"2"
00000170: 3A 7B 22 6C 73 74 22 3A  5B 22 72 65 63 22 2C 30  :{"lst":["rec",0
00000180: 5D 7D 2C 22 33 22 3A 7B  22 6C 73 74 22 3A 5B 22  ]},"3":{"lst":["
00000190: 72 65 63 22 2C 32 2C 7B  22 31 22 3A 7B 22 73 74  rec",2,{"1":{"st
000001A0: 72 22 3A 22 68 74 74 70  3A 2F 2F 73 68 6F 72 74  r":"http://short
000001B0: 2D 75 72 6C 2F 53 56 36  32 48 54 50 38 73 58 22  -url/SV62HTP8sX"
000001C0: 7D 2C 22 32 22 3A 7B 22  73 74 72 22 3A 22 68 74  },"2":{"str":"ht
000001D0: 74 70 3A 2F 2F 48 5A 6C  35 6F 55 52 43 6F 59 6A  tp://HZl5oURCoYj
000001E0: 44 58 61 61 6A 39 77 72  44 53 66 37 58 69 75 6C  DXaaj9wrDSf7Xiul
000001F0: 50 50 7A 56 32 41 52 65  4B 45 62 49 37 69 48 69  PPzV2AReKEbI7iHi
00000200: 53 32 66 50 79 6C 51 52  63 77 50 50 68 44 34 70  S2fPylQRcwPPhD4p
00000210: 74 76 33 6B 6C 22 7D 7D  2C 7B 22 31 22 3A 7B 22  tv3kl"}},{"1":{"
00000220: 73 74 72 22 3A 22 68 74  74 70 3A 2F 2F 73 68 6F  str":"http://sho
00000230: 72 74 2D 75 72 6C 2F 37  61 66 79 69 53 77 67 70  rt-url/7afyiSwgp
00000240: 47 22 7D 2C 22 32 22 3A  7B 22 73 74 72 22 3A 22  G"},"2":{"str":"
00000250: 68 74 74 70 3A 2F 2F 4D  31 6E 46 35 7A 43 51 6F  http://M1nF5zCQo
00000260: 43 4C 72 52 70 69 44 6E  78 66 71 37 4C 30 7A 55  CLrRpiDnxfq7L0zU
00000270: 6B 75 38 77 42 52 72 46  73 68 39 6A 5A 32 4A 61  ku8wBRrFsh9jZ2Ja
00000280: 6F 65 33 5A 62 4C 33 4D  56 50 6E 53 6E 59 31 7A  oe3ZbL3MVPnSnY1z
00000290: 69 6B 74 73 72 57 6D 22  7D 7D 5D 7D 7D 7D 7D 5D  iktsrWm"}}]}}}}]
====
STREAM PID 60589.0xffff9482d7141200 (C) > 60554.0xffff9482de657e00 (S), length 374
command[60589]: b'./src/ComposePostService/ComposePostService'
command[60554]: b'./cmake-build/src/TextService/TextService'
----
00000000: 00 00 01 72 5B 31 2C 22  43 6F 6D 70 6F 73 65 54  ...r[1,"ComposeT
00000010: 65 78 74 22 2C 31 2C 30  2C 7B 22 31 22 3A 7B 22  ext",1,0,{"1":{"
00000020: 69 36 34 22 3A 38 39 37  34 31 38 30 32 36 37 39  i64":89741802679
00000030: 30 39 31 37 35 30 34 7D  2C 22 32 22 3A 7B 22 73  0917504},"2":{"s
00000040: 74 72 22 3A 22 65 59 4E  69 47 76 5A 6B 32 6C 58  tr":"eYNiGvZk2lX
00000050: 4F 36 76 45 51 38 4C 69  33 31 37 4E 4B 47 64 70  O6vEQ8Li317NKGdp
00000060: 58 35 71 30 58 33 52 56  5A 6C 5A 51 78 78 43 32  X5q0X3RVZlZQxxC2
00000070: 5A 34 63 6D 30 49 37 52  6C 47 73 44 4C 4B 37 41  Z4cm0I7RlGsDLK7A
00000080: 32 33 5A 79 6F 6C 32 59  73 33 64 4C 55 32 4A 6B  23Zyol2Ys3dLU2Jk
00000090: 53 75 36 48 4B 68 68 42  5A 38 30 36 4B 6C 69 6C  Su6HKhhBZ806Klil
000000A0: 78 31 34 4D 35 5A 42 33  30 6C 77 68 68 4B 4B 35  x14M5ZB30lwhhKK5
000000B0: 70 71 43 77 6C 78 48 56  79 70 74 39 6F 61 32 43  pqCwlxHVypt9oa2C
000000C0: 39 4C 50 73 77 53 69 6A  6B 61 51 4E 59 6E 58 4C  9LPswSijkaQNYnXL
000000D0: 58 5A 4D 74 6F 48 6E 74  6F 73 78 79 76 50 37 41  XZMtoHntosxyvP7A
000000E0: 58 43 6B 74 42 61 76 63  49 48 32 78 78 46 66 53  XCktBavcIH2xxFfS
000000F0: 79 6A 78 6E 57 4F 41 52  76 78 34 33 4C 42 41 6D  yjxnWOARvx43LBAm
00000100: 64 72 52 43 56 52 4F 32  61 32 38 32 77 36 73 53  drRCVRO2a282w6sS
00000110: 45 44 48 4D 5A 6A 48 6D  39 55 58 71 32 67 65 64  EDHMZjHm9UXq2ged
00000120: 35 73 4A 6D 48 4B 31 49  67 38 48 67 45 51 59 6E  5sJmHK1Ig8HgEQYn
00000130: 44 6F 74 68 66 62 44 77  66 39 77 66 79 77 34 4F  DothfbDwf9wfyw4O
00000140: 32 6D 36 4F 79 20 40 75  73 65 72 6E 61 6D 65 5F  2m6Oy @username_
00000150: 32 33 38 22 7D 2C 22 33  22 3A 7B 22 6D 61 70 22  238"},"3":{"map"
00000160: 3A 5B 22 73 74 72 22 2C  22 73 74 72 22 2C 30 2C  :["str","str",0,
00000170: 7B 7D 5D 7D 7D 5D                                 {}]}}]
====
STREAM PID 60554.0xffff9482de657e00 (S) > 60589.0xffff9482d7141200 (C), length 370
command[60554]: b'./cmake-build/src/TextService/TextService'
command[60589]: b'./src/ComposePostService/ComposePostService'
----
00000000: 00 00 01 6E 5B 31 2C 22  43 6F 6D 70 6F 73 65 54  ...n[1,"ComposeT
00000010: 65 78 74 22 2C 32 2C 30  2C 7B 22 30 22 3A 7B 22  ext",2,0,{"0":{"
00000020: 72 65 63 22 3A 7B 22 31  22 3A 7B 22 73 74 72 22  rec":{"1":{"str"
00000030: 3A 22 65 59 4E 69 47 76  5A 6B 32 6C 58 4F 36 76  :"eYNiGvZk2lXO6v
00000040: 45 51 38 4C 69 33 31 37  4E 4B 47 64 70 58 35 71  EQ8Li317NKGdpX5q
00000050: 30 58 33 52 56 5A 6C 5A  51 78 78 43 32 5A 34 63  0X3RVZlZQxxC2Z4c
00000060: 6D 30 49 37 52 6C 47 73  44 4C 4B 37 41 32 33 5A  m0I7RlGsDLK7A23Z
00000070: 79 6F 6C 32 59 73 33 64  4C 55 32 4A 6B 53 75 36  yol2Ys3dLU2JkSu6
00000080: 48 4B 68 68 42 5A 38 30  36 4B 6C 69 6C 78 31 34  HKhhBZ806Klilx14
00000090: 4D 35 5A 42 33 30 6C 77  68 68 4B 4B 35 70 71 43  M5ZB30lwhhKK5pqC
000000A0: 77 6C 78 48 56 79 70 74  39 6F 61 32 43 39 4C 50  wlxHVypt9oa2C9LP
000000B0: 73 77 53 69 6A 6B 61 51  4E 59 6E 58 4C 58 5A 4D  swSijkaQNYnXLXZM
000000C0: 74 6F 48 6E 74 6F 73 78  79 76 50 37 41 58 43 6B  toHntosxyvP7AXCk
000000D0: 74 42 61 76 63 49 48 32  78 78 46 66 53 79 6A 78  tBavcIH2xxFfSyjx
000000E0: 6E 57 4F 41 52 76 78 34  33 4C 42 41 6D 64 72 52  nWOARvx43LBAmdrR
000000F0: 43 56 52 4F 32 61 32 38  32 77 36 73 53 45 44 48  CVRO2a282w6sSEDH
00000100: 4D 5A 6A 48 6D 39 55 58  71 32 67 65 64 35 73 4A  MZjHm9UXq2ged5sJ
00000110: 6D 48 4B 31 49 67 38 48  67 45 51 59 6E 44 6F 74  mHK1Ig8HgEQYnDot
00000120: 68 66 62 44 77 66 39 77  66 79 77 34 4F 32 6D 36  hfbDwf9wfyw4O2m6
00000130: 4F 79 20 40 75 73 65 72  6E 61 6D 65 5F 32 33 38  Oy @username_238
00000140: 22 7D 2C 22 32 22 3A 7B  22 6C 73 74 22 3A 5B 22  "},"2":{"lst":["
00000150: 72 65 63 22 2C 30 5D 7D  2C 22 33 22 3A 7B 22 6C  rec",0]},"3":{"l
00000160: 73 74 22 3A 5B 22 72 65  63 22 2C 30 5D 7D 7D 7D  st":["rec",0]}}}
00000170: 7D 5D                                             }]
====
STREAM PID 60589.0xffff9482d7141200 (C) > 60554.0xffff9482de657e00 (S), length 460
command[60589]: b'./src/ComposePostService/ComposePostService'
command[60554]: b'./cmake-build/src/TextService/TextService'
----
00000000: 00 00 01 C8 5B 31 2C 22  43 6F 6D 70 6F 73 65 54  ....[1,"ComposeT
00000010: 65 78 74 22 2C 31 2C 30  2C 7B 22 31 22 3A 7B 22  ext",1,0,{"1":{"
00000020: 69 36 34 22 3A 38 39 31  38 33 38 35 35 35 37 32  i64":89183855572
00000030: 35 31 37 32 38 36 34 7D  2C 22 32 22 3A 7B 22 73  5172864},"2":{"s
00000040: 74 72 22 3A 22 4B 44 30  54 56 79 49 4C 56 53 57  tr":"KD0TVyILVSW
00000050: 78 6C 36 33 5A 44 78 44  61 6E 46 67 49 45 4A 7A  xl63ZDxDanFgIEJz
00000060: 57 54 48 48 38 31 4E 76  50 41 67 53 4F 65 4A 42  WTHH81NvPAgSOeJB
00000070: 6B 69 77 6C 4E 39 4B 45  55 42 6B 36 6A 71 68 6F  kiwlN9KEUBk6jqho
00000080: 45 47 47 41 52 6F 4A 51  66 4F 51 38 77 34 59 34  EGGARoJQfOQ8w4Y4
00000090: 4D 57 53 55 36 38 6C 67  4C 49 75 37 30 71 6F 30  MWSU68lgLIu70qo0
000000A0: 4C 72 4D 37 35 42 73 6A  51 69 4C 70 76 35 79 55  LrM75BsjQiLpv5yU
000000B0: 76 30 54 59 79 47 38 31  44 4B 7A 43 6F 48 6C 63  v0TYyG81DKzCoHlc
000000C0: 64 47 49 72 56 4C 56 39  75 43 74 59 67 43 4D 7A  dGIrVLV9uCtYgCMz
000000D0: 77 55 51 56 6B 55 44 78  38 38 66 43 33 70 56 37  wUQVkUDx88fC3pV7
000000E0: 45 42 37 78 4B 44 4A 33  79 6A 57 63 66 79 52 4A  EB7xKDJ3yjWcfyRJ
000000F0: 45 45 69 66 48 51 49 54  42 77 78 73 34 4B 4A 52  EEifHQITBwxs4KJR
00000100: 69 45 4C 41 43 36 47 53  6C 45 6C 31 66 55 6F 65  iELAC6GSlEl1fUoe
00000110: 57 36 66 6F 65 70 6A 49  70 63 64 69 32 76 34 45  W6foepjIpcdi2v4E
00000120: 4E 6B 32 56 69 76 7A 31  76 41 70 61 47 34 78 6E  Nk2Vivz1vApaG4xn
00000130: 6E 62 6B 55 6A 72 32 53  6E 54 72 78 77 62 53 70  nbkUjr2SnTrxwbSp
00000140: 44 61 6D 64 4D 20 40 75  73 65 72 6E 61 6D 65 5F  DamdM @username_
00000150: 37 37 39 20 40 75 73 65  72 6E 61 6D 65 5F 38 31  779 @username_81
00000160: 35 20 68 74 74 70 3A 2F  2F 71 49 42 73 4B 44 65  5 http://qIBsKDe
00000170: 75 53 4E 5A 6B 71 58 6C  58 31 30 7A 45 78 47 36  uSNZkqXlX10zExG6
00000180: 4B 54 4A 32 72 32 36 69  70 65 6D 58 32 6D 59 53  KTJ2r26ipemX2mYS
00000190: 71 4B 7A 35 43 64 52 49  6A 46 52 45 61 50 5A 32  qKz5CdRIjFREaPZ2
000001A0: 33 30 5A 74 6E 36 33 68  4D 22 7D 2C 22 33 22 3A  30Ztn63hM"},"3":
000001B0: 7B 22 6D 61 70 22 3A 5B  22 73 74 72 22 2C 22 73  {"map":["str","s
000001C0: 74 72 22 2C 30 2C 7B 7D  5D 7D 7D 5D              tr",0,{}]}}]
====
STREAM PID 60554.0xffff9482de657e00 (S) > 60589.0xffff9482d7141200 (C), length 542
command[60554]: b'./cmake-build/src/TextService/TextService'
command[60589]: b'./src/ComposePostService/ComposePostService'
----
00000000: 00 00 02 1A 5B 31 2C 22  43 6F 6D 70 6F 73 65 54  ....[1,"ComposeT
00000010: 65 78 74 22 2C 32 2C 30  2C 7B 22 30 22 3A 7B 22  ext",2,0,{"0":{"
00000020: 72 65 63 22 3A 7B 22 31  22 3A 7B 22 73 74 72 22  rec":{"1":{"str"
00000030: 3A 22 4B 44 30 54 56 79  49 4C 56 53 57 78 6C 36  :"KD0TVyILVSWxl6
00000040: 33 5A 44 78 44 61 6E 46  67 49 45 4A 7A 57 54 48  3ZDxDanFgIEJzWTH
00000050: 48 38 31 4E 76 50 41 67  53 4F 65 4A 42 6B 69 77  H81NvPAgSOeJBkiw
00000060: 6C 4E 39 4B 45 55 42 6B  36 6A 71 68 6F 45 47 47  lN9KEUBk6jqhoEGG
00000070: 41 52 6F 4A 51 66 4F 51  38 77 34 59 34 4D 57 53  ARoJQfOQ8w4Y4MWS
00000080: 55 36 38 6C 67 4C 49 75  37 30 71 6F 30 4C 72 4D  U68lgLIu70qo0LrM
00000090: 37 35 42 73 6A 51 69 4C  70 76 35 79 55 76 30 54  75BsjQiLpv5yUv0T
000000A0: 59 79 47 38 31 44 4B 7A  43 6F 48 6C 63 64 47 49  YyG81DKzCoHlcdGI
000000B0: 72 56 4C 56 39 75 43 74  59 67 43 4D 7A 77 55 51  rVLV9uCtYgCMzwUQ
000000C0: 56 6B 55 44 78 38 38 66  43 33 70 56 37 45 42 37  VkUDx88fC3pV7EB7
000000D0: 78 4B 44 4A 33 79 6A 57  63 66 79 52 4A 45 45 69  xKDJ3yjWcfyRJEEi
000000E0: 66 48 51 49 54 42 77 78  73 34 4B 4A 52 69 45 4C  fHQITBwxs4KJRiEL
000000F0: 41 43 36 47 53 6C 45 6C  31 66 55 6F 65 57 36 66  AC6GSlEl1fUoeW6f
00000100: 6F 65 70 6A 49 70 63 64  69 32 76 34 45 4E 6B 32  oepjIpcdi2v4ENk2
00000110: 56 69 76 7A 31 76 41 70  61 47 34 78 6E 6E 62 6B  Vivz1vApaG4xnnbk
00000120: 55 6A 72 32 53 6E 54 72  78 77 62 53 70 44 61 6D  Ujr2SnTrxwbSpDam
00000130: 64 4D 20 40 75 73 65 72  6E 61 6D 65 5F 37 37 39  dM @username_779
00000140: 20 40 75 73 65 72 6E 61  6D 65 5F 38 31 35 20 68   @username_815 h
00000150: 74 74 70 3A 2F 2F 73 68  6F 72 74 2D 75 72 6C 2F  ttp://short-url/
00000160: 51 36 58 45 55 4C 31 46  4F 43 22 7D 2C 22 32 22  Q6XEUL1FOC"},"2"
00000170: 3A 7B 22 6C 73 74 22 3A  5B 22 72 65 63 22 2C 30  :{"lst":["rec",0
00000180: 5D 7D 2C 22 33 22 3A 7B  22 6C 73 74 22 3A 5B 22  ]},"3":{"lst":["
00000190: 72 65 63 22 2C 31 2C 7B  22 31 22 3A 7B 22 73 74  rec",1,{"1":{"st
000001A0: 72 22 3A 22 68 74 74 70  3A 2F 2F 73 68 6F 72 74  r":"http://short
000001B0: 2D 75 72 6C 2F 51 36 58  45 55 4C 31 46 4F 43 22  -url/Q6XEUL1FOC"
000001C0: 7D 2C 22 32 22 3A 7B 22  73 74 72 22 3A 22 68 74  },"2":{"str":"ht
000001D0: 74 70 3A 2F 2F 71 49 42  73 4B 44 65 75 53 4E 5A  tp://qIBsKDeuSNZ
000001E0: 6B 71 58 6C 58 31 30 7A  45 78 47 36 4B 54 4A 32  kqXlX10zExG6KTJ2
000001F0: 72 32 36 69 70 65 6D 58  32 6D 59 53 71 4B 7A 35  r26ipemX2mYSqKz5
00000200: 43 64 52 49 6A 46 52 45  61 50 5A 32 33 30 5A 74  CdRIjFREaPZ230Zt
00000210: 6E 36 33 68 4D 22 7D 7D  5D 7D 7D 7D 7D 5D        n63hM"}}]}}}}]
====
STREAM PID 60589.0xffff9482d7141200 (C) > 60554.0xffff9482de657e00 (S), length 446
command[60589]: b'./src/ComposePostService/ComposePostService'
command[60554]: b'./cmake-build/src/TextService/TextService'
----
00000000: 00 00 01 BA 5B 31 2C 22  43 6F 6D 70 6F 73 65 54  ....[1,"ComposeT
00000010: 65 78 74 22 2C 31 2C 30  2C 7B 22 31 22 3A 7B 22  ext",1,0,{"1":{"
00000020: 69 36 34 22 3A 36 36 30  32 31 30 33 36 33 32 32  i64":66021036322
00000030: 36 33 37 33 38 38 38 7D  2C 22 32 22 3A 7B 22 73  6373888},"2":{"s
00000040: 74 72 22 3A 22 56 39 6B  4F 6E 73 68 32 4C 45 32  tr":"V9kOnsh2LE2
00000050: 47 52 4D 48 4D 34 4F 57  48 6C 54 61 6C 55 64 76  GRMHM4OWHlTalUdv
00000060: 65 52 4B 6E 6D 66 46 55  68 69 31 4A 47 35 34 71  eRKnmfFUhi1JG54q
00000070: 7A 4E 7A 45 6A 74 4F 6C  31 59 38 4E 30 75 77 30  zNzEjtOl1Y8N0uw0
00000080: 63 53 54 6D 4A 43 70 68  30 77 7A 4A 34 32 55 45  cSTmJCph0wzJ42UE
00000090: 71 54 69 7A 61 35 54 65  54 6E 6B 37 37 30 56 4E  qTiza5TeTnk770VN
000000A0: 55 32 30 79 69 7A 78 65  34 79 63 6A 61 51 5A 30  U20yizxe4ycjaQZ0
000000B0: 57 6E 7A 67 5A 55 63 6A  67 6E 4F 77 41 39 49 53  WnzgZUcjgnOwA9IS
000000C0: 44 78 46 37 70 43 52 43  37 73 72 77 6A 67 71 4B  DxF7pCRC7srwjgqK
000000D0: 4E 4B 69 43 4A 4A 43 5A  39 70 63 76 6E 4B 61 4B  NKiCJJCZ9pcvnKaK
000000E0: 72 30 4E 4E 50 7A 37 62  47 62 52 4A 41 32 64 49  r0NNPz7bGbRJA2dI
000000F0: 46 64 39 6E 51 73 62 6E  64 61 73 74 53 58 54 38  Fd9nQsbndastSXT8
00000100: 39 62 64 36 49 33 32 30  4E 51 50 53 41 4D 58 62  9bd6I320NQPSAMXb
00000110: 5A 31 38 78 67 68 6F 74  38 42 30 59 46 58 39 37  Z18xghot8B0YFX97
00000120: 64 62 43 46 6E 65 72 57  51 74 50 51 43 78 68 50  dbCFnerWQtPQCxhP
00000130: 36 62 70 41 41 55 49 61  6A 61 6E 59 42 44 38 74  6bpAAUIajanYBD8t
00000140: 76 44 61 79 4E 20 40 75  73 65 72 6E 61 6D 65 5F  vDayN @username_
00000150: 36 32 32 20 68 74 74 70  3A 2F 2F 6F 68 75 59 31  622 http://ohuY1
00000160: 53 48 5A 79 56 6D 6E 41  7A 59 43 55 56 4D 46 41  SHZyVmnAzYCUVMFA
00000170: 52 6B 55 78 34 45 77 55  63 6F 48 67 52 36 54 7A  RkUx4EwUcoHgR6Tz
00000180: 45 45 6D 72 58 56 43 37  57 50 46 70 67 59 70 41  EEmrXVC7WPFpgYpA
00000190: 57 4F 44 53 49 42 4D 35  46 49 70 22 7D 2C 22 33  WODSIBM5FIp"},"3
000001A0: 22 3A 7B 22 6D 61 70 22  3A 5B 22 73 74 72 22 2C  ":{"map":["str",
000001B0: 22 73 74 72 22 2C 30 2C  7B 7D 5D 7D 7D 5D        "str",0,{}]}}]
====
STREAM PID 60554.0xffff9482de657e00 (S) > 60589.0xffff9482d7141200 (C), length 528
command[60554]: b'./cmake-build/src/TextService/TextService'
command[60589]: b'./src/ComposePostService/ComposePostService'
----
00000000: 00 00 02 0C 5B 31 2C 22  43 6F 6D 70 6F 73 65 54  ....[1,"ComposeT
00000010: 65 78 74 22 2C 32 2C 30  2C 7B 22 30 22 3A 7B 22  ext",2,0,{"0":{"
00000020: 72 65 63 22 3A 7B 22 31  22 3A 7B 22 73 74 72 22  rec":{"1":{"str"
00000030: 3A 22 56 39 6B 4F 6E 73  68 32 4C 45 32 47 52 4D  :"V9kOnsh2LE2GRM
00000040: 48 4D 34 4F 57 48 6C 54  61 6C 55 64 76 65 52 4B  HM4OWHlTalUdveRK
00000050: 6E 6D 66 46 55 68 69 31  4A 47 35 34 71 7A 4E 7A  nmfFUhi1JG54qzNz
00000060: 45 6A 74 4F 6C 31 59 38  4E 30 75 77 30 63 53 54  EjtOl1Y8N0uw0cST
00000070: 6D 4A 43 70 68 30 77 7A  4A 34 32 55 45 71 54 69  mJCph0wzJ42UEqTi
00000080: 7A 61 35 54 65 54 6E 6B  37 37 30 56 4E 55 32 30  za5TeTnk770VNU20
00000090: 79 69 7A 78 65 34 79 63  6A 61 51 5A 30 57 6E 7A  yizxe4ycjaQZ0Wnz
000000A0: 67 5A 55 63 6A 67 6E 4F  77 41 39 49 53 44 78 46  gZUcjgnOwA9ISDxF
000000B0: 37 70 43 52 43 37 73 72  77 6A 67 71 4B 4E 4B 69  7pCRC7srwjgqKNKi
000000C0: 43 4A 4A 43 5A 39 70 63  76 6E 4B 61 4B 72 30 4E  CJJCZ9pcvnKaKr0N
000000D0: 4E 50 7A 37 62 47 62 52  4A 41 32 64 49 46 64 39  NPz7bGbRJA2dIFd9
000000E0: 6E 51 73 62 6E 64 61 73  74 53 58 54 38 39 62 64  nQsbndastSXT89bd
000000F0: 36 49 33 32 30 4E 51 50  53 41 4D 58 62 5A 31 38  6I320NQPSAMXbZ18
00000100: 78 67 68 6F 74 38 42 30  59 46 58 39 37 64 62 43  xghot8B0YFX97dbC
00000110: 46 6E 65 72 57 51 74 50  51 43 78 68 50 36 62 70  FnerWQtPQCxhP6bp
00000120: 41 41 55 49 61 6A 61 6E  59 42 44 38 74 76 44 61  AAUIajanYBD8tvDa
00000130: 79 4E 20 40 75 73 65 72  6E 61 6D 65 5F 36 32 32  yN @username_622
00000140: 20 68 74 74 70 3A 2F 2F  73 68 6F 72 74 2D 75 72   http://short-ur
00000150: 6C 2F 62 51 55 42 73 71  56 6B 6F 6D 22 7D 2C 22  l/bQUBsqVkom"},"
00000160: 32 22 3A 7B 22 6C 73 74  22 3A 5B 22 72 65 63 22  2":{"lst":["rec"
00000170: 2C 30 5D 7D 2C 22 33 22  3A 7B 22 6C 73 74 22 3A  ,0]},"3":{"lst":
00000180: 5B 22 72 65 63 22 2C 31  2C 7B 22 31 22 3A 7B 22  ["rec",1,{"1":{"
00000190: 73 74 72 22 3A 22 68 74  74 70 3A 2F 2F 73 68 6F  str":"http://sho
000001A0: 72 74 2D 75 72 6C 2F 62  51 55 42 73 71 56 6B 6F  rt-url/bQUBsqVko
000001B0: 6D 22 7D 2C 22 32 22 3A  7B 22 73 74 72 22 3A 22  m"},"2":{"str":"
000001C0: 68 74 74 70 3A 2F 2F 6F  68 75 59 31 53 48 5A 79  http://ohuY1SHZy
000001D0: 56 6D 6E 41 7A 59 43 55  56 4D 46 41 52 6B 55 78  VmnAzYCUVMFARkUx
000001E0: 34 45 77 55 63 6F 48 67  52 36 54 7A 45 45 6D 72  4EwUcoHgR6TzEEmr
000001F0: 58 56 43 37 57 50 46 70  67 59 70 41 57 4F 44 53  XVC7WPFpgYpAWODS
00000200: 49 42 4D 35 46 49 70 22  7D 7D 5D 7D 7D 7D 7D 5D  IBM5FIp"}}]}}}}]
====
STREAM PID 60589.0xffff9482d7141200 (C) > 60554.0xffff9482de657e00 (S), length 790
command[60589]: b'./src/ComposePostService/ComposePostService'
command[60554]: b'./cmake-build/src/TextService/TextService'
----
00000000: 00 00 03 12 5B 31 2C 22  43 6F 6D 70 6F 73 65 54  ....[1,"ComposeT
00000010: 65 78 74 22 2C 31 2C 30  2C 7B 22 31 22 3A 7B 22  ext",1,0,{"1":{"
00000020: 69 36 34 22 3A 33 36 30  35 30 34 37 30 30 31 32  i64":36050470012
00000030: 33 34 37 36 36 37 32 7D  2C 22 32 22 3A 7B 22 73  3476672},"2":{"s
00000040: 74 72 22 3A 22 78 58 70  33 79 45 6F 38 47 4D 34  tr":"xXp3yEo8GM4
00000050: 46 6D 43 67 38 61 58 49  76 34 31 32 36 58 34 61  FmCg8aXIv4126X4a
00000060: 64 61 37 4C 45 5A 4D 59  48 62 42 37 45 4C 36 75  da7LEZMYHbB7EL6u
00000070: 4A 75 34 6F 61 6D 34 48  7A 4C 73 64 38 62 71 41  Ju4oam4HzLsd8bqA
00000080: 4B 54 43 37 69 65 64 6B  35 33 59 56 36 4D 51 54  KTC7iedk53YV6MQT
00000090: 39 45 45 75 4C 6A 5A 4E  31 57 50 69 65 77 76 66  9EEuLjZN1WPiewvf
000000A0: 6C 56 32 74 35 76 70 43  77 41 6C 6D 70 6F 32 63  lV2t5vpCwAlmpo2c
000000B0: 68 6B 71 67 6A 5A 6D 64  36 38 70 62 37 47 4C 39  hkqgjZmd68pb7GL9
000000C0: 48 71 78 4F 69 4B 62 33  61 4F 69 30 4C 75 6D 75  HqxOiKb3aOi0Lumu
000000D0: 72 58 39 62 33 30 38 30  50 30 4A 6B 32 72 6F 41  rX9b3080P0Jk2roA
000000E0: 4A 63 57 69 69 67 70 6C  4D 43 42 55 67 45 4A 38  JcWiigplMCBUgEJ8
000000F0: 32 6B 65 77 6A 45 43 6D  69 48 70 4A 75 50 45 4C  2kewjECmiHpJuPEL
00000100: 6B 31 69 74 44 38 50 6A  79 77 77 50 34 59 43 6E  k1itD8PjywwP4YCn
00000110: 78 4F 6E 75 38 7A 6B 67  35 72 7A 4D 36 61 62 68  xOnu8zkg5rzM6abh
00000120: 44 64 66 53 36 74 37 51  4D 45 39 45 70 36 32 65  DdfS6t7QME9Ep62e
00000130: 78 39 35 77 56 38 41 72  58 62 64 78 41 64 38 54  x95wV8ArXbdxAd8T
00000140: 46 63 7A 58 59 20 40 75  73 65 72 6E 61 6D 65 5F  FczXY @username_
00000150: 38 34 35 20 40 75 73 65  72 6E 61 6D 65 5F 35 36  845 @username_56
00000160: 31 20 40 75 73 65 72 6E  61 6D 65 5F 36 39 30 20  1 @username_690 
00000170: 40 75 73 65 72 6E 61 6D  65 5F 32 31 32 20 40 75  @username_212 @u
00000180: 73 65 72 6E 61 6D 65 5F  39 35 38 20 68 74 74 70  sername_958 http
00000190: 3A 2F 2F 44 4D 56 37 78  5A 4E 56 72 62 32 6D 64  ://DMV7xZNVrb2md
000001A0: 32 73 71 7A 61 42 6A 33  75 4C 34 74 71 6D 72 68  2sqzaBj3uL4tqmrh
000001B0: 69 51 4A 51 36 69 36 56  7A 53 31 6B 4E 36 4A 57  iQJQ6i6VzS1kN6JW
000001C0: 6A 6C 62 37 68 59 56 6B  31 30 6B 35 5A 48 6A 76  jlb7hYVk10k5ZHjv
000001D0: 66 52 48 20 68 74 74 70  3A 2F 2F 39 30 38 59 46  fRH http://908YF
000001E0: 34 7A 4A 4A 58 69 59 47  72 32 45 48 64 44 6A 32  4zJJXiYGr2EHdDj2
000001F0: 64 47 70 33 33 61 5A 4E  53 75 4E 4D 72 56 74 7A  dGp33aZNSuNMrVtz
00000200: 39 6D 34 52 31 39 69 57  41 31 52 30 71 78 58 6F  9m4R19iWA1R0qxXo
00000210: 49 43 48 44 65 57 6A 7A  4B 53 4E 20 68 74 74 70  ICHDeWjzKSN http
00000220: 3A 2F 2F 4D 61 30 76 44  54 75 61 41 79 66 38 7A  ://Ma0vDTuaAyf8z
00000230: 6B 76 4D 76 77 62 63 53  31 42 32 51 34 44 76 35  kvMvwbcS1B2Q4Dv5
00000240: 70 49 64 4F 4C 51 79 66  78 32 37 52 70 71 6E 55  pIdOLQyfx27RpqnU
00000250: 55 4D 68 6C 75 6A 7A 30  59 71 56 61 57 73 65 67  UMhlujz0YqVaWseg
00000260: 67 65 55 20 68 74 74 70  3A 2F 2F 34 67 35 74 6C  geU http://4g5tl
00000270: 67 6C 55 69 7A 70 49 58  54 33 39 33 6B 6A 4D 61  glUizpIXT393kjMa
00000280: 6B 4F 64 6E 4E 49 30 74  71 74 36 34 61 7A 31 46  kOdnNI0tqt64az1F
00000290: 65 54 34 4B 65 62 49 69  4A 69 59 41 78 49 78 36  eT4KebIiJiYAxIx6
000002A0: 73 4B 7A 6F 64 71 49 51  42 47 31 20 68 74 74 70  sKzodqIQBG1 http
000002B0: 3A 2F 2F 70 6D 56 53 6E  75 44 74 6B 59 56 38 4C  ://pmVSnuDtkYV8L
000002C0: 74 52 63 34 52 78 4F 6B  51 6D 64 47 72 54 61 6E  tRc4RxOkQmdGrTan
000002D0: 76 42 37 51 56 53 70 71  43 6F 39 7A 65 6D 57 36  vB7QVSpqCo9zemW6
000002E0: 68 32 5A 50 45 51 57 73  39 6A 38 64 4A 39 74 74  h2ZPEQWs9j8dJ9tt
000002F0: 73 45 74 22 7D 2C 22 33  22 3A 7B 22 6D 61 70 22  sEt"},"3":{"map"
00000300: 3A 5B 22 73 74 72 22 2C  22 73 74 72 22 2C 30 2C  :["str","str",0,
00000310: 7B 7D 5D 7D 7D 5D                                 {}]}}]
====
STREAM PID 60554.0xffff9482de657e00 (S) > 60589.0xffff9482d7141200 (C), length 1216
command[60554]: b'./cmake-build/src/TextService/TextService'
command[60589]: b'./src/ComposePostService/ComposePostService'
----
00000000: 00 00 04 BC 5B 31 2C 22  43 6F 6D 70 6F 73 65 54  ....[1,"ComposeT
00000010: 65 78 74 22 2C 32 2C 30  2C 7B 22 30 22 3A 7B 22  ext",2,0,{"0":{"
00000020: 72 65 63 22 3A 7B 22 31  22 3A 7B 22 73 74 72 22  rec":{"1":{"str"
00000030: 3A 22 78 58 70 33 79 45  6F 38 47 4D 34 46 6D 43  :"xXp3yEo8GM4FmC
00000040: 67 38 61 58 49 76 34 31  32 36 58 34 61 64 61 37  g8aXIv4126X4ada7
00000050: 4C 45 5A 4D 59 48 62 42  37 45 4C 36 75 4A 75 34  LEZMYHbB7EL6uJu4
00000060: 6F 61 6D 34 48 7A 4C 73  64 38 62 71 41 4B 54 43  oam4HzLsd8bqAKTC
00000070: 37 69 65 64 6B 35 33 59  56 36 4D 51 54 39 45 45  7iedk53YV6MQT9EE
00000080: 75 4C 6A 5A 4E 31 57 50  69 65 77 76 66 6C 56 32  uLjZN1WPiewvflV2
00000090: 74 35 76 70 43 77 41 6C  6D 70 6F 32 63 68 6B 71  t5vpCwAlmpo2chkq
000000A0: 67 6A 5A 6D 64 36 38 70  62 37 47 4C 39 48 71 78  gjZmd68pb7GL9Hqx
000000B0: 4F 69 4B 62 33 61 4F 69  30 4C 75 6D 75 72 58 39  OiKb3aOi0LumurX9
000000C0: 62 33 30 38 30 50 30 4A  6B 32 72 6F 41 4A 63 57  b3080P0Jk2roAJcW
000000D0: 69 69 67 70 6C 4D 43 42  55 67 45 4A 38 32 6B 65  iigplMCBUgEJ82ke
000000E0: 77 6A 45 43 6D 69 48 70  4A 75 50 45 4C 6B 31 69  wjECmiHpJuPELk1i
000000F0: 74 44 38 50 6A 79 77 77  50 34 59 43 6E 78 4F 6E  tD8PjywwP4YCnxOn
00000100: 75 38 7A 6B 67 35 72 7A  4D 36 61 62 68 44 64 66  u8zkg5rzM6abhDdf
00000110: 53 36 74 37 51 4D 45 39  45 70 36 32 65 78 39 35  S6t7QME9Ep62ex95
00000120: 77 56 38 41 72 58 62 64  78 41 64 38 54 46 63 7A  wV8ArXbdxAd8TFcz
00000130: 58 59 20 40 75 73 65 72  6E 61 6D 65 5F 38 34 35  XY @username_845
00000140: 20 40 75 73 65 72 6E 61  6D 65 5F 35 36 31 20 40   @username_561 @
00000150: 75 73 65 72 6E 61 6D 65  5F 36 39 30 20 40 75 73  username_690 @us
00000160: 65 72 6E 61 6D 65 5F 32  31 32 20 40 75 73 65 72  ername_212 @user
00000170: 6E 61 6D 65 5F 39 35 38  20 68 74 74 70 3A 2F 2F  name_958 http://
00000180: 73 68 6F 72 74 2D 75 72  6C 2F 4C 66 32 49 68 44  short-url/Lf2IhD
00000190: 6A 51 47 43 20 68 74 74  70 3A 2F 2F 73 68 6F 72  jQGC http://shor
000001A0: 74 2D 75 72 6C 2F 58 4F  57 61 58 6B 36 38 4F 63  t-url/XOWaXk68Oc
000001B0: 20 68 74 74 70 3A 2F 2F  73 68 6F 72 74 2D 75 72   http://short-ur
000001C0: 6C 2F 49 72 64 36 36 4A  59 57 77 5A 20 68 74 74  l/Ird66JYWwZ htt
000001D0: 70 3A 2F 2F 73 68 6F 72  74 2D 75 72 6C 2F 64 4F  p://short-url/dO
000001E0: 74 48 4E 55 52 61 6E 7A  20 68 74 74 70 3A 2F 2F  tHNURanz http://
000001F0: 73 68 6F 72 74 2D 75 72  6C 2F 31 30 49 59 66 6F  short-url/10IYfo
00000200: 68 50 4B 6D 22 7D 2C 22  32 22 3A 7B 22 6C 73 74  hPKm"},"2":{"lst
00000210: 22 3A 5B 22 72 65 63 22  2C 30 5D 7D 2C 22 33 22  ":["rec",0]},"3"
00000220: 3A 7B 22 6C 73 74 22 3A  5B 22 72 65 63 22 2C 35  :{"lst":["rec",5
00000230: 2C 7B 22 31 22 3A 7B 22  73 74 72 22 3A 22 68 74  ,{"1":{"str":"ht
00000240: 74 70 3A 2F 2F 73 68 6F  72 74 2D 75 72 6C 2F 4C  tp://short-url/L
00000250: 66 32 49 68 44 6A 51 47  43 22 7D 2C 22 32 22 3A  f2IhDjQGC"},"2":
00000260: 7B 22 73 74 72 22 3A 22  68 74 74 70 3A 2F 2F 44  {"str":"http://D
00000270: 4D 56 37 78 5A 4E 56 72  62 32 6D 64 32 73 71 7A  MV7xZNVrb2md2sqz
00000280: 61 42 6A 33 75 4C 34 74  71 6D 72 68 69 51 4A 51  aBj3uL4tqmrhiQJQ
00000290: 36 69 36 56 7A 53 31 6B  4E 36 4A 57 6A 6C 62 37  6i6VzS1kN6JWjlb7
000002A0: 68 59 56 6B 31 30 6B 35  5A 48 6A 76 66 52 48 22  hYVk10k5ZHjvfRH"
000002B0: 7D 7D 2C 7B 22 31 22 3A  7B 22 73 74 72 22 3A 22  }},{"1":{"str":"
000002C0: 68 74 74 70 3A 2F 2F 73  68 6F 72 74 2D 75 72 6C  http://short-url
000002D0: 2F 58 4F 57 61 58 6B 36  38 4F 63 22 7D 2C 22 32  /XOWaXk68Oc"},"2
000002E0: 22 3A 7B 22 73 74 72 22  3A 22 68 74 74 70 3A 2F  ":{"str":"http:/
000002F0: 2F 39 30 38 59 46 34 7A  4A 4A 58 69 59 47 72 32  /908YF4zJJXiYGr2
00000300: 45 48 64 44 6A 32 64 47  70 33 33 61 5A 4E 53 75  EHdDj2dGp33aZNSu
00000310: 4E 4D 72 56 74 7A 39 6D  34 52 31 39 69 57 41 31  NMrVtz9m4R19iWA1
00000320: 52 30 71 78 58 6F 49 43  48 44 65 57 6A 7A 4B 53  R0qxXoICHDeWjzKS
00000330: 4E 22 7D 7D 2C 7B 22 31  22 3A 7B 22 73 74 72 22  N"}},{"1":{"str"
00000340: 3A 22 68 74 74 70 3A 2F  2F 73 68 6F 72 74 2D 75  :"http://short-u
00000350: 72 6C 2F 49 72 64 36 36  4A 59 57 77 5A 22 7D 2C  rl/Ird66JYWwZ"},
00000360: 22 32 22 3A 7B 22 73 74  72 22 3A 22 68 74 74 70  "2":{"str":"http
00000370: 3A 2F 2F 4D 61 30 76 44  54 75 61 41 79 66 38 7A  ://Ma0vDTuaAyf8z
00000380: 6B 76 4D 76 77 62 63 53  31 42 32 51 34 44 76 35  kvMvwbcS1B2Q4Dv5
00000390: 70 49 64 4F 4C 51 79 66  78 32 37 52 70 71 6E 55  pIdOLQyfx27RpqnU
000003A0: 55 4D 68 6C 75 6A 7A 30  59 71 56 61 57 73 65 67  UMhlujz0YqVaWseg
000003B0: 67 65 55 22 7D 7D 2C 7B  22 31 22 3A 7B 22 73 74  geU"}},{"1":{"st
000003C0: 72 22 3A 22 68 74 74 70  3A 2F 2F 73 68 6F 72 74  r":"http://short
000003D0: 2D 75 72 6C 2F 64 4F 74  48 4E 55 52 61 6E 7A 22  -url/dOtHNURanz"
000003E0: 7D 2C 22 32 22 3A 7B 22  73 74 72 22 3A 22 68 74  },"2":{"str":"ht
000003F0: 74 70 3A 2F 2F 34 67 35  74 6C 67 6C 55 69 7A 70  tp://4g5tlglUizp
00000400: 49 58 54 33 39 33 6B 6A  4D 61 6B 4F 64 6E 4E 49  IXT393kjMakOdnNI
00000410: 30 74 71 74 36 34 61 7A  31 46 65 54 34 4B 65 62  0tqt64az1FeT4Keb
00000420: 49 69 4A 69 59 41 78 49  78 36 73 4B 7A 6F 64 71  IiJiYAxIx6sKzodq
00000430: 49 51 42 47 31 22 7D 7D  2C 7B 22 31 22 3A 7B 22  IQBG1"}},{"1":{"
00000440: 73 74 72 22 3A 22 68 74  74 70 3A 2F 2F 73 68 6F  str":"http://sho
00000450: 72 74 2D 75 72 6C 2F 31  30 49 59 66 6F 68 50 4B  rt-url/10IYfohPK
00000460: 6D 22 7D 2C 22 32 22 3A  7B 22 73 74 72 22 3A 22  m"},"2":{"str":"
00000470: 68 74 74 70 3A 2F 2F 70  6D 56 53 6E 75 44 74 6B  http://pmVSnuDtk
00000480: 59 56 38 4C 74 52 63 34  52 78 4F 6B 51 6D 64 47  YV8LtRc4RxOkQmdG
00000490: 72 54 61 6E 76 42 37 51  56 53 70 71 43 6F 39 7A  rTanvB7QVSpqCo9z
000004A0: 65 6D 57 36 68 32 5A 50  45 51 57 73 39 6A 38 64  emW6h2ZPEQWs9j8d
000004B0: 4A 39 74 74 73 45 74 22  7D 7D 5D 7D 7D 7D 7D 5D  J9ttsEt"}}]}}}}]
====
STREAM PID 60589.0xffff9482d7141200 (C) > 60554.0xffff9482de657e00 (S), length 632
command[60589]: b'./src/ComposePostService/ComposePostService'
command[60554]: b'./cmake-build/src/TextService/TextService'
----
00000000: 00 00 02 74 5B 31 2C 22  43 6F 6D 70 6F 73 65 54  ...t[1,"ComposeT
00000010: 65 78 74 22 2C 31 2C 30  2C 7B 22 31 22 3A 7B 22  ext",1,0,{"1":{"
00000020: 69 36 34 22 3A 37 30 34  37 32 38 30 39 38 32 35  i64":70472809825
00000030: 37 30 36 39 38 32 34 7D  2C 22 32 22 3A 7B 22 73  7069824},"2":{"s
00000040: 74 72 22 3A 22 65 48 62  6A 6A 4E 6D 37 6C 69 56  tr":"eHbjjNm7liV
00000050: 39 58 76 36 76 4C 44 7A  42 74 6C 6C 6E 42 67 65  9Xv6vLDzBtllnBge
00000060: 39 52 51 78 6A 62 39 58  4C 66 59 4E 35 4A 56 41  9RQxjb9XLfYN5JVA
00000070: 5A 63 32 77 65 76 74 7A  70 36 36 67 64 33 5A 46  Zc2wevtzp66gd3ZF
00000080: 37 50 6D 61 38 42 4B 32  43 6E 68 66 50 4C 50 34  7Pma8BK2CnhfPLP4
00000090: 68 63 6B 36 47 72 51 33  46 43 39 73 39 5A 4B 79  hck6GrQ3FC9s9ZKy
000000A0: 74 6D 4B 70 39 58 64 4B  50 71 30 31 62 54 70 61  tmKp9XdKPq01bTpa
000000B0: 72 31 6D 64 78 56 43 6B  79 36 70 41 74 70 66 70  r1mdxVCky6pAtpfp
000000C0: 61 70 4F 54 48 45 38 39  4C 78 32 41 4F 42 67 65  apOTHE89Lx2AOBge
000000D0: 48 68 62 36 57 35 79 36  6E 50 61 30 52 37 55 43  Hhb6W5y6nPa0R7UC
000000E0: 7A 45 47 67 45 6B 54 43  64 63 36 4E 74 63 4A 71  zEGgEkTCdc6NtcJq
000000F0: 6B 4D 4D 79 31 6A 6F 42  47 78 62 38 30 49 5A 4A  kMMy1joBGxb80IZJ
00000100: 39 41 6E 63 47 4C 4A 6B  68 50 66 46 78 42 7A 75  9AncGLJkhPfFxBzu
00000110: 56 63 37 64 7A 77 63 75  68 35 4D 37 72 4E 42 68  Vc7dzwcuh5M7rNBh
00000120: 5A 76 4D 44 62 72 75 32  62 65 67 38 6A 38 7A 51  ZvMDbru2beg8j8zQ
00000130: 4D 50 4E 31 69 5A 57 68  70 69 68 79 65 49 71 44  MPN1iZWhpihyeIqD
00000140: 6C 74 56 7A 45 20 40 75  73 65 72 6E 61 6D 65 5F  ltVzE @username_
00000150: 39 34 30 20 40 75 73 65  72 6E 61 6D 65 5F 34 34  940 @username_44
00000160: 37 20 40 75 73 65 72 6E  61 6D 65 5F 31 32 36 20  7 @username_126 
00000170: 40 75 73 65 72 6E 61 6D  65 5F 35 39 31 20 68 74  @username_591 ht
00000180: 74 70 3A 2F 2F 47 6E 36  74 52 31 54 50 66 78 39  tp://Gn6tR1TPfx9
00000190: 6C 50 72 53 4A 46 71 52  5A 57 6D 54 51 43 4E 42  lPrSJFqRZWmTQCNB
000001A0: 6F 31 39 75 65 56 69 57  31 43 32 31 6E 64 43 52  o19ueViW1C21ndCR
000001B0: 50 68 51 55 78 50 64 31  4B 79 77 45 78 54 75 4E  PhQUxPd1KywExTuN
000001C0: 68 36 71 55 33 20 68 74  74 70 3A 2F 2F 65 38 62  h6qU3 http://e8b
000001D0: 6E 7A 45 59 48 57 79 34  36 4C 6C 4E 54 46 58 47  nzEYHWy46LlNTFXG
000001E0: 6F 63 4D 6E 73 62 69 72  43 34 4C 73 78 62 37 38  ocMnsbirC4Lsxb78
000001F0: 46 74 35 61 6D 49 30 65  43 69 69 31 71 63 66 74  Ft5amI0eCii1qcft
00000200: 6E 49 51 55 62 41 69 61  67 4D 49 5A 46 20 68 74  nIQUbAiagMIZF ht
00000210: 74 70 3A 2F 2F 4A 35 50  31 76 75 72 4E 31 49 4D  tp://J5P1vurN1IM
00000220: 4E 4F 59 72 62 77 39 78  33 31 6E 4A 46 57 30 72  NOYrbw9x31nJFW0r
00000230: 79 46 73 7A 32 4A 68 46  32 33 4C 73 68 43 64 6F  yFsz2JhF23LshCdo
00000240: 45 52 51 52 4E 5A 70 46  6D 49 6E 74 32 52 59 34  ERQRNZpFmInt2RY4
00000250: 71 30 48 6A 6E 22 7D 2C  22 33 22 3A 7B 22 6D 61  q0Hjn"},"3":{"ma
00000260: 70 22 3A 5B 22 73 74 72  22 2C 22 73 74 72 22 2C  p":["str","str",
00000270: 30 2C 7B 7D 5D 7D 7D 5D                           0,{}]}}]
====
STREAM PID 60554.0xffff9482de657e00 (S) > 60589.0xffff9482d7141200 (C), length 886
command[60554]: b'./cmake-build/src/TextService/TextService'
command[60589]: b'./src/ComposePostService/ComposePostService'
----
00000000: 00 00 03 72 5B 31 2C 22  43 6F 6D 70 6F 73 65 54  ...r[1,"ComposeT
00000010: 65 78 74 22 2C 32 2C 30  2C 7B 22 30 22 3A 7B 22  ext",2,0,{"0":{"
00000020: 72 65 63 22 3A 7B 22 31  22 3A 7B 22 73 74 72 22  rec":{"1":{"str"
00000030: 3A 22 65 48 62 6A 6A 4E  6D 37 6C 69 56 39 58 76  :"eHbjjNm7liV9Xv
00000040: 36 76 4C 44 7A 42 74 6C  6C 6E 42 67 65 39 52 51  6vLDzBtllnBge9RQ
00000050: 78 6A 62 39 58 4C 66 59  4E 35 4A 56 41 5A 63 32  xjb9XLfYN5JVAZc2
00000060: 77 65 76 74 7A 70 36 36  67 64 33 5A 46 37 50 6D  wevtzp66gd3ZF7Pm
00000070: 61 38 42 4B 32 43 6E 68  66 50 4C 50 34 68 63 6B  a8BK2CnhfPLP4hck
00000080: 36 47 72 51 33 46 43 39  73 39 5A 4B 79 74 6D 4B  6GrQ3FC9s9ZKytmK
00000090: 70 39 58 64 4B 50 71 30  31 62 54 70 61 72 31 6D  p9XdKPq01bTpar1m
000000A0: 64 78 56 43 6B 79 36 70  41 74 70 66 70 61 70 4F  dxVCky6pAtpfpapO
000000B0: 54 48 45 38 39 4C 78 32  41 4F 42 67 65 48 68 62  THE89Lx2AOBgeHhb
000000C0: 36 57 35 79 36 6E 50 61  30 52 37 55 43 7A 45 47  6W5y6nPa0R7UCzEG
000000D0: 67 45 6B 54 43 64 63 36  4E 74 63 4A 71 6B 4D 4D  gEkTCdc6NtcJqkMM
000000E0: 79 31 6A 6F 42 47 78 62  38 30 49 5A 4A 39 41 6E  y1joBGxb80IZJ9An
000000F0: 63 47 4C 4A 6B 68 50 66  46 78 42 7A 75 56 63 37  cGLJkhPfFxBzuVc7
00000100: 64 7A 77 63 75 68 35 4D  37 72 4E 42 68 5A 76 4D  dzwcuh5M7rNBhZvM
00000110: 44 62 72 75 32 62 65 67  38 6A 38 7A 51 4D 50 4E  Dbru2beg8j8zQMPN
00000120: 31 69 5A 57 68 70 69 68  79 65 49 71 44 6C 74 56  1iZWhpihyeIqDltV
00000130: 7A 45 20 40 75 73 65 72  6E 61 6D 65 5F 39 34 30  zE @username_940
00000140: 20 40 75 73 65 72 6E 61  6D 65 5F 34 34 37 20 40   @username_447 @
00000150: 75 73 65 72 6E 61 6D 65  5F 31 32 36 20 40 75 73  username_126 @us
00000160: 65 72 6E 61 6D 65 5F 35  39 31 20 68 74 74 70 3A  ername_591 http:
00000170: 2F 2F 73 68 6F 72 74 2D  75 72 6C 2F 47 59 76 4B  //short-url/GYvK
00000180: 76 70 36 56 36 38 20 68  74 74 70 3A 2F 2F 73 68  vp6V68 http://sh
00000190: 6F 72 74 2D 75 72 6C 2F  4A 38 4D 55 53 50 71 73  ort-url/J8MUSPqs
000001A0: 4B 6F 20 68 74 74 70 3A  2F 2F 73 68 6F 72 74 2D  Ko http://short-
000001B0: 75 72 6C 2F 44 7A 41 4E  58 47 75 37 4B 44 22 7D  url/DzANXGu7KD"}
000001C0: 2C 22 32 22 3A 7B 22 6C  73 74 22 3A 5B 22 72 65  ,"2":{"lst":["re
000001D0: 63 22 2C 30 5D 7D 2C 22  33 22 3A 7B 22 6C 73 74  c",0]},"3":{"lst
000001E0: 22 3A 5B 22 72 65 63 22  2C 33 2C 7B 22 31 22 3A  ":["rec",3,{"1":
000001F0: 7B 22 73 74 72 22 3A 22  68 74 74 70 3A 2F 2F 73  {"str":"http://s
00000200: 68 6F 72 74 2D 75 72 6C  2F 47 59 76 4B 76 70 36  hort-url/GYvKvp6
00000210: 56 36 38 22 7D 2C 22 32  22 3A 7B 22 73 74 72 22  V68"},"2":{"str"
00000220: 3A 22 68 74 74 70 3A 2F  2F 47 6E 36 74 52 31 54  :"http://Gn6tR1T
00000230: 50 66 78 39 6C 50 72 53  4A 46 71 52 5A 57 6D 54  Pfx9lPrSJFqRZWmT
00000240: 51 43 4E 42 6F 31 39 75  65 56 69 57 31 43 32 31  QCNBo19ueViW1C21
00000250: 6E 64 43 52 50 68 51 55  78 50 64 31 4B 79 77 45  ndCRPhQUxPd1KywE
00000260: 78 54 75 4E 68 36 71 55  33 22 7D 7D 2C 7B 22 31  xTuNh6qU3"}},{"1
00000270: 22 3A 7B 22 73 74 72 22  3A 22 68 74 74 70 3A 2F  ":{"str":"http:/
00000280: 2F 73 68 6F 72 74 2D 75  72 6C 2F 4A 38 4D 55 53  /short-url/J8MUS
00000290: 50 71 73 4B 6F 22 7D 2C  22 32 22 3A 7B 22 73 74  PqsKo"},"2":{"st
000002A0: 72 22 3A 22 68 74 74 70  3A 2F 2F 65 38 62 6E 7A  r":"http://e8bnz
000002B0: 45 59 48 57 79 34 36 4C  6C 4E 54 46 58 47 6F 63  EYHWy46LlNTFXGoc
000002C0: 4D 6E 73 62 69 72 43 34  4C 73 78 62 37 38 46 74  MnsbirC4Lsxb78Ft
000002D0: 35 61 6D 49 30 65 43 69  69 31 71 63 66 74 6E 49  5amI0eCii1qcftnI
000002E0: 51 55 62 41 69 61 67 4D  49 5A 46 22 7D 7D 2C 7B  QUbAiagMIZF"}},{
000002F0: 22 31 22 3A 7B 22 73 74  72 22 3A 22 68 74 74 70  "1":{"str":"http
00000300: 3A 2F 2F 73 68 6F 72 74  2D 75 72 6C 2F 44 7A 41  ://short-url/DzA
00000310: 4E 58 47 75 37 4B 44 22  7D 2C 22 32 22 3A 7B 22  NXGu7KD"},"2":{"
00000320: 73 74 72 22 3A 22 68 74  74 70 3A 2F 2F 4A 35 50  str":"http://J5P
00000330: 31 76 75 72 4E 31 49 4D  4E 4F 59 72 62 77 39 78  1vurN1IMNOYrbw9x
00000340: 33 31 6E 4A 46 57 30 72  79 46 73 7A 32 4A 68 46  31nJFW0ryFsz2JhF
00000350: 32 33 4C 73 68 43 64 6F  45 52 51 52 4E 5A 70 46  23LshCdoERQRNZpF
00000360: 6D 49 6E 74 32 52 59 34  71 30 48 6A 6E 22 7D 7D  mInt2RY4q0Hjn"}}
00000370: 5D 7D 7D 7D 7D 5D                                 ]}}}}]
====
STREAM PID 60589.0xffff9482d7141200 (C) > 60554.0xffff9482de657e00 (S), length 591
command[60589]: b'./src/ComposePostService/ComposePostService'
command[60554]: b'./cmake-build/src/TextService/TextService'
----
00000000: 00 00 02 4B 5B 31 2C 22  43 6F 6D 70 6F 73 65 54  ...K[1,"ComposeT
00000010: 65 78 74 22 2C 31 2C 30  2C 7B 22 31 22 3A 7B 22  ext",1,0,{"1":{"
00000020: 69 36 34 22 3A 31 30 31  34 39 36 34 32 36 35 31  i64":10149642651
00000030: 32 34 32 39 37 36 30 30  7D 2C 22 32 22 3A 7B 22  24297600},"2":{"
00000040: 73 74 72 22 3A 22 76 70  4D 55 65 70 41 35 42 4F  str":"vpMUepA5BO
00000050: 79 69 62 51 54 6E 48 76  37 47 34 36 64 71 68 50  yibQTnHv7G46dqhP
00000060: 31 72 64 6C 7A 75 4A 4C  69 47 65 65 66 7A 41 6E  1rdlzuJLiGeefzAn
00000070: 61 4C 4D 6A 72 71 51 33  4C 63 6A 74 6E 50 7A 58  aLMjrqQ3LcjtnPzX
00000080: 6F 76 57 56 46 71 52 53  5A 6E 33 36 51 55 43 44  ovWVFqRSZn36QUCD
00000090: 45 61 65 59 42 34 58 4B  39 56 34 55 75 72 35 47  EaeYB4XK9V4Uur5G
000000A0: 36 38 75 52 6B 5A 56 36  58 38 4F 6C 6B 55 79 70  68uRkZV6X8OlkUyp
000000B0: 65 68 64 71 75 50 75 54  71 71 4F 34 6A 4F 49 35  ehdquPuTqqO4jOI5
000000C0: 4A 34 36 6B 54 74 6D 35  57 51 37 66 69 53 57 43  J46kTtm5WQ7fiSWC
000000D0: 45 71 55 4F 32 66 55 74  6D 43 32 72 5A 35 57 30  EqUO2fUtmC2rZ5W0
000000E0: 6F 51 65 70 48 79 50 66  4E 70 39 4B 58 46 79 39  oQepHyPfNp9KXFy9
000000F0: 72 57 36 77 48 65 4B 35  38 50 49 63 51 74 42 52  rW6wHeK58PIcQtBR
00000100: 63 35 4F 31 4D 43 59 58  37 41 46 51 38 59 55 39  c5O1MCYX7AFQ8YU9
00000110: 34 7A 44 39 74 49 63 5A  44 32 6B 35 38 38 67 74  4zD9tIcZD2k588gt
00000120: 66 72 6B 6A 75 53 77 66  37 70 59 6E 76 58 31 57  frkjuSwf7pYnvX1W
00000130: 48 6E 62 34 68 58 41 4A  4B 43 37 30 48 52 58 38  Hnb4hXAJKC70HRX8
00000140: 41 56 39 32 69 4D 20 40  75 73 65 72 6E 61 6D 65  AV92iM @username
00000150: 5F 38 34 31 20 68 74 74  70 3A 2F 2F 50 79 38 67  _841 http://Py8g
00000160: 56 59 4B 46 6D 7A 78 37  6F 30 4E 78 36 65 31 4F  VYKFmzx7o0Nx6e1O
00000170: 64 68 36 6C 37 61 46 7A  49 68 74 4E 42 4E 66 50  dh6l7aFzIhtNBNfP
00000180: 71 62 69 41 69 35 6E 4B  76 4E 72 77 78 53 4A 72  qbiAi5nKvNrwxSJr
00000190: 35 58 36 49 35 4F 69 31  4C 58 48 4D 20 68 74 74  5X6I5Oi1LXHM htt
000001A0: 70 3A 2F 2F 73 6C 66 39  72 45 74 4D 39 4D 54 5A  p://slf9rEtM9MTZ
000001B0: 70 35 41 69 4A 42 52 72  79 70 55 4B 37 34 74 43  p5AiJBRrypUK74tC
000001C0: 31 58 34 70 4E 66 73 43  53 34 32 69 78 52 58 77  1X4pNfsCS42ixRXw
000001D0: 4C 59 30 32 75 79 73 78  74 7A 6C 52 78 38 64 62  LY02uysxtzlRx8db
000001E0: 4B 5A 6B 64 20 68 74 74  70 3A 2F 2F 79 63 54 47  KZkd http://ycTG
000001F0: 38 6A 34 5A 57 55 59 30  4B 6F 6A 45 65 6D 65 69  8j4ZWUY0KojEemei
00000200: 6A 4C 49 6C 47 77 50 4C  45 4F 34 75 55 4A 44 44  jLIlGwPLEO4uUJDD
00000210: 72 5A 73 61 79 72 39 51  6A 30 54 67 67 78 49 6B  rZsayr9Qj0TggxIk
00000220: 32 6C 4C 49 6B 34 41 73  63 67 70 6D 22 7D 2C 22  2lLIk4Ascgpm"},"
00000230: 33 22 3A 7B 22 6D 61 70  22 3A 5B 22 73 74 72 22  3":{"map":["str"
00000240: 2C 22 73 74 72 22 2C 30  2C 7B 7D 5D 7D 7D 5D     ,"str",0,{}]}}]
====
STREAM PID 60554.0xffff9482de657e00 (S) > 60589.0xffff9482d7141200 (C), length 844
command[60554]: b'./cmake-build/src/TextService/TextService'
command[60589]: b'./src/ComposePostService/ComposePostService'
----
00000000: 00 00 03 48 5B 31 2C 22  43 6F 6D 70 6F 73 65 54  ...H[1,"ComposeT
00000010: 65 78 74 22 2C 32 2C 30  2C 7B 22 30 22 3A 7B 22  ext",2,0,{"0":{"
00000020: 72 65 63 22 3A 7B 22 31  22 3A 7B 22 73 74 72 22  rec":{"1":{"str"
00000030: 3A 22 76 70 4D 55 65 70  41 35 42 4F 79 69 62 51  :"vpMUepA5BOyibQ
00000040: 54 6E 48 76 37 47 34 36  64 71 68 50 31 72 64 6C  TnHv7G46dqhP1rdl
00000050: 7A 75 4A 4C 69 47 65 65  66 7A 41 6E 61 4C 4D 6A  zuJLiGeefzAnaLMj
00000060: 72 71 51 33 4C 63 6A 74  6E 50 7A 58 6F 76 57 56  rqQ3LcjtnPzXovWV
00000070: 46 71 52 53 5A 6E 33 36  51 55 43 44 45 61 65 59  FqRSZn36QUCDEaeY
00000080: 42 34 58 4B 39 56 34 55  75 72 35 47 36 38 75 52  B4XK9V4Uur5G68uR
00000090: 6B 5A 56 36 58 38 4F 6C  6B 55 79 70 65 68 64 71  kZV6X8OlkUypehdq
000000A0: 75 50 75 54 71 71 4F 34  6A 4F 49 35 4A 34 36 6B  uPuTqqO4jOI5J46k
000000B0: 54 74 6D 35 57 51 37 66  69 53 57 43 45 71 55 4F  Ttm5WQ7fiSWCEqUO
000000C0: 32 66 55 74 6D 43 32 72  5A 35 57 30 6F 51 65 70  2fUtmC2rZ5W0oQep
000000D0: 48 79 50 66 4E 70 39 4B  58 46 79 39 72 57 36 77  HyPfNp9KXFy9rW6w
000000E0: 48 65 4B 35 38 50 49 63  51 74 42 52 63 35 4F 31  HeK58PIcQtBRc5O1
000000F0: 4D 43 59 58 37 41 46 51  38 59 55 39 34 7A 44 39  MCYX7AFQ8YU94zD9
00000100: 74 49 63 5A 44 32 6B 35  38 38 67 74 66 72 6B 6A  tIcZD2k588gtfrkj
00000110: 75 53 77 66 37 70 59 6E  76 58 31 57 48 6E 62 34  uSwf7pYnvX1WHnb4
00000120: 68 58 41 4A 4B 43 37 30  48 52 58 38 41 56 39 32  hXAJKC70HRX8AV92
00000130: 69 4D 20 40 75 73 65 72  6E 61 6D 65 5F 38 34 31  iM @username_841
00000140: 20 68 74 74 70 3A 2F 2F  73 68 6F 72 74 2D 75 72   http://short-ur
00000150: 6C 2F 6F 64 72 78 76 37  52 57 64 68 20 68 74 74  l/odrxv7RWdh htt
00000160: 70 3A 2F 2F 73 68 6F 72  74 2D 75 72 6C 2F 30 46  p://short-url/0F
00000170: 70 4B 68 5A 36 51 31 5A  20 68 74 74 70 3A 2F 2F  pKhZ6Q1Z http://
00000180: 73 68 6F 72 74 2D 75 72  6C 2F 46 58 4C 52 6D 78  short-url/FXLRmx
00000190: 47 69 52 34 22 7D 2C 22  32 22 3A 7B 22 6C 73 74  GiR4"},"2":{"lst
000001A0: 22 3A 5B 22 72 65 63 22  2C 30 5D 7D 2C 22 33 22  ":["rec",0]},"3"
000001B0: 3A 7B 22 6C 73 74 22 3A  5B 22 72 65 63 22 2C 33  :{"lst":["rec",3
000001C0: 2C 7B 22 31 22 3A 7B 22  73 74 72 22 3A 22 68 74  ,{"1":{"str":"ht
000001D0: 74 70 3A 2F 2F 73 68 6F  72 74 2D 75 72 6C 2F 6F  tp://short-url/o
000001E0: 64 72 78 76 37 52 57 64  68 22 7D 2C 22 32 22 3A  drxv7RWdh"},"2":
000001F0: 7B 22 73 74 72 22 3A 22  68 74 74 70 3A 2F 2F 50  {"str":"http://P
00000200: 79 38 67 56 59 4B 46 6D  7A 78 37 6F 30 4E 78 36  y8gVYKFmzx7o0Nx6
00000210: 65 31 4F 64 68 36 6C 37  61 46 7A 49 68 74 4E 42  e1Odh6l7aFzIhtNB
00000220: 4E 66 50 71 62 69 41 69  35 6E 4B 76 4E 72 77 78  NfPqbiAi5nKvNrwx
00000230: 53 4A 72 35 58 36 49 35  4F 69 31 4C 58 48 4D 22  SJr5X6I5Oi1LXHM"
00000240: 7D 7D 2C 7B 22 31 22 3A  7B 22 73 74 72 22 3A 22  }},{"1":{"str":"
00000250: 68 74 74 70 3A 2F 2F 73  68 6F 72 74 2D 75 72 6C  http://short-url
00000260: 2F 30 46 70 4B 68 5A 36  51 31 5A 22 7D 2C 22 32  /0FpKhZ6Q1Z"},"2
00000270: 22 3A 7B 22 73 74 72 22  3A 22 68 74 74 70 3A 2F  ":{"str":"http:/
00000280: 2F 73 6C 66 39 72 45 74  4D 39 4D 54 5A 70 35 41  /slf9rEtM9MTZp5A
00000290: 69 4A 42 52 72 79 70 55  4B 37 34 74 43 31 58 34  iJBRrypUK74tC1X4
000002A0: 70 4E 66 73 43 53 34 32  69 78 52 58 77 4C 59 30  pNfsCS42ixRXwLY0
000002B0: 32 75 79 73 78 74 7A 6C  52 78 38 64 62 4B 5A 6B  2uysxtzlRx8dbKZk
000002C0: 64 22 7D 7D 2C 7B 22 31  22 3A 7B 22 73 74 72 22  d"}},{"1":{"str"
000002D0: 3A 22 68 74 74 70 3A 2F  2F 73 68 6F 72 74 2D 75  :"http://short-u
000002E0: 72 6C 2F 46 58 4C 52 6D  78 47 69 52 34 22 7D 2C  rl/FXLRmxGiR4"},
000002F0: 22 32 22 3A 7B 22 73 74  72 22 3A 22 68 74 74 70  "2":{"str":"http
00000300: 3A 2F 2F 79 63 54 47 38  6A 34 5A 57 55 59 30 4B  ://ycTG8j4ZWUY0K
00000310: 6F 6A 45 65 6D 65 69 6A  4C 49 6C 47 77 50 4C 45  ojEemeijLIlGwPLE
00000320: 4F 34 75 55 4A 44 44 72  5A 73 61 79 72 39 51 6A  O4uUJDDrZsayr9Qj
00000330: 30 54 67 67 78 49 6B 32  6C 4C 49 6B 34 41 73 63  0TggxIk2lLIk4Asc
00000340: 67 70 6D 22 7D 7D 5D 7D  7D 7D 7D 5D              gpm"}}]}}}}]
====
STREAM PID 60589.0xffff9482d7141200 (C) > 60554.0xffff9482de657e00 (S), length 532
command[60589]: b'./src/ComposePostService/ComposePostService'
command[60554]: b'./cmake-build/src/TextService/TextService'
----
00000000: 00 00 02 10 5B 31 2C 22  43 6F 6D 70 6F 73 65 54  ....[1,"ComposeT
00000010: 65 78 74 22 2C 31 2C 30  2C 7B 22 31 22 3A 7B 22  ext",1,0,{"1":{"
00000020: 69 36 34 22 3A 36 36 36  31 39 32 33 39 35 35 36  i64":66619239556
00000030: 33 30 34 31 36 36 34 7D  2C 22 32 22 3A 7B 22 73  3041664},"2":{"s
00000040: 74 72 22 3A 22 59 49 79  31 52 69 62 47 68 34 62  tr":"YIy1RibGh4b
00000050: 55 4E 6F 4F 77 68 6A 31  41 49 63 58 46 72 78 74  UNoOwhj1AIcXFrxt
00000060: 76 77 75 64 39 68 4B 55  7A 69 38 4E 59 63 67 65  vwud9hKUzi8NYcge
00000070: 33 35 32 34 75 49 56 75  67 68 6B 35 56 51 68 36  3524uIVughk5VQh6
00000080: 4D 53 75 41 42 7A 45 53  6C 4F 5A 37 34 46 4C 34  MSuABzESlOZ74FL4
00000090: 63 75 67 35 46 59 54 35  33 38 62 43 39 74 45 4A  cug5FYT538bC9tEJ
000000A0: 69 4E 58 67 76 78 4C 57  6A 58 67 32 75 33 37 62  iNXgvxLWjXg2u37b
000000B0: 7A 41 50 56 55 4F 64 32  6B 49 36 4B 48 6F 31 30  zAPVUOd2kI6KHo10
000000C0: 31 58 73 79 39 63 72 35  47 4B 49 4E 31 67 69 39  1Xsy9cr5GKIN1gi9
000000D0: 67 74 47 35 62 66 39 79  48 41 70 5A 49 42 57 37  gtG5bf9yHApZIBW7
000000E0: 54 38 64 32 48 67 75 71  75 31 5A 6B 55 31 70 52  T8d2Hguqu1ZkU1pR
000000F0: 37 42 48 75 4B 49 38 36  64 70 77 42 4D 49 76 6F  7BHuKI86dpwBMIvo
00000100: 61 41 70 36 45 73 54 49  4F 45 78 50 54 55 44 35  aAp6EsTIOExPTUD5
00000110: 66 48 56 41 67 35 46 35  42 35 71 74 42 51 4C 54  fHVAg5F5B5qtBQLT
00000120: 33 55 5A 45 62 38 66 36  6D 37 77 64 55 68 6F 38  3UZEb8f6m7wdUho8
00000130: 6A 4E 59 53 31 69 77 71  6B 52 6B 74 48 43 74 6D  jNYS1iwqkRktHCtm
00000140: 7A 53 78 6C 45 20 40 75  73 65 72 6E 61 6D 65 5F  zSxlE @username_
00000150: 37 35 30 20 40 75 73 65  72 6E 61 6D 65 5F 37 38  750 @username_78
00000160: 37 20 68 74 74 70 3A 2F  2F 54 6D 4F 43 78 58 59  7 http://TmOCxXY
00000170: 45 75 51 48 33 71 76 5A  74 37 69 33 53 36 42 70  EuQH3qvZt7i3S6Bp
00000180: 5A 4D 74 45 62 76 68 34  65 67 74 67 35 78 41 52  ZMtEbvh4egtg5xAR
00000190: 49 58 33 57 70 32 58 30  33 78 67 68 6E 72 39 61  IX3Wp2X03xghnr9a
000001A0: 51 4B 30 68 4E 42 4A 5A  6E 20 68 74 74 70 3A 2F  QK0hNBJZn http:/
000001B0: 2F 55 30 4A 49 30 63 66  49 64 4A 48 58 51 4D 59  /U0JI0cfIdJHXQMY
000001C0: 6B 46 6D 41 4A 48 70 7A  43 54 54 4E 4E 4A 71 38  kFmAJHpzCTTNNJq8
000001D0: 4D 66 45 57 51 38 71 71  6C 4B 65 35 59 52 66 44  MfEWQ8qqlKe5YRfD
000001E0: 77 77 77 73 6F 4A 63 42  6E 51 61 4B 5A 4C 75 62  wwwsoJcBnQaKZLub
000001F0: 4E 22 7D 2C 22 33 22 3A  7B 22 6D 61 70 22 3A 5B  N"},"3":{"map":[
00000200: 22 73 74 72 22 2C 22 73  74 72 22 2C 30 2C 7B 7D  "str","str",0,{}
00000210: 5D 7D 7D 5D                                       ]}}]
====
STREAM PID 60554.0xffff9482de657e00 (S) > 60589.0xffff9482d7141200 (C), length 700
command[60554]: b'./cmake-build/src/TextService/TextService'
command[60589]: b'./src/ComposePostService/ComposePostService'
----
00000000: 00 00 02 B8 5B 31 2C 22  43 6F 6D 70 6F 73 65 54  ....[1,"ComposeT
00000010: 65 78 74 22 2C 32 2C 30  2C 7B 22 30 22 3A 7B 22  ext",2,0,{"0":{"
00000020: 72 65 63 22 3A 7B 22 31  22 3A 7B 22 73 74 72 22  rec":{"1":{"str"
00000030: 3A 22 59 49 79 31 52 69  62 47 68 34 62 55 4E 6F  :"YIy1RibGh4bUNo
00000040: 4F 77 68 6A 31 41 49 63  58 46 72 78 74 76 77 75  Owhj1AIcXFrxtvwu
00000050: 64 39 68 4B 55 7A 69 38  4E 59 63 67 65 33 35 32  d9hKUzi8NYcge352
00000060: 34 75 49 56 75 67 68 6B  35 56 51 68 36 4D 53 75  4uIVughk5VQh6MSu
00000070: 41 42 7A 45 53 6C 4F 5A  37 34 46 4C 34 63 75 67  ABzESlOZ74FL4cug
00000080: 35 46 59 54 35 33 38 62  43 39 74 45 4A 69 4E 58  5FYT538bC9tEJiNX
00000090: 67 76 78 4C 57 6A 58 67  32 75 33 37 62 7A 41 50  gvxLWjXg2u37bzAP
000000A0: 56 55 4F 64 32 6B 49 36  4B 48 6F 31 30 31 58 73  VUOd2kI6KHo101Xs
000000B0: 79 39 63 72 35 47 4B 49  4E 31 67 69 39 67 74 47  y9cr5GKIN1gi9gtG
000000C0: 35 62 66 39 79 48 41 70  5A 49 42 57 37 54 38 64  5bf9yHApZIBW7T8d
000000D0: 32 48 67 75 71 75 31 5A  6B 55 31 70 52 37 42 48  2Hguqu1ZkU1pR7BH
000000E0: 75 4B 49 38 36 64 70 77  42 4D 49 76 6F 61 41 70  uKI86dpwBMIvoaAp
000000F0: 36 45 73 54 49 4F 45 78  50 54 55 44 35 66 48 56  6EsTIOExPTUD5fHV
00000100: 41 67 35 46 35 42 35 71  74 42 51 4C 54 33 55 5A  Ag5F5B5qtBQLT3UZ
00000110: 45 62 38 66 36 6D 37 77  64 55 68 6F 38 6A 4E 59  Eb8f6m7wdUho8jNY
00000120: 53 31 69 77 71 6B 52 6B  74 48 43 74 6D 7A 53 78  S1iwqkRktHCtmzSx
00000130: 6C 45 20 40 75 73 65 72  6E 61 6D 65 5F 37 35 30  lE @username_750
00000140: 20 40 75 73 65 72 6E 61  6D 65 5F 37 38 37 20 68   @username_787 h
00000150: 74 74 70 3A 2F 2F 73 68  6F 72 74 2D 75 72 6C 2F  ttp://short-url/
00000160: 49 49 46 66 41 71 39 4E  4E 67 20 68 74 74 70 3A  IIFfAq9NNg http:
00000170: 2F 2F 73 68 6F 72 74 2D  75 72 6C 2F 38 37 63 43  //short-url/87cC
00000180: 35 6F 64 75 76 6F 22 7D  2C 22 32 22 3A 7B 22 6C  5oduvo"},"2":{"l
00000190: 73 74 22 3A 5B 22 72 65  63 22 2C 30 5D 7D 2C 22  st":["rec",0]},"
000001A0: 33 22 3A 7B 22 6C 73 74  22 3A 5B 22 72 65 63 22  3":{"lst":["rec"
000001B0: 2C 32 2C 7B 22 31 22 3A  7B 22 73 74 72 22 3A 22  ,2,{"1":{"str":"
000001C0: 68 74 74 70 3A 2F 2F 73  68 6F 72 74 2D 75 72 6C  http://short-url
000001D0: 2F 49 49 46 66 41 71 39  4E 4E 67 22 7D 2C 22 32  /IIFfAq9NNg"},"2
000001E0: 22 3A 7B 22 73 74 72 22  3A 22 68 74 74 70 3A 2F  ":{"str":"http:/
000001F0: 2F 54 6D 4F 43 78 58 59  45 75 51 48 33 71 76 5A  /TmOCxXYEuQH3qvZ
00000200: 74 37 69 33 53 36 42 70  5A 4D 74 45 62 76 68 34  t7i3S6BpZMtEbvh4
00000210: 65 67 74 67 35 78 41 52  49 58 33 57 70 32 58 30  egtg5xARIX3Wp2X0
00000220: 33 78 67 68 6E 72 39 61  51 4B 30 68 4E 42 4A 5A  3xghnr9aQK0hNBJZ
00000230: 6E 22 7D 7D 2C 7B 22 31  22 3A 7B 22 73 74 72 22  n"}},{"1":{"str"
00000240: 3A 22 68 74 74 70 3A 2F  2F 73 68 6F 72 74 2D 75  :"http://short-u
00000250: 72 6C 2F 38 37 63 43 35  6F 64 75 76 6F 22 7D 2C  rl/87cC5oduvo"},
00000260: 22 32 22 3A 7B 22 73 74  72 22 3A 22 68 74 74 70  "2":{"str":"http
00000270: 3A 2F 2F 55 30 4A 49 30  63 66 49 64 4A 48 58 51  ://U0JI0cfIdJHXQ
00000280: 4D 59 6B 46 6D 41 4A 48  70 7A 43 54 54 4E 4E 4A  MYkFmAJHpzCTTNNJ
00000290: 71 38 4D 66 45 57 51 38  71 71 6C 4B 65 35 59 52  q8MfEWQ8qqlKe5YR
000002A0: 66 44 77 77 77 73 6F 4A  63 42 6E 51 61 4B 5A 4C  fDwwwsoJcBnQaKZL
000002B0: 75 62 4E 22 7D 7D 5D 7D  7D 7D 7D 5D              ubN"}}]}}}}]
====
STREAM PID 60589.0xffff9482d7141200 (C) > 60554.0xffff9482de657e00 (S), length 502
command[60589]: b'./src/ComposePostService/ComposePostService'
command[60554]: b'./cmake-build/src/TextService/TextService'
----
00000000: 00 00 01 F2 5B 31 2C 22  43 6F 6D 70 6F 73 65 54  ....[1,"ComposeT
00000010: 65 78 74 22 2C 31 2C 30  2C 7B 22 31 22 3A 7B 22  ext",1,0,{"1":{"
00000020: 69 36 34 22 3A 34 33 31  36 34 32 39 31 37 39 34  i64":43164291794
00000030: 37 33 32 34 31 36 30 7D  2C 22 32 22 3A 7B 22 73  7324160},"2":{"s
00000040: 74 72 22 3A 22 37 5A 37  6B 54 4E 44 45 4E 58 53  tr":"7Z7kTNDENXS
00000050: 53 41 36 6E 5A 38 50 4B  74 69 46 62 67 6B 38 70  SA6nZ8PKtiFbgk8p
00000060: 73 6A 61 48 36 50 52 36  46 74 57 44 6C 50 64 6F  sjaH6PR6FtWDlPdo
00000070: 41 51 34 30 48 75 78 71  41 4E 59 61 64 33 74 6F  AQ40HuxqANYad3to
00000080: 43 38 35 6F 52 46 79 58  61 55 61 45 4C 6C 57 47  C85oRFyXaUaELlWG
00000090: 64 44 78 50 67 42 6F 42  76 4E 39 31 68 56 4D 45  dDxPgBoBvN91hVME
000000A0: 35 30 48 55 67 78 46 42  44 64 61 6C 34 54 6A 6A  50HUgxFBDdal4Tjj
000000B0: 65 58 47 33 66 69 46 62  74 6C 38 73 6F 4E 46 47  eXG3fiFbtl8soNFG
000000C0: 75 35 58 72 39 58 50 34  76 6B 31 79 67 77 6B 64  u5Xr9XP4vk1ygwkd
000000D0: 57 4B 54 62 4B 49 68 39  63 79 4A 37 62 6A 58 53  WKTbKIh9cyJ7bjXS
000000E0: 4F 67 58 54 50 75 73 44  6F 74 4B 43 57 49 32 4C  OgXTPusDotKCWI2L
000000F0: 31 58 68 56 4C 66 51 6C  6E 54 68 35 75 62 63 61  1XhVLfQlnTh5ubca
00000100: 78 68 5A 38 4A 55 69 36  77 4B 53 64 31 44 49 49  xhZ8JUi6wKSd1DII
00000110: 45 6A 4A 44 73 72 54 51  71 4D 32 72 46 5A 32 72  EjJDsrTQqM2rFZ2r
00000120: 67 55 51 4B 51 36 36 4F  4D 56 61 79 72 74 46 33  gUQKQ66OMVayrtF3
00000130: 63 61 48 65 4E 6B 53 30  72 73 72 66 65 32 47 69  caHeNkS0rsrfe2Gi
00000140: 61 7A 6B 39 32 20 40 75  73 65 72 6E 61 6D 65 5F  azk92 @username_
00000150: 37 30 32 20 40 75 73 65  72 6E 61 6D 65 5F 35 32  702 @username_52
00000160: 33 20 40 75 73 65 72 6E  61 6D 65 5F 34 33 34 20  3 @username_434 
00000170: 40 75 73 65 72 6E 61 6D  65 5F 39 32 33 20 40 75  @username_923 @u
00000180: 73 65 72 6E 61 6D 65 5F  33 33 37 20 68 74 74 70  sername_337 http
00000190: 3A 2F 2F 4E 55 36 61 7A  53 64 41 4F 65 70 67 34  ://NU6azSdAOepg4
000001A0: 67 4E 41 54 54 4D 31 6E  69 48 36 46 79 78 64 39  gNATTM1niH6Fyxd9
000001B0: 79 7A 43 65 42 4F 62 49  32 32 67 6C 49 37 6D 5A  yzCeBObI22glI7mZ
000001C0: 4E 57 79 56 73 31 5A 62  38 4C 67 76 6A 70 30 78  NWyVs1Zb8Lgvjp0x
000001D0: 46 46 4E 22 7D 2C 22 33  22 3A 7B 22 6D 61 70 22  FFN"},"3":{"map"
000001E0: 3A 5B 22 73 74 72 22 2C  22 73 74 72 22 2C 30 2C  :["str","str",0,
000001F0: 7B 7D 5D 7D 7D 5D                                 {}]}}]
====
STREAM PID 60554.0xffff9482de657e00 (S) > 60589.0xffff9482d7141200 (C), length 584
command[60554]: b'./cmake-build/src/TextService/TextService'
command[60589]: b'./src/ComposePostService/ComposePostService'
----
00000000: 00 00 02 44 5B 31 2C 22  43 6F 6D 70 6F 73 65 54  ...D[1,"ComposeT
00000010: 65 78 74 22 2C 32 2C 30  2C 7B 22 30 22 3A 7B 22  ext",2,0,{"0":{"
00000020: 72 65 63 22 3A 7B 22 31  22 3A 7B 22 73 74 72 22  rec":{"1":{"str"
00000030: 3A 22 37 5A 37 6B 54 4E  44 45 4E 58 53 53 41 36  :"7Z7kTNDENXSSA6
00000040: 6E 5A 38 50 4B 74 69 46  62 67 6B 38 70 73 6A 61  nZ8PKtiFbgk8psja
00000050: 48 36 50 52 36 46 74 57  44 6C 50 64 6F 41 51 34  H6PR6FtWDlPdoAQ4
00000060: 30 48 75 78 71 41 4E 59  61 64 33 74 6F 43 38 35  0HuxqANYad3toC85
00000070: 6F 52 46 79 58 61 55 61  45 4C 6C 57 47 64 44 78  oRFyXaUaELlWGdDx
00000080: 50 67 42 6F 42 76 4E 39  31 68 56 4D 45 35 30 48  PgBoBvN91hVME50H
00000090: 55 67 78 46 42 44 64 61  6C 34 54 6A 6A 65 58 47  UgxFBDdal4TjjeXG
000000A0: 33 66 69 46 62 74 6C 38  73 6F 4E 46 47 75 35 58  3fiFbtl8soNFGu5X
000000B0: 72 39 58 50 34 76 6B 31  79 67 77 6B 64 57 4B 54  r9XP4vk1ygwkdWKT
000000C0: 62 4B 49 68 39 63 79 4A  37 62 6A 58 53 4F 67 58  bKIh9cyJ7bjXSOgX
000000D0: 54 50 75 73 44 6F 74 4B  43 57 49 32 4C 31 58 68  TPusDotKCWI2L1Xh
000000E0: 56 4C 66 51 6C 6E 54 68  35 75 62 63 61 78 68 5A  VLfQlnTh5ubcaxhZ
000000F0: 38 4A 55 69 36 77 4B 53  64 31 44 49 49 45 6A 4A  8JUi6wKSd1DIIEjJ
00000100: 44 73 72 54 51 71 4D 32  72 46 5A 32 72 67 55 51  DsrTQqM2rFZ2rgUQ
00000110: 4B 51 36 36 4F 4D 56 61  79 72 74 46 33 63 61 48  KQ66OMVayrtF3caH
00000120: 65 4E 6B 53 30 72 73 72  66 65 32 47 69 61 7A 6B  eNkS0rsrfe2Giazk
00000130: 39 32 20 40 75 73 65 72  6E 61 6D 65 5F 37 30 32  92 @username_702
00000140: 20 40 75 73 65 72 6E 61  6D 65 5F 35 32 33 20 40   @username_523 @
00000150: 75 73 65 72 6E 61 6D 65  5F 34 33 34 20 40 75 73  username_434 @us
00000160: 65 72 6E 61 6D 65 5F 39  32 33 20 40 75 73 65 72  ername_923 @user
00000170: 6E 61 6D 65 5F 33 33 37  20 68 74 74 70 3A 2F 2F  name_337 http://
00000180: 73 68 6F 72 74 2D 75 72  6C 2F 7A 78 41 4D 31 43  short-url/zxAM1C
00000190: 67 67 52 4F 22 7D 2C 22  32 22 3A 7B 22 6C 73 74  ggRO"},"2":{"lst
000001A0: 22 3A 5B 22 72 65 63 22  2C 30 5D 7D 2C 22 33 22  ":["rec",0]},"3"
000001B0: 3A 7B 22 6C 73 74 22 3A  5B 22 72 65 63 22 2C 31  :{"lst":["rec",1
000001C0: 2C 7B 22 31 22 3A 7B 22  73 74 72 22 3A 22 68 74  ,{"1":{"str":"ht
000001D0: 74 70 3A 2F 2F 73 68 6F  72 74 2D 75 72 6C 2F 7A  tp://short-url/z
000001E0: 78 41 4D 31 43 67 67 52  4F 22 7D 2C 22 32 22 3A  xAM1CggRO"},"2":
000001F0: 7B 22 73 74 72 22 3A 22  68 74 74 70 3A 2F 2F 4E  {"str":"http://N
00000200: 55 36 61 7A 53 64 41 4F  65 70 67 34 67 4E 41 54  U6azSdAOepg4gNAT
00000210: 54 4D 31 6E 69 48 36 46  79 78 64 39 79 7A 43 65  TM1niH6Fyxd9yzCe
00000220: 42 4F 62 49 32 32 67 6C  49 37 6D 5A 4E 57 79 56  BObI22glI7mZNWyV
00000230: 73 31 5A 62 38 4C 67 76  6A 70 30 78 46 46 4E 22  s1Zb8Lgvjp0xFFN"
00000240: 7D 7D 5D 7D 7D 7D 7D 5D                           }}]}}}}]
====
STREAM PID 60589.0xffff9482d7141200 (C) > 60554.0xffff9482de657e00 (S), length 388
command[60589]: b'./src/ComposePostService/ComposePostService'
command[60554]: b'./cmake-build/src/TextService/TextService'
----
00000000: 00 00 01 80 5B 31 2C 22  43 6F 6D 70 6F 73 65 54  ....[1,"ComposeT
00000010: 65 78 74 22 2C 31 2C 30  2C 7B 22 31 22 3A 7B 22  ext",1,0,{"1":{"
00000020: 69 36 34 22 3A 38 37 31  34 35 34 33 38 33 35 34  i64":87145438354
00000030: 33 31 36 36 37 32 30 7D  2C 22 32 22 3A 7B 22 73  3166720},"2":{"s
00000040: 74 72 22 3A 22 37 30 4D  79 30 73 67 49 64 50 73  tr":"70My0sgIdPs
00000050: 66 51 39 4E 53 75 37 64  73 64 39 54 47 7A 45 68  fQ9NSu7dsd9TGzEh
00000060: 4F 55 65 4B 4E 48 42 4E  74 58 74 75 48 4D 42 64  OUeKNHBNtXtuHMBd
00000070: 49 67 6C 47 52 6C 35 42  4B 6C 67 4D 59 66 6B 41  IglGRl5BKlgMYfkA
00000080: 38 51 51 30 68 35 50 4A  54 57 43 30 65 54 4B 68  8QQ0h5PJTWC0eTKh
00000090: 53 43 62 6C 70 77 6F 4D  4F 4D 48 41 74 65 39 53  SCblpwoMOMHAte9S
000000A0: 77 58 64 67 78 6A 58 73  67 79 48 72 4A 4F 6C 66  wXdgxjXsgyHrJOlf
000000B0: 4E 4C 5A 66 4B 52 4C 73  64 70 59 62 4F 56 77 59  NLZfKRLsdpYbOVwY
000000C0: 4F 6C 56 5A 49 52 53 67  46 4D 71 57 36 72 68 41  OlVZIRSgFMqW6rhA
000000D0: 62 6E 5A 6B 37 78 74 33  67 55 76 62 67 55 4D 58  bnZk7xt3gUvbgUMX
000000E0: 64 4C 59 41 67 4F 54 69  73 62 78 38 64 51 38 43  dLYAgOTisbx8dQ8C
000000F0: 39 79 61 71 73 54 42 7A  41 5A 6B 42 57 63 53 31  9yaqsTBzAZkBWcS1
00000100: 76 68 37 67 53 61 6E 63  4B 41 65 38 6A 43 6C 34  vh7gSancKAe8jCl4
00000110: 30 76 5A 44 7A 55 6F 38  45 4C 4B 66 69 75 57 62  0vZDzUo8ELKfiuWb
00000120: 49 56 36 34 76 43 62 76  6B 50 4A 49 58 42 51 63  IV64vCbvkPJIXBQc
00000130: 66 72 75 4A 6A 77 30 44  68 72 52 38 34 56 65 78  fruJjw0DhrR84Vex
00000140: 72 33 79 64 78 20 40 75  73 65 72 6E 61 6D 65 5F  r3ydx @username_
00000150: 36 39 38 20 40 75 73 65  72 6E 61 6D 65 5F 33 34  698 @username_34
00000160: 36 22 7D 2C 22 33 22 3A  7B 22 6D 61 70 22 3A 5B  6"},"3":{"map":[
00000170: 22 73 74 72 22 2C 22 73  74 72 22 2C 30 2C 7B 7D  "str","str",0,{}
00000180: 5D 7D 7D 5D                                       ]}}]
====
STREAM PID 60554.0xffff9482de657e00 (S) > 60589.0xffff9482d7141200 (C), length 384
command[60554]: b'./cmake-build/src/TextService/TextService'
command[60589]: b'./src/ComposePostService/ComposePostService'
----
00000000: 00 00 01 7C 5B 31 2C 22  43 6F 6D 70 6F 73 65 54  ...|[1,"ComposeT
00000010: 65 78 74 22 2C 32 2C 30  2C 7B 22 30 22 3A 7B 22  ext",2,0,{"0":{"
00000020: 72 65 63 22 3A 7B 22 31  22 3A 7B 22 73 74 72 22  rec":{"1":{"str"
00000030: 3A 22 37 30 4D 79 30 73  67 49 64 50 73 66 51 39  :"70My0sgIdPsfQ9
00000040: 4E 53 75 37 64 73 64 39  54 47 7A 45 68 4F 55 65  NSu7dsd9TGzEhOUe
00000050: 4B 4E 48 42 4E 74 58 74  75 48 4D 42 64 49 67 6C  KNHBNtXtuHMBdIgl
00000060: 47 52 6C 35 42 4B 6C 67  4D 59 66 6B 41 38 51 51  GRl5BKlgMYfkA8QQ
00000070: 30 68 35 50 4A 54 57 43  30 65 54 4B 68 53 43 62  0h5PJTWC0eTKhSCb
00000080: 6C 70 77 6F 4D 4F 4D 48  41 74 65 39 53 77 58 64  lpwoMOMHAte9SwXd
00000090: 67 78 6A 58 73 67 79 48  72 4A 4F 6C 66 4E 4C 5A  gxjXsgyHrJOlfNLZ
000000A0: 66 4B 52 4C 73 64 70 59  62 4F 56 77 59 4F 6C 56  fKRLsdpYbOVwYOlV
000000B0: 5A 49 52 53 67 46 4D 71  57 36 72 68 41 62 6E 5A  ZIRSgFMqW6rhAbnZ
000000C0: 6B 37 78 74 33 67 55 76  62 67 55 4D 58 64 4C 59  k7xt3gUvbgUMXdLY
000000D0: 41 67 4F 54 69 73 62 78  38 64 51 38 43 39 79 61  AgOTisbx8dQ8C9ya
000000E0: 71 73 54 42 7A 41 5A 6B  42 57 63 53 31 76 68 37  qsTBzAZkBWcS1vh7
000000F0: 67 53 61 6E 63 4B 41 65  38 6A 43 6C 34 30 76 5A  gSancKAe8jCl40vZ
00000100: 44 7A 55 6F 38 45 4C 4B  66 69 75 57 62 49 56 36  DzUo8ELKfiuWbIV6
00000110: 34 76 43 62 76 6B 50 4A  49 58 42 51 63 66 72 75  4vCbvkPJIXBQcfru
00000120: 4A 6A 77 30 44 68 72 52  38 34 56 65 78 72 33 79  Jjw0DhrR84Vexr3y
00000130: 64 78 20 40 75 73 65 72  6E 61 6D 65 5F 36 39 38  dx @username_698
00000140: 20 40 75 73 65 72 6E 61  6D 65 5F 33 34 36 22 7D   @username_346"}
00000150: 2C 22 32 22 3A 7B 22 6C  73 74 22 3A 5B 22 72 65  ,"2":{"lst":["re
00000160: 63 22 2C 30 5D 7D 2C 22  33 22 3A 7B 22 6C 73 74  c",0]},"3":{"lst
00000170: 22 3A 5B 22 72 65 63 22  2C 30 5D 7D 7D 7D 7D 5D  ":["rec",0]}}}}]
====
STREAM PID 60589.0xffff9482d7141200 (C) > 60554.0xffff9482de657e00 (S), length 532
command[60589]: b'./src/ComposePostService/ComposePostService'
command[60554]: b'./cmake-build/src/TextService/TextService'
----
00000000: 00 00 02 10 5B 31 2C 22  43 6F 6D 70 6F 73 65 54  ....[1,"ComposeT
00000010: 65 78 74 22 2C 31 2C 30  2C 7B 22 31 22 3A 7B 22  ext",1,0,{"1":{"
00000020: 69 36 34 22 3A 31 33 32  33 31 32 38 36 31 33 35  i64":13231286135
00000030: 35 36 35 35 35 36 38 7D  2C 22 32 22 3A 7B 22 73  5655568},"2":{"s
00000040: 74 72 22 3A 22 70 59 37  4C 75 62 66 50 42 56 4C  tr":"pY7LubfPBVL
00000050: 66 75 64 61 70 65 66 73  38 68 77 70 44 55 32 62  fudapefs8hwpDU2b
00000060: 70 69 38 73 37 75 38 65  77 53 32 57 46 65 48 6D  pi8s7u8ewS2WFeHm
00000070: 4C 65 42 79 6A 77 75 51  50 66 70 6E 63 33 52 57  LeByjwuQPfpnc3RW
00000080: 6B 42 62 70 49 6E 75 77  61 4B 4C 70 68 51 46 54  kBbpInuwaKLphQFT
00000090: 4D 78 72 61 6E 6E 46 72  37 69 4B 30 37 50 32 45  MxrannFr7iK07P2E
000000A0: 50 30 66 6B 69 6D 7A 42  43 78 75 6B 4A 4D 52 38  P0fkimzBCxukJMR8
000000B0: 66 44 59 30 56 72 63 42  65 68 33 53 5A 6D 4E 6C  fDY0VrcBeh3SZmNl
000000C0: 6D 4E 72 63 41 4A 53 32  65 64 51 79 48 67 4F 70  mNrcAJS2edQyHgOp
000000D0: 61 56 66 35 62 76 53 33  37 75 6D 42 51 57 4F 77  aVf5bvS37umBQWOw
000000E0: 53 56 50 65 4C 6D 46 44  31 30 36 63 33 66 54 34  SVPeLmFD106c3fT4
000000F0: 54 34 70 62 6D 5A 37 62  4A 67 56 38 62 67 36 39  T4pbmZ7bJgV8bg69
00000100: 5A 36 38 50 65 34 41 6C  48 62 50 59 55 77 4A 51  Z68Pe4AlHbPYUwJQ
00000110: 36 7A 38 4C 53 54 59 30  4C 6F 5A 73 58 43 44 34  6z8LSTY0LoZsXCD4
00000120: 45 64 42 72 4B 59 50 55  38 57 6E 52 78 46 30 46  EdBrKYPU8WnRxF0F
00000130: 52 77 38 30 4A 36 50 34  44 6A 6D 58 5A 43 51 56  Rw80J6P4DjmXZCQV
00000140: 48 53 4D 77 64 20 40 75  73 65 72 6E 61 6D 65 5F  HSMwd @username_
00000150: 35 36 31 20 40 75 73 65  72 6E 61 6D 65 5F 35 36  561 @username_56
00000160: 32 20 68 74 74 70 3A 2F  2F 6C 37 6E 35 4E 51 43  2 http://l7n5NQC
00000170: 79 46 6D 77 54 53 71 63  76 59 75 4C 75 48 73 4A  yFmwTSqcvYuLuHsJ
00000180: 6D 38 4D 38 31 30 6E 4B  4E 73 50 37 76 68 42 63  m8M810nKNsP7vhBc
00000190: 51 35 78 6B 70 56 68 48  35 6C 62 33 50 36 37 5A  Q5xkpVhH5lb3P67Z
000001A0: 4A 70 56 55 61 6E 5A 47  39 20 68 74 74 70 3A 2F  JpVUanZG9 http:/
000001B0: 2F 32 6C 56 64 62 5A 47  47 6A 4C 6B 63 54 6F 61  /2lVdbZGGjLkcToa
000001C0: 4F 70 53 31 59 62 55 4A  4F 4A 6B 47 4F 55 79 30  OpS1YbUJOJkGOUy0
000001D0: 74 32 39 58 6C 61 34 53  33 6F 63 45 62 30 7A 4E  t29Xla4S3ocEb0zN
000001E0: 42 61 65 68 74 78 56 67  4D 4C 55 6C 37 52 6B 39  BaehtxVgMLUl7Rk9
000001F0: 32 22 7D 2C 22 33 22 3A  7B 22 6D 61 70 22 3A 5B  2"},"3":{"map":[
00000200: 22 73 74 72 22 2C 22 73  74 72 22 2C 30 2C 7B 7D  "str","str",0,{}
00000210: 5D 7D 7D 5D                                       ]}}]
====
STREAM PID 60554.0xffff9482de657e00 (S) > 60589.0xffff9482d7141200 (C), length 700
command[60554]: b'./cmake-build/src/TextService/TextService'
command[60589]: b'./src/ComposePostService/ComposePostService'
----
00000000: 00 00 02 B8 5B 31 2C 22  43 6F 6D 70 6F 73 65 54  ....[1,"ComposeT
00000010: 65 78 74 22 2C 32 2C 30  2C 7B 22 30 22 3A 7B 22  ext",2,0,{"0":{"
00000020: 72 65 63 22 3A 7B 22 31  22 3A 7B 22 73 74 72 22  rec":{"1":{"str"
00000030: 3A 22 70 59 37 4C 75 62  66 50 42 56 4C 66 75 64  :"pY7LubfPBVLfud
00000040: 61 70 65 66 73 38 68 77  70 44 55 32 62 70 69 38  apefs8hwpDU2bpi8
00000050: 73 37 75 38 65 77 53 32  57 46 65 48 6D 4C 65 42  s7u8ewS2WFeHmLeB
00000060: 79 6A 77 75 51 50 66 70  6E 63 33 52 57 6B 42 62  yjwuQPfpnc3RWkBb
00000070: 70 49 6E 75 77 61 4B 4C  70 68 51 46 54 4D 78 72  pInuwaKLphQFTMxr
00000080: 61 6E 6E 46 72 37 69 4B  30 37 50 32 45 50 30 66  annFr7iK07P2EP0f
00000090: 6B 69 6D 7A 42 43 78 75  6B 4A 4D 52 38 66 44 59  kimzBCxukJMR8fDY
000000A0: 30 56 72 63 42 65 68 33  53 5A 6D 4E 6C 6D 4E 72  0VrcBeh3SZmNlmNr
000000B0: 63 41 4A 53 32 65 64 51  79 48 67 4F 70 61 56 66  cAJS2edQyHgOpaVf
000000C0: 35 62 76 53 33 37 75 6D  42 51 57 4F 77 53 56 50  5bvS37umBQWOwSVP
000000D0: 65 4C 6D 46 44 31 30 36  63 33 66 54 34 54 34 70  eLmFD106c3fT4T4p
000000E0: 62 6D 5A 37 62 4A 67 56  38 62 67 36 39 5A 36 38  bmZ7bJgV8bg69Z68
000000F0: 50 65 34 41 6C 48 62 50  59 55 77 4A 51 36 7A 38  Pe4AlHbPYUwJQ6z8
00000100: 4C 53 54 59 30 4C 6F 5A  73 58 43 44 34 45 64 42  LSTY0LoZsXCD4EdB
00000110: 72 4B 59 50 55 38 57 6E  52 78 46 30 46 52 77 38  rKYPU8WnRxF0FRw8
00000120: 30 4A 36 50 34 44 6A 6D  58 5A 43 51 56 48 53 4D  0J6P4DjmXZCQVHSM
00000130: 77 64 20 40 75 73 65 72  6E 61 6D 65 5F 35 36 31  wd @username_561
00000140: 20 40 75 73 65 72 6E 61  6D 65 5F 35 36 32 20 68   @username_562 h
00000150: 74 74 70 3A 2F 2F 73 68  6F 72 74 2D 75 72 6C 2F  ttp://short-url/
00000160: 49 41 7A 52 67 6B 76 4A  5A 71 20 68 74 74 70 3A  IAzRgkvJZq http:
00000170: 2F 2F 73 68 6F 72 74 2D  75 72 6C 2F 64 66 79 57  //short-url/dfyW
00000180: 4E 62 6D 5A 69 42 22 7D  2C 22 32 22 3A 7B 22 6C  NbmZiB"},"2":{"l
00000190: 73 74 22 3A 5B 22 72 65  63 22 2C 30 5D 7D 2C 22  st":["rec",0]},"
000001A0: 33 22 3A 7B 22 6C 73 74  22 3A 5B 22 72 65 63 22  3":{"lst":["rec"
000001B0: 2C 32 2C 7B 22 31 22 3A  7B 22 73 74 72 22 3A 22  ,2,{"1":{"str":"
000001C0: 68 74 74 70 3A 2F 2F 73  68 6F 72 74 2D 75 72 6C  http://short-url
000001D0: 2F 49 41 7A 52 67 6B 76  4A 5A 71 22 7D 2C 22 32  /IAzRgkvJZq"},"2
000001E0: 22 3A 7B 22 73 74 72 22  3A 22 68 74 74 70 3A 2F  ":{"str":"http:/
000001F0: 2F 6C 37 6E 35 4E 51 43  79 46 6D 77 54 53 71 63  /l7n5NQCyFmwTSqc
00000200: 76 59 75 4C 75 48 73 4A  6D 38 4D 38 31 30 6E 4B  vYuLuHsJm8M810nK
00000210: 4E 73 50 37 76 68 42 63  51 35 78 6B 70 56 68 48  NsP7vhBcQ5xkpVhH
00000220: 35 6C 62 33 50 36 37 5A  4A 70 56 55 61 6E 5A 47  5lb3P67ZJpVUanZG
00000230: 39 22 7D 7D 2C 7B 22 31  22 3A 7B 22 73 74 72 22  9"}},{"1":{"str"
00000240: 3A 22 68 74 74 70 3A 2F  2F 73 68 6F 72 74 2D 75  :"http://short-u
00000250: 72 6C 2F 64 66 79 57 4E  62 6D 5A 69 42 22 7D 2C  rl/dfyWNbmZiB"},
00000260: 22 32 22 3A 7B 22 73 74  72 22 3A 22 68 74 74 70  "2":{"str":"http
00000270: 3A 2F 2F 32 6C 56 64 62  5A 47 47 6A 4C 6B 63 54  ://2lVdbZGGjLkcT
00000280: 6F 61 4F 70 53 31 59 62  55 4A 4F 4A 6B 47 4F 55  oaOpS1YbUJOJkGOU
00000290: 79 30 74 32 39 58 6C 61  34 53 33 6F 63 45 62 30  y0t29Xla4S3ocEb0
000002A0: 7A 4E 42 61 65 68 74 78  56 67 4D 4C 55 6C 37 52  zNBaehtxVgMLUl7R
000002B0: 6B 39 32 22 7D 7D 5D 7D  7D 7D 7D 5D              k92"}}]}}}}]
====
STREAM PID 60589.0xffff9482d7141200 (C) > 60554.0xffff9482de657e00 (S), length 459
command[60589]: b'./src/ComposePostService/ComposePostService'
command[60554]: b'./cmake-build/src/TextService/TextService'
----
00000000: 00 00 01 C7 5B 31 2C 22  43 6F 6D 70 6F 73 65 54  ....[1,"ComposeT
00000010: 65 78 74 22 2C 31 2C 30  2C 7B 22 31 22 3A 7B 22  ext",1,0,{"1":{"
00000020: 69 36 34 22 3A 31 36 34  37 36 31 33 30 33 35 36  i64":16476130356
00000030: 34 39 31 39 35 32 30 7D  2C 22 32 22 3A 7B 22 73  4919520},"2":{"s
00000040: 74 72 22 3A 22 32 56 53  37 31 54 4B 56 4D 59 45  tr":"2VS71TKVMYE
00000050: 78 51 57 7A 48 58 65 51  58 46 63 4B 38 4E 49 50  xQWzHXeQXFcK8NIP
00000060: 74 65 4E 71 68 44 51 4D  30 41 62 66 39 32 66 7A  teNqhDQM0Abf92fz
00000070: 59 35 49 7A 6C 78 4B 67  38 65 71 4C 6F 72 50 31  Y5IzlxKg8eqLorP1
00000080: 70 64 6C 63 4A 62 69 6E  66 4A 35 43 4A 72 4D 57  pdlcJbinfJ5CJrMW
00000090: 55 6D 53 64 58 76 6D 66  32 71 68 77 6D 6A 33 64  UmSdXvmf2qhwmj3d
000000A0: 65 49 47 49 48 49 48 71  50 56 45 52 54 44 36 39  eIGIHIHqPVERTD69
000000B0: 57 41 70 69 4C 54 37 77  71 55 7A 72 51 77 45 41  WApiLT7wqUzrQwEA
000000C0: 68 71 59 4A 57 55 76 49  79 78 72 4B 7A 6F 66 74  hqYJWUvIyxrKzoft
000000D0: 64 4C 61 66 53 6B 4D 4F  76 30 45 4A 4D 49 49 33  dLafSkMOv0EJMII3
000000E0: 78 76 4B 45 53 7A 79 71  63 63 67 63 41 73 61 57  xvKESzyqccgcAsaW
000000F0: 37 62 66 6E 72 34 6F 79  64 39 63 50 54 64 61 6D  7bfnr4oyd9cPTdam
00000100: 49 54 65 35 43 32 34 63  38 44 59 75 77 59 30 34  ITe5C24c8DYuwY04
00000110: 4B 39 49 52 4C 75 73 76  67 69 57 69 4C 66 33 34  K9IRLusvgiWiLf34
00000120: 79 35 52 4F 4E 37 4F 53  76 7A 31 4A 4D 4A 34 6C  y5RON7OSvz1JMJ4l
00000130: 59 46 65 4E 74 79 58 61  30 74 77 4D 50 30 49 42  YFeNtyXa0twMP0IB
00000140: 51 47 6D 47 35 20 40 75  73 65 72 6E 61 6D 65 5F  QGmG5 @username_
00000150: 34 32 38 20 40 75 73 65  72 6E 61 6D 65 5F 34 32  428 @username_42
00000160: 20 68 74 74 70 3A 2F 2F  41 49 64 65 6F 51 56 31   http://AIdeoQV1
00000170: 79 46 54 67 64 35 35 4A  65 73 51 51 34 36 78 67  yFTgd55JesQQ46xg
00000180: 66 35 44 77 33 6F 30 74  6A 61 62 6B 31 66 77 34  f5Dw3o0tjabk1fw4
00000190: 44 71 49 55 56 59 4B 54  4F 4B 56 48 56 42 48 4B  DqIUVYKTOKVHVBHK
000001A0: 47 65 35 59 42 39 71 49  22 7D 2C 22 33 22 3A 7B  Ge5YB9qI"},"3":{
000001B0: 22 6D 61 70 22 3A 5B 22  73 74 72 22 2C 22 73 74  "map":["str","st
000001C0: 72 22 2C 30 2C 7B 7D 5D  7D 7D 5D                 r",0,{}]}}]
====
STREAM PID 60554.0xffff9482de657e00 (S) > 60589.0xffff9482d7141200 (C), length 541
command[60554]: b'./cmake-build/src/TextService/TextService'
command[60589]: b'./src/ComposePostService/ComposePostService'
----
00000000: 00 00 02 19 5B 31 2C 22  43 6F 6D 70 6F 73 65 54  ....[1,"ComposeT
00000010: 65 78 74 22 2C 32 2C 30  2C 7B 22 30 22 3A 7B 22  ext",2,0,{"0":{"
00000020: 72 65 63 22 3A 7B 22 31  22 3A 7B 22 73 74 72 22  rec":{"1":{"str"
00000030: 3A 22 32 56 53 37 31 54  4B 56 4D 59 45 78 51 57  :"2VS71TKVMYExQW
00000040: 7A 48 58 65 51 58 46 63  4B 38 4E 49 50 74 65 4E  zHXeQXFcK8NIPteN
00000050: 71 68 44 51 4D 30 41 62  66 39 32 66 7A 59 35 49  qhDQM0Abf92fzY5I
00000060: 7A 6C 78 4B 67 38 65 71  4C 6F 72 50 31 70 64 6C  zlxKg8eqLorP1pdl
00000070: 63 4A 62 69 6E 66 4A 35  43 4A 72 4D 57 55 6D 53  cJbinfJ5CJrMWUmS
00000080: 64 58 76 6D 66 32 71 68  77 6D 6A 33 64 65 49 47  dXvmf2qhwmj3deIG
00000090: 49 48 49 48 71 50 56 45  52 54 44 36 39 57 41 70  IHIHqPVERTD69WAp
000000A0: 69 4C 54 37 77 71 55 7A  72 51 77 45 41 68 71 59  iLT7wqUzrQwEAhqY
000000B0: 4A 57 55 76 49 79 78 72  4B 7A 6F 66 74 64 4C 61  JWUvIyxrKzoftdLa
000000C0: 66 53 6B 4D 4F 76 30 45  4A 4D 49 49 33 78 76 4B  fSkMOv0EJMII3xvK
000000D0: 45 53 7A 79 71 63 63 67  63 41 73 61 57 37 62 66  ESzyqccgcAsaW7bf
000000E0: 6E 72 34 6F 79 64 39 63  50 54 64 61 6D 49 54 65  nr4oyd9cPTdamITe
000000F0: 35 43 32 34 63 38 44 59  75 77 59 30 34 4B 39 49  5C24c8DYuwY04K9I
00000100: 52 4C 75 73 76 67 69 57  69 4C 66 33 34 79 35 52  RLusvgiWiLf34y5R
00000110: 4F 4E 37 4F 53 76 7A 31  4A 4D 4A 34 6C 59 46 65  ON7OSvz1JMJ4lYFe
00000120: 4E 74 79 58 61 30 74 77  4D 50 30 49 42 51 47 6D  NtyXa0twMP0IBQGm
00000130: 47 35 20 40 75 73 65 72  6E 61 6D 65 5F 34 32 38  G5 @username_428
00000140: 20 40 75 73 65 72 6E 61  6D 65 5F 34 32 20 68 74   @username_42 ht
00000150: 74 70 3A 2F 2F 73 68 6F  72 74 2D 75 72 6C 2F 35  tp://short-url/5
00000160: 37 77 75 77 73 37 56 69  6F 22 7D 2C 22 32 22 3A  7wuws7Vio"},"2":
00000170: 7B 22 6C 73 74 22 3A 5B  22 72 65 63 22 2C 30 5D  {"lst":["rec",0]
00000180: 7D 2C 22 33 22 3A 7B 22  6C 73 74 22 3A 5B 22 72  },"3":{"lst":["r
00000190: 65 63 22 2C 31 2C 7B 22  31 22 3A 7B 22 73 74 72  ec",1,{"1":{"str
000001A0: 22 3A 22 68 74 74 70 3A  2F 2F 73 68 6F 72 74 2D  ":"http://short-
000001B0: 75 72 6C 2F 35 37 77 75  77 73 37 56 69 6F 22 7D  url/57wuws7Vio"}
000001C0: 2C 22 32 22 3A 7B 22 73  74 72 22 3A 22 68 74 74  ,"2":{"str":"htt
000001D0: 70 3A 2F 2F 41 49 64 65  6F 51 56 31 79 46 54 67  p://AIdeoQV1yFTg
000001E0: 64 35 35 4A 65 73 51 51  34 36 78 67 66 35 44 77  d55JesQQ46xgf5Dw
000001F0: 33 6F 30 74 6A 61 62 6B  31 66 77 34 44 71 49 55  3o0tjabk1fw4DqIU
00000200: 56 59 4B 54 4F 4B 56 48  56 42 48 4B 47 65 35 59  VYKTOKVHVBHKGe5Y
00000210: 42 39 71 49 22 7D 7D 5D  7D 7D 7D 7D 5D           B9qI"}}]}}}}]
====
STREAM PID 60589.0xffff9482d7141200 (C) > 60554.0xffff9482de657e00 (S), length 446
command[60589]: b'./src/ComposePostService/ComposePostService'
command[60554]: b'./cmake-build/src/TextService/TextService'
----
00000000: 00 00 01 BA 5B 31 2C 22  43 6F 6D 70 6F 73 65 54  ....[1,"ComposeT
00000010: 65 78 74 22 2C 31 2C 30  2C 7B 22 31 22 3A 7B 22  ext",1,0,{"1":{"
00000020: 69 36 34 22 3A 33 36 34  38 33 30 34 35 38 38 34  i64":36483045884
00000030: 33 32 36 34 38 39 36 7D  2C 22 32 22 3A 7B 22 73  3264896},"2":{"s
00000040: 74 72 22 3A 22 70 6B 78  77 78 5A 7A 32 66 55 6B  tr":"pkxwxZz2fUk
00000050: 35 52 61 7A 53 75 45 56  62 47 39 6C 75 6E 67 72  5RazSuEVbG9lungr
00000060: 68 66 41 4C 6B 50 30 55  34 39 35 38 61 71 4A 62  hfALkP0U4958aqJb
00000070: 6D 66 6E 39 43 62 54 6B  42 57 73 44 72 5A 44 41  mfn9CbTkBWsDrZDA
00000080: 4A 65 4D 57 6C 74 33 56  64 77 59 39 66 6D 39 6F  JeMWlt3VdwY9fm9o
00000090: 44 52 67 36 57 41 51 36  44 5A 69 73 4B 57 47 38  DRg6WAQ6DZisKWG8
000000A0: 59 59 42 62 54 62 39 50  68 53 57 32 4C 38 69 70  YYBbTb9PhSW2L8ip
000000B0: 43 34 66 6E 46 51 62 53  42 62 57 4C 47 64 7A 4B  C4fnFQbSBbWLGdzK
000000C0: 39 42 36 32 6F 67 39 32  30 35 42 6A 4C 34 7A 49  9B62og9205BjL4zI
000000D0: 4F 59 75 6F 43 73 74 78  47 75 4C 45 38 38 52 4A  OYuoCstxGuLE88RJ
000000E0: 4D 32 38 67 52 37 6D 64  33 6B 34 47 30 55 75 53  M28gR7md3k4G0UuS
000000F0: 62 57 44 62 4C 73 42 69  6C 35 33 6F 78 72 4F 36  bWDbLsBil53oxrO6
00000100: 30 72 5A 50 34 55 46 6F  50 50 66 74 44 6F 48 53  0rZP4UFoPPftDoHS
00000110: 45 4B 73 56 5A 6A 72 6E  37 6E 32 49 6B 72 37 4B  EKsVZjrn7n2Ikr7K
00000120: 68 6D 49 69 52 48 6D 72  77 5A 54 69 70 78 6C 37  hmIiRHmrwZTipxl7
00000130: 61 62 52 62 5A 6F 71 51  30 53 76 6F 69 72 4C 67  abRbZoqQ0SvoirLg
00000140: 35 65 42 4F 33 20 40 75  73 65 72 6E 61 6D 65 5F  5eBO3 @username_
00000150: 39 34 31 20 68 74 74 70  3A 2F 2F 61 53 69 51 65  941 http://aSiQe
00000160: 46 56 34 73 44 66 79 63  35 79 75 7A 7A 58 6F 4A  FV4sDfyc5yuzzXoJ
00000170: 66 74 5A 64 62 79 73 59  4E 53 59 4B 39 63 47 64  ftZdbysYNSYK9cGd
00000180: 51 53 50 46 37 52 49 54  33 34 77 32 47 6D 41 55  QSPF7RIT34w2GmAU
00000190: 6A 30 54 70 44 33 33 42  61 45 58 22 7D 2C 22 33  j0TpD33BaEX"},"3
000001A0: 22 3A 7B 22 6D 61 70 22  3A 5B 22 73 74 72 22 2C  ":{"map":["str",
000001B0: 22 73 74 72 22 2C 30 2C  7B 7D 5D 7D 7D 5D        "str",0,{}]}}]
====
STREAM PID 60554.0xffff9482de657e00 (S) > 60589.0xffff9482d7141200 (C), length 528
command[60554]: b'./cmake-build/src/TextService/TextService'
command[60589]: b'./src/ComposePostService/ComposePostService'
----
00000000: 00 00 02 0C 5B 31 2C 22  43 6F 6D 70 6F 73 65 54  ....[1,"ComposeT
00000010: 65 78 74 22 2C 32 2C 30  2C 7B 22 30 22 3A 7B 22  ext",2,0,{"0":{"
00000020: 72 65 63 22 3A 7B 22 31  22 3A 7B 22 73 74 72 22  rec":{"1":{"str"
00000030: 3A 22 70 6B 78 77 78 5A  7A 32 66 55 6B 35 52 61  :"pkxwxZz2fUk5Ra
00000040: 7A 53 75 45 56 62 47 39  6C 75 6E 67 72 68 66 41  zSuEVbG9lungrhfA
00000050: 4C 6B 50 30 55 34 39 35  38 61 71 4A 62 6D 66 6E  LkP0U4958aqJbmfn
00000060: 39 43 62 54 6B 42 57 73  44 72 5A 44 41 4A 65 4D  9CbTkBWsDrZDAJeM
00000070: 57 6C 74 33 56 64 77 59  39 66 6D 39 6F 44 52 67  Wlt3VdwY9fm9oDRg
00000080: 36 57 41 51 36 44 5A 69  73 4B 57 47 38 59 59 42  6WAQ6DZisKWG8YYB
00000090: 62 54 62 39 50 68 53 57  32 4C 38 69 70 43 34 66  bTb9PhSW2L8ipC4f
000000A0: 6E 46 51 62 53 42 62 57  4C 47 64 7A 4B 39 42 36  nFQbSBbWLGdzK9B6
000000B0: 32 6F 67 39 32 30 35 42  6A 4C 34 7A 49 4F 59 75  2og9205BjL4zIOYu
000000C0: 6F 43 73 74 78 47 75 4C  45 38 38 52 4A 4D 32 38  oCstxGuLE88RJM28
000000D0: 67 52 37 6D 64 33 6B 34  47 30 55 75 53 62 57 44  gR7md3k4G0UuSbWD
000000E0: 62 4C 73 42 69 6C 35 33  6F 78 72 4F 36 30 72 5A  bLsBil53oxrO60rZ
000000F0: 50 34 55 46 6F 50 50 66  74 44 6F 48 53 45 4B 73  P4UFoPPftDoHSEKs
00000100: 56 5A 6A 72 6E 37 6E 32  49 6B 72 37 4B 68 6D 49  VZjrn7n2Ikr7KhmI
00000110: 69 52 48 6D 72 77 5A 54  69 70 78 6C 37 61 62 52  iRHmrwZTipxl7abR
00000120: 62 5A 6F 71 51 30 53 76  6F 69 72 4C 67 35 65 42  bZoqQ0SvoirLg5eB
00000130: 4F 33 20 40 75 73 65 72  6E 61 6D 65 5F 39 34 31  O3 @username_941
00000140: 20 68 74 74 70 3A 2F 2F  73 68 6F 72 74 2D 75 72   http://short-ur
00000150: 6C 2F 6C 78 6A 77 32 41  41 57 45 5A 22 7D 2C 22  l/lxjw2AAWEZ"},"
00000160: 32 22 3A 7B 22 6C 73 74  22 3A 5B 22 72 65 63 22  2":{"lst":["rec"
00000170: 2C 30 5D 7D 2C 22 33 22  3A 7B 22 6C 73 74 22 3A  ,0]},"3":{"lst":
00000180: 5B 22 72 65 63 22 2C 31  2C 7B 22 31 22 3A 7B 22  ["rec",1,{"1":{"
00000190: 73 74 72 22 3A 22 68 74  74 70 3A 2F 2F 73 68 6F  str":"http://sho
000001A0: 72 74 2D 75 72 6C 2F 6C  78 6A 77 32 41 41 57 45  rt-url/lxjw2AAWE
000001B0: 5A 22 7D 2C 22 32 22 3A  7B 22 73 74 72 22 3A 22  Z"},"2":{"str":"
000001C0: 68 74 74 70 3A 2F 2F 61  53 69 51 65 46 56 34 73  http://aSiQeFV4s
000001D0: 44 66 79 63 35 79 75 7A  7A 58 6F 4A 66 74 5A 64  Dfyc5yuzzXoJftZd
000001E0: 62 79 73 59 4E 53 59 4B  39 63 47 64 51 53 50 46  bysYNSYK9cGdQSPF
000001F0: 37 52 49 54 33 34 77 32  47 6D 41 55 6A 30 54 70  7RIT34w2GmAUj0Tp
00000200: 44 33 33 42 61 45 58 22  7D 7D 5D 7D 7D 7D 7D 5D  D33BaEX"}}]}}}}]
====
STREAM PID 60589.0xffff9482d7141200 (C) > 60554.0xffff9482de657e00 (S), length 503
command[60589]: b'./src/ComposePostService/ComposePostService'
command[60554]: b'./cmake-build/src/TextService/TextService'
----
00000000: 00 00 01 F3 5B 31 2C 22  43 6F 6D 70 6F 73 65 54  ....[1,"ComposeT
00000010: 65 78 74 22 2C 31 2C 30  2C 7B 22 31 22 3A 7B 22  ext",1,0,{"1":{"
00000020: 69 36 34 22 3A 31 30 38  37 36 37 33 34 38 39 32  i64":10876734892
00000030: 39 38 37 36 39 35 33 36  7D 2C 22 32 22 3A 7B 22  98769536},"2":{"
00000040: 73 74 72 22 3A 22 69 57  44 32 6E 6B 6C 61 67 37  str":"iWD2nklag7
00000050: 56 61 4F 6E 37 51 6C 4C  42 31 64 55 47 42 46 37  VaOn7QlLB1dUGBF7
00000060: 45 43 72 6F 5A 51 35 5A  61 53 45 6A 6C 66 4F 4F  ECroZQ5ZaSEjlfOO
00000070: 7A 31 6B 76 64 6E 36 6B  73 64 74 4C 64 38 57 42  z1kvdn6ksdtLd8WB
00000080: 64 45 35 4D 71 4F 46 58  50 31 35 4F 4E 6B 36 62  dE5MqOFXP15ONk6b
00000090: 56 47 4F 31 69 6D 6B 65  63 57 4A 43 4D 61 6E 30  VGO1imkecWJCMan0
000000A0: 52 4C 76 65 6C 4B 65 4A  30 41 79 30 78 65 50 63  RLvelKeJ0Ay0xePc
000000B0: 50 36 54 70 42 59 4C 68  6F 4A 4C 42 42 4D 30 78  P6TpBYLhoJLBBM0x
000000C0: 59 5A 4E 50 41 36 6D 4D  33 42 6E 6B 6C 6F 74 78  YZNPA6mM3Bnklotx
000000D0: 67 71 67 62 61 39 6D 4B  75 54 71 4B 4B 45 6D 58  gqgba9mKuTqKKEmX
000000E0: 42 6A 63 6E 42 69 4B 33  49 50 58 77 70 71 39 59  BjcnBiK3IPXwpq9Y
000000F0: 76 36 75 63 56 56 6C 63  55 34 57 66 45 35 78 50  v6ucVVlcU4WfE5xP
00000100: 47 75 67 4B 64 61 62 71  46 72 5A 6F 43 62 73 38  GugKdabqFrZoCbs8
00000110: 73 61 33 53 6D 38 36 63  66 4C 34 35 36 4E 6B 67  sa3Sm86cfL456Nkg
00000120: 77 6E 68 51 62 4F 54 47  54 65 4F 48 6E 4A 48 68  wnhQbOTGTeOHnJHh
00000130: 62 67 54 33 6E 43 56 43  66 54 51 59 30 63 58 70  bgT3nCVCfTQY0cXp
00000140: 5A 56 6E 43 45 64 20 40  75 73 65 72 6E 61 6D 65  ZVnCEd @username
00000150: 5F 36 32 37 20 40 75 73  65 72 6E 61 6D 65 5F 39  _627 @username_9
00000160: 32 36 20 40 75 73 65 72  6E 61 6D 65 5F 33 32 35  26 @username_325
00000170: 20 40 75 73 65 72 6E 61  6D 65 5F 36 36 30 20 40   @username_660 @
00000180: 75 73 65 72 6E 61 6D 65  5F 34 30 39 20 68 74 74  username_409 htt
00000190: 70 3A 2F 2F 4A 47 44 68  30 38 73 4C 65 35 31 69  p://JGDh08sLe51i
000001A0: 31 77 52 50 57 36 57 58  4B 31 44 71 42 52 4C 49  1wRPW6WXK1DqBRLI
000001B0: 34 4B 55 78 78 66 43 6F  51 79 57 74 7A 4C 76 77  4KUxxfCoQyWtzLvw
000001C0: 54 41 7A 6A 6A 39 6A 36  71 4C 5A 57 66 6B 50 58  TAzjj9j6qLZWfkPX
000001D0: 78 42 4E 58 22 7D 2C 22  33 22 3A 7B 22 6D 61 70  xBNX"},"3":{"map
000001E0: 22 3A 5B 22 73 74 72 22  2C 22 73 74 72 22 2C 30  ":["str","str",0
000001F0: 2C 7B 7D 5D 7D 7D 5D                              ,{}]}}]
====
STREAM PID 60554.0xffff9482de657e00 (S) > 60589.0xffff9482d7141200 (C), length 584
command[60554]: b'./cmake-build/src/TextService/TextService'
command[60589]: b'./src/ComposePostService/ComposePostService'
----
00000000: 00 00 02 44 5B 31 2C 22  43 6F 6D 70 6F 73 65 54  ...D[1,"ComposeT
00000010: 65 78 74 22 2C 32 2C 30  2C 7B 22 30 22 3A 7B 22  ext",2,0,{"0":{"
00000020: 72 65 63 22 3A 7B 22 31  22 3A 7B 22 73 74 72 22  rec":{"1":{"str"
00000030: 3A 22 69 57 44 32 6E 6B  6C 61 67 37 56 61 4F 6E  :"iWD2nklag7VaOn
00000040: 37 51 6C 4C 42 31 64 55  47 42 46 37 45 43 72 6F  7QlLB1dUGBF7ECro
00000050: 5A 51 35 5A 61 53 45 6A  6C 66 4F 4F 7A 31 6B 76  ZQ5ZaSEjlfOOz1kv
00000060: 64 6E 36 6B 73 64 74 4C  64 38 57 42 64 45 35 4D  dn6ksdtLd8WBdE5M
00000070: 71 4F 46 58 50 31 35 4F  4E 6B 36 62 56 47 4F 31  qOFXP15ONk6bVGO1
00000080: 69 6D 6B 65 63 57 4A 43  4D 61 6E 30 52 4C 76 65  imkecWJCMan0RLve
00000090: 6C 4B 65 4A 30 41 79 30  78 65 50 63 50 36 54 70  lKeJ0Ay0xePcP6Tp
000000A0: 42 59 4C 68 6F 4A 4C 42  42 4D 30 78 59 5A 4E 50  BYLhoJLBBM0xYZNP
000000B0: 41 36 6D 4D 33 42 6E 6B  6C 6F 74 78 67 71 67 62  A6mM3Bnklotxgqgb
000000C0: 61 39 6D 4B 75 54 71 4B  4B 45 6D 58 42 6A 63 6E  a9mKuTqKKEmXBjcn
000000D0: 42 69 4B 33 49 50 58 77  70 71 39 59 76 36 75 63  BiK3IPXwpq9Yv6uc
000000E0: 56 56 6C 63 55 34 57 66  45 35 78 50 47 75 67 4B  VVlcU4WfE5xPGugK
000000F0: 64 61 62 71 46 72 5A 6F  43 62 73 38 73 61 33 53  dabqFrZoCbs8sa3S
00000100: 6D 38 36 63 66 4C 34 35  36 4E 6B 67 77 6E 68 51  m86cfL456NkgwnhQ
00000110: 62 4F 54 47 54 65 4F 48  6E 4A 48 68 62 67 54 33  bOTGTeOHnJHhbgT3
00000120: 6E 43 56 43 66 54 51 59  30 63 58 70 5A 56 6E 43  nCVCfTQY0cXpZVnC
00000130: 45 64 20 40 75 73 65 72  6E 61 6D 65 5F 36 32 37  Ed @username_627
00000140: 20 40 75 73 65 72 6E 61  6D 65 5F 39 32 36 20 40   @username_926 @
00000150: 75 73 65 72 6E 61 6D 65  5F 33 32 35 20 40 75 73  username_325 @us
00000160: 65 72 6E 61 6D 65 5F 36  36 30 20 40 75 73 65 72  ername_660 @user
00000170: 6E 61 6D 65 5F 34 30 39  20 68 74 74 70 3A 2F 2F  name_409 http://
00000180: 73 68 6F 72 74 2D 75 72  6C 2F 47 49 65 69 77 53  short-url/GIeiwS
00000190: 41 73 68 43 22 7D 2C 22  32 22 3A 7B 22 6C 73 74  AshC"},"2":{"lst
000001A0: 22 3A 5B 22 72 65 63 22  2C 30 5D 7D 2C 22 33 22  ":["rec",0]},"3"
000001B0: 3A 7B 22 6C 73 74 22 3A  5B 22 72 65 63 22 2C 31  :{"lst":["rec",1
000001C0: 2C 7B 22 31 22 3A 7B 22  73 74 72 22 3A 22 68 74  ,{"1":{"str":"ht
000001D0: 74 70 3A 2F 2F 73 68 6F  72 74 2D 75 72 6C 2F 47  tp://short-url/G
000001E0: 49 65 69 77 53 41 73 68  43 22 7D 2C 22 32 22 3A  IeiwSAshC"},"2":
000001F0: 7B 22 73 74 72 22 3A 22  68 74 74 70 3A 2F 2F 4A  {"str":"http://J
00000200: 47 44 68 30 38 73 4C 65  35 31 69 31 77 52 50 57  GDh08sLe51i1wRPW
00000210: 36 57 58 4B 31 44 71 42  52 4C 49 34 4B 55 78 78  6WXK1DqBRLI4KUxx
00000220: 66 43 6F 51 79 57 74 7A  4C 76 77 54 41 7A 6A 6A  fCoQyWtzLvwTAzjj
00000230: 39 6A 36 71 4C 5A 57 66  6B 50 58 78 42 4E 58 22  9j6qLZWfkPXxBNX"
00000240: 7D 7D 5D 7D 7D 7D 7D 5D                           }}]}}}}]
====
STREAM PID 60589.0xffff9482d7141200 (C) > 60554.0xffff9482de657e00 (S), length 662
command[60589]: b'./src/ComposePostService/ComposePostService'
command[60554]: b'./cmake-build/src/TextService/TextService'
----
00000000: 00 00 02 92 5B 31 2C 22  43 6F 6D 70 6F 73 65 54  ....[1,"ComposeT
00000010: 65 78 74 22 2C 31 2C 30  2C 7B 22 31 22 3A 7B 22  ext",1,0,{"1":{"
00000020: 69 36 34 22 3A 31 35 39  38 34 36 37 32 39 37 39  i64":15984672979
00000030: 38 39 33 37 38 32 34 7D  2C 22 32 22 3A 7B 22 73  8937824},"2":{"s
00000040: 74 72 22 3A 22 4C 4A 4A  37 6B 6C 48 59 69 30 41  tr":"LJJ7klHYi0A
00000050: 39 61 42 57 47 7A 74 67  38 41 73 4E 32 6F 54 49  9aBWGztg8AsN2oTI
00000060: 79 6F 7A 70 53 56 58 4C  50 72 4D 6E 46 49 58 6A  yozpSVXLPrMnFIXj
00000070: 47 77 49 4E 4C 6A 33 59  6F 72 64 64 44 6F 39 45  GwINLj3YorddDo9E
00000080: 66 76 42 6E 6A 55 52 62  74 64 43 4C 59 5A 4E 34  fvBnjURbtdCLYZN4
00000090: 38 67 4C 33 6D 54 56 67  63 4F 72 42 41 38 38 4B  8gL3mTVgcOrBA88K
000000A0: 64 33 68 55 46 48 69 5A  56 73 50 4A 62 33 62 65  d3hUFHiZVsPJb3be
000000B0: 56 51 64 79 35 4E 38 75  43 39 42 70 66 38 78 6A  VQdy5N8uC9Bpf8xj
000000C0: 6D 51 44 4B 4F 76 57 4F  32 5A 42 6F 59 30 74 35  mQDKOvWO2ZBoY0t5
000000D0: 5A 46 63 4D 4A 39 4C 64  58 37 5A 7A 5A 56 68 75  ZFcMJ9LdX7ZzZVhu
000000E0: 6C 74 48 53 72 67 4F 54  46 56 37 4E 47 37 6E 6D  ltHSrgOTFV7NG7nm
000000F0: 61 61 6D 4D 37 41 31 50  6C 4C 32 70 39 41 31 4C  aamM7A1PlL2p9A1L
00000100: 31 45 35 75 61 6E 53 76  34 53 62 78 74 77 74 5A  1E5uanSv4SbxtwtZ
00000110: 5A 5A 64 65 54 48 38 61  72 45 64 47 59 75 66 52  ZZdeTH8arEdGYufR
00000120: 6A 75 4B 41 6A 66 55 68  72 65 6E 55 4C 54 77 38  juKAjfUhrenULTw8
00000130: 49 35 49 77 56 42 58 6A  4F 49 66 6F 76 6E 78 35  I5IwVBXjOIfovnx5
00000140: 4C 41 54 37 6F 20 40 75  73 65 72 6E 61 6D 65 5F  LAT7o @username_
00000150: 35 30 39 20 68 74 74 70  3A 2F 2F 48 47 69 55 67  509 http://HGiUg
00000160: 33 39 57 6E 62 37 5A 68  31 52 4E 54 43 35 6A 4D  39Wnb7Zh1RNTC5jM
00000170: 59 6B 4A 31 31 68 79 4B  53 38 37 32 39 72 68 34  YkJ11hyKS8729rh4
00000180: 64 45 4B 61 58 75 67 4D  45 7A 37 66 34 76 6B 6A  dEKaXugMEz7f4vkj
00000190: 46 6F 58 68 4F 7A 41 38  70 6B 68 20 68 74 74 70  FoXhOzA8pkh http
000001A0: 3A 2F 2F 76 67 38 63 69  6E 6E 76 71 4C 6C 48 62  ://vg8cinnvqLlHb
000001B0: 50 7A 44 6F 62 36 43 66  53 59 43 51 65 6D 61 31  PzDob6CfSYCQema1
000001C0: 39 61 79 64 45 7A 39 67  62 46 64 70 71 78 41 4F  9aydEz9gbFdpqxAO
000001D0: 6F 59 77 49 4B 56 34 35  6E 38 58 64 44 5A 59 74  oYwIKV45n8XdDZYt
000001E0: 30 5A 35 20 68 74 74 70  3A 2F 2F 37 45 34 34 69  0Z5 http://7E44i
000001F0: 75 6A 31 52 4A 48 4F 4F  50 6F 32 43 4C 72 46 41  uj1RJHOOPo2CLrFA
00000200: 53 72 38 33 46 37 68 70  43 6F 31 52 53 79 41 69  Sr83F7hpCo1RSyAi
00000210: 75 66 33 65 52 41 35 6A  51 70 30 75 79 38 69 56  uf3eRA5jQp0uy8iV
00000220: 69 42 6E 62 41 52 7A 6D  53 31 49 20 68 74 74 70  iBnbARzmS1I http
00000230: 3A 2F 2F 4B 66 75 61 48  56 43 44 6F 74 54 53 73  ://KfuaHVCDotTSs
00000240: 46 57 77 72 4F 77 75 33  61 51 36 43 68 66 61 61  FWwrOwu3aQ6Chfaa
00000250: 61 72 7A 59 68 75 36 71  56 68 36 4E 71 64 79 72  arzYhu6qVh6Nqdyr
00000260: 4F 4D 37 76 6F 45 77 30  51 58 76 6B 73 6E 37 6F  OM7voEw0QXvksn7o
00000270: 55 74 71 22 7D 2C 22 33  22 3A 7B 22 6D 61 70 22  Utq"},"3":{"map"
00000280: 3A 5B 22 73 74 72 22 2C  22 73 74 72 22 2C 30 2C  :["str","str",0,
00000290: 7B 7D 5D 7D 7D 5D                                 {}]}}]
====
STREAM PID 60554.0xffff9482de657e00 (S) > 60589.0xffff9482d7141200 (C), length 1002
command[60554]: b'./cmake-build/src/TextService/TextService'
command[60589]: b'./src/ComposePostService/ComposePostService'
----
00000000: 00 00 03 E6 5B 31 2C 22  43 6F 6D 70 6F 73 65 54  ....[1,"ComposeT
00000010: 65 78 74 22 2C 32 2C 30  2C 7B 22 30 22 3A 7B 22  ext",2,0,{"0":{"
00000020: 72 65 63 22 3A 7B 22 31  22 3A 7B 22 73 74 72 22  rec":{"1":{"str"
00000030: 3A 22 4C 4A 4A 37 6B 6C  48 59 69 30 41 39 61 42  :"LJJ7klHYi0A9aB
00000040: 57 47 7A 74 67 38 41 73  4E 32 6F 54 49 79 6F 7A  WGztg8AsN2oTIyoz
00000050: 70 53 56 58 4C 50 72 4D  6E 46 49 58 6A 47 77 49  pSVXLPrMnFIXjGwI
00000060: 4E 4C 6A 33 59 6F 72 64  64 44 6F 39 45 66 76 42  NLj3YorddDo9EfvB
00000070: 6E 6A 55 52 62 74 64 43  4C 59 5A 4E 34 38 67 4C  njURbtdCLYZN48gL
00000080: 33 6D 54 56 67 63 4F 72  42 41 38 38 4B 64 33 68  3mTVgcOrBA88Kd3h
00000090: 55 46 48 69 5A 56 73 50  4A 62 33 62 65 56 51 64  UFHiZVsPJb3beVQd
000000A0: 79 35 4E 38 75 43 39 42  70 66 38 78 6A 6D 51 44  y5N8uC9Bpf8xjmQD
000000B0: 4B 4F 76 57 4F 32 5A 42  6F 59 30 74 35 5A 46 63  KOvWO2ZBoY0t5ZFc
000000C0: 4D 4A 39 4C 64 58 37 5A  7A 5A 56 68 75 6C 74 48  MJ9LdX7ZzZVhultH
000000D0: 53 72 67 4F 54 46 56 37  4E 47 37 6E 6D 61 61 6D  SrgOTFV7NG7nmaam
000000E0: 4D 37 41 31 50 6C 4C 32  70 39 41 31 4C 31 45 35  M7A1PlL2p9A1L1E5
000000F0: 75 61 6E 53 76 34 53 62  78 74 77 74 5A 5A 5A 64  uanSv4SbxtwtZZZd
00000100: 65 54 48 38 61 72 45 64  47 59 75 66 52 6A 75 4B  eTH8arEdGYufRjuK
00000110: 41 6A 66 55 68 72 65 6E  55 4C 54 77 38 49 35 49  AjfUhrenULTw8I5I
00000120: 77 56 42 58 6A 4F 49 66  6F 76 6E 78 35 4C 41 54  wVBXjOIfovnx5LAT
00000130: 37 6F 20 40 75 73 65 72  6E 61 6D 65 5F 35 30 39  7o @username_509
00000140: 20 68 74 74 70 3A 2F 2F  73 68 6F 72 74 2D 75 72   http://short-ur
00000150: 6C 2F 36 48 78 74 55 30  48 43 70 52 20 68 74 74  l/6HxtU0HCpR htt
00000160: 70 3A 2F 2F 73 68 6F 72  74 2D 75 72 6C 2F 4D 33  p://short-url/M3
00000170: 6F 38 39 67 67 74 76 53  20 68 74 74 70 3A 2F 2F  o89ggtvS http://
00000180: 73 68 6F 72 74 2D 75 72  6C 2F 68 75 43 71 52 32  short-url/huCqR2
00000190: 4A 54 66 30 20 68 74 74  70 3A 2F 2F 73 68 6F 72  JTf0 http://shor
000001A0: 74 2D 75 72 6C 2F 6C 79  33 42 52 67 44 75 56 73  t-url/ly3BRgDuVs
000001B0: 22 7D 2C 22 32 22 3A 7B  22 6C 73 74 22 3A 5B 22  "},"2":{"lst":["
000001C0: 72 65 63 22 2C 30 5D 7D  2C 22 33 22 3A 7B 22 6C  rec",0]},"3":{"l
000001D0: 73 74 22 3A 5B 22 72 65  63 22 2C 34 2C 7B 22 31  st":["rec",4,{"1
000001E0: 22 3A 7B 22 73 74 72 22  3A 22 68 74 74 70 3A 2F  ":{"str":"http:/
000001F0: 2F 73 68 6F 72 74 2D 75  72 6C 2F 36 48 78 74 55  /short-url/6HxtU
00000200: 30 48 43 70 52 22 7D 2C  22 32 22 3A 7B 22 73 74  0HCpR"},"2":{"st
00000210: 72 22 3A 22 68 74 74 70  3A 2F 2F 48 47 69 55 67  r":"http://HGiUg
00000220: 33 39 57 6E 62 37 5A 68  31 52 4E 54 43 35 6A 4D  39Wnb7Zh1RNTC5jM
00000230: 59 6B 4A 31 31 68 79 4B  53 38 37 32 39 72 68 34  YkJ11hyKS8729rh4
00000240: 64 45 4B 61 58 75 67 4D  45 7A 37 66 34 76 6B 6A  dEKaXugMEz7f4vkj
00000250: 46 6F 58 68 4F 7A 41 38  70 6B 68 22 7D 7D 2C 7B  FoXhOzA8pkh"}},{
00000260: 22 31 22 3A 7B 22 73 74  72 22 3A 22 68 74 74 70  "1":{"str":"http
00000270: 3A 2F 2F 73 68 6F 72 74  2D 75 72 6C 2F 4D 33 6F  ://short-url/M3o
00000280: 38 39 67 67 74 76 53 22  7D 2C 22 32 22 3A 7B 22  89ggtvS"},"2":{"
00000290: 73 74 72 22 3A 22 68 74  74 70 3A 2F 2F 76 67 38  str":"http://vg8
000002A0: 63 69 6E 6E 76 71 4C 6C  48 62 50 7A 44 6F 62 36  cinnvqLlHbPzDob6
000002B0: 43 66 53 59 43 51 65 6D  61 31 39 61 79 64 45 7A  CfSYCQema19aydEz
000002C0: 39 67 62 46 64 70 71 78  41 4F 6F 59 77 49 4B 56  9gbFdpqxAOoYwIKV
000002D0: 34 35 6E 38 58 64 44 5A  59 74 30 5A 35 22 7D 7D  45n8XdDZYt0Z5"}}
000002E0: 2C 7B 22 31 22 3A 7B 22  73 74 72 22 3A 22 68 74  ,{"1":{"str":"ht
000002F0: 74 70 3A 2F 2F 73 68 6F  72 74 2D 75 72 6C 2F 68  tp://short-url/h
00000300: 75 43 71 52 32 4A 54 66  30 22 7D 2C 22 32 22 3A  uCqR2JTf0"},"2":
00000310: 7B 22 73 74 72 22 3A 22  68 74 74 70 3A 2F 2F 37  {"str":"http://7
00000320: 45 34 34 69 75 6A 31 52  4A 48 4F 4F 50 6F 32 43  E44iuj1RJHOOPo2C
00000330: 4C 72 46 41 53 72 38 33  46 37 68 70 43 6F 31 52  LrFASr83F7hpCo1R
00000340: 53 79 41 69 75 66 33 65  52 41 35 6A 51 70 30 75  SyAiuf3eRA5jQp0u
00000350: 79 38 69 56 69 42 6E 62  41 52 7A 6D 53 31 49 22  y8iViBnbARzmS1I"
00000360: 7D 7D 2C 7B 22 31 22 3A  7B 22 73 74 72 22 3A 22  }},{"1":{"str":"
00000370: 68 74 74 70 3A 2F 2F 73  68 6F 72 74 2D 75 72 6C  http://short-url
00000380: 2F 6C 79 33 42 52 67 44  75 56 73 22 7D 2C 22 32  /ly3BRgDuVs"},"2
00000390: 22 3A 7B 22 73 74 72 22  3A 22 68 74 74 70 3A 2F  ":{"str":"http:/
000003A0: 2F 4B 66 75 61 48 56 43  44 6F 74 54 53 73 46 57  /KfuaHVCDotTSsFW
000003B0: 77 72 4F 77 75 33 61 51  36 43 68 66 61 61 61 72  wrOwu3aQ6Chfaaar
000003C0: 7A 59 68 75 36 71 56 68  36 4E 71 64 79 72 4F 4D  zYhu6qVh6NqdyrOM
000003D0: 37 76 6F 45 77 30 51 58  76 6B 73 6E 37 6F 55 74  7voEw0QXvksn7oUt
000003E0: 71 22 7D 7D 5D 7D 7D 7D  7D 5D                    q"}}]}}}}]
====
STREAM PID 60589.0xffff9482d7141200 (C) > 60554.0xffff9482de657e00 (S), length 532
command[60589]: b'./src/ComposePostService/ComposePostService'
command[60554]: b'./cmake-build/src/TextService/TextService'
----
00000000: 00 00 02 10 5B 31 2C 22  43 6F 6D 70 6F 73 65 54  ....[1,"ComposeT
00000010: 65 78 74 22 2C 31 2C 30  2C 7B 22 31 22 3A 7B 22  ext",1,0,{"1":{"
00000020: 69 36 34 22 3A 32 38 34  38 38 30 36 35 33 36 37  i64":28488065367
00000030: 37 37 34 30 32 35 36 7D  2C 22 32 22 3A 7B 22 73  7740256},"2":{"s
00000040: 74 72 22 3A 22 69 4A 6F  46 6A 53 42 48 38 5A 35  tr":"iJoFjSBH8Z5
00000050: 6A 56 6C 72 35 6F 6B 58  31 42 6C 51 5A 66 47 7A  jVlr5okX1BlQZfGz
00000060: 76 5A 34 76 73 37 48 79  47 77 52 57 6D 35 77 79  vZ4vs7HyGwRWm5wy
00000070: 76 51 6F 79 4A 69 45 68  30 72 78 70 73 72 31 53  vQoyJiEh0rxpsr1S
00000080: 45 35 74 52 47 74 46 51  4F 67 77 30 59 32 4E 45  E5tRGtFQOgw0Y2NE
00000090: 64 73 58 75 6C 71 66 4B  65 4B 78 74 78 36 55 30  dsXulqfKeKxtx6U0
000000A0: 4F 6D 46 76 4F 46 6F 68  42 45 34 63 4F 32 69 49  OmFvOFohBE4cO2iI
000000B0: 70 64 5A 66 31 35 76 6A  78 45 74 6B 6C 55 68 50  pdZf15vjxEtklUhP
000000C0: 54 58 4B 63 53 57 31 71  72 66 4E 69 41 4F 4D 4B  TXKcSW1qrfNiAOMK
000000D0: 75 33 52 61 47 4F 73 42  61 4A 47 66 7A 6D 68 69  u3RaGOsBaJGfzmhi
000000E0: 43 45 77 69 30 55 73 59  62 32 6A 5A 4B 35 56 4D  CEwi0UsYb2jZK5VM
000000F0: 52 6B 6C 36 45 45 73 4E  42 56 6D 30 5A 77 34 37  Rkl6EEsNBVm0Zw47
00000100: 34 33 58 41 4C 62 44 6E  38 62 49 4E 4E 4E 70 71  43XALbDn8bINNNpq
00000110: 77 4F 37 53 47 6A 58 42  50 42 36 66 4E 72 56 34  wO7SGjXBPB6fNrV4
00000120: 42 4C 4B 78 65 47 6A 76  4D 38 69 61 65 49 62 77  BLKxeGjvM8iaeIbw
00000130: 74 36 50 65 51 4E 39 68  49 73 6D 6D 76 48 74 32  t6PeQN9hIsmmvHt2
00000140: 41 78 59 55 35 20 40 75  73 65 72 6E 61 6D 65 5F  AxYU5 @username_
00000150: 36 31 35 20 40 75 73 65  72 6E 61 6D 65 5F 34 32  615 @username_42
00000160: 38 20 68 74 74 70 3A 2F  2F 36 51 5A 4C 61 58 38  8 http://6QZLaX8
00000170: 35 6A 67 39 75 54 48 32  41 4A 6D 4E 31 69 4D 74  5jg9uTH2AJmN1iMt
00000180: 39 30 5A 64 62 7A 74 35  38 56 5A 47 67 6A 4A 4A  90Zdbzt58VZGgjJJ
00000190: 35 66 53 36 66 4F 62 65  53 67 57 5A 30 4A 6B 4A  5fS6fObeSgWZ0JkJ
000001A0: 77 62 6A 39 42 62 4E 50  78 20 68 74 74 70 3A 2F  wbj9BbNPx http:/
000001B0: 2F 78 6E 6D 51 71 45 6D  77 4A 31 68 78 4E 59 66  /xnmQqEmwJ1hxNYf
000001C0: 49 31 65 54 4A 6A 78 65  66 66 78 58 53 38 64 38  I1eTJjxeffxXS8d8
000001D0: 7A 52 39 4E 61 57 49 4A  50 6B 53 30 58 68 4F 6B  zR9NaWIJPkS0XhOk
000001E0: 43 58 51 49 58 78 43 58  43 69 36 41 72 41 32 63  CXQIXxCXCi6ArA2c
000001F0: 62 22 7D 2C 22 33 22 3A  7B 22 6D 61 70 22 3A 5B  b"},"3":{"map":[
00000200: 22 73 74 72 22 2C 22 73  74 72 22 2C 30 2C 7B 7D  "str","str",0,{}
00000210: 5D 7D 7D 5D                                       ]}}]
====
STREAM PID 60554.0xffff9482de657e00 (S) > 60589.0xffff9482d7141200 (C), length 700
command[60554]: b'./cmake-build/src/TextService/TextService'
command[60589]: b'./src/ComposePostService/ComposePostService'
----
00000000: 00 00 02 B8 5B 31 2C 22  43 6F 6D 70 6F 73 65 54  ....[1,"ComposeT
00000010: 65 78 74 22 2C 32 2C 30  2C 7B 22 30 22 3A 7B 22  ext",2,0,{"0":{"
00000020: 72 65 63 22 3A 7B 22 31  22 3A 7B 22 73 74 72 22  rec":{"1":{"str"
00000030: 3A 22 69 4A 6F 46 6A 53  42 48 38 5A 35 6A 56 6C  :"iJoFjSBH8Z5jVl
00000040: 72 35 6F 6B 58 31 42 6C  51 5A 66 47 7A 76 5A 34  r5okX1BlQZfGzvZ4
00000050: 76 73 37 48 79 47 77 52  57 6D 35 77 79 76 51 6F  vs7HyGwRWm5wyvQo
00000060: 79 4A 69 45 68 30 72 78  70 73 72 31 53 45 35 74  yJiEh0rxpsr1SE5t
00000070: 52 47 74 46 51 4F 67 77  30 59 32 4E 45 64 73 58  RGtFQOgw0Y2NEdsX
00000080: 75 6C 71 66 4B 65 4B 78  74 78 36 55 30 4F 6D 46  ulqfKeKxtx6U0OmF
00000090: 76 4F 46 6F 68 42 45 34  63 4F 32 69 49 70 64 5A  vOFohBE4cO2iIpdZ
000000A0: 66 31 35 76 6A 78 45 74  6B 6C 55 68 50 54 58 4B  f15vjxEtklUhPTXK
000000B0: 63 53 57 31 71 72 66 4E  69 41 4F 4D 4B 75 33 52  cSW1qrfNiAOMKu3R
000000C0: 61 47 4F 73 42 61 4A 47  66 7A 6D 68 69 43 45 77  aGOsBaJGfzmhiCEw
000000D0: 69 30 55 73 59 62 32 6A  5A 4B 35 56 4D 52 6B 6C  i0UsYb2jZK5VMRkl
000000E0: 36 45 45 73 4E 42 56 6D  30 5A 77 34 37 34 33 58  6EEsNBVm0Zw4743X
000000F0: 41 4C 62 44 6E 38 62 49  4E 4E 4E 70 71 77 4F 37  ALbDn8bINNNpqwO7
00000100: 53 47 6A 58 42 50 42 36  66 4E 72 56 34 42 4C 4B  SGjXBPB6fNrV4BLK
00000110: 78 65 47 6A 76 4D 38 69  61 65 49 62 77 74 36 50  xeGjvM8iaeIbwt6P
00000120: 65 51 4E 39 68 49 73 6D  6D 76 48 74 32 41 78 59  eQN9hIsmmvHt2AxY
00000130: 55 35 20 40 75 73 65 72  6E 61 6D 65 5F 36 31 35  U5 @username_615
00000140: 20 40 75 73 65 72 6E 61  6D 65 5F 34 32 38 20 68   @username_428 h
00000150: 74 74 70 3A 2F 2F 73 68  6F 72 74 2D 75 72 6C 2F  ttp://short-url/
00000160: 36 49 54 55 62 36 55 7A  54 79 20 68 74 74 70 3A  6ITUb6UzTy http:
00000170: 2F 2F 73 68 6F 72 74 2D  75 72 6C 2F 55 33 45 4F  //short-url/U3EO
00000180: 59 55 47 65 5A 58 22 7D  2C 22 32 22 3A 7B 22 6C  YUGeZX"},"2":{"l
00000190: 73 74 22 3A 5B 22 72 65  63 22 2C 30 5D 7D 2C 22  st":["rec",0]},"
000001A0: 33 22 3A 7B 22 6C 73 74  22 3A 5B 22 72 65 63 22  3":{"lst":["rec"
000001B0: 2C 32 2C 7B 22 31 22 3A  7B 22 73 74 72 22 3A 22  ,2,{"1":{"str":"
000001C0: 68 74 74 70 3A 2F 2F 73  68 6F 72 74 2D 75 72 6C  http://short-url
000001D0: 2F 36 49 54 55 62 36 55  7A 54 79 22 7D 2C 22 32  /6ITUb6UzTy"},"2
000001E0: 22 3A 7B 22 73 74 72 22  3A 22 68 74 74 70 3A 2F  ":{"str":"http:/
000001F0: 2F 36 51 5A 4C 61 58 38  35 6A 67 39 75 54 48 32  /6QZLaX85jg9uTH2
00000200: 41 4A 6D 4E 31 69 4D 74  39 30 5A 64 62 7A 74 35  AJmN1iMt90Zdbzt5
00000210: 38 56 5A 47 67 6A 4A 4A  35 66 53 36 66 4F 62 65  8VZGgjJJ5fS6fObe
00000220: 53 67 57 5A 30 4A 6B 4A  77 62 6A 39 42 62 4E 50  SgWZ0JkJwbj9BbNP
00000230: 78 22 7D 7D 2C 7B 22 31  22 3A 7B 22 73 74 72 22  x"}},{"1":{"str"
00000240: 3A 22 68 74 74 70 3A 2F  2F 73 68 6F 72 74 2D 75  :"http://short-u
00000250: 72 6C 2F 55 33 45 4F 59  55 47 65 5A 58 22 7D 2C  rl/U3EOYUGeZX"},
00000260: 22 32 22 3A 7B 22 73 74  72 22 3A 22 68 74 74 70  "2":{"str":"http
00000270: 3A 2F 2F 78 6E 6D 51 71  45 6D 77 4A 31 68 78 4E  ://xnmQqEmwJ1hxN
00000280: 59 66 49 31 65 54 4A 6A  78 65 66 66 78 58 53 38  YfI1eTJjxeffxXS8
00000290: 64 38 7A 52 39 4E 61 57  49 4A 50 6B 53 30 58 68  d8zR9NaWIJPkS0Xh
000002A0: 4F 6B 43 58 51 49 58 78  43 58 43 69 36 41 72 41  OkCXQIXxCXCi6ArA
000002B0: 32 63 62 22 7D 7D 5D 7D  7D 7D 7D 5D              2cb"}}]}}}}]
====
STREAM PID 60589.0xffff9482d7141200 (C) > 60554.0xffff9482de657e00 (S), length 775
command[60589]: b'./src/ComposePostService/ComposePostService'
command[60554]: b'./cmake-build/src/TextService/TextService'
----
00000000: 00 00 03 03 5B 31 2C 22  43 6F 6D 70 6F 73 65 54  ....[1,"ComposeT
00000010: 65 78 74 22 2C 31 2C 30  2C 7B 22 31 22 3A 7B 22  ext",1,0,{"1":{"
00000020: 69 36 34 22 3A 31 36 36  36 30 39 35 38 31 38 30  i64":16660958180
00000030: 30 34 37 37 34 37 32 7D  2C 22 32 22 3A 7B 22 73  0477472},"2":{"s
00000040: 74 72 22 3A 22 73 32 64  64 36 31 78 5A 79 78 6B  tr":"s2dd61xZyxk
00000050: 70 4C 73 73 6C 7A 66 36  72 53 34 76 53 6C 6A 61  pLsslzf6rS4vSlja
00000060: 6D 75 74 71 41 30 4A 35  58 63 34 52 6B 38 30 65  mutqA0J5Xc4Rk80e
00000070: 76 44 63 38 67 46 70 58  4D 73 6D 37 51 42 62 32  vDc8gFpXMsm7QBb2
00000080: 44 56 76 67 31 34 67 53  67 6A 72 67 53 51 6F 37  DVvg14gSgjrgSQo7
00000090: 77 36 62 70 36 39 68 64  31 77 70 4C 72 71 74 6A  w6bp69hd1wpLrqtj
000000A0: 59 31 78 5A 54 73 37 31  78 46 62 55 74 63 32 6A  Y1xZTs71xFbUtc2j
000000B0: 31 46 4D 6A 31 6E 74 30  4D 55 61 5A 31 78 48 42  1FMj1nt0MUaZ1xHB
000000C0: 4E 61 75 70 30 5A 76 46  61 57 39 73 5A 47 4F 48  Naup0ZvFaW9sZGOH
000000D0: 48 49 79 4B 64 6B 51 4A  6D 52 4F 45 47 47 36 31  HIyKdkQJmROEGG61
000000E0: 54 70 38 6C 77 6E 41 65  4A 64 79 31 53 6E 41 4F  Tp8lwnAeJdy1SnAO
000000F0: 61 62 77 65 75 73 65 4F  78 4D 63 6F 73 37 51 62  abweuseOxMcos7Qb
00000100: 41 77 43 4A 75 47 46 42  73 66 69 4B 71 4E 6B 6E  AwCJuGFBsfiKqNkn
00000110: 69 41 50 6C 6A 64 57 75  6D 35 6C 53 6B 74 65 70  iAPljdWum5lSktep
00000120: 45 59 56 35 6B 75 38 56  6D 55 5A 74 67 4C 46 6F  EYV5ku8VmUZtgLFo
00000130: 54 68 41 68 5A 68 72 74  56 44 4B 63 44 6F 66 57  ThAhZhrtVDKcDofW
00000140: 30 62 33 36 6E 20 40 75  73 65 72 6E 61 6D 65 5F  0b36n @username_
00000150: 37 35 36 20 40 75 73 65  72 6E 61 6D 65 5F 33 37  756 @username_37
00000160: 38 20 40 75 73 65 72 6E  61 6D 65 5F 38 31 31 20  8 @username_811 
00000170: 40 75 73 65 72 6E 61 6D  65 5F 36 34 20 68 74 74  @username_64 htt
00000180: 70 3A 2F 2F 38 7A 46 39  32 36 43 43 74 77 46 47  p://8zF926CCtwFG
00000190: 69 73 78 73 50 64 57 5A  49 49 32 79 51 77 70 63  isxsPdWZII2yQwpc
000001A0: 38 4B 75 63 66 4A 53 51  43 45 43 70 30 48 48 7A  8KucfJSQCECp0HHz
000001B0: 6A 36 77 30 53 6E 35 66  58 35 5A 66 37 57 6A 30  j6w0Sn5fX5Zf7Wj0
000001C0: 38 57 59 34 20 68 74 74  70 3A 2F 2F 42 66 63 63  8WY4 http://Bfcc
000001D0: 35 55 52 5A 56 6E 53 43  4C 70 79 39 65 67 55 4E  5URZVnSCLpy9egUN
000001E0: 31 68 71 6D 73 6C 73 4B  53 47 6C 62 6C 31 74 64  1hqmslsKSGlbl1td
000001F0: 58 38 47 6C 73 67 63 30  4C 63 33 41 75 35 42 4C  X8Glsgc0Lc3Au5BL
00000200: 6C 6C 63 61 59 57 6D 4C  53 4B 41 69 20 68 74 74  llcaYWmLSKAi htt
00000210: 70 3A 2F 2F 62 59 6E 44  46 4A 59 68 52 63 47 59  p://bYnDFJYhRcGY
00000220: 69 70 70 43 48 32 6E 58  33 34 4A 72 79 4F 77 46  ippCH2nX34JryOwF
00000230: 56 32 42 73 58 37 56 4B  7A 5A 6C 41 6E 46 54 4C  V2BsX7VKzZlAnFTL
00000240: 77 36 37 76 75 70 70 31  6E 6A 45 4F 34 76 68 4A  w67vupp1njEO4vhJ
00000250: 6B 6D 65 42 20 68 74 74  70 3A 2F 2F 62 46 4E 35  kmeB http://bFN5
00000260: 74 6E 41 71 61 6D 39 48  33 47 47 41 54 31 6E 61  tnAqam9H3GGAT1na
00000270: 66 6C 74 6B 32 6D 44 46  4D 51 46 32 68 57 70 62  fltk2mDFMQF2hWpb
00000280: 5A 75 32 79 6E 59 65 4C  7A 39 44 77 68 78 67 61  Zu2ynYeLz9Dwhxga
00000290: 4D 70 71 6F 42 4D 76 79  46 62 6C 4F 20 68 74 74  MpqoBMvyFblO htt
000002A0: 70 3A 2F 2F 49 76 6F 46  33 75 76 59 46 77 78 44  p://IvoF3uvYFwxD
000002B0: 44 5A 65 31 50 4B 30 34  44 4F 41 57 73 39 34 39  DZe1PK04DOAWs949
000002C0: 56 65 49 77 46 33 33 4D  35 70 36 38 69 55 39 62  VeIwF33M5p68iU9b
000002D0: 6B 6B 6B 33 50 65 47 71  6C 31 6A 4A 44 30 59 6E  kkk3PeGql1jJD0Yn
000002E0: 77 4F 4C 74 22 7D 2C 22  33 22 3A 7B 22 6D 61 70  wOLt"},"3":{"map
000002F0: 22 3A 5B 22 73 74 72 22  2C 22 73 74 72 22 2C 30  ":["str","str",0
00000300: 2C 7B 7D 5D 7D 7D 5D                              ,{}]}}]
====
STREAM PID 60554.0xffff9482de657e00 (S) > 60589.0xffff9482d7141200 (C), length 1201
command[60554]: b'./cmake-build/src/TextService/TextService'
command[60589]: b'./src/ComposePostService/ComposePostService'
----
00000000: 00 00 04 AD 5B 31 2C 22  43 6F 6D 70 6F 73 65 54  ....[1,"ComposeT
00000010: 65 78 74 22 2C 32 2C 30  2C 7B 22 30 22 3A 7B 22  ext",2,0,{"0":{"
00000020: 72 65 63 22 3A 7B 22 31  22 3A 7B 22 73 74 72 22  rec":{"1":{"str"
00000030: 3A 22 73 32 64 64 36 31  78 5A 79 78 6B 70 4C 73  :"s2dd61xZyxkpLs
00000040: 73 6C 7A 66 36 72 53 34  76 53 6C 6A 61 6D 75 74  slzf6rS4vSljamut
00000050: 71 41 30 4A 35 58 63 34  52 6B 38 30 65 76 44 63  qA0J5Xc4Rk80evDc
00000060: 38 67 46 70 58 4D 73 6D  37 51 42 62 32 44 56 76  8gFpXMsm7QBb2DVv
00000070: 67 31 34 67 53 67 6A 72  67 53 51 6F 37 77 36 62  g14gSgjrgSQo7w6b
00000080: 70 36 39 68 64 31 77 70  4C 72 71 74 6A 59 31 78  p69hd1wpLrqtjY1x
00000090: 5A 54 73 37 31 78 46 62  55 74 63 32 6A 31 46 4D  ZTs71xFbUtc2j1FM
000000A0: 6A 31 6E 74 30 4D 55 61  5A 31 78 48 42 4E 61 75  j1nt0MUaZ1xHBNau
000000B0: 70 30 5A 76 46 61 57 39  73 5A 47 4F 48 48 49 79  p0ZvFaW9sZGOHHIy
000000C0: 4B 64 6B 51 4A 6D 52 4F  45 47 47 36 31 54 70 38  KdkQJmROEGG61Tp8
000000D0: 6C 77 6E 41 65 4A 64 79  31 53 6E 41 4F 61 62 77  lwnAeJdy1SnAOabw
000000E0: 65 75 73 65 4F 78 4D 63  6F 73 37 51 62 41 77 43  euseOxMcos7QbAwC
000000F0: 4A 75 47 46 42 73 66 69  4B 71 4E 6B 6E 69 41 50  JuGFBsfiKqNkniAP
00000100: 6C 6A 64 57 75 6D 35 6C  53 6B 74 65 70 45 59 56  ljdWum5lSktepEYV
00000110: 35 6B 75 38 56 6D 55 5A  74 67 4C 46 6F 54 68 41  5ku8VmUZtgLFoThA
00000120: 68 5A 68 72 74 56 44 4B  63 44 6F 66 57 30 62 33  hZhrtVDKcDofW0b3
00000130: 36 6E 20 40 75 73 65 72  6E 61 6D 65 5F 37 35 36  6n @username_756
00000140: 20 40 75 73 65 72 6E 61  6D 65 5F 33 37 38 20 40   @username_378 @
00000150: 75 73 65 72 6E 61 6D 65  5F 38 31 31 20 40 75 73  username_811 @us
00000160: 65 72 6E 61 6D 65 5F 36  34 20 68 74 74 70 3A 2F  ername_64 http:/
00000170: 2F 73 68 6F 72 74 2D 75  72 6C 2F 6A 38 33 33 48  /short-url/j833H
00000180: 50 32 42 73 78 20 68 74  74 70 3A 2F 2F 73 68 6F  P2Bsx http://sho
00000190: 72 74 2D 75 72 6C 2F 55  42 56 4E 6E 4E 6E 38 53  rt-url/UBVNnNn8S
000001A0: 41 20 68 74 74 70 3A 2F  2F 73 68 6F 72 74 2D 75  A http://short-u
000001B0: 72 6C 2F 51 73 7A 38 77  73 65 4C 4A 69 20 68 74  rl/Qsz8wseLJi ht
000001C0: 74 70 3A 2F 2F 73 68 6F  72 74 2D 75 72 6C 2F 30  tp://short-url/0
000001D0: 48 49 32 70 57 68 67 51  74 20 68 74 74 70 3A 2F  HI2pWhgQt http:/
000001E0: 2F 73 68 6F 72 74 2D 75  72 6C 2F 62 30 47 48 6F  /short-url/b0GHo
000001F0: 56 31 66 32 32 22 7D 2C  22 32 22 3A 7B 22 6C 73  V1f22"},"2":{"ls
00000200: 74 22 3A 5B 22 72 65 63  22 2C 30 5D 7D 2C 22 33  t":["rec",0]},"3
00000210: 22 3A 7B 22 6C 73 74 22  3A 5B 22 72 65 63 22 2C  ":{"lst":["rec",
00000220: 35 2C 7B 22 31 22 3A 7B  22 73 74 72 22 3A 22 68  5,{"1":{"str":"h
00000230: 74 74 70 3A 2F 2F 73 68  6F 72 74 2D 75 72 6C 2F  ttp://short-url/
00000240: 6A 38 33 33 48 50 32 42  73 78 22 7D 2C 22 32 22  j833HP2Bsx"},"2"
00000250: 3A 7B 22 73 74 72 22 3A  22 68 74 74 70 3A 2F 2F  :{"str":"http://
00000260: 38 7A 46 39 32 36 43 43  74 77 46 47 69 73 78 73  8zF926CCtwFGisxs
00000270: 50 64 57 5A 49 49 32 79  51 77 70 63 38 4B 75 63  PdWZII2yQwpc8Kuc
00000280: 66 4A 53 51 43 45 43 70  30 48 48 7A 6A 36 77 30  fJSQCECp0HHzj6w0
00000290: 53 6E 35 66 58 35 5A 66  37 57 6A 30 38 57 59 34  Sn5fX5Zf7Wj08WY4
000002A0: 22 7D 7D 2C 7B 22 31 22  3A 7B 22 73 74 72 22 3A  "}},{"1":{"str":
000002B0: 22 68 74 74 70 3A 2F 2F  73 68 6F 72 74 2D 75 72  "http://short-ur
000002C0: 6C 2F 55 42 56 4E 6E 4E  6E 38 53 41 22 7D 2C 22  l/UBVNnNn8SA"},"
000002D0: 32 22 3A 7B 22 73 74 72  22 3A 22 68 74 74 70 3A  2":{"str":"http:
000002E0: 2F 2F 42 66 63 63 35 55  52 5A 56 6E 53 43 4C 70  //Bfcc5URZVnSCLp
000002F0: 79 39 65 67 55 4E 31 68  71 6D 73 6C 73 4B 53 47  y9egUN1hqmslsKSG
00000300: 6C 62 6C 31 74 64 58 38  47 6C 73 67 63 30 4C 63  lbl1tdX8Glsgc0Lc
00000310: 33 41 75 35 42 4C 6C 6C  63 61 59 57 6D 4C 53 4B  3Au5BLllcaYWmLSK
00000320: 41 69 22 7D 7D 2C 7B 22  31 22 3A 7B 22 73 74 72  Ai"}},{"1":{"str
00000330: 22 3A 22 68 74 74 70 3A  2F 2F 73 68 6F 72 74 2D  ":"http://short-
00000340: 75 72 6C 2F 51 73 7A 38  77 73 65 4C 4A 69 22 7D  url/Qsz8wseLJi"}
00000350: 2C 22 32 22 3A 7B 22 73  74 72 22 3A 22 68 74 74  ,"2":{"str":"htt
00000360: 70 3A 2F 2F 62 59 6E 44  46 4A 59 68 52 63 47 59  p://bYnDFJYhRcGY
00000370: 69 70 70 43 48 32 6E 58  33 34 4A 72 79 4F 77 46  ippCH2nX34JryOwF
00000380: 56 32 42 73 58 37 56 4B  7A 5A 6C 41 6E 46 54 4C  V2BsX7VKzZlAnFTL
00000390: 77 36 37 76 75 70 70 31  6E 6A 45 4F 34 76 68 4A  w67vupp1njEO4vhJ
000003A0: 6B 6D 65 42 22 7D 7D 2C  7B 22 31 22 3A 7B 22 73  kmeB"}},{"1":{"s
000003B0: 74 72 22 3A 22 68 74 74  70 3A 2F 2F 73 68 6F 72  tr":"http://shor
000003C0: 74 2D 75 72 6C 2F 30 48  49 32 70 57 68 67 51 74  t-url/0HI2pWhgQt
000003D0: 22 7D 2C 22 32 22 3A 7B  22 73 74 72 22 3A 22 68  "},"2":{"str":"h
000003E0: 74 74 70 3A 2F 2F 62 46  4E 35 74 6E 41 71 61 6D  ttp://bFN5tnAqam
000003F0: 39 48 33 47 47 41 54 31  6E 61 66 6C 74 6B 32 6D  9H3GGAT1nafltk2m
00000400: 44 46 4D 51 46 32 68 57  70 62 5A 75 32 79 6E 59  DFMQF2hWpbZu2ynY
00000410: 65 4C 7A 39 44 77 68 78  67 61 4D 70 71 6F 42 4D  eLz9DwhxgaMpqoBM
00000420: 76 79 46 62 6C 4F 22 7D  7D 2C 7B 22 31 22 3A 7B  vyFblO"}},{"1":{
00000430: 22 73 74 72 22 3A 22 68  74 74 70 3A 2F 2F 73 68  "str":"http://sh
00000440: 6F 72 74 2D 75 72 6C 2F  62 30 47 48 6F 56 31 66  ort-url/b0GHoV1f
00000450: 32 32 22 7D 2C 22 32 22  3A 7B 22 73 74 72 22 3A  22"},"2":{"str":
00000460: 22 68 74 74 70 3A 2F 2F  49 76 6F 46 33 75 76 59  "http://IvoF3uvY
00000470: 46 77 78 44 44 5A 65 31  50 4B 30 34 44 4F 41 57  FwxDDZe1PK04DOAW
00000480: 73 39 34 39 56 65 49 77  46 33 33 4D 35 70 36 38  s949VeIwF33M5p68
00000490: 69 55 39 62 6B 6B 6B 33  50 65 47 71 6C 31 6A 4A  iU9bkkk3PeGql1jJ
000004A0: 44 30 59 6E 77 4F 4C 74  22 7D 7D 5D 7D 7D 7D 7D  D0YnwOLt"}}]}}}}
000004B0: 5D                                                ]
====
STREAM PID 60589.0xffff9482d7141200 (C) > 60554.0xffff9482de657e00 (S), length 717
command[60589]: b'./src/ComposePostService/ComposePostService'
command[60554]: b'./cmake-build/src/TextService/TextService'
----
00000000: 00 00 02 C9 5B 31 2C 22  43 6F 6D 70 6F 73 65 54  ....[1,"ComposeT
00000010: 65 78 74 22 2C 31 2C 30  2C 7B 22 31 22 3A 7B 22  ext",1,0,{"1":{"
00000020: 69 36 34 22 3A 32 31 32  33 36 39 31 38 37 32 39  i64":21236918729
00000030: 31 33 37 38 35 39 32 7D  2C 22 32 22 3A 7B 22 73  1378592},"2":{"s
00000040: 74 72 22 3A 22 51 4C 34  53 7A 6E 64 39 48 66 4C  tr":"QL4Sznd9HfL
00000050: 70 30 4C 4D 47 45 48 58  39 4D 71 39 63 6F 79 46  p0LMGEHX9Mq9coyF
00000060: 54 6D 42 31 51 76 4D 69  6B 59 6D 56 4E 44 4C 4E  TmB1QvMikYmVNDLN
00000070: 4D 74 59 31 51 47 54 6B  47 49 63 51 68 4B 78 57  MtY1QGTkGIcQhKxW
00000080: 4A 4A 70 48 4A 67 6F 4D  7A 75 34 55 7A 71 59 79  JJpHJgoMzu4UzqYy
00000090: 50 41 56 72 63 44 57 75  58 6E 4C 52 4B 31 50 71  PAVrcDWuXnLRK1Pq
000000A0: 6F 48 79 74 42 6B 42 41  6A 48 4D 64 57 31 78 6F  oHytBkBAjHMdW1xo
000000B0: 77 71 55 62 36 67 4A 67  74 47 69 45 4F 7A 71 41  wqUb6gJgtGiEOzqA
000000C0: 42 77 66 6A 54 57 4A 68  63 51 42 67 65 73 34 77  BwfjTWJhcQBges4w
000000D0: 31 67 6A 76 55 37 65 41  42 4D 61 47 6F 77 6D 36  1gjvU7eABMaGowm6
000000E0: 59 4A 55 6A 71 62 51 45  55 70 62 36 43 37 4F 32  YJUjqbQEUpb6C7O2
000000F0: 79 62 58 62 38 4C 57 37  4A 78 73 50 71 58 76 68  ybXb8LW7JxsPqXvh
00000100: 5A 35 53 58 65 33 6B 54  4A 4D 46 64 43 54 37 4F  Z5SXe3kTJMFdCT7O
00000110: 42 48 67 47 32 38 6D 59  50 6F 4A 34 55 32 63 47  BHgG28mYPoJ4U2cG
00000120: 4C 52 45 59 34 67 52 6A  39 47 69 46 71 79 7A 43  LREY4gRj9GiFqyzC
00000130: 4D 6E 50 65 42 79 4D 77  65 5A 69 66 4C 41 65 69  MnPeByMweZifLAei
00000140: 6A 76 30 76 32 20 40 75  73 65 72 6E 61 6D 65 5F  jv0v2 @username_
00000150: 32 38 31 20 40 75 73 65  72 6E 61 6D 65 5F 34 32  281 @username_42
00000160: 33 20 40 75 73 65 72 6E  61 6D 65 5F 35 36 33 20  3 @username_563 
00000170: 40 75 73 65 72 6E 61 6D  65 5F 32 38 30 20 40 75  @username_280 @u
00000180: 73 65 72 6E 61 6D 65 5F  38 33 20 68 74 74 70 3A  sername_83 http:
00000190: 2F 2F 73 74 67 71 6D 4D  6B 4E 79 49 4B 79 32 33  //stgqmMkNyIKy23
000001A0: 55 4F 52 57 43 66 45 7A  69 39 34 50 36 4C 47 67  UORWCfEzi94P6LGg
000001B0: 78 6E 55 50 59 30 49 72  32 75 4D 68 49 47 6F 52  xnUPY0Ir2uMhIGoR
000001C0: 78 39 39 54 32 43 58 57  4D 78 54 79 45 69 4F 4E  x99T2CXWMxTyEiON
000001D0: 4E 58 20 68 74 74 70 3A  2F 2F 30 4F 54 58 6B 32  NX http://0OTXk2
000001E0: 62 58 47 49 66 35 77 78  66 58 73 4C 6D 4C 65 31  bXGIf5wxfXsLmLe1
000001F0: 51 58 44 76 32 52 6E 69  74 42 66 76 30 6A 55 61  QXDv2RnitBfv0jUa
00000200: 65 4E 6D 67 62 49 33 4D  31 77 67 77 65 70 39 64  eNmgbI3M1wgwep9d
00000210: 69 54 38 46 62 77 6E 65  69 71 20 68 74 74 70 3A  iT8Fbwneiq http:
00000220: 2F 2F 69 4B 35 4E 62 58  67 78 48 38 65 39 71 36  //iK5NbXgxH8e9q6
00000230: 52 71 6E 34 36 32 50 43  59 70 64 42 78 6D 50 67  Rqn462PCYpdBxmPg
00000240: 6A 6D 65 46 63 73 70 42  45 6B 6A 69 53 41 6C 7A  jmeFcspBEkjiSAlz
00000250: 48 4F 39 55 55 62 46 52  6F 6D 61 50 72 68 76 6E  HO9UUbFRomaPrhvn
00000260: 51 42 20 68 74 74 70 3A  2F 2F 67 52 56 53 73 45  QB http://gRVSsE
00000270: 49 57 66 4B 7A 6D 35 56  33 66 4C 74 4C 38 58 74  IWfKzm5V3fLtL8Xt
00000280: 35 38 67 44 54 4D 6A 33  70 6A 61 38 59 66 46 56  58gDTMj3pja8YfFV
00000290: 57 41 79 48 44 53 43 6A  4D 57 37 4B 43 74 46 64  WAyHDSCjMW7KCtFd
000002A0: 67 76 45 73 46 6D 6B 46  44 42 22 7D 2C 22 33 22  gvEsFmkFDB"},"3"
000002B0: 3A 7B 22 6D 61 70 22 3A  5B 22 73 74 72 22 2C 22  :{"map":["str","
000002C0: 73 74 72 22 2C 30 2C 7B  7D 5D 7D 7D 5D           str",0,{}]}}]
====
STREAM PID 60554.0xffff9482de657e00 (S) > 60589.0xffff9482d7141200 (C), length 1057
command[60554]: b'./cmake-build/src/TextService/TextService'
command[60589]: b'./src/ComposePostService/ComposePostService'
----
00000000: 00 00 04 1D 5B 31 2C 22  43 6F 6D 70 6F 73 65 54  ....[1,"ComposeT
00000010: 65 78 74 22 2C 32 2C 30  2C 7B 22 30 22 3A 7B 22  ext",2,0,{"0":{"
00000020: 72 65 63 22 3A 7B 22 31  22 3A 7B 22 73 74 72 22  rec":{"1":{"str"
00000030: 3A 22 51 4C 34 53 7A 6E  64 39 48 66 4C 70 30 4C  :"QL4Sznd9HfLp0L
00000040: 4D 47 45 48 58 39 4D 71  39 63 6F 79 46 54 6D 42  MGEHX9Mq9coyFTmB
00000050: 31 51 76 4D 69 6B 59 6D  56 4E 44 4C 4E 4D 74 59  1QvMikYmVNDLNMtY
00000060: 31 51 47 54 6B 47 49 63  51 68 4B 78 57 4A 4A 70  1QGTkGIcQhKxWJJp
00000070: 48 4A 67 6F 4D 7A 75 34  55 7A 71 59 79 50 41 56  HJgoMzu4UzqYyPAV
00000080: 72 63 44 57 75 58 6E 4C  52 4B 31 50 71 6F 48 79  rcDWuXnLRK1PqoHy
00000090: 74 42 6B 42 41 6A 48 4D  64 57 31 78 6F 77 71 55  tBkBAjHMdW1xowqU
000000A0: 62 36 67 4A 67 74 47 69  45 4F 7A 71 41 42 77 66  b6gJgtGiEOzqABwf
000000B0: 6A 54 57 4A 68 63 51 42  67 65 73 34 77 31 67 6A  jTWJhcQBges4w1gj
000000C0: 76 55 37 65 41 42 4D 61  47 6F 77 6D 36 59 4A 55  vU7eABMaGowm6YJU
000000D0: 6A 71 62 51 45 55 70 62  36 43 37 4F 32 79 62 58  jqbQEUpb6C7O2ybX
000000E0: 62 38 4C 57 37 4A 78 73  50 71 58 76 68 5A 35 53  b8LW7JxsPqXvhZ5S
000000F0: 58 65 33 6B 54 4A 4D 46  64 43 54 37 4F 42 48 67  Xe3kTJMFdCT7OBHg
00000100: 47 32 38 6D 59 50 6F 4A  34 55 32 63 47 4C 52 45  G28mYPoJ4U2cGLRE
00000110: 59 34 67 52 6A 39 47 69  46 71 79 7A 43 4D 6E 50  Y4gRj9GiFqyzCMnP
00000120: 65 42 79 4D 77 65 5A 69  66 4C 41 65 69 6A 76 30  eByMweZifLAeijv0
00000130: 76 32 20 40 75 73 65 72  6E 61 6D 65 5F 32 38 31  v2 @username_281
00000140: 20 40 75 73 65 72 6E 61  6D 65 5F 34 32 33 20 40   @username_423 @
00000150: 75 73 65 72 6E 61 6D 65  5F 35 36 33 20 40 75 73  username_563 @us
00000160: 65 72 6E 61 6D 65 5F 32  38 30 20 40 75 73 65 72  ername_280 @user
00000170: 6E 61 6D 65 5F 38 33 20  68 74 74 70 3A 2F 2F 73  name_83 http://s
00000180: 68 6F 72 74 2D 75 72 6C  2F 6E 6A 4E 30 67 4C 7A  hort-url/njN0gLz
00000190: 30 68 43 20 68 74 74 70  3A 2F 2F 73 68 6F 72 74  0hC http://short
000001A0: 2D 75 72 6C 2F 6B 67 50  39 54 33 46 4D 39 65 20  -url/kgP9T3FM9e 
000001B0: 68 74 74 70 3A 2F 2F 73  68 6F 72 74 2D 75 72 6C  http://short-url
000001C0: 2F 74 49 6D 33 34 59 72  43 76 41 20 68 74 74 70  /tIm34YrCvA http
000001D0: 3A 2F 2F 73 68 6F 72 74  2D 75 72 6C 2F 5A 71 34  ://short-url/Zq4
000001E0: 34 58 6B 42 4B 68 36 22  7D 2C 22 32 22 3A 7B 22  4XkBKh6"},"2":{"
000001F0: 6C 73 74 22 3A 5B 22 72  65 63 22 2C 30 5D 7D 2C  lst":["rec",0]},
00000200: 22 33 22 3A 7B 22 6C 73  74 22 3A 5B 22 72 65 63  "3":{"lst":["rec
00000210: 22 2C 34 2C 7B 22 31 22  3A 7B 22 73 74 72 22 3A  ",4,{"1":{"str":
00000220: 22 68 74 74 70 3A 2F 2F  73 68 6F 72 74 2D 75 72  "http://short-ur
00000230: 6C 2F 6E 6A 4E 30 67 4C  7A 30 68 43 22 7D 2C 22  l/njN0gLz0hC"},"
00000240: 32 22 3A 7B 22 73 74 72  22 3A 22 68 74 74 70 3A  2":{"str":"http:
00000250: 2F 2F 73 74 67 71 6D 4D  6B 4E 79 49 4B 79 32 33  //stgqmMkNyIKy23
00000260: 55 4F 52 57 43 66 45 7A  69 39 34 50 36 4C 47 67  UORWCfEzi94P6LGg
00000270: 78 6E 55 50 59 30 49 72  32 75 4D 68 49 47 6F 52  xnUPY0Ir2uMhIGoR
00000280: 78 39 39 54 32 43 58 57  4D 78 54 79 45 69 4F 4E  x99T2CXWMxTyEiON
00000290: 4E 58 22 7D 7D 2C 7B 22  31 22 3A 7B 22 73 74 72  NX"}},{"1":{"str
000002A0: 22 3A 22 68 74 74 70 3A  2F 2F 73 68 6F 72 74 2D  ":"http://short-
000002B0: 75 72 6C 2F 6B 67 50 39  54 33 46 4D 39 65 22 7D  url/kgP9T3FM9e"}
000002C0: 2C 22 32 22 3A 7B 22 73  74 72 22 3A 22 68 74 74  ,"2":{"str":"htt
000002D0: 70 3A 2F 2F 30 4F 54 58  6B 32 62 58 47 49 66 35  p://0OTXk2bXGIf5
000002E0: 77 78 66 58 73 4C 6D 4C  65 31 51 58 44 76 32 52  wxfXsLmLe1QXDv2R
000002F0: 6E 69 74 42 66 76 30 6A  55 61 65 4E 6D 67 62 49  nitBfv0jUaeNmgbI
00000300: 33 4D 31 77 67 77 65 70  39 64 69 54 38 46 62 77  3M1wgwep9diT8Fbw
00000310: 6E 65 69 71 22 7D 7D 2C  7B 22 31 22 3A 7B 22 73  neiq"}},{"1":{"s
00000320: 74 72 22 3A 22 68 74 74  70 3A 2F 2F 73 68 6F 72  tr":"http://shor
00000330: 74 2D 75 72 6C 2F 74 49  6D 33 34 59 72 43 76 41  t-url/tIm34YrCvA
00000340: 22 7D 2C 22 32 22 3A 7B  22 73 74 72 22 3A 22 68  "},"2":{"str":"h
00000350: 74 74 70 3A 2F 2F 69 4B  35 4E 62 58 67 78 48 38  ttp://iK5NbXgxH8
00000360: 65 39 71 36 52 71 6E 34  36 32 50 43 59 70 64 42  e9q6Rqn462PCYpdB
00000370: 78 6D 50 67 6A 6D 65 46  63 73 70 42 45 6B 6A 69  xmPgjmeFcspBEkji
00000380: 53 41 6C 7A 48 4F 39 55  55 62 46 52 6F 6D 61 50  SAlzHO9UUbFRomaP
00000390: 72 68 76 6E 51 42 22 7D  7D 2C 7B 22 31 22 3A 7B  rhvnQB"}},{"1":{
000003A0: 22 73 74 72 22 3A 22 68  74 74 70 3A 2F 2F 73 68  "str":"http://sh
000003B0: 6F 72 74 2D 75 72 6C 2F  5A 71 34 34 58 6B 42 4B  ort-url/Zq44XkBK
000003C0: 68 36 22 7D 2C 22 32 22  3A 7B 22 73 74 72 22 3A  h6"},"2":{"str":
000003D0: 22 68 74 74 70 3A 2F 2F  67 52 56 53 73 45 49 57  "http://gRVSsEIW
000003E0: 66 4B 7A 6D 35 56 33 66  4C 74 4C 38 58 74 35 38  fKzm5V3fLtL8Xt58
000003F0: 67 44 54 4D 6A 33 70 6A  61 38 59 66 46 56 57 41  gDTMj3pja8YfFVWA
00000400: 79 48 44 53 43 6A 4D 57  37 4B 43 74 46 64 67 76  yHDSCjMW7KCtFdgv
00000410: 45 73 46 6D 6B 46 44 42  22 7D 7D 5D 7D 7D 7D 7D  EsFmkFDB"}}]}}}}
00000420: 5D                                                ]
====
STREAM PID 60589.0xffff9482d7141200 (C) > 60554.0xffff9482de657e00 (S), length 518
command[60589]: b'./src/ComposePostService/ComposePostService'
command[60554]: b'./cmake-build/src/TextService/TextService'
----
00000000: 00 00 02 02 5B 31 2C 22  43 6F 6D 70 6F 73 65 54  ....[1,"ComposeT
00000010: 65 78 74 22 2C 31 2C 30  2C 7B 22 31 22 3A 7B 22  ext",1,0,{"1":{"
00000020: 69 36 34 22 3A 38 32 31  32 31 35 39 34 38 34 33  i64":82121594843
00000030: 35 39 36 31 36 30 30 7D  2C 22 32 22 3A 7B 22 73  5961600},"2":{"s
00000040: 74 72 22 3A 22 33 54 6D  35 48 5A 53 76 51 6D 59  tr":"3Tm5HZSvQmY
00000050: 78 69 45 43 44 4C 44 47  76 47 4F 62 6C 58 41 42  xiECDLDGvGOblXAB
00000060: 39 44 6F 33 39 43 77 62  36 74 57 46 74 61 50 38  9Do39Cwb6tWFtaP8
00000070: 71 32 64 68 37 54 53 33  33 55 75 56 6F 47 49 51  q2dh7TS33UuVoGIQ
00000080: 53 4D 57 66 74 45 77 62  78 4E 4F 47 74 66 75 64  SMWftEwbxNOGtfud
00000090: 57 57 77 59 75 6D 56 64  39 4A 61 6D 56 33 4A 30  WWwYumVd9JamV3J0
000000A0: 63 69 56 74 4F 36 64 70  39 58 33 49 47 78 38 71  ciVtO6dp9X3IGx8q
000000B0: 4D 34 79 61 35 73 62 61  6C 4F 70 71 77 6A 36 47  M4ya5sbalOpqwj6G
000000C0: 6C 43 55 44 6B 36 4A 5A  6E 52 48 57 6E 63 68 55  lCUDk6JZnRHWnchU
000000D0: 4B 6C 61 38 30 7A 4C 39  53 45 67 38 70 78 5A 55  Kla80zL9SEg8pxZU
000000E0: 66 38 61 6B 76 4C 56 53  34 64 52 65 44 72 78 63  f8akvLVS4dReDrxc
000000F0: 37 56 56 6C 75 37 47 6D  75 57 38 6E 31 59 6D 67  7VVlu7GmuW8n1Ymg
00000100: 33 44 62 64 38 4A 4D 62  7A 51 48 6B 54 78 38 31  3Dbd8JMbzQHkTx81
00000110: 73 6B 72 47 72 4A 67 53  6E 4B 57 5A 4B 41 33 39  skrGrJgSnKWZKA39
00000120: 7A 47 39 69 45 30 6C 57  79 51 6B 6F 50 62 43 6B  zG9iE0lWyQkoPbCk
00000130: 67 33 6C 55 59 53 4A 6A  73 37 46 5A 50 34 4A 6E  g3lUYSJjs7FZP4Jn
00000140: 39 71 6E 6E 6E 20 40 75  73 65 72 6E 61 6D 65 5F  9qnnn @username_
00000150: 34 32 30 20 68 74 74 70  3A 2F 2F 67 31 62 56 43  420 http://g1bVC
00000160: 74 49 41 33 6C 70 72 66  74 4A 7A 69 55 34 47 6F  tIA3lprftJziU4Go
00000170: 46 43 74 47 55 6B 69 7A  71 33 64 72 7A 56 6E 65  FCtGUkizq3drzVne
00000180: 62 6E 45 52 45 30 76 79  71 6C 63 6A 5A 43 35 61  bnERE0vyqlcjZC5a
00000190: 72 6F 37 45 36 30 74 47  72 65 61 20 68 74 74 70  ro7E60tGrea http
000001A0: 3A 2F 2F 48 79 66 6A 4D  44 6D 34 62 48 6B 69 4E  ://HyfjMDm4bHkiN
000001B0: 5A 30 76 6E 50 76 36 6B  31 68 32 50 58 66 75 54  Z0vnPv6k1h2PXfuT
000001C0: 37 4D 6D 75 4D 72 6F 75  72 68 69 70 35 37 35 78  7MmuMrourhip575x
000001D0: 4A 71 4F 4E 55 66 6B 77  6B 70 79 62 7A 37 4B 63  JqONUfkwkpybz7Kc
000001E0: 62 66 66 22 7D 2C 22 33  22 3A 7B 22 6D 61 70 22  bff"},"3":{"map"
000001F0: 3A 5B 22 73 74 72 22 2C  22 73 74 72 22 2C 30 2C  :["str","str",0,
00000200: 7B 7D 5D 7D 7D 5D                                 {}]}}]
====
STREAM PID 60554.0xffff9482de657e00 (S) > 60589.0xffff9482d7141200 (C), length 686
command[60554]: b'./cmake-build/src/TextService/TextService'
command[60589]: b'./src/ComposePostService/ComposePostService'
----
00000000: 00 00 02 AA 5B 31 2C 22  43 6F 6D 70 6F 73 65 54  ....[1,"ComposeT
00000010: 65 78 74 22 2C 32 2C 30  2C 7B 22 30 22 3A 7B 22  ext",2,0,{"0":{"
00000020: 72 65 63 22 3A 7B 22 31  22 3A 7B 22 73 74 72 22  rec":{"1":{"str"
00000030: 3A 22 33 54 6D 35 48 5A  53 76 51 6D 59 78 69 45  :"3Tm5HZSvQmYxiE
00000040: 43 44 4C 44 47 76 47 4F  62 6C 58 41 42 39 44 6F  CDLDGvGOblXAB9Do
00000050: 33 39 43 77 62 36 74 57  46 74 61 50 38 71 32 64  39Cwb6tWFtaP8q2d
00000060: 68 37 54 53 33 33 55 75  56 6F 47 49 51 53 4D 57  h7TS33UuVoGIQSMW
00000070: 66 74 45 77 62 78 4E 4F  47 74 66 75 64 57 57 77  ftEwbxNOGtfudWWw
00000080: 59 75 6D 56 64 39 4A 61  6D 56 33 4A 30 63 69 56  YumVd9JamV3J0ciV
00000090: 74 4F 36 64 70 39 58 33  49 47 78 38 71 4D 34 79  tO6dp9X3IGx8qM4y
000000A0: 61 35 73 62 61 6C 4F 70  71 77 6A 36 47 6C 43 55  a5sbalOpqwj6GlCU
000000B0: 44 6B 36 4A 5A 6E 52 48  57 6E 63 68 55 4B 6C 61  Dk6JZnRHWnchUKla
000000C0: 38 30 7A 4C 39 53 45 67  38 70 78 5A 55 66 38 61  80zL9SEg8pxZUf8a
000000D0: 6B 76 4C 56 53 34 64 52  65 44 72 78 63 37 56 56  kvLVS4dReDrxc7VV
000000E0: 6C 75 37 47 6D 75 57 38  6E 31 59 6D 67 33 44 62  lu7GmuW8n1Ymg3Db
000000F0: 64 38 4A 4D 62 7A 51 48  6B 54 78 38 31 73 6B 72  d8JMbzQHkTx81skr
00000100: 47 72 4A 67 53 6E 4B 57  5A 4B 41 33 39 7A 47 39  GrJgSnKWZKA39zG9
00000110: 69 45 30 6C 57 79 51 6B  6F 50 62 43 6B 67 33 6C  iE0lWyQkoPbCkg3l
00000120: 55 59 53 4A 6A 73 37 46  5A 50 34 4A 6E 39 71 6E  UYSJjs7FZP4Jn9qn
00000130: 6E 6E 20 40 75 73 65 72  6E 61 6D 65 5F 34 32 30  nn @username_420
00000140: 20 68 74 74 70 3A 2F 2F  73 68 6F 72 74 2D 75 72   http://short-ur
00000150: 6C 2F 45 4F 63 47 54 42  56 6A 62 71 20 68 74 74  l/EOcGTBVjbq htt
00000160: 70 3A 2F 2F 73 68 6F 72  74 2D 75 72 6C 2F 32 55  p://short-url/2U
00000170: 61 77 72 71 71 77 33 51  22 7D 2C 22 32 22 3A 7B  awrqqw3Q"},"2":{
00000180: 22 6C 73 74 22 3A 5B 22  72 65 63 22 2C 30 5D 7D  "lst":["rec",0]}
00000190: 2C 22 33 22 3A 7B 22 6C  73 74 22 3A 5B 22 72 65  ,"3":{"lst":["re
000001A0: 63 22 2C 32 2C 7B 22 31  22 3A 7B 22 73 74 72 22  c",2,{"1":{"str"
000001B0: 3A 22 68 74 74 70 3A 2F  2F 73 68 6F 72 74 2D 75  :"http://short-u
000001C0: 72 6C 2F 45 4F 63 47 54  42 56 6A 62 71 22 7D 2C  rl/EOcGTBVjbq"},
000001D0: 22 32 22 3A 7B 22 73 74  72 22 3A 22 68 74 74 70  "2":{"str":"http
000001E0: 3A 2F 2F 67 31 62 56 43  74 49 41 33 6C 70 72 66  ://g1bVCtIA3lprf
000001F0: 74 4A 7A 69 55 34 47 6F  46 43 74 47 55 6B 69 7A  tJziU4GoFCtGUkiz
00000200: 71 33 64 72 7A 56 6E 65  62 6E 45 52 45 30 76 79  q3drzVnebnERE0vy
00000210: 71 6C 63 6A 5A 43 35 61  72 6F 37 45 36 30 74 47  qlcjZC5aro7E60tG
00000220: 72 65 61 22 7D 7D 2C 7B  22 31 22 3A 7B 22 73 74  rea"}},{"1":{"st
00000230: 72 22 3A 22 68 74 74 70  3A 2F 2F 73 68 6F 72 74  r":"http://short
00000240: 2D 75 72 6C 2F 32 55 61  77 72 71 71 77 33 51 22  -url/2Uawrqqw3Q"
00000250: 7D 2C 22 32 22 3A 7B 22  73 74 72 22 3A 22 68 74  },"2":{"str":"ht
00000260: 74 70 3A 2F 2F 48 79 66  6A 4D 44 6D 34 62 48 6B  tp://HyfjMDm4bHk
00000270: 69 4E 5A 30 76 6E 50 76  36 6B 31 68 32 50 58 66  iNZ0vnPv6k1h2PXf
00000280: 75 54 37 4D 6D 75 4D 72  6F 75 72 68 69 70 35 37  uT7MmuMrourhip57
00000290: 35 78 4A 71 4F 4E 55 66  6B 77 6B 70 79 62 7A 37  5xJqONUfkwkpybz7
000002A0: 4B 63 62 66 66 22 7D 7D  5D 7D 7D 7D 7D 5D        Kcbff"}}]}}}}]
====
STREAM PID 60589.0xffff9482d7141200 (C) > 60554.0xffff9482de657e00 (S), length 474
command[60589]: b'./src/ComposePostService/ComposePostService'
command[60554]: b'./cmake-build/src/TextService/TextService'
----
00000000: 00 00 01 D6 5B 31 2C 22  43 6F 6D 70 6F 73 65 54  ....[1,"ComposeT
00000010: 65 78 74 22 2C 31 2C 30  2C 7B 22 31 22 3A 7B 22  ext",1,0,{"1":{"
00000020: 69 36 34 22 3A 38 37 30  38 38 38 38 33 38 32 30  i64":87088883820
00000030: 37 38 30 31 39 38 34 7D  2C 22 32 22 3A 7B 22 73  7801984},"2":{"s
00000040: 74 72 22 3A 22 6A 54 72  32 36 6C 4A 53 77 38 34  tr":"jTr26lJSw84
00000050: 41 67 6B 31 71 35 39 76  51 55 46 77 56 6F 48 32  Agk1q59vQUFwVoH2
00000060: 71 4C 76 79 70 77 48 38  42 79 39 54 53 7A 69 7A  qLvypwH8By9TSziz
00000070: 79 6C 6A 69 47 65 62 59  79 71 6E 73 70 59 62 49  yljiGebYyqnspYbI
00000080: 46 68 35 45 37 6F 35 7A  5A 39 51 45 64 31 39 37  Fh5E7o5zZ9QEd197
00000090: 55 56 67 6B 54 79 38 62  66 35 6A 6D 4B 6A 47 44  UVgkTy8bf5jmKjGD
000000A0: 51 4E 52 38 4C 42 76 50  43 53 63 66 76 70 78 43  QNR8LBvPCScfvpxC
000000B0: 36 42 4C 57 41 54 53 4A  64 42 33 5A 66 62 41 56  6BLWATSJdB3ZfbAV
000000C0: 50 69 71 63 56 6F 6A 7A  48 41 4B 6F 46 74 30 63  PiqcVojzHAKoFt0c
000000D0: 66 7A 6F 37 50 47 59 74  5A 55 62 42 38 31 6F 5A  fzo7PGYtZUbB81oZ
000000E0: 4C 53 37 30 41 77 64 75  30 32 34 34 4A 68 56 55  LS70Awdu0244JhVU
000000F0: 4F 43 52 45 78 74 4C 67  31 30 63 48 47 4B 54 74  OCRExtLg10cHGKTt
00000100: 61 52 62 37 69 41 75 61  63 6D 47 37 74 65 4B 38  aRb7iAuacmG7teK8
00000110: 34 75 4F 45 4A 39 43 37  34 58 6D 4F 31 34 49 53  4uOEJ9C74XmO14IS
00000120: 6A 47 69 50 4F 73 47 66  71 4C 68 55 77 66 30 33  jGiPOsGfqLhUwf03
00000130: 72 30 74 7A 4C 49 58 46  78 65 31 6C 33 65 68 54  r0tzLIXFxe1l3ehT
00000140: 66 34 4A 44 43 20 40 75  73 65 72 6E 61 6D 65 5F  f4JDC @username_
00000150: 34 36 30 20 40 75 73 65  72 6E 61 6D 65 5F 31 31  460 @username_11
00000160: 35 20 40 75 73 65 72 6E  61 6D 65 5F 34 36 38 20  5 @username_468 
00000170: 68 74 74 70 3A 2F 2F 36  55 54 7A 51 71 48 36 41  http://6UTzQqH6A
00000180: 6C 67 57 74 4B 37 32 44  4B 63 37 64 52 4C 4D 36  lgWtK72DKc7dRLM6
00000190: 71 54 30 63 70 4A 4B 63  39 69 43 79 77 52 62 63  qT0cpJKc9iCywRbc
000001A0: 33 73 68 6E 73 4A 48 54  50 74 34 4F 37 44 68 39  3shnsJHTPt4O7Dh9
000001B0: 39 46 6D 33 34 7A 53 22  7D 2C 22 33 22 3A 7B 22  9Fm34zS"},"3":{"
000001C0: 6D 61 70 22 3A 5B 22 73  74 72 22 2C 22 73 74 72  map":["str","str
000001D0: 22 2C 30 2C 7B 7D 5D 7D  7D 5D                    ",0,{}]}}]
====
STREAM PID 60554.0xffff9482de657e00 (S) > 60589.0xffff9482d7141200 (C), length 556
command[60554]: b'./cmake-build/src/TextService/TextService'
command[60589]: b'./src/ComposePostService/ComposePostService'
----
00000000: 00 00 02 28 5B 31 2C 22  43 6F 6D 70 6F 73 65 54  ...([1,"ComposeT
00000010: 65 78 74 22 2C 32 2C 30  2C 7B 22 30 22 3A 7B 22  ext",2,0,{"0":{"
00000020: 72 65 63 22 3A 7B 22 31  22 3A 7B 22 73 74 72 22  rec":{"1":{"str"
00000030: 3A 22 6A 54 72 32 36 6C  4A 53 77 38 34 41 67 6B  :"jTr26lJSw84Agk
00000040: 31 71 35 39 76 51 55 46  77 56 6F 48 32 71 4C 76  1q59vQUFwVoH2qLv
00000050: 79 70 77 48 38 42 79 39  54 53 7A 69 7A 79 6C 6A  ypwH8By9TSzizylj
00000060: 69 47 65 62 59 79 71 6E  73 70 59 62 49 46 68 35  iGebYyqnspYbIFh5
00000070: 45 37 6F 35 7A 5A 39 51  45 64 31 39 37 55 56 67  E7o5zZ9QEd197UVg
00000080: 6B 54 79 38 62 66 35 6A  6D 4B 6A 47 44 51 4E 52  kTy8bf5jmKjGDQNR
00000090: 38 4C 42 76 50 43 53 63  66 76 70 78 43 36 42 4C  8LBvPCScfvpxC6BL
000000A0: 57 41 54 53 4A 64 42 33  5A 66 62 41 56 50 69 71  WATSJdB3ZfbAVPiq
000000B0: 63 56 6F 6A 7A 48 41 4B  6F 46 74 30 63 66 7A 6F  cVojzHAKoFt0cfzo
000000C0: 37 50 47 59 74 5A 55 62  42 38 31 6F 5A 4C 53 37  7PGYtZUbB81oZLS7
000000D0: 30 41 77 64 75 30 32 34  34 4A 68 56 55 4F 43 52  0Awdu0244JhVUOCR
000000E0: 45 78 74 4C 67 31 30 63  48 47 4B 54 74 61 52 62  ExtLg10cHGKTtaRb
000000F0: 37 69 41 75 61 63 6D 47  37 74 65 4B 38 34 75 4F  7iAuacmG7teK84uO
00000100: 45 4A 39 43 37 34 58 6D  4F 31 34 49 53 6A 47 69  EJ9C74XmO14ISjGi
00000110: 50 4F 73 47 66 71 4C 68  55 77 66 30 33 72 30 74  POsGfqLhUwf03r0t
00000120: 7A 4C 49 58 46 78 65 31  6C 33 65 68 54 66 34 4A  zLIXFxe1l3ehTf4J
00000130: 44 43 20 40 75 73 65 72  6E 61 6D 65 5F 34 36 30  DC @username_460
00000140: 20 40 75 73 65 72 6E 61  6D 65 5F 31 31 35 20 40   @username_115 @
00000150: 75 73 65 72 6E 61 6D 65  5F 34 36 38 20 68 74 74  username_468 htt
00000160: 70 3A 2F 2F 73 68 6F 72  74 2D 75 72 6C 2F 44 67  p://short-url/Dg
00000170: 4C 4E 55 52 44 69 6F 6C  22 7D 2C 22 32 22 3A 7B  LNURDiol"},"2":{
00000180: 22 6C 73 74 22 3A 5B 22  72 65 63 22 2C 30 5D 7D  "lst":["rec",0]}
00000190: 2C 22 33 22 3A 7B 22 6C  73 74 22 3A 5B 22 72 65  ,"3":{"lst":["re
000001A0: 63 22 2C 31 2C 7B 22 31  22 3A 7B 22 73 74 72 22  c",1,{"1":{"str"
000001B0: 3A 22 68 74 74 70 3A 2F  2F 73 68 6F 72 74 2D 75  :"http://short-u
000001C0: 72 6C 2F 44 67 4C 4E 55  52 44 69 6F 6C 22 7D 2C  rl/DgLNURDiol"},
000001D0: 22 32 22 3A 7B 22 73 74  72 22 3A 22 68 74 74 70  "2":{"str":"http
000001E0: 3A 2F 2F 36 55 54 7A 51  71 48 36 41 6C 67 57 74  ://6UTzQqH6AlgWt
000001F0: 4B 37 32 44 4B 63 37 64  52 4C 4D 36 71 54 30 63  K72DKc7dRLM6qT0c
00000200: 70 4A 4B 63 39 69 43 79  77 52 62 63 33 73 68 6E  pJKc9iCywRbc3shn
00000210: 73 4A 48 54 50 74 34 4F  37 44 68 39 39 46 6D 33  sJHTPt4O7Dh99Fm3
00000220: 34 7A 53 22 7D 7D 5D 7D  7D 7D 7D 5D              4zS"}}]}}}}]
====
STREAM PID 60589.0xffff9482d7141200 (C) > 60554.0xffff9482de657e00 (S), length 662
command[60589]: b'./src/ComposePostService/ComposePostService'
command[60554]: b'./cmake-build/src/TextService/TextService'
----
00000000: 00 00 02 92 5B 31 2C 22  43 6F 6D 70 6F 73 65 54  ....[1,"ComposeT
00000010: 65 78 74 22 2C 31 2C 30  2C 7B 22 31 22 3A 7B 22  ext",1,0,{"1":{"
00000020: 69 36 34 22 3A 32 33 34  38 34 31 30 33 31 33 33  i64":23484103133
00000030: 30 31 30 32 34 33 32 7D  2C 22 32 22 3A 7B 22 73  0102432},"2":{"s
00000040: 74 72 22 3A 22 61 41 42  59 78 43 62 7A 71 69 39  tr":"aABYxCbzqi9
00000050: 55 75 74 49 59 64 62 34  75 66 42 78 79 6A 44 34  UutIYdb4ufBxyjD4
00000060: 58 75 38 44 57 6A 46 4E  52 79 6E 31 76 49 71 37  Xu8DWjFNRyn1vIq7
00000070: 4E 75 6A 62 65 57 6B 63  66 62 42 7A 52 57 57 42  NujbeWkcfbBzRWWB
00000080: 77 58 45 39 70 58 30 46  4C 38 72 77 51 6B 35 66  wXE9pX0FL8rwQk5f
00000090: 44 6B 30 43 77 74 76 54  78 31 50 71 77 31 55 79  Dk0CwtvTx1Pqw1Uy
000000A0: 62 45 54 6B 31 48 47 39  69 62 78 4D 58 74 33 54  bETk1HG9ibxMXt3T
000000B0: 39 44 5A 59 52 6B 4E 6A  41 68 78 49 78 48 4A 6C  9DZYRkNjAhxIxHJl
000000C0: 42 57 58 51 69 72 61 7A  33 33 64 38 61 71 52 79  BWXQiraz33d8aqRy
000000D0: 46 62 71 54 49 53 49 70  49 56 32 77 4F 6D 66 78  FbqTISIpIV2wOmfx
000000E0: 75 68 33 6D 48 47 61 67  4F 4A 53 6B 71 41 38 69  uh3mHGagOJSkqA8i
000000F0: 46 79 59 5A 51 68 6B 71  57 7A 42 54 68 70 70 64  FyYZQhkqWzBThppd
00000100: 79 66 43 49 44 62 4D 75  34 63 46 31 50 70 6C 5A  yfCIDbMu4cF1PplZ
00000110: 49 76 65 6F 30 54 6D 73  61 6E 55 6B 55 38 33 39  Iveo0TmsanUkU839
00000120: 6D 5A 7A 50 51 46 42 4B  34 53 61 7A 6A 67 39 72  mZzPQFBK4Sazjg9r
00000130: 71 50 65 49 4B 51 62 4C  37 4F 64 31 47 38 50 6D  qPeIKQbL7Od1G8Pm
00000140: 44 4F 52 50 43 20 40 75  73 65 72 6E 61 6D 65 5F  DORPC @username_
00000150: 36 30 38 20 68 74 74 70  3A 2F 2F 75 70 4C 70 6E  608 http://upLpn
00000160: 56 37 59 35 34 4D 6C 58  52 66 50 77 66 6F 5A 74  V7Y54MlXRfPwfoZt
00000170: 33 74 4A 5A 5A 6E 30 49  48 41 55 5A 56 33 38 57  3tJZZn0IHAUZV38W
00000180: 71 58 33 4D 36 72 55 30  67 75 79 37 69 45 4D 4F  qX3M6rU0guy7iEMO
00000190: 66 62 47 78 61 63 37 46  64 37 43 20 68 74 74 70  fbGxac7Fd7C http
000001A0: 3A 2F 2F 71 70 70 45 49  31 6B 4C 32 73 30 4C 70  ://qppEI1kL2s0Lp
000001B0: 73 69 47 5A 6C 5A 65 34  59 45 49 74 5A 67 67 35  siGZlZe4YEItZgg5
000001C0: 31 39 35 4E 73 61 41 35  69 67 63 58 75 42 51 78  195NsaA5igcXuBQx
000001D0: 42 31 4A 73 6C 42 54 6D  78 35 31 32 54 43 48 58  B1JslBTmx512TCHX
000001E0: 4E 59 31 20 68 74 74 70  3A 2F 2F 77 43 38 4B 59  NY1 http://wC8KY
000001F0: 50 5A 34 35 38 67 58 58  36 65 38 50 75 65 56 6B  PZ458gXX6e8PueVk
00000200: 4F 7A 7A 66 39 41 34 66  50 6C 6E 79 31 32 38 62  Ozzf9A4fPlny128b
00000210: 6D 53 36 32 4D 63 6C 45  76 49 54 32 65 71 7A 34  mS62MclEvIT2eqz4
00000220: 68 30 50 6A 69 61 59 76  65 50 6B 20 68 74 74 70  h0PjiaYvePk http
00000230: 3A 2F 2F 35 56 44 37 68  5A 4C 4C 4D 4B 64 43 51  ://5VD7hZLLMKdCQ
00000240: 51 51 65 43 4A 52 78 76  63 46 44 4F 58 34 38 7A  QQeCJRxvcFDOX48z
00000250: 6D 34 48 71 69 76 6F 41  4D 6C 59 64 44 67 6B 61  m4HqivoAMlYdDgka
00000260: 64 6C 6E 51 41 51 73 32  78 33 6F 78 66 33 5A 45  dlnQAQs2x3oxf3ZE
00000270: 7A 62 62 22 7D 2C 22 33  22 3A 7B 22 6D 61 70 22  zbb"},"3":{"map"
00000280: 3A 5B 22 73 74 72 22 2C  22 73 74 72 22 2C 30 2C  :["str","str",0,
00000290: 7B 7D 5D 7D 7D 5D                                 {}]}}]
====
STREAM PID 60554.0xffff9482de657e00 (S) > 60589.0xffff9482d7141200 (C), length 1002
command[60554]: b'./cmake-build/src/TextService/TextService'
command[60589]: b'./src/ComposePostService/ComposePostService'
----
00000000: 00 00 03 E6 5B 31 2C 22  43 6F 6D 70 6F 73 65 54  ....[1,"ComposeT
00000010: 65 78 74 22 2C 32 2C 30  2C 7B 22 30 22 3A 7B 22  ext",2,0,{"0":{"
00000020: 72 65 63 22 3A 7B 22 31  22 3A 7B 22 73 74 72 22  rec":{"1":{"str"
00000030: 3A 22 61 41 42 59 78 43  62 7A 71 69 39 55 75 74  :"aABYxCbzqi9Uut
00000040: 49 59 64 62 34 75 66 42  78 79 6A 44 34 58 75 38  IYdb4ufBxyjD4Xu8
00000050: 44 57 6A 46 4E 52 79 6E  31 76 49 71 37 4E 75 6A  DWjFNRyn1vIq7Nuj
00000060: 62 65 57 6B 63 66 62 42  7A 52 57 57 42 77 58 45  beWkcfbBzRWWBwXE
00000070: 39 70 58 30 46 4C 38 72  77 51 6B 35 66 44 6B 30  9pX0FL8rwQk5fDk0
00000080: 43 77 74 76 54 78 31 50  71 77 31 55 79 62 45 54  CwtvTx1Pqw1UybET
00000090: 6B 31 48 47 39 69 62 78  4D 58 74 33 54 39 44 5A  k1HG9ibxMXt3T9DZ
000000A0: 59 52 6B 4E 6A 41 68 78  49 78 48 4A 6C 42 57 58  YRkNjAhxIxHJlBWX
000000B0: 51 69 72 61 7A 33 33 64  38 61 71 52 79 46 62 71  Qiraz33d8aqRyFbq
000000C0: 54 49 53 49 70 49 56 32  77 4F 6D 66 78 75 68 33  TISIpIV2wOmfxuh3
000000D0: 6D 48 47 61 67 4F 4A 53  6B 71 41 38 69 46 79 59  mHGagOJSkqA8iFyY
000000E0: 5A 51 68 6B 71 57 7A 42  54 68 70 70 64 79 66 43  ZQhkqWzBThppdyfC
000000F0: 49 44 62 4D 75 34 63 46  31 50 70 6C 5A 49 76 65  IDbMu4cF1PplZIve
00000100: 6F 30 54 6D 73 61 6E 55  6B 55 38 33 39 6D 5A 7A  o0TmsanUkU839mZz
00000110: 50 51 46 42 4B 34 53 61  7A 6A 67 39 72 71 50 65  PQFBK4Sazjg9rqPe
00000120: 49 4B 51 62 4C 37 4F 64  31 47 38 50 6D 44 4F 52  IKQbL7Od1G8PmDOR
00000130: 50 43 20 40 75 73 65 72  6E 61 6D 65 5F 36 30 38  PC @username_608
00000140: 20 68 74 74 70 3A 2F 2F  73 68 6F 72 74 2D 75 72   http://short-ur
00000150: 6C 2F 61 4E 68 61 6D 76  75 39 65 6A 20 68 74 74  l/aNhamvu9ej htt
00000160: 70 3A 2F 2F 73 68 6F 72  74 2D 75 72 6C 2F 70 68  p://short-url/ph
00000170: 4B 71 4F 79 30 46 32 4D  20 68 74 74 70 3A 2F 2F  KqOy0F2M http://
00000180: 73 68 6F 72 74 2D 75 72  6C 2F 39 37 6A 61 45 59  short-url/97jaEY
00000190: 78 70 44 7A 20 68 74 74  70 3A 2F 2F 73 68 6F 72  xpDz http://shor
000001A0: 74 2D 75 72 6C 2F 55 46  5A 65 71 77 78 55 5A 53  t-url/UFZeqwxUZS
000001B0: 22 7D 2C 22 32 22 3A 7B  22 6C 73 74 22 3A 5B 22  "},"2":{"lst":["
000001C0: 72 65 63 22 2C 30 5D 7D  2C 22 33 22 3A 7B 22 6C  rec",0]},"3":{"l
000001D0: 73 74 22 3A 5B 22 72 65  63 22 2C 34 2C 7B 22 31  st":["rec",4,{"1
000001E0: 22 3A 7B 22 73 74 72 22  3A 22 68 74 74 70 3A 2F  ":{"str":"http:/
000001F0: 2F 73 68 6F 72 74 2D 75  72 6C 2F 61 4E 68 61 6D  /short-url/aNham
00000200: 76 75 39 65 6A 22 7D 2C  22 32 22 3A 7B 22 73 74  vu9ej"},"2":{"st
00000210: 72 22 3A 22 68 74 74 70  3A 2F 2F 75 70 4C 70 6E  r":"http://upLpn
00000220: 56 37 59 35 34 4D 6C 58  52 66 50 77 66 6F 5A 74  V7Y54MlXRfPwfoZt
00000230: 33 74 4A 5A 5A 6E 30 49  48 41 55 5A 56 33 38 57  3tJZZn0IHAUZV38W
00000240: 71 58 33 4D 36 72 55 30  67 75 79 37 69 45 4D 4F  qX3M6rU0guy7iEMO
00000250: 66 62 47 78 61 63 37 46  64 37 43 22 7D 7D 2C 7B  fbGxac7Fd7C"}},{
00000260: 22 31 22 3A 7B 22 73 74  72 22 3A 22 68 74 74 70  "1":{"str":"http
00000270: 3A 2F 2F 73 68 6F 72 74  2D 75 72 6C 2F 70 68 4B  ://short-url/phK
00000280: 71 4F 79 30 46 32 4D 22  7D 2C 22 32 22 3A 7B 22  qOy0F2M"},"2":{"
00000290: 73 74 72 22 3A 22 68 74  74 70 3A 2F 2F 71 70 70  str":"http://qpp
000002A0: 45 49 31 6B 4C 32 73 30  4C 70 73 69 47 5A 6C 5A  EI1kL2s0LpsiGZlZ
000002B0: 65 34 59 45 49 74 5A 67  67 35 31 39 35 4E 73 61  e4YEItZgg5195Nsa
000002C0: 41 35 69 67 63 58 75 42  51 78 42 31 4A 73 6C 42  A5igcXuBQxB1JslB
000002D0: 54 6D 78 35 31 32 54 43  48 58 4E 59 31 22 7D 7D  Tmx512TCHXNY1"}}
000002E0: 2C 7B 22 31 22 3A 7B 22  73 74 72 22 3A 22 68 74  ,{"1":{"str":"ht
000002F0: 74 70 3A 2F 2F 73 68 6F  72 74 2D 75 72 6C 2F 39  tp://short-url/9
00000300: 37 6A 61 45 59 78 70 44  7A 22 7D 2C 22 32 22 3A  7jaEYxpDz"},"2":
00000310: 7B 22 73 74 72 22 3A 22  68 74 74 70 3A 2F 2F 77  {"str":"http://w
00000320: 43 38 4B 59 50 5A 34 35  38 67 58 58 36 65 38 50  C8KYPZ458gXX6e8P
00000330: 75 65 56 6B 4F 7A 7A 66  39 41 34 66 50 6C 6E 79  ueVkOzzf9A4fPlny
00000340: 31 32 38 62 6D 53 36 32  4D 63 6C 45 76 49 54 32  128bmS62MclEvIT2
00000350: 65 71 7A 34 68 30 50 6A  69 61 59 76 65 50 6B 22  eqz4h0PjiaYvePk"
00000360: 7D 7D 2C 7B 22 31 22 3A  7B 22 73 74 72 22 3A 22  }},{"1":{"str":"
00000370: 68 74 74 70 3A 2F 2F 73  68 6F 72 74 2D 75 72 6C  http://short-url
00000380: 2F 55 46 5A 65 71 77 78  55 5A 53 22 7D 2C 22 32  /UFZeqwxUZS"},"2
00000390: 22 3A 7B 22 73 74 72 22  3A 22 68 74 74 70 3A 2F  ":{"str":"http:/
000003A0: 2F 35 56 44 37 68 5A 4C  4C 4D 4B 64 43 51 51 51  /5VD7hZLLMKdCQQQ
000003B0: 65 43 4A 52 78 76 63 46  44 4F 58 34 38 7A 6D 34  eCJRxvcFDOX48zm4
000003C0: 48 71 69 76 6F 41 4D 6C  59 64 44 67 6B 61 64 6C  HqivoAMlYdDgkadl
000003D0: 6E 51 41 51 73 32 78 33  6F 78 66 33 5A 45 7A 62  nQAQs2x3oxf3ZEzb
000003E0: 62 22 7D 7D 5D 7D 7D 7D  7D 5D                    b"}}]}}}}]
====
STREAM PID 60589.0xffff9482d7141200 (C) > 60554.0xffff9482de657e00 (S), length 487
command[60589]: b'./src/ComposePostService/ComposePostService'
command[60554]: b'./cmake-build/src/TextService/TextService'
----
00000000: 00 00 01 E3 5B 31 2C 22  43 6F 6D 70 6F 73 65 54  ....[1,"ComposeT
00000010: 65 78 74 22 2C 31 2C 30  2C 7B 22 31 22 3A 7B 22  ext",1,0,{"1":{"
00000020: 69 36 34 22 3A 37 39 37  34 39 37 31 34 38 36 33  i64":79749714863
00000030: 36 33 30 36 31 37 36 7D  2C 22 32 22 3A 7B 22 73  6306176},"2":{"s
00000040: 74 72 22 3A 22 46 32 53  6A 44 46 6C 48 4D 66 62  tr":"F2SjDFlHMfb
00000050: 71 6F 4D 7A 41 52 53 6B  67 36 58 41 7A 41 42 33  qoMzARSkg6XAzAB3
00000060: 72 6C 6B 76 61 75 64 41  71 7A 41 69 4C 6C 55 5A  rlkvaudAqzAiLlUZ
00000070: 33 66 34 71 66 74 65 41  78 76 63 31 33 74 6C 36  3f4qfteAxvc13tl6
00000080: 32 52 34 79 46 75 64 55  4A 64 37 6A 56 5A 70 77  2R4yFudUJd7jVZpw
00000090: 4E 46 55 55 41 5A 31 65  39 50 42 61 77 6B 67 50  NFUUAZ1e9PBawkgP
000000A0: 38 4B 79 66 4E 71 4D 79  73 30 38 4B 32 6E 4A 4B  8KyfNqMys08K2nJK
000000B0: 42 52 59 51 4B 73 63 4E  59 45 71 42 65 33 71 4D  BRYQKscNYEqBe3qM
000000C0: 66 41 36 64 6A 58 79 71  6F 4B 71 6A 4D 34 46 69  fA6djXyqoKqjM4Fi
000000D0: 70 68 36 57 6F 35 47 65  49 4B 67 5A 65 66 72 4B  ph6Wo5GeIKgZefrK
000000E0: 74 4D 69 6C 39 79 33 52  38 73 7A 79 32 75 55 59  tMil9y3R8szy2uUY
000000F0: 54 50 41 50 6F 49 66 39  43 6D 59 49 53 6B 76 44  TPAPoIf9CmYISkvD
00000100: 39 4B 44 69 7A 46 49 71  64 38 6C 6A 50 4F 4B 66  9KDizFIqd8ljPOKf
00000110: 5A 43 31 59 48 71 77 4B  64 4E 47 48 76 75 69 37  ZC1YHqwKdNGHvui7
00000120: 49 31 77 54 63 41 50 75  43 67 77 5A 57 71 4C 38  I1wTcAPuCgwZWqL8
00000130: 50 35 50 41 48 56 4E 35  46 53 43 75 66 4E 47 48  P5PAHVN5FSCufNGH
00000140: 63 6F 32 4B 48 20 40 75  73 65 72 6E 61 6D 65 5F  co2KH @username_
00000150: 31 38 33 20 40 75 73 65  72 6E 61 6D 65 5F 33 37  183 @username_37
00000160: 30 20 40 75 73 65 72 6E  61 6D 65 5F 38 36 35 20  0 @username_865 
00000170: 40 75 73 65 72 6E 61 6D  65 5F 31 34 20 68 74 74  @username_14 htt
00000180: 70 3A 2F 2F 4D 53 58 61  66 4B 36 31 30 30 74 72  p://MSXafK6100tr
00000190: 4A 64 4A 4D 78 7A 52 39  5A 78 78 37 6B 76 54 54  JdJMxzR9Zxx7kvTT
000001A0: 68 46 76 68 55 4F 76 32  36 75 35 35 37 41 48 49  hFvhUOv26u557AHI
000001B0: 4D 4A 30 59 4E 56 48 5A  5A 62 4F 48 31 66 56 43  MJ0YNVHZZbOH1fVC
000001C0: 47 44 56 35 22 7D 2C 22  33 22 3A 7B 22 6D 61 70  GDV5"},"3":{"map
000001D0: 22 3A 5B 22 73 74 72 22  2C 22 73 74 72 22 2C 30  ":["str","str",0
000001E0: 2C 7B 7D 5D 7D 7D 5D                              ,{}]}}]
====
STREAM PID 60554.0xffff9482de657e00 (S) > 60589.0xffff9482d7141200 (C), length 569
command[60554]: b'./cmake-build/src/TextService/TextService'
command[60589]: b'./src/ComposePostService/ComposePostService'
----
00000000: 00 00 02 35 5B 31 2C 22  43 6F 6D 70 6F 73 65 54  ...5[1,"ComposeT
00000010: 65 78 74 22 2C 32 2C 30  2C 7B 22 30 22 3A 7B 22  ext",2,0,{"0":{"
00000020: 72 65 63 22 3A 7B 22 31  22 3A 7B 22 73 74 72 22  rec":{"1":{"str"
00000030: 3A 22 46 32 53 6A 44 46  6C 48 4D 66 62 71 6F 4D  :"F2SjDFlHMfbqoM
00000040: 7A 41 52 53 6B 67 36 58  41 7A 41 42 33 72 6C 6B  zARSkg6XAzAB3rlk
00000050: 76 61 75 64 41 71 7A 41  69 4C 6C 55 5A 33 66 34  vaudAqzAiLlUZ3f4
00000060: 71 66 74 65 41 78 76 63  31 33 74 6C 36 32 52 34  qfteAxvc13tl62R4
00000070: 79 46 75 64 55 4A 64 37  6A 56 5A 70 77 4E 46 55  yFudUJd7jVZpwNFU
00000080: 55 41 5A 31 65 39 50 42  61 77 6B 67 50 38 4B 79  UAZ1e9PBawkgP8Ky
00000090: 66 4E 71 4D 79 73 30 38  4B 32 6E 4A 4B 42 52 59  fNqMys08K2nJKBRY
000000A0: 51 4B 73 63 4E 59 45 71  42 65 33 71 4D 66 41 36  QKscNYEqBe3qMfA6
000000B0: 64 6A 58 79 71 6F 4B 71  6A 4D 34 46 69 70 68 36  djXyqoKqjM4Fiph6
000000C0: 57 6F 35 47 65 49 4B 67  5A 65 66 72 4B 74 4D 69  Wo5GeIKgZefrKtMi
000000D0: 6C 39 79 33 52 38 73 7A  79 32 75 55 59 54 50 41  l9y3R8szy2uUYTPA
000000E0: 50 6F 49 66 39 43 6D 59  49 53 6B 76 44 39 4B 44  PoIf9CmYISkvD9KD
000000F0: 69 7A 46 49 71 64 38 6C  6A 50 4F 4B 66 5A 43 31  izFIqd8ljPOKfZC1
00000100: 59 48 71 77 4B 64 4E 47  48 76 75 69 37 49 31 77  YHqwKdNGHvui7I1w
00000110: 54 63 41 50 75 43 67 77  5A 57 71 4C 38 50 35 50  TcAPuCgwZWqL8P5P
00000120: 41 48 56 4E 35 46 53 43  75 66 4E 47 48 63 6F 32  AHVN5FSCufNGHco2
00000130: 4B 48 20 40 75 73 65 72  6E 61 6D 65 5F 31 38 33  KH @username_183
00000140: 20 40 75 73 65 72 6E 61  6D 65 5F 33 37 30 20 40   @username_370 @
00000150: 75 73 65 72 6E 61 6D 65  5F 38 36 35 20 40 75 73  username_865 @us
00000160: 65 72 6E 61 6D 65 5F 31  34 20 68 74 74 70 3A 2F  ername_14 http:/
00000170: 2F 73 68 6F 72 74 2D 75  72 6C 2F 64 71 67 41 79  /short-url/dqgAy
00000180: 41 78 54 50 56 22 7D 2C  22 32 22 3A 7B 22 6C 73  AxTPV"},"2":{"ls
00000190: 74 22 3A 5B 22 72 65 63  22 2C 30 5D 7D 2C 22 33  t":["rec",0]},"3
000001A0: 22 3A 7B 22 6C 73 74 22  3A 5B 22 72 65 63 22 2C  ":{"lst":["rec",
000001B0: 31 2C 7B 22 31 22 3A 7B  22 73 74 72 22 3A 22 68  1,{"1":{"str":"h
000001C0: 74 74 70 3A 2F 2F 73 68  6F 72 74 2D 75 72 6C 2F  ttp://short-url/
000001D0: 64 71 67 41 79 41 78 54  50 56 22 7D 2C 22 32 22  dqgAyAxTPV"},"2"
000001E0: 3A 7B 22 73 74 72 22 3A  22 68 74 74 70 3A 2F 2F  :{"str":"http://
000001F0: 4D 53 58 61 66 4B 36 31  30 30 74 72 4A 64 4A 4D  MSXafK6100trJdJM
00000200: 78 7A 52 39 5A 78 78 37  6B 76 54 54 68 46 76 68  xzR9Zxx7kvTThFvh
00000210: 55 4F 76 32 36 75 35 35  37 41 48 49 4D 4A 30 59  UOv26u557AHIMJ0Y
00000220: 4E 56 48 5A 5A 62 4F 48  31 66 56 43 47 44 56 35  NVHZZbOH1fVCGDV5
00000230: 22 7D 7D 5D 7D 7D 7D 7D  5D                       "}}]}}}}]
====
STREAM PID 60589.0xffff9482d7141200 (C) > 60554.0xffff9482de657e00 (S), length 688
command[60589]: b'./src/ComposePostService/ComposePostService'
command[60554]: b'./cmake-build/src/TextService/TextService'
----
00000000: 00 00 02 AC 5B 31 2C 22  43 6F 6D 70 6F 73 65 54  ....[1,"ComposeT
00000010: 65 78 74 22 2C 31 2C 30  2C 7B 22 31 22 3A 7B 22  ext",1,0,{"1":{"
00000020: 69 36 34 22 3A 33 37 32  39 30 37 31 34 34 37 33  i64":37290714473
00000030: 33 39 34 38 39 39 32 7D  2C 22 32 22 3A 7B 22 73  3948992},"2":{"s
00000040: 74 72 22 3A 22 52 7A 6F  4D 42 64 49 4E 4F 35 70  tr":"RzoMBdINO5p
00000050: 4B 5A 4F 6C 68 6F 6F 4A  31 48 38 57 6C 43 6C 59  KZOlhooJ1H8WlClY
00000060: 57 45 6A 4A 46 43 59 72  49 4E 52 43 59 6E 42 4D  WEjJFCYrINRCYnBM
00000070: 33 67 37 42 43 4E 4A 37  4E 34 6B 69 54 38 74 69  3g7BCNJ7N4kiT8ti
00000080: 48 35 73 61 33 50 6A 77  34 6D 62 30 35 49 78 76  H5sa3Pjw4mb05Ixv
00000090: 44 61 75 33 68 47 55 76  42 36 6D 7A 6B 32 62 42  Dau3hGUvB6mzk2bB
000000A0: 45 77 77 50 31 47 68 41  6B 69 65 65 59 77 6D 64  EwwP1GhAkieeYwmd
000000B0: 6E 65 48 70 4D 66 4D 51  58 35 74 50 38 54 65 71  neHpMfMQX5tP8Teq
000000C0: 57 44 51 4C 4B 59 6A 48  30 57 6A 41 58 4D 61 47  WDQLKYjH0WjAXMaG
000000D0: 7A 63 65 52 36 6D 48 56  47 73 75 4E 69 50 62 61  zceR6mHVGsuNiPba
000000E0: 57 6D 66 69 4F 61 36 46  38 47 4E 62 50 59 4D 73  WmfiOa6F8GNbPYMs
000000F0: 4B 64 5A 4C 62 4F 73 6D  37 62 32 34 79 57 32 4D  KdZLbOsm7b24yW2M
00000100: 4C 50 38 56 38 50 48 30  72 55 4D 33 57 48 78 52  LP8V8PH0rUM3WHxR
00000110: 36 4D 6C 30 6F 76 31 74  76 6E 48 30 73 44 52 63  6Ml0ov1tvnH0sDRc
00000120: 35 53 4E 4B 4D 78 76 79  79 56 5A 56 77 48 30 69  5SNKMxvyyVZVwH0i
00000130: 50 75 62 30 51 33 4A 4D  32 71 33 52 47 51 6D 50  Pub0Q3JM2q3RGQmP
00000140: 51 66 48 7A 33 20 40 75  73 65 72 6E 61 6D 65 5F  QfHz3 @username_
00000150: 39 34 20 40 75 73 65 72  6E 61 6D 65 5F 35 36 35  94 @username_565
00000160: 20 40 75 73 65 72 6E 61  6D 65 5F 38 33 20 68 74   @username_83 ht
00000170: 74 70 3A 2F 2F 34 35 31  6E 71 69 41 78 51 39 72  tp://451nqiAxQ9r
00000180: 75 57 62 34 6D 5A 33 51  5A 38 47 47 72 67 34 47  uWb4mZ3QZ8GGrg4G
00000190: 76 69 46 64 42 42 44 44  69 41 67 46 36 51 59 31  viFdBBDDiAgF6QY1
000001A0: 4C 61 45 71 31 37 6F 78  35 70 62 6D 49 76 66 79  LaEq17ox5pbmIvfy
000001B0: 36 68 4C 70 43 20 68 74  74 70 3A 2F 2F 62 59 66  6hLpC http://bYf
000001C0: 35 49 38 38 39 4B 52 53  46 33 79 4B 55 41 67 51  5I889KRSF3yKUAgQ
000001D0: 59 49 76 43 46 50 4D 45  55 72 45 5A 75 49 6D 50  YIvCFPMEUrEZuImP
000001E0: 50 4C 4D 66 64 4A 32 74  69 51 6B 77 6C 68 71 44  PLMfdJ2tiQkwlhqD
000001F0: 48 41 36 64 59 72 47 6A  35 31 69 43 5A 20 68 74  HA6dYrGj51iCZ ht
00000200: 74 70 3A 2F 2F 71 6E 4A  79 61 73 73 76 6D 5A 46  tp://qnJyassvmZF
00000210: 4C 4A 32 41 35 61 57 44  44 6B 6E 6C 56 7A 6F 6F  LJ2A5aWDDknlVzoo
00000220: 4E 78 59 35 41 41 6F 6C  66 37 4C 46 34 4E 76 31  NxY5AAolf7LF4Nv1
00000230: 7A 77 6A 57 70 37 6F 39  7A 65 57 5A 74 67 46 55  zwjWp7o9zeWZtgFU
00000240: 6A 41 6B 56 36 20 68 74  74 70 3A 2F 2F 5A 47 78  jAkV6 http://ZGx
00000250: 47 4A 51 6E 38 38 67 4D  39 39 46 61 42 57 6E 78  GJQn88gM99FaBWnx
00000260: 4B 6C 64 68 66 4E 67 51  6E 62 61 31 78 63 46 42  KldhfNgQnba1xcFB
00000270: 50 66 6D 63 50 32 65 65  6E 50 74 66 46 4B 33 66  PfmcP2eenPtfFK3f
00000280: 65 4D 33 6A 66 38 4E 6A  71 31 4C 77 45 22 7D 2C  eM3jf8Njq1LwE"},
00000290: 22 33 22 3A 7B 22 6D 61  70 22 3A 5B 22 73 74 72  "3":{"map":["str
000002A0: 22 2C 22 73 74 72 22 2C  30 2C 7B 7D 5D 7D 7D 5D  ","str",0,{}]}}]
====
STREAM PID 60554.0xffff9482de657e00 (S) > 60589.0xffff9482d7141200 (C), length 1028
command[60554]: b'./cmake-build/src/TextService/TextService'
command[60589]: b'./src/ComposePostService/ComposePostService'
----
00000000: 00 00 04 00 5B 31 2C 22  43 6F 6D 70 6F 73 65 54  ....[1,"ComposeT
00000010: 65 78 74 22 2C 32 2C 30  2C 7B 22 30 22 3A 7B 22  ext",2,0,{"0":{"
00000020: 72 65 63 22 3A 7B 22 31  22 3A 7B 22 73 74 72 22  rec":{"1":{"str"
00000030: 3A 22 52 7A 6F 4D 42 64  49 4E 4F 35 70 4B 5A 4F  :"RzoMBdINO5pKZO
00000040: 6C 68 6F 6F 4A 31 48 38  57 6C 43 6C 59 57 45 6A  lhooJ1H8WlClYWEj
00000050: 4A 46 43 59 72 49 4E 52  43 59 6E 42 4D 33 67 37  JFCYrINRCYnBM3g7
00000060: 42 43 4E 4A 37 4E 34 6B  69 54 38 74 69 48 35 73  BCNJ7N4kiT8tiH5s
00000070: 61 33 50 6A 77 34 6D 62  30 35 49 78 76 44 61 75  a3Pjw4mb05IxvDau
00000080: 33 68 47 55 76 42 36 6D  7A 6B 32 62 42 45 77 77  3hGUvB6mzk2bBEww
00000090: 50 31 47 68 41 6B 69 65  65 59 77 6D 64 6E 65 48  P1GhAkieeYwmdneH
000000A0: 70 4D 66 4D 51 58 35 74  50 38 54 65 71 57 44 51  pMfMQX5tP8TeqWDQ
000000B0: 4C 4B 59 6A 48 30 57 6A  41 58 4D 61 47 7A 63 65  LKYjH0WjAXMaGzce
000000C0: 52 36 6D 48 56 47 73 75  4E 69 50 62 61 57 6D 66  R6mHVGsuNiPbaWmf
000000D0: 69 4F 61 36 46 38 47 4E  62 50 59 4D 73 4B 64 5A  iOa6F8GNbPYMsKdZ
000000E0: 4C 62 4F 73 6D 37 62 32  34 79 57 32 4D 4C 50 38  LbOsm7b24yW2MLP8
000000F0: 56 38 50 48 30 72 55 4D  33 57 48 78 52 36 4D 6C  V8PH0rUM3WHxR6Ml
00000100: 30 6F 76 31 74 76 6E 48  30 73 44 52 63 35 53 4E  0ov1tvnH0sDRc5SN
00000110: 4B 4D 78 76 79 79 56 5A  56 77 48 30 69 50 75 62  KMxvyyVZVwH0iPub
00000120: 30 51 33 4A 4D 32 71 33  52 47 51 6D 50 51 66 48  0Q3JM2q3RGQmPQfH
00000130: 7A 33 20 40 75 73 65 72  6E 61 6D 65 5F 39 34 20  z3 @username_94 
00000140: 40 75 73 65 72 6E 61 6D  65 5F 35 36 35 20 40 75  @username_565 @u
00000150: 73 65 72 6E 61 6D 65 5F  38 33 20 68 74 74 70 3A  sername_83 http:
00000160: 2F 2F 73 68 6F 72 74 2D  75 72 6C 2F 34 52 67 72  //short-url/4Rgr
00000170: 71 6B 6D 72 57 32 20 68  74 74 70 3A 2F 2F 73 68  qkmrW2 http://sh
00000180: 6F 72 74 2D 75 72 6C 2F  50 73 77 7A 39 76 75 61  ort-url/Pswz9vua
00000190: 4D 46 20 68 74 74 70 3A  2F 2F 73 68 6F 72 74 2D  MF http://short-
000001A0: 75 72 6C 2F 45 67 6B 49  70 54 74 76 72 75 20 68  url/EgkIpTtvru h
000001B0: 74 74 70 3A 2F 2F 73 68  6F 72 74 2D 75 72 6C 2F  ttp://short-url/
000001C0: 39 45 5A 32 6A 54 59 30  7A 31 22 7D 2C 22 32 22  9EZ2jTY0z1"},"2"
000001D0: 3A 7B 22 6C 73 74 22 3A  5B 22 72 65 63 22 2C 30  :{"lst":["rec",0
000001E0: 5D 7D 2C 22 33 22 3A 7B  22 6C 73 74 22 3A 5B 22  ]},"3":{"lst":["
000001F0: 72 65 63 22 2C 34 2C 7B  22 31 22 3A 7B 22 73 74  rec",4,{"1":{"st
00000200: 72 22 3A 22 68 74 74 70  3A 2F 2F 73 68 6F 72 74  r":"http://short
00000210: 2D 75 72 6C 2F 34 52 67  72 71 6B 6D 72 57 32 22  -url/4RgrqkmrW2"
00000220: 7D 2C 22 32 22 3A 7B 22  73 74 72 22 3A 22 68 74  },"2":{"str":"ht
00000230: 74 70 3A 2F 2F 34 35 31  6E 71 69 41 78 51 39 72  tp://451nqiAxQ9r
00000240: 75 57 62 34 6D 5A 33 51  5A 38 47 47 72 67 34 47  uWb4mZ3QZ8GGrg4G
00000250: 76 69 46 64 42 42 44 44  69 41 67 46 36 51 59 31  viFdBBDDiAgF6QY1
00000260: 4C 61 45 71 31 37 6F 78  35 70 62 6D 49 76 66 79  LaEq17ox5pbmIvfy
00000270: 36 68 4C 70 43 22 7D 7D  2C 7B 22 31 22 3A 7B 22  6hLpC"}},{"1":{"
00000280: 73 74 72 22 3A 22 68 74  74 70 3A 2F 2F 73 68 6F  str":"http://sho
00000290: 72 74 2D 75 72 6C 2F 50  73 77 7A 39 76 75 61 4D  rt-url/Pswz9vuaM
000002A0: 46 22 7D 2C 22 32 22 3A  7B 22 73 74 72 22 3A 22  F"},"2":{"str":"
000002B0: 68 74 74 70 3A 2F 2F 62  59 66 35 49 38 38 39 4B  http://bYf5I889K
000002C0: 52 53 46 33 79 4B 55 41  67 51 59 49 76 43 46 50  RSF3yKUAgQYIvCFP
000002D0: 4D 45 55 72 45 5A 75 49  6D 50 50 4C 4D 66 64 4A  MEUrEZuImPPLMfdJ
000002E0: 32 74 69 51 6B 77 6C 68  71 44 48 41 36 64 59 72  2tiQkwlhqDHA6dYr
000002F0: 47 6A 35 31 69 43 5A 22  7D 7D 2C 7B 22 31 22 3A  Gj51iCZ"}},{"1":
00000300: 7B 22 73 74 72 22 3A 22  68 74 74 70 3A 2F 2F 73  {"str":"http://s
00000310: 68 6F 72 74 2D 75 72 6C  2F 45 67 6B 49 70 54 74  hort-url/EgkIpTt
00000320: 76 72 75 22 7D 2C 22 32  22 3A 7B 22 73 74 72 22  vru"},"2":{"str"
00000330: 3A 22 68 74 74 70 3A 2F  2F 71 6E 4A 79 61 73 73  :"http://qnJyass
00000340: 76 6D 5A 46 4C 4A 32 41  35 61 57 44 44 6B 6E 6C  vmZFLJ2A5aWDDknl
00000350: 56 7A 6F 6F 4E 78 59 35  41 41 6F 6C 66 37 4C 46  VzooNxY5AAolf7LF
00000360: 34 4E 76 31 7A 77 6A 57  70 37 6F 39 7A 65 57 5A  4Nv1zwjWp7o9zeWZ
00000370: 74 67 46 55 6A 41 6B 56  36 22 7D 7D 2C 7B 22 31  tgFUjAkV6"}},{"1
00000380: 22 3A 7B 22 73 74 72 22  3A 22 68 74 74 70 3A 2F  ":{"str":"http:/
00000390: 2F 73 68 6F 72 74 2D 75  72 6C 2F 39 45 5A 32 6A  /short-url/9EZ2j
000003A0: 54 59 30 7A 31 22 7D 2C  22 32 22 3A 7B 22 73 74  TY0z1"},"2":{"st
000003B0: 72 22 3A 22 68 74 74 70  3A 2F 2F 5A 47 78 47 4A  r":"http://ZGxGJ
000003C0: 51 6E 38 38 67 4D 39 39  46 61 42 57 6E 78 4B 6C  Qn88gM99FaBWnxKl
000003D0: 64 68 66 4E 67 51 6E 62  61 31 78 63 46 42 50 66  dhfNgQnba1xcFBPf
000003E0: 6D 63 50 32 65 65 6E 50  74 66 46 4B 33 66 65 4D  mcP2eenPtfFK3feM
000003F0: 33 6A 66 38 4E 6A 71 31  4C 77 45 22 7D 7D 5D 7D  3jf8Njq1LwE"}}]}
00000400: 7D 7D 7D 5D                                       }}}]
====
STREAM PID 60589.0xffff9482d7141200 (C) > 60554.0xffff9482de657e00 (S), length 388
command[60589]: b'./src/ComposePostService/ComposePostService'
command[60554]: b'./cmake-build/src/TextService/TextService'
----
00000000: 00 00 01 80 5B 31 2C 22  43 6F 6D 70 6F 73 65 54  ....[1,"ComposeT
00000010: 65 78 74 22 2C 31 2C 30  2C 7B 22 31 22 3A 7B 22  ext",1,0,{"1":{"
00000020: 69 36 34 22 3A 39 30 38  33 39 37 34 34 31 33 31  i64":90839744131
00000030: 38 37 36 35 31 38 34 7D  2C 22 32 22 3A 7B 22 73  8765184},"2":{"s
00000040: 74 72 22 3A 22 7A 42 71  4F 73 72 48 5A 63 46 46  tr":"zBqOsrHZcFF
00000050: 67 5A 79 50 75 6D 30 35  67 45 61 59 64 50 58 41  gZyPum05gEaYdPXA
00000060: 71 45 69 67 59 6C 39 6E  66 46 48 6E 46 65 71 51  qEigYl9nfFHnFeqQ
00000070: 52 41 4B 70 6C 76 66 4B  52 61 46 37 46 35 74 44  RAKplvfKRaF7F5tD
00000080: 63 76 72 39 68 78 46 66  58 65 72 4C 37 72 36 79  cvr9hxFfXerL7r6y
00000090: 44 39 6B 45 55 71 62 44  67 6D 44 68 4A 4D 5A 6B  D9kEUqbDgmDhJMZk
000000A0: 4E 57 75 62 7A 71 75 30  69 52 78 6D 4B 75 6F 58  NWubzqu0iRxmKuoX
000000B0: 36 30 30 30 4A 31 32 77  7A 4A 33 52 74 43 78 39  6000J12wzJ3RtCx9
000000C0: 64 64 69 48 69 38 50 38  61 35 42 39 66 69 67 35  ddiHi8P8a5B9fig5
000000D0: 6E 50 47 44 36 41 32 4D  78 4F 62 4F 64 57 30 62  nPGD6A2MxObOdW0b
000000E0: 65 7A 79 64 74 46 53 59  59 62 68 31 6A 58 59 5A  ezydtFSYYbh1jXYZ
000000F0: 38 39 70 38 33 42 65 44  52 47 73 34 72 57 7A 56  89p83BeDRGs4rWzV
00000100: 63 67 39 73 5A 47 4F 5A  5A 37 6C 75 70 6E 6B 46  cg9sZGOZZ7lupnkF
00000110: 41 76 6A 41 6D 54 74 72  56 4E 7A 52 52 44 78 4E  AvjAmTtrVNzRRDxN
00000120: 75 62 39 6A 56 73 42 5A  67 64 66 4C 4E 34 64 71  ub9jVsBZgdfLN4dq
00000130: 45 48 59 53 58 48 55 56  43 30 74 61 37 67 47 4A  EHYSXHUVC0ta7gGJ
00000140: 67 55 61 55 77 20 40 75  73 65 72 6E 61 6D 65 5F  gUaUw @username_
00000150: 36 38 36 20 40 75 73 65  72 6E 61 6D 65 5F 34 35  686 @username_45
00000160: 33 22 7D 2C 22 33 22 3A  7B 22 6D 61 70 22 3A 5B  3"},"3":{"map":[
00000170: 22 73 74 72 22 2C 22 73  74 72 22 2C 30 2C 7B 7D  "str","str",0,{}
00000180: 5D 7D 7D 5D                                       ]}}]
====
STREAM PID 60554.0xffff9482de657e00 (S) > 60589.0xffff9482d7141200 (C), length 384
command[60554]: b'./cmake-build/src/TextService/TextService'
command[60589]: b'./src/ComposePostService/ComposePostService'
----
00000000: 00 00 01 7C 5B 31 2C 22  43 6F 6D 70 6F 73 65 54  ...|[1,"ComposeT
00000010: 65 78 74 22 2C 32 2C 30  2C 7B 22 30 22 3A 7B 22  ext",2,0,{"0":{"
00000020: 72 65 63 22 3A 7B 22 31  22 3A 7B 22 73 74 72 22  rec":{"1":{"str"
00000030: 3A 22 7A 42 71 4F 73 72  48 5A 63 46 46 67 5A 79  :"zBqOsrHZcFFgZy
00000040: 50 75 6D 30 35 67 45 61  59 64 50 58 41 71 45 69  Pum05gEaYdPXAqEi
00000050: 67 59 6C 39 6E 66 46 48  6E 46 65 71 51 52 41 4B  gYl9nfFHnFeqQRAK
00000060: 70 6C 76 66 4B 52 61 46  37 46 35 74 44 63 76 72  plvfKRaF7F5tDcvr
00000070: 39 68 78 46 66 58 65 72  4C 37 72 36 79 44 39 6B  9hxFfXerL7r6yD9k
00000080: 45 55 71 62 44 67 6D 44  68 4A 4D 5A 6B 4E 57 75  EUqbDgmDhJMZkNWu
00000090: 62 7A 71 75 30 69 52 78  6D 4B 75 6F 58 36 30 30  bzqu0iRxmKuoX600
000000A0: 30 4A 31 32 77 7A 4A 33  52 74 43 78 39 64 64 69  0J12wzJ3RtCx9ddi
000000B0: 48 69 38 50 38 61 35 42  39 66 69 67 35 6E 50 47  Hi8P8a5B9fig5nPG
000000C0: 44 36 41 32 4D 78 4F 62  4F 64 57 30 62 65 7A 79  D6A2MxObOdW0bezy
000000D0: 64 74 46 53 59 59 62 68  31 6A 58 59 5A 38 39 70  dtFSYYbh1jXYZ89p
000000E0: 38 33 42 65 44 52 47 73  34 72 57 7A 56 63 67 39  83BeDRGs4rWzVcg9
000000F0: 73 5A 47 4F 5A 5A 37 6C  75 70 6E 6B 46 41 76 6A  sZGOZZ7lupnkFAvj
00000100: 41 6D 54 74 72 56 4E 7A  52 52 44 78 4E 75 62 39  AmTtrVNzRRDxNub9
00000110: 6A 56 73 42 5A 67 64 66  4C 4E 34 64 71 45 48 59  jVsBZgdfLN4dqEHY
00000120: 53 58 48 55 56 43 30 74  61 37 67 47 4A 67 55 61  SXHUVC0ta7gGJgUa
00000130: 55 77 20 40 75 73 65 72  6E 61 6D 65 5F 36 38 36  Uw @username_686
00000140: 20 40 75 73 65 72 6E 61  6D 65 5F 34 35 33 22 7D   @username_453"}
00000150: 2C 22 32 22 3A 7B 22 6C  73 74 22 3A 5B 22 72 65  ,"2":{"lst":["re
00000160: 63 22 2C 30 5D 7D 2C 22  33 22 3A 7B 22 6C 73 74  c",0]},"3":{"lst
00000170: 22 3A 5B 22 72 65 63 22  2C 30 5D 7D 7D 7D 7D 5D  ":["rec",0]}}}}]
====
STREAM PID 60589.0xffff9482d7141200 (C) > 60554.0xffff9482de657e00 (S), length 429
command[60589]: b'./src/ComposePostService/ComposePostService'
command[60554]: b'./cmake-build/src/TextService/TextService'
----
00000000: 00 00 01 A9 5B 31 2C 22  43 6F 6D 70 6F 73 65 54  ....[1,"ComposeT
00000010: 65 78 74 22 2C 31 2C 30  2C 7B 22 31 22 3A 7B 22  ext",1,0,{"1":{"
00000020: 69 36 34 22 3A 38 32 37  38 37 36 31 31 39 34 32  i64":82787611942
00000030: 31 30 34 32 38 31 36 7D  2C 22 32 22 3A 7B 22 73  1042816},"2":{"s
00000040: 74 72 22 3A 22 69 78 57  70 57 59 43 33 42 78 66  tr":"ixWpWYC3Bxf
00000050: 6E 37 4F 49 43 68 52 73  4D 79 4A 41 69 78 61 69  n7OIChRsMyJAixai
00000060: 61 6C 77 4C 49 63 39 78  38 41 6D 56 67 42 48 35  alwLIc9x8AmVgBH5
00000070: 4B 57 36 45 56 39 77 51  6A 72 4D 6B 53 30 79 77  KW6EV9wQjrMkS0yw
00000080: 6A 61 49 51 6B 51 43 35  4C 69 4B 63 75 7A 65 59  jaIQkQC5LiKcuzeY
00000090: 49 53 6B 70 6B 6B 4C 4A  54 73 67 6C 74 4A 53 44  ISkpkkLJTsgltJSD
000000A0: 75 69 6F 56 50 37 69 33  77 57 75 55 52 4C 57 38  uioVP7i3wWuURLW8
000000B0: 6E 73 6F 65 6A 48 72 45  57 62 6D 63 38 69 48 79  nsoejHrEWbmc8iHy
000000C0: 69 4B 53 61 39 4C 6B 53  66 4F 6B 51 4D 71 34 31  iKSa9LkSfOkQMq41
000000D0: 37 70 66 39 74 7A 71 47  67 74 63 4B 53 62 62 51  7pf9tzqGgtcKSbbQ
000000E0: 57 6B 6E 71 43 63 70 66  4F 30 32 61 37 67 77 42  WknqCcpfO02a7gwB
000000F0: 44 67 30 44 70 41 6A 7A  63 32 73 70 55 70 42 57  Dg0DpAjzc2spUpBW
00000100: 39 52 54 6A 71 67 38 51  69 38 32 7A 33 38 6A 70  9RTjqg8Qi82z38jp
00000110: 71 76 70 59 48 72 71 76  63 52 64 61 62 4C 61 35  qvpYHrqvcRdabLa5
00000120: 75 50 4C 4F 71 6E 62 51  36 45 54 79 57 48 57 4C  uPLOqnbQ6ETyWHWL
00000130: 57 6D 7A 42 68 53 44 6F  73 76 47 65 72 68 52 53  WmzBhSDosvGerhRS
00000140: 5A 45 39 78 52 20 40 75  73 65 72 6E 61 6D 65 5F  ZE9xR @username_
00000150: 37 31 39 20 40 75 73 65  72 6E 61 6D 65 5F 33 30  719 @username_30
00000160: 20 40 75 73 65 72 6E 61  6D 65 5F 36 30 33 20 40   @username_603 @
00000170: 75 73 65 72 6E 61 6D 65  5F 39 30 30 20 40 75 73  username_900 @us
00000180: 65 72 6E 61 6D 65 5F 37  30 31 22 7D 2C 22 33 22  ername_701"},"3"
00000190: 3A 7B 22 6D 61 70 22 3A  5B 22 73 74 72 22 2C 22  :{"map":["str","
000001A0: 73 74 72 22 2C 30 2C 7B  7D 5D 7D 7D 5D           str",0,{}]}}]
====
STREAM PID 60554.0xffff9482de657e00 (S) > 60589.0xffff9482d7141200 (C), length 425
command[60554]: b'./cmake-build/src/TextService/TextService'
command[60589]: b'./src/ComposePostService/ComposePostService'
----
00000000: 00 00 01 A5 5B 31 2C 22  43 6F 6D 70 6F 73 65 54  ....[1,"ComposeT
00000010: 65 78 74 22 2C 32 2C 30  2C 7B 22 30 22 3A 7B 22  ext",2,0,{"0":{"
00000020: 72 65 63 22 3A 7B 22 31  22 3A 7B 22 73 74 72 22  rec":{"1":{"str"
00000030: 3A 22 69 78 57 70 57 59  43 33 42 78 66 6E 37 4F  :"ixWpWYC3Bxfn7O
00000040: 49 43 68 52 73 4D 79 4A  41 69 78 61 69 61 6C 77  IChRsMyJAixaialw
00000050: 4C 49 63 39 78 38 41 6D  56 67 42 48 35 4B 57 36  LIc9x8AmVgBH5KW6
00000060: 45 56 39 77 51 6A 72 4D  6B 53 30 79 77 6A 61 49  EV9wQjrMkS0ywjaI
00000070: 51 6B 51 43 35 4C 69 4B  63 75 7A 65 59 49 53 6B  QkQC5LiKcuzeYISk
00000080: 70 6B 6B 4C 4A 54 73 67  6C 74 4A 53 44 75 69 6F  pkkLJTsgltJSDuio
00000090: 56 50 37 69 33 77 57 75  55 52 4C 57 38 6E 73 6F  VP7i3wWuURLW8nso
000000A0: 65 6A 48 72 45 57 62 6D  63 38 69 48 79 69 4B 53  ejHrEWbmc8iHyiKS
000000B0: 61 39 4C 6B 53 66 4F 6B  51 4D 71 34 31 37 70 66  a9LkSfOkQMq417pf
000000C0: 39 74 7A 71 47 67 74 63  4B 53 62 62 51 57 6B 6E  9tzqGgtcKSbbQWkn
000000D0: 71 43 63 70 66 4F 30 32  61 37 67 77 42 44 67 30  qCcpfO02a7gwBDg0
000000E0: 44 70 41 6A 7A 63 32 73  70 55 70 42 57 39 52 54  DpAjzc2spUpBW9RT
000000F0: 6A 71 67 38 51 69 38 32  7A 33 38 6A 70 71 76 70  jqg8Qi82z38jpqvp
00000100: 59 48 72 71 76 63 52 64  61 62 4C 61 35 75 50 4C  YHrqvcRdabLa5uPL
00000110: 4F 71 6E 62 51 36 45 54  79 57 48 57 4C 57 6D 7A  OqnbQ6ETyWHWLWmz
00000120: 42 68 53 44 6F 73 76 47  65 72 68 52 53 5A 45 39  BhSDosvGerhRSZE9
00000130: 78 52 20 40 75 73 65 72  6E 61 6D 65 5F 37 31 39  xR @username_719
00000140: 20 40 75 73 65 72 6E 61  6D 65 5F 33 30 20 40 75   @username_30 @u
00000150: 73 65 72 6E 61 6D 65 5F  36 30 33 20 40 75 73 65  sername_603 @use
00000160: 72 6E 61 6D 65 5F 39 30  30 20 40 75 73 65 72 6E  rname_900 @usern
00000170: 61 6D 65 5F 37 30 31 22  7D 2C 22 32 22 3A 7B 22  ame_701"},"2":{"
00000180: 6C 73 74 22 3A 5B 22 72  65 63 22 2C 30 5D 7D 2C  lst":["rec",0]},
00000190: 22 33 22 3A 7B 22 6C 73  74 22 3A 5B 22 72 65 63  "3":{"lst":["rec
000001A0: 22 2C 30 5D 7D 7D 7D 7D  5D                       ",0]}}}}]
====
STREAM PID 60589.0xffff9482d7141200 (C) > 60554.0xffff9482de657e00 (S), length 645
command[60589]: b'./src/ComposePostService/ComposePostService'
command[60554]: b'./cmake-build/src/TextService/TextService'
----
00000000: 00 00 02 81 5B 31 2C 22  43 6F 6D 70 6F 73 65 54  ....[1,"ComposeT
00000010: 65 78 74 22 2C 31 2C 30  2C 7B 22 31 22 3A 7B 22  ext",1,0,{"1":{"
00000020: 69 36 34 22 3A 35 36 38  35 31 33 37 35 34 35 38  i64":56851375458
00000030: 36 39 33 30 34 33 32 7D  2C 22 32 22 3A 7B 22 73  6930432},"2":{"s
00000040: 74 72 22 3A 22 4A 46 71  32 74 32 49 50 76 34 6D  tr":"JFq2t2IPv4m
00000050: 61 74 6B 63 30 4C 43 71  4D 69 42 63 30 63 32 70  atkc0LCqMiBc0c2p
00000060: 34 48 32 36 58 31 45 39  6E 36 35 4A 41 4E 4B 4E  4H26X1E9n65JANKN
00000070: 4E 71 6E 6F 43 51 55 73  69 57 32 61 7A 74 6E 6B  NqnoCQUsiW2aztnk
00000080: 43 39 71 56 54 74 54 74  32 7A 74 73 4B 57 73 46  C9qVTtTt2ztsKWsF
00000090: 56 65 75 36 43 7A 4A 34  57 4C 36 49 76 41 36 4E  Veu6CzJ4WL6IvA6N
000000A0: 4B 45 53 41 7A 7A 34 4F  72 30 4E 4F 65 6A 56 68  KESAzz4Or0NOejVh
000000B0: 6D 49 77 38 71 73 6F 79  68 7A 54 38 75 77 58 72  mIw8qsoyhzT8uwXr
000000C0: 37 74 4D 33 64 57 62 44  4A 67 55 70 69 35 45 50  7tM3dWbDJgUpi5EP
000000D0: 37 75 45 58 51 63 4E 72  4F 55 30 30 61 61 4B 48  7uEXQcNrOU00aaKH
000000E0: 52 6E 50 56 61 63 63 66  77 33 79 30 59 6E 61 69  RnPVaccfw3y0Ynai
000000F0: 32 42 4A 54 6C 6D 64 30  42 65 59 4C 71 44 5A 43  2BJTlmd0BeYLqDZC
00000100: 78 35 57 36 37 51 73 76  30 6B 43 34 62 6E 45 76  x5W67Qsv0kC4bnEv
00000110: 57 31 74 6A 78 33 4A 52  39 52 6C 50 78 36 32 57  W1tjx3JR9RlPx62W
00000120: 71 41 43 4E 35 36 79 37  58 51 41 73 5A 70 38 52  qACN56y7XQAsZp8R
00000130: 32 78 6F 55 66 61 36 44  64 54 74 39 6E 44 74 77  2xoUfa6DdTt9nDtw
00000140: 35 77 44 39 6F 20 40 75  73 65 72 6E 61 6D 65 5F  5wD9o @username_
00000150: 31 30 32 20 40 75 73 65  72 6E 61 6D 65 5F 37 34  102 @username_74
00000160: 20 40 75 73 65 72 6E 61  6D 65 5F 32 36 38 20 40   @username_268 @
00000170: 75 73 65 72 6E 61 6D 65  5F 37 39 35 20 40 75 73  username_795 @us
00000180: 65 72 6E 61 6D 65 5F 37  37 38 20 68 74 74 70 3A  ername_778 http:
00000190: 2F 2F 33 31 4B 53 70 75  33 56 77 4B 67 51 71 46  //31KSpu3VwKgQqF
000001A0: 4B 58 68 7A 6F 70 79 59  42 41 61 58 42 37 75 5A  KXhzopyYBAaXB7uZ
000001B0: 69 44 50 66 67 52 58 72  74 61 37 50 59 58 6D 38  iDPfgRXrta7PYXm8
000001C0: 43 6B 56 67 42 6E 63 48  61 4C 33 61 45 58 37 31  CkVgBncHaL3aEX71
000001D0: 4B 78 20 68 74 74 70 3A  2F 2F 6A 47 6D 43 59 4C  Kx http://jGmCYL
000001E0: 4B 48 4E 69 48 6F 34 45  53 68 4D 79 4B 46 7A 78  KHNiHo4EShMyKFzx
000001F0: 4F 63 36 49 65 4F 6B 54  35 62 36 6F 74 4B 70 57  Oc6IeOkT5b6otKpW
00000200: 61 6B 54 75 53 6A 72 73  31 63 41 4E 6A 73 55 76  akTuSjrs1cANjsUv
00000210: 65 44 43 58 73 43 38 6D  66 74 20 68 74 74 70 3A  eDCXsC8mft http:
00000220: 2F 2F 72 54 32 58 58 31  48 4A 58 6E 6D 52 72 41  //rT2XX1HJXnmRrA
00000230: 47 54 67 48 52 4E 67 30  38 72 4A 56 79 43 6F 32  GTgHRNg08rJVyCo2
00000240: 45 56 51 51 4C 64 35 43  6C 54 74 31 67 34 63 41  EVQQLd5ClTt1g4cA
00000250: 30 7A 47 35 4D 50 6E 49  4C 4E 51 78 63 33 77 76  0zG5MPnILNQxc3wv
00000260: 35 58 22 7D 2C 22 33 22  3A 7B 22 6D 61 70 22 3A  5X"},"3":{"map":
00000270: 5B 22 73 74 72 22 2C 22  73 74 72 22 2C 30 2C 7B  ["str","str",0,{
00000280: 7D 5D 7D 7D 5D                                    }]}}]
====
STREAM PID 60554.0xffff9482de657e00 (S) > 60589.0xffff9482d7141200 (C), length 899
command[60554]: b'./cmake-build/src/TextService/TextService'
command[60589]: b'./src/ComposePostService/ComposePostService'
----
00000000: 00 00 03 7F 5B 31 2C 22  43 6F 6D 70 6F 73 65 54  ....[1,"ComposeT
00000010: 65 78 74 22 2C 32 2C 30  2C 7B 22 30 22 3A 7B 22  ext",2,0,{"0":{"
00000020: 72 65 63 22 3A 7B 22 31  22 3A 7B 22 73 74 72 22  rec":{"1":{"str"
00000030: 3A 22 4A 46 71 32 74 32  49 50 76 34 6D 61 74 6B  :"JFq2t2IPv4matk
00000040: 63 30 4C 43 71 4D 69 42  63 30 63 32 70 34 48 32  c0LCqMiBc0c2p4H2
00000050: 36 58 31 45 39 6E 36 35  4A 41 4E 4B 4E 4E 71 6E  6X1E9n65JANKNNqn
00000060: 6F 43 51 55 73 69 57 32  61 7A 74 6E 6B 43 39 71  oCQUsiW2aztnkC9q
00000070: 56 54 74 54 74 32 7A 74  73 4B 57 73 46 56 65 75  VTtTt2ztsKWsFVeu
00000080: 36 43 7A 4A 34 57 4C 36  49 76 41 36 4E 4B 45 53  6CzJ4WL6IvA6NKES
00000090: 41 7A 7A 34 4F 72 30 4E  4F 65 6A 56 68 6D 49 77  Azz4Or0NOejVhmIw
000000A0: 38 71 73 6F 79 68 7A 54  38 75 77 58 72 37 74 4D  8qsoyhzT8uwXr7tM
000000B0: 33 64 57 62 44 4A 67 55  70 69 35 45 50 37 75 45  3dWbDJgUpi5EP7uE
000000C0: 58 51 63 4E 72 4F 55 30  30 61 61 4B 48 52 6E 50  XQcNrOU00aaKHRnP
000000D0: 56 61 63 63 66 77 33 79  30 59 6E 61 69 32 42 4A  Vaccfw3y0Ynai2BJ
000000E0: 54 6C 6D 64 30 42 65 59  4C 71 44 5A 43 78 35 57  Tlmd0BeYLqDZCx5W
000000F0: 36 37 51 73 76 30 6B 43  34 62 6E 45 76 57 31 74  67Qsv0kC4bnEvW1t
00000100: 6A 78 33 4A 52 39 52 6C  50 78 36 32 57 71 41 43  jx3JR9RlPx62WqAC
00000110: 4E 35 36 79 37 58 51 41  73 5A 70 38 52 32 78 6F  N56y7XQAsZp8R2xo
00000120: 55 66 61 36 44 64 54 74  39 6E 44 74 77 35 77 44  Ufa6DdTt9nDtw5wD
00000130: 39 6F 20 40 75 73 65 72  6E 61 6D 65 5F 31 30 32  9o @username_102
00000140: 20 40 75 73 65 72 6E 61  6D 65 5F 37 34 20 40 75   @username_74 @u
00000150: 73 65 72 6E 61 6D 65 5F  32 36 38 20 40 75 73 65  sername_268 @use
00000160: 72 6E 61 6D 65 5F 37 39  35 20 40 75 73 65 72 6E  rname_795 @usern
00000170: 61 6D 65 5F 37 37 38 20  68 74 74 70 3A 2F 2F 73  ame_778 http://s
00000180: 68 6F 72 74 2D 75 72 6C  2F 44 75 47 32 61 43 38  hort-url/DuG2aC8
00000190: 6D 72 38 20 68 74 74 70  3A 2F 2F 73 68 6F 72 74  mr8 http://short
000001A0: 2D 75 72 6C 2F 39 74 4F  55 4D 59 64 6D 32 45 20  -url/9tOUMYdm2E 
000001B0: 68 74 74 70 3A 2F 2F 73  68 6F 72 74 2D 75 72 6C  http://short-url
000001C0: 2F 49 51 50 45 50 34 79  39 72 30 22 7D 2C 22 32  /IQPEP4y9r0"},"2
000001D0: 22 3A 7B 22 6C 73 74 22  3A 5B 22 72 65 63 22 2C  ":{"lst":["rec",
000001E0: 30 5D 7D 2C 22 33 22 3A  7B 22 6C 73 74 22 3A 5B  0]},"3":{"lst":[
000001F0: 22 72 65 63 22 2C 33 2C  7B 22 31 22 3A 7B 22 73  "rec",3,{"1":{"s
00000200: 74 72 22 3A 22 68 74 74  70 3A 2F 2F 73 68 6F 72  tr":"http://shor
00000210: 74 2D 75 72 6C 2F 44 75  47 32 61 43 38 6D 72 38  t-url/DuG2aC8mr8
00000220: 22 7D 2C 22 32 22 3A 7B  22 73 74 72 22 3A 22 68  "},"2":{"str":"h
00000230: 74 74 70 3A 2F 2F 33 31  4B 53 70 75 33 56 77 4B  ttp://31KSpu3VwK
00000240: 67 51 71 46 4B 58 68 7A  6F 70 79 59 42 41 61 58  gQqFKXhzopyYBAaX
00000250: 42 37 75 5A 69 44 50 66  67 52 58 72 74 61 37 50  B7uZiDPfgRXrta7P
00000260: 59 58 6D 38 43 6B 56 67  42 6E 63 48 61 4C 33 61  YXm8CkVgBncHaL3a
00000270: 45 58 37 31 4B 78 22 7D  7D 2C 7B 22 31 22 3A 7B  EX71Kx"}},{"1":{
00000280: 22 73 74 72 22 3A 22 68  74 74 70 3A 2F 2F 73 68  "str":"http://sh
00000290: 6F 72 74 2D 75 72 6C 2F  39 74 4F 55 4D 59 64 6D  ort-url/9tOUMYdm
000002A0: 32 45 22 7D 2C 22 32 22  3A 7B 22 73 74 72 22 3A  2E"},"2":{"str":
000002B0: 22 68 74 74 70 3A 2F 2F  6A 47 6D 43 59 4C 4B 48  "http://jGmCYLKH
000002C0: 4E 69 48 6F 34 45 53 68  4D 79 4B 46 7A 78 4F 63  NiHo4EShMyKFzxOc
000002D0: 36 49 65 4F 6B 54 35 62  36 6F 74 4B 70 57 61 6B  6IeOkT5b6otKpWak
000002E0: 54 75 53 6A 72 73 31 63  41 4E 6A 73 55 76 65 44  TuSjrs1cANjsUveD
000002F0: 43 58 73 43 38 6D 66 74  22 7D 7D 2C 7B 22 31 22  CXsC8mft"}},{"1"
00000300: 3A 7B 22 73 74 72 22 3A  22 68 74 74 70 3A 2F 2F  :{"str":"http://
00000310: 73 68 6F 72 74 2D 75 72  6C 2F 49 51 50 45 50 34  short-url/IQPEP4
00000320: 79 39 72 30 22 7D 2C 22  32 22 3A 7B 22 73 74 72  y9r0"},"2":{"str
00000330: 22 3A 22 68 74 74 70 3A  2F 2F 72 54 32 58 58 31  ":"http://rT2XX1
00000340: 48 4A 58 6E 6D 52 72 41  47 54 67 48 52 4E 67 30  HJXnmRrAGTgHRNg0
00000350: 38 72 4A 56 79 43 6F 32  45 56 51 51 4C 64 35 43  8rJVyCo2EVQQLd5C
00000360: 6C 54 74 31 67 34 63 41  30 7A 47 35 4D 50 6E 49  lTt1g4cA0zG5MPnI
00000370: 4C 4E 51 78 63 33 77 76  35 58 22 7D 7D 5D 7D 7D  LNQxc3wv5X"}}]}}
00000380: 7D 7D 5D                                          }}]
====
STREAM PID 60589.0xffff9482d7141200 (C) > 60554.0xffff9482de657e00 (S), length 402
command[60589]: b'./src/ComposePostService/ComposePostService'
command[60554]: b'./cmake-build/src/TextService/TextService'
----
00000000: 00 00 01 8E 5B 31 2C 22  43 6F 6D 70 6F 73 65 54  ....[1,"ComposeT
00000010: 65 78 74 22 2C 31 2C 30  2C 7B 22 31 22 3A 7B 22  ext",1,0,{"1":{"
00000020: 69 36 34 22 3A 36 37 37  35 34 32 37 38 31 32 33  i64":67754278123
00000030: 34 37 31 32 33 32 30 7D  2C 22 32 22 3A 7B 22 73  4712320},"2":{"s
00000040: 74 72 22 3A 22 73 51 72  34 46 47 33 4B 43 51 36  tr":"sQr4FG3KCQ6
00000050: 6F 33 32 34 65 56 6A 4C  6C 32 4A 61 74 78 38 57  o324eVjLl2Jatx8W
00000060: 79 74 66 46 78 46 79 54  79 46 45 73 4F 53 68 4F  ytfFxFyTyFEsOShO
00000070: 36 63 77 39 6C 65 58 6B  62 50 56 32 5A 64 68 32  6cw9leXkbPV2Zdh2
00000080: 78 45 5A 49 33 6D 30 65  67 36 33 30 76 4B 4A 50  xEZI3m0eg630vKJP
00000090: 59 31 7A 6A 6E 52 43 45  47 71 50 67 5A 67 30 31  Y1zjnRCEGqPgZg01
000000A0: 70 4F 39 56 54 6E 42 64  45 4C 6B 4D 7A 39 50 6C  pO9VTnBdELkMz9Pl
000000B0: 33 61 30 4E 6B 78 61 37  72 51 64 6D 42 56 52 47  3a0Nkxa7rQdmBVRG
000000C0: 37 5A 4D 4C 6A 30 32 70  4D 61 66 5A 47 67 44 76  7ZMLj02pMafZGgDv
000000D0: 4A 39 6A 45 48 55 73 66  53 49 59 6B 7A 78 71 58  J9jEHUsfSIYkzxqX
000000E0: 65 50 34 58 53 76 67 70  49 30 68 68 37 4A 45 32  eP4XSvgpI0hh7JE2
000000F0: 42 53 58 39 42 52 73 32  74 66 45 64 31 36 74 58  BSX9BRs2tfEd16tX
00000100: 4C 68 4A 39 39 56 52 58  79 4C 38 77 79 37 72 76  LhJ99VRXyL8wy7rv
00000110: 4D 54 75 62 74 56 57 38  6D 70 6A 66 30 5A 79 30  MTubtVW8mpjf0Zy0
00000120: 54 30 6A 63 76 4C 47 66  62 46 45 68 49 62 47 53  T0jcvLGfbFEhIbGS
00000130: 47 64 5A 78 5A 47 73 4C  72 6B 6D 4C 53 4C 50 63  GdZxZGsLrkmLSLPc
00000140: 6A 59 34 61 68 20 40 75  73 65 72 6E 61 6D 65 5F  jY4ah @username_
00000150: 33 37 32 20 40 75 73 65  72 6E 61 6D 65 5F 34 32  372 @username_42
00000160: 38 20 40 75 73 65 72 6E  61 6D 65 5F 33 32 39 22  8 @username_329"
00000170: 7D 2C 22 33 22 3A 7B 22  6D 61 70 22 3A 5B 22 73  },"3":{"map":["s
00000180: 74 72 22 2C 22 73 74 72  22 2C 30 2C 7B 7D 5D 7D  tr","str",0,{}]}
00000190: 7D 5D                                             }]
====
STREAM PID 60554.0xffff9482de657e00 (S) > 60589.0xffff9482d7141200 (C), length 398
command[60554]: b'./cmake-build/src/TextService/TextService'
command[60589]: b'./src/ComposePostService/ComposePostService'
----
00000000: 00 00 01 8A 5B 31 2C 22  43 6F 6D 70 6F 73 65 54  ....[1,"ComposeT
00000010: 65 78 74 22 2C 32 2C 30  2C 7B 22 30 22 3A 7B 22  ext",2,0,{"0":{"
00000020: 72 65 63 22 3A 7B 22 31  22 3A 7B 22 73 74 72 22  rec":{"1":{"str"
00000030: 3A 22 73 51 72 34 46 47  33 4B 43 51 36 6F 33 32  :"sQr4FG3KCQ6o32
00000040: 34 65 56 6A 4C 6C 32 4A  61 74 78 38 57 79 74 66  4eVjLl2Jatx8Wytf
00000050: 46 78 46 79 54 79 46 45  73 4F 53 68 4F 36 63 77  FxFyTyFEsOShO6cw
00000060: 39 6C 65 58 6B 62 50 56  32 5A 64 68 32 78 45 5A  9leXkbPV2Zdh2xEZ
00000070: 49 33 6D 30 65 67 36 33  30 76 4B 4A 50 59 31 7A  I3m0eg630vKJPY1z
00000080: 6A 6E 52 43 45 47 71 50  67 5A 67 30 31 70 4F 39  jnRCEGqPgZg01pO9
00000090: 56 54 6E 42 64 45 4C 6B  4D 7A 39 50 6C 33 61 30  VTnBdELkMz9Pl3a0
000000A0: 4E 6B 78 61 37 72 51 64  6D 42 56 52 47 37 5A 4D  Nkxa7rQdmBVRG7ZM
000000B0: 4C 6A 30 32 70 4D 61 66  5A 47 67 44 76 4A 39 6A  Lj02pMafZGgDvJ9j
000000C0: 45 48 55 73 66 53 49 59  6B 7A 78 71 58 65 50 34  EHUsfSIYkzxqXeP4
000000D0: 58 53 76 67 70 49 30 68  68 37 4A 45 32 42 53 58  XSvgpI0hh7JE2BSX
000000E0: 39 42 52 73 32 74 66 45  64 31 36 74 58 4C 68 4A  9BRs2tfEd16tXLhJ
000000F0: 39 39 56 52 58 79 4C 38  77 79 37 72 76 4D 54 75  99VRXyL8wy7rvMTu
00000100: 62 74 56 57 38 6D 70 6A  66 30 5A 79 30 54 30 6A  btVW8mpjf0Zy0T0j
00000110: 63 76 4C 47 66 62 46 45  68 49 62 47 53 47 64 5A  cvLGfbFEhIbGSGdZ
00000120: 78 5A 47 73 4C 72 6B 6D  4C 53 4C 50 63 6A 59 34  xZGsLrkmLSLPcjY4
00000130: 61 68 20 40 75 73 65 72  6E 61 6D 65 5F 33 37 32  ah @username_372
00000140: 20 40 75 73 65 72 6E 61  6D 65 5F 34 32 38 20 40   @username_428 @
00000150: 75 73 65 72 6E 61 6D 65  5F 33 32 39 22 7D 2C 22  username_329"},"
00000160: 32 22 3A 7B 22 6C 73 74  22 3A 5B 22 72 65 63 22  2":{"lst":["rec"
00000170: 2C 30 5D 7D 2C 22 33 22  3A 7B 22 6C 73 74 22 3A  ,0]},"3":{"lst":
00000180: 5B 22 72 65 63 22 2C 30  5D 7D 7D 7D 7D 5D        ["rec",0]}}}}]
====
STREAM PID 60589.0xffff9482d7141200 (C) > 60554.0xffff9482de657e00 (S), length 459
command[60589]: b'./src/ComposePostService/ComposePostService'
command[60554]: b'./cmake-build/src/TextService/TextService'
----
00000000: 00 00 01 C7 5B 31 2C 22  43 6F 6D 70 6F 73 65 54  ....[1,"ComposeT
00000010: 65 78 74 22 2C 31 2C 30  2C 7B 22 31 22 3A 7B 22  ext",1,0,{"1":{"
00000020: 69 36 34 22 3A 31 39 34  31 31 32 31 30 36 30 33  i64":19411210603
00000030: 35 33 31 36 30 30 30 7D  2C 22 32 22 3A 7B 22 73  5316000},"2":{"s
00000040: 74 72 22 3A 22 33 70 41  53 51 56 30 35 78 6B 4C  tr":"3pASQV05xkL
00000050: 49 49 45 75 4C 32 6C 6C  6C 65 46 6F 62 45 59 6A  IIEuL2llleFobEYj
00000060: 76 6A 69 6D 78 68 75 63  46 41 54 36 57 5A 50 34  vjimxhucFAT6WZP4
00000070: 34 4A 4E 54 4D 34 4D 57  66 52 4C 57 55 55 70 62  4JNTM4MWfRLWUUpb
00000080: 66 67 75 43 76 63 31 6C  74 4A 69 64 79 5A 77 66  fguCvc1ltJidyZwf
00000090: 70 69 4C 6F 74 32 66 42  6B 4A 54 6F 6D 71 4C 63  piLot2fBkJTomqLc
000000A0: 48 70 7A 4E 6B 4E 30 61  36 77 4A 47 79 53 35 63  HpzNkN0a6wJGyS5c
000000B0: 7A 33 79 49 32 47 4A 54  66 4A 4E 6F 72 5A 53 4E  z3yI2GJTfJNorZSN
000000C0: 30 31 79 57 41 6B 33 57  75 4F 77 72 52 7A 54 54  01yWAk3WuOwrRzTT
000000D0: 4D 49 65 70 52 47 56 74  6E 53 75 4F 4F 6E 31 62  MIepRGVtnSuOOn1b
000000E0: 71 34 39 48 54 55 67 38  71 4A 65 39 73 75 6C 41  q49HTUg8qJe9sulA
000000F0: 47 4D 6F 4A 7A 42 55 65  4D 30 31 65 45 36 35 39  GMoJzBUeM01eE659
00000100: 4E 39 51 41 74 58 7A 37  36 62 78 45 55 74 30 47  N9QAtXz76bxEUt0G
00000110: 51 76 6C 7A 32 44 36 33  39 79 4D 6A 54 75 63 59  Qvlz2D639yMjTucY
00000120: 75 79 77 61 71 39 43 61  50 47 46 4A 36 42 51 35  uywaq9CaPGFJ6BQ5
00000130: 49 6B 50 6C 72 47 54 67  6E 46 49 76 65 33 55 6E  IkPlrGTgnFIve3Un
00000140: 4F 64 66 45 70 20 40 75  73 65 72 6E 61 6D 65 5F  OdfEp @username_
00000150: 33 33 31 20 40 75 73 65  72 6E 61 6D 65 5F 34 31  331 @username_41
00000160: 20 68 74 74 70 3A 2F 2F  65 74 48 58 54 4A 36 78   http://etHXTJ6x
00000170: 63 73 67 72 42 33 79 52  6E 65 58 43 76 62 5A 69  csgrB3yRneXCvbZi
00000180: 56 57 6E 65 72 36 6B 37  53 4D 6B 4B 32 4A 43 37  VWner6k7SMkK2JC7
00000190: 5A 46 58 61 58 37 35 55  69 65 56 72 7A 6D 37 4D  ZFXaX75UieVrzm7M
000001A0: 78 71 6D 34 41 38 7A 59  22 7D 2C 22 33 22 3A 7B  xqm4A8zY"},"3":{
000001B0: 22 6D 61 70 22 3A 5B 22  73 74 72 22 2C 22 73 74  "map":["str","st
000001C0: 72 22 2C 30 2C 7B 7D 5D  7D 7D 5D                 r",0,{}]}}]
====
STREAM PID 60554.0xffff9482de657e00 (S) > 60589.0xffff9482d7141200 (C), length 541
command[60554]: b'./cmake-build/src/TextService/TextService'
command[60589]: b'./src/ComposePostService/ComposePostService'
----
00000000: 00 00 02 19 5B 31 2C 22  43 6F 6D 70 6F 73 65 54  ....[1,"ComposeT
00000010: 65 78 74 22 2C 32 2C 30  2C 7B 22 30 22 3A 7B 22  ext",2,0,{"0":{"
00000020: 72 65 63 22 3A 7B 22 31  22 3A 7B 22 73 74 72 22  rec":{"1":{"str"
00000030: 3A 22 33 70 41 53 51 56  30 35 78 6B 4C 49 49 45  :"3pASQV05xkLIIE
00000040: 75 4C 32 6C 6C 6C 65 46  6F 62 45 59 6A 76 6A 69  uL2llleFobEYjvji
00000050: 6D 78 68 75 63 46 41 54  36 57 5A 50 34 34 4A 4E  mxhucFAT6WZP44JN
00000060: 54 4D 34 4D 57 66 52 4C  57 55 55 70 62 66 67 75  TM4MWfRLWUUpbfgu
00000070: 43 76 63 31 6C 74 4A 69  64 79 5A 77 66 70 69 4C  Cvc1ltJidyZwfpiL
00000080: 6F 74 32 66 42 6B 4A 54  6F 6D 71 4C 63 48 70 7A  ot2fBkJTomqLcHpz
00000090: 4E 6B 4E 30 61 36 77 4A  47 79 53 35 63 7A 33 79  NkN0a6wJGyS5cz3y
000000A0: 49 32 47 4A 54 66 4A 4E  6F 72 5A 53 4E 30 31 79  I2GJTfJNorZSN01y
000000B0: 57 41 6B 33 57 75 4F 77  72 52 7A 54 54 4D 49 65  WAk3WuOwrRzTTMIe
000000C0: 70 52 47 56 74 6E 53 75  4F 4F 6E 31 62 71 34 39  pRGVtnSuOOn1bq49
000000D0: 48 54 55 67 38 71 4A 65  39 73 75 6C 41 47 4D 6F  HTUg8qJe9sulAGMo
000000E0: 4A 7A 42 55 65 4D 30 31  65 45 36 35 39 4E 39 51  JzBUeM01eE659N9Q
000000F0: 41 74 58 7A 37 36 62 78  45 55 74 30 47 51 76 6C  AtXz76bxEUt0GQvl
00000100: 7A 32 44 36 33 39 79 4D  6A 54 75 63 59 75 79 77  z2D639yMjTucYuyw
00000110: 61 71 39 43 61 50 47 46  4A 36 42 51 35 49 6B 50  aq9CaPGFJ6BQ5IkP
00000120: 6C 72 47 54 67 6E 46 49  76 65 33 55 6E 4F 64 66  lrGTgnFIve3UnOdf
00000130: 45 70 20 40 75 73 65 72  6E 61 6D 65 5F 33 33 31  Ep @username_331
00000140: 20 40 75 73 65 72 6E 61  6D 65 5F 34 31 20 68 74   @username_41 ht
00000150: 74 70 3A 2F 2F 73 68 6F  72 74 2D 75 72 6C 2F 51  tp://short-url/Q
00000160: 63 6D 66 65 36 55 32 47  42 22 7D 2C 22 32 22 3A  cmfe6U2GB"},"2":
00000170: 7B 22 6C 73 74 22 3A 5B  22 72 65 63 22 2C 30 5D  {"lst":["rec",0]
00000180: 7D 2C 22 33 22 3A 7B 22  6C 73 74 22 3A 5B 22 72  },"3":{"lst":["r
00000190: 65 63 22 2C 31 2C 7B 22  31 22 3A 7B 22 73 74 72  ec",1,{"1":{"str
000001A0: 22 3A 22 68 74 74 70 3A  2F 2F 73 68 6F 72 74 2D  ":"http://short-
000001B0: 75 72 6C 2F 51 63 6D 66  65 36 55 32 47 42 22 7D  url/Qcmfe6U2GB"}
000001C0: 2C 22 32 22 3A 7B 22 73  74 72 22 3A 22 68 74 74  ,"2":{"str":"htt
000001D0: 70 3A 2F 2F 65 74 48 58  54 4A 36 78 63 73 67 72  p://etHXTJ6xcsgr
000001E0: 42 33 79 52 6E 65 58 43  76 62 5A 69 56 57 6E 65  B3yRneXCvbZiVWne
000001F0: 72 36 6B 37 53 4D 6B 4B  32 4A 43 37 5A 46 58 61  r6k7SMkK2JC7ZFXa
00000200: 58 37 35 55 69 65 56 72  7A 6D 37 4D 78 71 6D 34  X75UieVrzm7Mxqm4
00000210: 41 38 7A 59 22 7D 7D 5D  7D 7D 7D 7D 5D           A8zY"}}]}}}}]
====
STREAM PID 60589.0xffff9482d7141200 (C) > 60554.0xffff9482de657e00 (S), length 503
command[60589]: b'./src/ComposePostService/ComposePostService'
command[60554]: b'./cmake-build/src/TextService/TextService'
----
00000000: 00 00 01 F3 5B 31 2C 22  43 6F 6D 70 6F 73 65 54  ....[1,"ComposeT
00000010: 65 78 74 22 2C 31 2C 30  2C 7B 22 31 22 3A 7B 22  ext",1,0,{"1":{"
00000020: 69 36 34 22 3A 31 30 34  39 32 37 38 34 33 31 31  i64":10492784311
00000030: 39 32 33 30 38 39 39 32  7D 2C 22 32 22 3A 7B 22  92308992},"2":{"
00000040: 73 74 72 22 3A 22 46 4E  6B 74 57 30 76 74 67 67  str":"FNktW0vtgg
00000050: 75 4D 75 4F 34 43 48 58  59 47 6B 4A 72 44 6F 46  uMuO4CHXYGkJrDoF
00000060: 51 69 4A 71 30 32 30 74  54 48 7A 72 4C 48 39 67  QiJq020tTHzrLH9g
00000070: 70 53 46 63 75 43 43 42  74 56 63 51 46 35 65 4A  pSFcuCCBtVcQF5eJ
00000080: 79 44 73 76 6D 62 36 74  66 74 68 42 4F 73 67 49  yDsvmb6tfthBOsgI
00000090: 42 41 59 6E 6F 68 36 51  31 4F 6E 6A 52 75 30 53  BAYnoh6Q1OnjRu0S
000000A0: 49 44 57 6D 4E 41 6A 45  6F 61 70 33 51 35 38 42  IDWmNAjEoap3Q58B
000000B0: 48 44 56 4E 55 30 46 6A  31 45 39 53 48 7A 55 31  HDVNU0Fj1E9SHzU1
000000C0: 68 5A 57 4A 46 6D 61 6A  51 67 6A 39 76 38 61 48  hZWJFmajQgj9v8aH
000000D0: 4F 6B 37 67 38 36 32 6D  71 31 79 4D 58 6C 42 45  Ok7g862mq1yMXlBE
000000E0: 65 6D 33 4F 48 74 63 74  43 64 74 4D 63 66 67 62  em3OHtctCdtMcfgb
000000F0: 37 66 51 7A 54 4D 37 4C  55 7A 4E 6E 56 39 31 4C  7fQzTM7LUzNnV91L
00000100: 61 6B 37 52 61 30 70 42  46 51 58 7A 77 37 70 4E  ak7Ra0pBFQXzw7pN
00000110: 50 50 63 53 66 6F 74 56  71 42 5A 54 30 79 71 49  PPcSfotVqBZT0yqI
00000120: 69 74 37 4D 49 57 41 34  37 73 76 4F 68 32 75 58  it7MIWA47svOh2uX
00000130: 6E 44 4E 78 4D 44 6E 38  61 4D 4F 74 41 39 39 70  nDNxMDn8aMOtA99p
00000140: 38 52 50 6D 6C 55 20 40  75 73 65 72 6E 61 6D 65  8RPmlU @username
00000150: 5F 37 31 36 20 40 75 73  65 72 6E 61 6D 65 5F 33  _716 @username_3
00000160: 32 30 20 40 75 73 65 72  6E 61 6D 65 5F 32 39 32  20 @username_292
00000170: 20 40 75 73 65 72 6E 61  6D 65 5F 32 32 38 20 40   @username_228 @
00000180: 75 73 65 72 6E 61 6D 65  5F 33 34 39 20 68 74 74  username_349 htt
00000190: 70 3A 2F 2F 36 61 6F 38  78 74 6B 6F 43 51 30 64  p://6ao8xtkoCQ0d
000001A0: 36 71 66 53 39 42 45 68  31 4F 54 6C 78 67 30 67  6qfS9BEh1OTlxg0g
000001B0: 41 6B 76 4D 36 7A 62 72  79 51 6A 4C 6D 79 49 62  AkvM6zbryQjLmyIb
000001C0: 55 41 79 42 56 75 47 78  54 33 5A 75 72 49 4A 6F  UAyBVuGxT3ZurIJo
000001D0: 58 47 4F 6A 22 7D 2C 22  33 22 3A 7B 22 6D 61 70  XGOj"},"3":{"map
000001E0: 22 3A 5B 22 73 74 72 22  2C 22 73 74 72 22 2C 30  ":["str","str",0
000001F0: 2C 7B 7D 5D 7D 7D 5D                              ,{}]}}]
====
STREAM PID 60554.0xffff9482de657e00 (S) > 60589.0xffff9482d7141200 (C), length 584
command[60554]: b'./cmake-build/src/TextService/TextService'
command[60589]: b'./src/ComposePostService/ComposePostService'
----
00000000: 00 00 02 44 5B 31 2C 22  43 6F 6D 70 6F 73 65 54  ...D[1,"ComposeT
00000010: 65 78 74 22 2C 32 2C 30  2C 7B 22 30 22 3A 7B 22  ext",2,0,{"0":{"
00000020: 72 65 63 22 3A 7B 22 31  22 3A 7B 22 73 74 72 22  rec":{"1":{"str"
00000030: 3A 22 46 4E 6B 74 57 30  76 74 67 67 75 4D 75 4F  :"FNktW0vtgguMuO
00000040: 34 43 48 58 59 47 6B 4A  72 44 6F 46 51 69 4A 71  4CHXYGkJrDoFQiJq
00000050: 30 32 30 74 54 48 7A 72  4C 48 39 67 70 53 46 63  020tTHzrLH9gpSFc
00000060: 75 43 43 42 74 56 63 51  46 35 65 4A 79 44 73 76  uCCBtVcQF5eJyDsv
00000070: 6D 62 36 74 66 74 68 42  4F 73 67 49 42 41 59 6E  mb6tfthBOsgIBAYn
00000080: 6F 68 36 51 31 4F 6E 6A  52 75 30 53 49 44 57 6D  oh6Q1OnjRu0SIDWm
00000090: 4E 41 6A 45 6F 61 70 33  51 35 38 42 48 44 56 4E  NAjEoap3Q58BHDVN
000000A0: 55 30 46 6A 31 45 39 53  48 7A 55 31 68 5A 57 4A  U0Fj1E9SHzU1hZWJ
000000B0: 46 6D 61 6A 51 67 6A 39  76 38 61 48 4F 6B 37 67  FmajQgj9v8aHOk7g
000000C0: 38 36 32 6D 71 31 79 4D  58 6C 42 45 65 6D 33 4F  862mq1yMXlBEem3O
000000D0: 48 74 63 74 43 64 74 4D  63 66 67 62 37 66 51 7A  HtctCdtMcfgb7fQz
000000E0: 54 4D 37 4C 55 7A 4E 6E  56 39 31 4C 61 6B 37 52  TM7LUzNnV91Lak7R
000000F0: 61 30 70 42 46 51 58 7A  77 37 70 4E 50 50 63 53  a0pBFQXzw7pNPPcS
00000100: 66 6F 74 56 71 42 5A 54  30 79 71 49 69 74 37 4D  fotVqBZT0yqIit7M
00000110: 49 57 41 34 37 73 76 4F  68 32 75 58 6E 44 4E 78  IWA47svOh2uXnDNx
00000120: 4D 44 6E 38 61 4D 4F 74  41 39 39 70 38 52 50 6D  MDn8aMOtA99p8RPm
00000130: 6C 55 20 40 75 73 65 72  6E 61 6D 65 5F 37 31 36  lU @username_716
00000140: 20 40 75 73 65 72 6E 61  6D 65 5F 33 32 30 20 40   @username_320 @
00000150: 75 73 65 72 6E 61 6D 65  5F 32 39 32 20 40 75 73  username_292 @us
00000160: 65 72 6E 61 6D 65 5F 32  32 38 20 40 75 73 65 72  ername_228 @user
00000170: 6E 61 6D 65 5F 33 34 39  20 68 74 74 70 3A 2F 2F  name_349 http://
00000180: 73 68 6F 72 74 2D 75 72  6C 2F 46 67 6C 44 6C 63  short-url/FglDlc
00000190: 32 33 46 39 22 7D 2C 22  32 22 3A 7B 22 6C 73 74  23F9"},"2":{"lst
000001A0: 22 3A 5B 22 72 65 63 22  2C 30 5D 7D 2C 22 33 22  ":["rec",0]},"3"
000001B0: 3A 7B 22 6C 73 74 22 3A  5B 22 72 65 63 22 2C 31  :{"lst":["rec",1
000001C0: 2C 7B 22 31 22 3A 7B 22  73 74 72 22 3A 22 68 74  ,{"1":{"str":"ht
000001D0: 74 70 3A 2F 2F 73 68 6F  72 74 2D 75 72 6C 2F 46  tp://short-url/F
000001E0: 67 6C 44 6C 63 32 33 46  39 22 7D 2C 22 32 22 3A  glDlc23F9"},"2":
000001F0: 7B 22 73 74 72 22 3A 22  68 74 74 70 3A 2F 2F 36  {"str":"http://6
00000200: 61 6F 38 78 74 6B 6F 43  51 30 64 36 71 66 53 39  ao8xtkoCQ0d6qfS9
00000210: 42 45 68 31 4F 54 6C 78  67 30 67 41 6B 76 4D 36  BEh1OTlxg0gAkvM6
00000220: 7A 62 72 79 51 6A 4C 6D  79 49 62 55 41 79 42 56  zbryQjLmyIbUAyBV
00000230: 75 47 78 54 33 5A 75 72  49 4A 6F 58 47 4F 6A 22  uGxT3ZurIJoXGOj"
00000240: 7D 7D 5D 7D 7D 7D 7D 5D                           }}]}}}}]
====
STREAM PID 60589.0xffff9482d7141200 (C) > 60554.0xffff9482de657e00 (S), length 402
command[60589]: b'./src/ComposePostService/ComposePostService'
command[60554]: b'./cmake-build/src/TextService/TextService'
----
00000000: 00 00 01 8E 5B 31 2C 22  43 6F 6D 70 6F 73 65 54  ....[1,"ComposeT
00000010: 65 78 74 22 2C 31 2C 30  2C 7B 22 31 22 3A 7B 22  ext",1,0,{"1":{"
00000020: 69 36 34 22 3A 32 33 37  33 34 34 34 38 30 31 35  i64":23734448015
00000030: 36 30 30 31 36 30 30 7D  2C 22 32 22 3A 7B 22 73  6001600},"2":{"s
00000040: 74 72 22 3A 22 5A 62 31  52 67 73 64 6E 52 4A 76  tr":"Zb1RgsdnRJv
00000050: 4D 38 67 69 74 69 43 31  30 44 73 69 51 33 44 68  M8gitiC10DsiQ3Dh
00000060: 30 70 34 38 42 54 6C 33  71 32 70 5A 6B 58 67 59  0p48BTl3q2pZkXgY
00000070: 70 44 78 66 4D 74 39 61  36 7A 72 4D 78 46 35 68  pDxfMt9a6zrMxF5h
00000080: 56 32 34 35 79 76 58 6C  57 34 35 5A 6F 44 54 70  V245yvXlW45ZoDTp
00000090: 39 30 48 44 71 63 55 79  55 6F 58 41 78 33 42 69  90HDqcUyUoXAx3Bi
000000A0: 76 4E 4E 78 4B 31 69 70  6C 47 4A 30 75 61 72 67  vNNxK1iplGJ0uarg
000000B0: 7A 54 41 35 47 53 49 32  79 34 39 79 65 55 75 79  zTA5GSI2y49yeUuy
000000C0: 30 77 47 71 75 6F 33 75  36 4B 77 39 38 78 79 4B  0wGquo3u6Kw98xyK
000000D0: 66 53 71 72 64 67 4A 67  6B 4A 48 31 78 45 37 63  fSqrdgJgkJH1xE7c
000000E0: 70 75 79 61 65 55 30 72  79 52 6F 62 6D 32 79 6A  puyaeU0ryRobm2yj
000000F0: 46 69 4E 44 6A 64 41 56  68 49 31 72 4B 4A 4A 74  FiNDjdAVhI1rKJJt
00000100: 44 46 42 47 4D 68 4C 68  44 39 34 63 37 6B 49 68  DFBGMhLhD94c7kIh
00000110: 31 73 33 44 46 31 56 4F  48 56 45 78 6A 73 48 79  1s3DF1VOHVExjsHy
00000120: 76 39 69 59 4B 55 4B 67  37 6F 47 49 69 36 6D 79  v9iYKUKg7oGIi6my
00000130: 76 39 78 50 50 70 4E 48  4C 63 6C 59 46 62 34 44  v9xPPpNHLclYFb4D
00000140: 50 4F 52 6B 4C 20 40 75  73 65 72 6E 61 6D 65 5F  PORkL @username_
00000150: 36 31 31 20 40 75 73 65  72 6E 61 6D 65 5F 33 37  611 @username_37
00000160: 39 20 40 75 73 65 72 6E  61 6D 65 5F 37 30 31 22  9 @username_701"
00000170: 7D 2C 22 33 22 3A 7B 22  6D 61 70 22 3A 5B 22 73  },"3":{"map":["s
00000180: 74 72 22 2C 22 73 74 72  22 2C 30 2C 7B 7D 5D 7D  tr","str",0,{}]}
00000190: 7D 5D                                             }]
====
STREAM PID 60554.0xffff9482de657e00 (S) > 60589.0xffff9482d7141200 (C), length 398
command[60554]: b'./cmake-build/src/TextService/TextService'
command[60589]: b'./src/ComposePostService/ComposePostService'
----
00000000: 00 00 01 8A 5B 31 2C 22  43 6F 6D 70 6F 73 65 54  ....[1,"ComposeT
00000010: 65 78 74 22 2C 32 2C 30  2C 7B 22 30 22 3A 7B 22  ext",2,0,{"0":{"
00000020: 72 65 63 22 3A 7B 22 31  22 3A 7B 22 73 74 72 22  rec":{"1":{"str"
00000030: 3A 22 5A 62 31 52 67 73  64 6E 52 4A 76 4D 38 67  :"Zb1RgsdnRJvM8g
00000040: 69 74 69 43 31 30 44 73  69 51 33 44 68 30 70 34  itiC10DsiQ3Dh0p4
00000050: 38 42 54 6C 33 71 32 70  5A 6B 58 67 59 70 44 78  8BTl3q2pZkXgYpDx
00000060: 66 4D 74 39 61 36 7A 72  4D 78 46 35 68 56 32 34  fMt9a6zrMxF5hV24
00000070: 35 79 76 58 6C 57 34 35  5A 6F 44 54 70 39 30 48  5yvXlW45ZoDTp90H
00000080: 44 71 63 55 79 55 6F 58  41 78 33 42 69 76 4E 4E  DqcUyUoXAx3BivNN
00000090: 78 4B 31 69 70 6C 47 4A  30 75 61 72 67 7A 54 41  xK1iplGJ0uargzTA
000000A0: 35 47 53 49 32 79 34 39  79 65 55 75 79 30 77 47  5GSI2y49yeUuy0wG
000000B0: 71 75 6F 33 75 36 4B 77  39 38 78 79 4B 66 53 71  quo3u6Kw98xyKfSq
000000C0: 72 64 67 4A 67 6B 4A 48  31 78 45 37 63 70 75 79  rdgJgkJH1xE7cpuy
000000D0: 61 65 55 30 72 79 52 6F  62 6D 32 79 6A 46 69 4E  aeU0ryRobm2yjFiN
000000E0: 44 6A 64 41 56 68 49 31  72 4B 4A 4A 74 44 46 42  DjdAVhI1rKJJtDFB
000000F0: 47 4D 68 4C 68 44 39 34  63 37 6B 49 68 31 73 33  GMhLhD94c7kIh1s3
00000100: 44 46 31 56 4F 48 56 45  78 6A 73 48 79 76 39 69  DF1VOHVExjsHyv9i
00000110: 59 4B 55 4B 67 37 6F 47  49 69 36 6D 79 76 39 78  YKUKg7oGIi6myv9x
00000120: 50 50 70 4E 48 4C 63 6C  59 46 62 34 44 50 4F 52  PPpNHLclYFb4DPOR
00000130: 6B 4C 20 40 75 73 65 72  6E 61 6D 65 5F 36 31 31  kL @username_611
00000140: 20 40 75 73 65 72 6E 61  6D 65 5F 33 37 39 20 40   @username_379 @
00000150: 75 73 65 72 6E 61 6D 65  5F 37 30 31 22 7D 2C 22  username_701"},"
00000160: 32 22 3A 7B 22 6C 73 74  22 3A 5B 22 72 65 63 22  2":{"lst":["rec"
00000170: 2C 30 5D 7D 2C 22 33 22  3A 7B 22 6C 73 74 22 3A  ,0]},"3":{"lst":
00000180: 5B 22 72 65 63 22 2C 30  5D 7D 7D 7D 7D 5D        ["rec",0]}}}}]
====
STREAM PID 60589.0xffff9482d7141200 (C) > 60554.0xffff9482de657e00 (S), length 504
command[60589]: b'./src/ComposePostService/ComposePostService'
command[60554]: b'./cmake-build/src/TextService/TextService'
----
00000000: 00 00 01 F4 5B 31 2C 22  43 6F 6D 70 6F 73 65 54  ....[1,"ComposeT
00000010: 65 78 74 22 2C 31 2C 30  2C 7B 22 31 22 3A 7B 22  ext",1,0,{"1":{"
00000020: 69 36 34 22 3A 35 32 31  35 34 32 39 36 33 35 32  i64":52154296352
00000030: 34 34 35 32 30 39 36 7D  2C 22 32 22 3A 7B 22 73  4452096},"2":{"s
00000040: 74 72 22 3A 22 5A 33 45  4B 6C 58 41 32 61 31 64  tr":"Z3EKlXA2a1d
00000050: 53 6C 48 62 4D 65 38 6F  72 4E 6B 52 6D 4F 6E 77  SlHbMe8orNkRmOnw
00000060: 42 42 78 62 44 44 67 39  78 50 53 33 38 37 50 64  BBxbDDg9xPS387Pd
00000070: 36 68 67 53 72 71 50 57  6F 39 32 61 6B 36 65 6A  6hgSrqPWo92ak6ej
00000080: 35 57 42 4C 48 69 43 6D  4E 71 42 33 43 77 36 45  5WBLHiCmNqB3Cw6E
00000090: 49 66 58 42 6C 6B 64 64  57 65 74 74 33 41 71 76  IfXBlkddWett3Aqv
000000A0: 51 54 42 48 59 36 58 75  34 39 33 6E 35 4D 4B 77  QTBHY6Xu493n5MKw
000000B0: 34 77 6F 50 59 50 37 77  67 37 52 7A 4D 39 56 54  4woPYP7wg7RzM9VT
000000C0: 6E 56 64 65 77 7A 67 52  6C 62 72 47 79 68 33 4B  nVdewzgRlbrGyh3K
000000D0: 57 4C 36 6B 49 6C 54 5A  64 36 49 68 36 56 6A 45  WL6kIlTZd6Ih6VjE
000000E0: 51 79 73 48 6F 6C 49 48  39 4B 53 37 6B 7A 57 52  QysHolIH9KS7kzWR
000000F0: 5A 6E 4E 37 56 34 52 67  56 6E 30 6F 61 38 70 69  ZnN7V4RgVn0oa8pi
00000100: 49 32 7A 73 67 6C 6C 31  6C 72 32 6B 6B 79 62 68  I2zsgll1lr2kkybh
00000110: 52 33 69 67 57 5A 43 73  33 4F 6A 57 55 34 76 49  R3igWZCs3OjWU4vI
00000120: 75 43 67 43 43 32 72 4F  77 6E 4A 4D 4A 36 71 47  uCgCC2rOwnJMJ6qG
00000130: 51 30 77 30 71 39 37 45  48 39 42 64 46 4C 58 4D  Q0w0q97EH9BdFLXM
00000140: 44 67 6A 46 38 20 68 74  74 70 3A 2F 2F 74 67 35  DgjF8 http://tg5
00000150: 37 6A 4D 39 45 65 45 6E  37 4B 38 45 71 4E 39 49  7jM9EeEn7K8EqN9I
00000160: 5A 6D 76 76 46 33 72 44  68 37 45 71 41 6B 34 51  ZmvvF3rDh7EqAk4Q
00000170: 45 6B 70 4D 58 63 55 7A  6F 67 37 54 75 64 49 57  EkpMXcUzog7TudIW
00000180: 6F 50 61 46 48 63 64 4C  62 54 31 43 58 20 68 74  oPaFHcdLbT1CX ht
00000190: 74 70 3A 2F 2F 75 34 7A  62 68 48 73 6D 47 73 70  tp://u4zbhHsmGsp
000001A0: 57 75 64 4A 78 6E 4D 47  4D 6C 34 70 69 5A 42 4A  WudJxnMGMl4piZBJ
000001B0: 55 7A 46 74 78 6F 36 31  42 76 57 46 45 51 4C 71  UzFtxo61BvWFEQLq
000001C0: 64 4C 4E 65 51 6E 44 46  6D 77 6A 69 63 67 33 6F  dLNeQnDFmwjicg3o
000001D0: 6E 63 31 70 35 22 7D 2C  22 33 22 3A 7B 22 6D 61  nc1p5"},"3":{"ma
000001E0: 70 22 3A 5B 22 73 74 72  22 2C 22 73 74 72 22 2C  p":["str","str",
000001F0: 30 2C 7B 7D 5D 7D 7D 5D                           0,{}]}}]
====
STREAM PID 60554.0xffff9482de657e00 (S) > 60589.0xffff9482d7141200 (C), length 672
command[60554]: b'./cmake-build/src/TextService/TextService'
command[60589]: b'./src/ComposePostService/ComposePostService'
----
00000000: 00 00 02 9C 5B 31 2C 22  43 6F 6D 70 6F 73 65 54  ....[1,"ComposeT
00000010: 65 78 74 22 2C 32 2C 30  2C 7B 22 30 22 3A 7B 22  ext",2,0,{"0":{"
00000020: 72 65 63 22 3A 7B 22 31  22 3A 7B 22 73 74 72 22  rec":{"1":{"str"
00000030: 3A 22 5A 33 45 4B 6C 58  41 32 61 31 64 53 6C 48  :"Z3EKlXA2a1dSlH
00000040: 62 4D 65 38 6F 72 4E 6B  52 6D 4F 6E 77 42 42 78  bMe8orNkRmOnwBBx
00000050: 62 44 44 67 39 78 50 53  33 38 37 50 64 36 68 67  bDDg9xPS387Pd6hg
00000060: 53 72 71 50 57 6F 39 32  61 6B 36 65 6A 35 57 42  SrqPWo92ak6ej5WB
00000070: 4C 48 69 43 6D 4E 71 42  33 43 77 36 45 49 66 58  LHiCmNqB3Cw6EIfX
00000080: 42 6C 6B 64 64 57 65 74  74 33 41 71 76 51 54 42  BlkddWett3AqvQTB
00000090: 48 59 36 58 75 34 39 33  6E 35 4D 4B 77 34 77 6F  HY6Xu493n5MKw4wo
000000A0: 50 59 50 37 77 67 37 52  7A 4D 39 56 54 6E 56 64  PYP7wg7RzM9VTnVd
000000B0: 65 77 7A 67 52 6C 62 72  47 79 68 33 4B 57 4C 36  ewzgRlbrGyh3KWL6
000000C0: 6B 49 6C 54 5A 64 36 49  68 36 56 6A 45 51 79 73  kIlTZd6Ih6VjEQys
000000D0: 48 6F 6C 49 48 39 4B 53  37 6B 7A 57 52 5A 6E 4E  HolIH9KS7kzWRZnN
000000E0: 37 56 34 52 67 56 6E 30  6F 61 38 70 69 49 32 7A  7V4RgVn0oa8piI2z
000000F0: 73 67 6C 6C 31 6C 72 32  6B 6B 79 62 68 52 33 69  sgll1lr2kkybhR3i
00000100: 67 57 5A 43 73 33 4F 6A  57 55 34 76 49 75 43 67  gWZCs3OjWU4vIuCg
00000110: 43 43 32 72 4F 77 6E 4A  4D 4A 36 71 47 51 30 77  CC2rOwnJMJ6qGQ0w
00000120: 30 71 39 37 45 48 39 42  64 46 4C 58 4D 44 67 6A  0q97EH9BdFLXMDgj
00000130: 46 38 20 68 74 74 70 3A  2F 2F 73 68 6F 72 74 2D  F8 http://short-
00000140: 75 72 6C 2F 55 43 63 78  4B 54 6B 54 43 49 20 68  url/UCcxKTkTCI h
00000150: 74 74 70 3A 2F 2F 73 68  6F 72 74 2D 75 72 6C 2F  ttp://short-url/
00000160: 73 6E 54 61 73 51 69 39  46 56 22 7D 2C 22 32 22  snTasQi9FV"},"2"
00000170: 3A 7B 22 6C 73 74 22 3A  5B 22 72 65 63 22 2C 30  :{"lst":["rec",0
00000180: 5D 7D 2C 22 33 22 3A 7B  22 6C 73 74 22 3A 5B 22  ]},"3":{"lst":["
00000190: 72 65 63 22 2C 32 2C 7B  22 31 22 3A 7B 22 73 74  rec",2,{"1":{"st
000001A0: 72 22 3A 22 68 74 74 70  3A 2F 2F 73 68 6F 72 74  r":"http://short
000001B0: 2D 75 72 6C 2F 55 43 63  78 4B 54 6B 54 43 49 22  -url/UCcxKTkTCI"
000001C0: 7D 2C 22 32 22 3A 7B 22  73 74 72 22 3A 22 68 74  },"2":{"str":"ht
000001D0: 74 70 3A 2F 2F 74 67 35  37 6A 4D 39 45 65 45 6E  tp://tg57jM9EeEn
000001E0: 37 4B 38 45 71 4E 39 49  5A 6D 76 76 46 33 72 44  7K8EqN9IZmvvF3rD
000001F0: 68 37 45 71 41 6B 34 51  45 6B 70 4D 58 63 55 7A  h7EqAk4QEkpMXcUz
00000200: 6F 67 37 54 75 64 49 57  6F 50 61 46 48 63 64 4C  og7TudIWoPaFHcdL
00000210: 62 54 31 43 58 22 7D 7D  2C 7B 22 31 22 3A 7B 22  bT1CX"}},{"1":{"
00000220: 73 74 72 22 3A 22 68 74  74 70 3A 2F 2F 73 68 6F  str":"http://sho
00000230: 72 74 2D 75 72 6C 2F 73  6E 54 61 73 51 69 39 46  rt-url/snTasQi9F
00000240: 56 22 7D 2C 22 32 22 3A  7B 22 73 74 72 22 3A 22  V"},"2":{"str":"
00000250: 68 74 74 70 3A 2F 2F 75  34 7A 62 68 48 73 6D 47  http://u4zbhHsmG
00000260: 73 70 57 75 64 4A 78 6E  4D 47 4D 6C 34 70 69 5A  spWudJxnMGMl4piZ
00000270: 42 4A 55 7A 46 74 78 6F  36 31 42 76 57 46 45 51  BJUzFtxo61BvWFEQ
00000280: 4C 71 64 4C 4E 65 51 6E  44 46 6D 77 6A 69 63 67  LqdLNeQnDFmwjicg
00000290: 33 6F 6E 63 31 70 35 22  7D 7D 5D 7D 7D 7D 7D 5D  3onc1p5"}}]}}}}]
====
STREAM PID 60589.0xffff9482d7141200 (C) > 60554.0xffff9482de657e00 (S), length 532
command[60589]: b'./src/ComposePostService/ComposePostService'
command[60554]: b'./cmake-build/src/TextService/TextService'
----
00000000: 00 00 02 10 5B 31 2C 22  43 6F 6D 70 6F 73 65 54  ....[1,"ComposeT
00000010: 65 78 74 22 2C 31 2C 30  2C 7B 22 31 22 3A 7B 22  ext",1,0,{"1":{"
00000020: 69 36 34 22 3A 36 36 32  38 35 37 33 35 37 36 35  i64":66285735765
00000030: 30 35 36 30 33 38 34 7D  2C 22 32 22 3A 7B 22 73  0560384},"2":{"s
00000040: 74 72 22 3A 22 6E 57 45  59 59 44 55 6B 45 51 57  tr":"nWEYYDUkEQW
00000050: 54 4F 4F 44 73 42 30 44  32 34 62 53 6D 62 66 71  TOODsB0D24bSmbfq
00000060: 35 4D 55 69 54 64 35 64  4B 72 49 4E 55 55 6D 4C  5MUiTd5dKrINUUmL
00000070: 64 58 70 45 44 69 33 6C  34 6D 6E 62 4E 42 54 51  dXpEDi3l4mnbNBTQ
00000080: 67 6F 38 6C 58 76 32 54  73 66 55 4A 73 47 48 53  go8lXv2TsfUJsGHS
00000090: 73 7A 61 76 4B 5A 67 4B  75 77 68 45 48 7A 42 4D  szavKZgKuwhEHzBM
000000A0: 7A 51 51 76 5A 4E 45 62  4D 31 56 64 53 7A 51 73  zQQvZNEbM1VdSzQs
000000B0: 4D 6B 37 44 54 72 6E 42  71 49 71 79 6E 61 6D 41  Mk7DTrnBqIqynamA
000000C0: 53 47 4D 42 5A 7A 4E 55  67 41 6A 4D 30 72 63 35  SGMBZzNUgAjM0rc5
000000D0: 30 54 69 34 74 67 74 6B  47 79 6D 79 75 31 5A 64  0Ti4tgtkGymyu1Zd
000000E0: 74 6B 6E 6B 45 57 33 58  47 61 45 4B 59 4C 66 6C  tknkEW3XGaEKYLfl
000000F0: 33 48 46 71 75 4E 50 75  31 49 74 6A 35 37 50 75  3HFquNPu1Itj57Pu
00000100: 73 49 66 79 59 45 64 55  7A 4C 4E 5A 52 4C 31 4F  sIfyYEdUzLNZRL1O
00000110: 32 65 76 31 56 66 62 6D  73 67 59 51 32 73 76 4B  2ev1VfbmsgYQ2svK
00000120: 6F 75 31 34 67 45 4D 52  34 5A 6E 6E 70 44 39 5A  ou14gEMR4ZnnpD9Z
00000130: 39 39 36 4E 6D 47 64 42  68 46 48 77 32 77 4E 6B  996NmGdBhFHw2wNk
00000140: 71 72 41 31 52 20 40 75  73 65 72 6E 61 6D 65 5F  qrA1R @username_
00000150: 39 32 35 20 40 75 73 65  72 6E 61 6D 65 5F 31 34  925 @username_14
00000160: 36 20 68 74 74 70 3A 2F  2F 73 4C 4E 7A 6B 79 67  6 http://sLNzkyg
00000170: 54 67 77 33 6F 53 77 39  30 34 6D 56 50 68 64 4F  Tgw3oSw904mVPhdO
00000180: 72 61 65 53 62 32 44 71  72 5A 51 59 6D 44 53 59  raeSb2DqrZQYmDSY
00000190: 66 4B 52 66 4A 51 68 33  35 58 65 77 33 6D 31 6B  fKRfJQh35Xew3m1k
000001A0: 44 41 4B 43 6D 75 52 51  72 20 68 74 74 70 3A 2F  DAKCmuRQr http:/
000001B0: 2F 7A 6F 44 77 64 65 45  6B 67 4D 64 77 38 63 48  /zoDwdeEkgMdw8cH
000001C0: 7A 43 43 33 76 72 7A 64  5A 50 32 72 62 42 33 6A  zCC3vrzdZP2rbB3j
000001D0: 57 50 50 55 70 58 7A 67  69 43 44 32 4E 5A 72 42  WPPUpXzgiCD2NZrB
000001E0: 63 30 52 53 6B 55 55 69  5A 47 47 7A 43 70 4A 44  c0RSkUUiZGGzCpJD
000001F0: 6B 22 7D 2C 22 33 22 3A  7B 22 6D 61 70 22 3A 5B  k"},"3":{"map":[
00000200: 22 73 74 72 22 2C 22 73  74 72 22 2C 30 2C 7B 7D  "str","str",0,{}
00000210: 5D 7D 7D 5D                                       ]}}]
====
STREAM PID 60554.0xffff9482de657e00 (S) > 60589.0xffff9482d7141200 (C), length 700
command[60554]: b'./cmake-build/src/TextService/TextService'
command[60589]: b'./src/ComposePostService/ComposePostService'
----
00000000: 00 00 02 B8 5B 31 2C 22  43 6F 6D 70 6F 73 65 54  ....[1,"ComposeT
00000010: 65 78 74 22 2C 32 2C 30  2C 7B 22 30 22 3A 7B 22  ext",2,0,{"0":{"
00000020: 72 65 63 22 3A 7B 22 31  22 3A 7B 22 73 74 72 22  rec":{"1":{"str"
00000030: 3A 22 6E 57 45 59 59 44  55 6B 45 51 57 54 4F 4F  :"nWEYYDUkEQWTOO
00000040: 44 73 42 30 44 32 34 62  53 6D 62 66 71 35 4D 55  DsB0D24bSmbfq5MU
00000050: 69 54 64 35 64 4B 72 49  4E 55 55 6D 4C 64 58 70  iTd5dKrINUUmLdXp
00000060: 45 44 69 33 6C 34 6D 6E  62 4E 42 54 51 67 6F 38  EDi3l4mnbNBTQgo8
00000070: 6C 58 76 32 54 73 66 55  4A 73 47 48 53 73 7A 61  lXv2TsfUJsGHSsza
00000080: 76 4B 5A 67 4B 75 77 68  45 48 7A 42 4D 7A 51 51  vKZgKuwhEHzBMzQQ
00000090: 76 5A 4E 45 62 4D 31 56  64 53 7A 51 73 4D 6B 37  vZNEbM1VdSzQsMk7
000000A0: 44 54 72 6E 42 71 49 71  79 6E 61 6D 41 53 47 4D  DTrnBqIqynamASGM
000000B0: 42 5A 7A 4E 55 67 41 6A  4D 30 72 63 35 30 54 69  BZzNUgAjM0rc50Ti
000000C0: 34 74 67 74 6B 47 79 6D  79 75 31 5A 64 74 6B 6E  4tgtkGymyu1Zdtkn
000000D0: 6B 45 57 33 58 47 61 45  4B 59 4C 66 6C 33 48 46  kEW3XGaEKYLfl3HF
000000E0: 71 75 4E 50 75 31 49 74  6A 35 37 50 75 73 49 66  quNPu1Itj57PusIf
000000F0: 79 59 45 64 55 7A 4C 4E  5A 52 4C 31 4F 32 65 76  yYEdUzLNZRL1O2ev
00000100: 31 56 66 62 6D 73 67 59  51 32 73 76 4B 6F 75 31  1VfbmsgYQ2svKou1
00000110: 34 67 45 4D 52 34 5A 6E  6E 70 44 39 5A 39 39 36  4gEMR4ZnnpD9Z996
00000120: 4E 6D 47 64 42 68 46 48  77 32 77 4E 6B 71 72 41  NmGdBhFHw2wNkqrA
00000130: 31 52 20 40 75 73 65 72  6E 61 6D 65 5F 39 32 35  1R @username_925
00000140: 20 40 75 73 65 72 6E 61  6D 65 5F 31 34 36 20 68   @username_146 h
00000150: 74 74 70 3A 2F 2F 73 68  6F 72 74 2D 75 72 6C 2F  ttp://short-url/
00000160: 75 42 4C 33 78 79 52 4B  64 57 20 68 74 74 70 3A  uBL3xyRKdW http:
00000170: 2F 2F 73 68 6F 72 74 2D  75 72 6C 2F 41 45 4D 79  //short-url/AEMy
00000180: 59 68 54 77 62 56 22 7D  2C 22 32 22 3A 7B 22 6C  YhTwbV"},"2":{"l
00000190: 73 74 22 3A 5B 22 72 65  63 22 2C 30 5D 7D 2C 22  st":["rec",0]},"
000001A0: 33 22 3A 7B 22 6C 73 74  22 3A 5B 22 72 65 63 22  3":{"lst":["rec"
000001B0: 2C 32 2C 7B 22 31 22 3A  7B 22 73 74 72 22 3A 22  ,2,{"1":{"str":"
000001C0: 68 74 74 70 3A 2F 2F 73  68 6F 72 74 2D 75 72 6C  http://short-url
000001D0: 2F 75 42 4C 33 78 79 52  4B 64 57 22 7D 2C 22 32  /uBL3xyRKdW"},"2
000001E0: 22 3A 7B 22 73 74 72 22  3A 22 68 74 74 70 3A 2F  ":{"str":"http:/
000001F0: 2F 73 4C 4E 7A 6B 79 67  54 67 77 33 6F 53 77 39  /sLNzkygTgw3oSw9
00000200: 30 34 6D 56 50 68 64 4F  72 61 65 53 62 32 44 71  04mVPhdOraeSb2Dq
00000210: 72 5A 51 59 6D 44 53 59  66 4B 52 66 4A 51 68 33  rZQYmDSYfKRfJQh3
00000220: 35 58 65 77 33 6D 31 6B  44 41 4B 43 6D 75 52 51  5Xew3m1kDAKCmuRQ
00000230: 72 22 7D 7D 2C 7B 22 31  22 3A 7B 22 73 74 72 22  r"}},{"1":{"str"
00000240: 3A 22 68 74 74 70 3A 2F  2F 73 68 6F 72 74 2D 75  :"http://short-u
00000250: 72 6C 2F 41 45 4D 79 59  68 54 77 62 56 22 7D 2C  rl/AEMyYhTwbV"},
00000260: 22 32 22 3A 7B 22 73 74  72 22 3A 22 68 74 74 70  "2":{"str":"http
00000270: 3A 2F 2F 7A 6F 44 77 64  65 45 6B 67 4D 64 77 38  ://zoDwdeEkgMdw8
00000280: 63 48 7A 43 43 33 76 72  7A 64 5A 50 32 72 62 42  cHzCC3vrzdZP2rbB
00000290: 33 6A 57 50 50 55 70 58  7A 67 69 43 44 32 4E 5A  3jWPPUpXzgiCD2NZ
000002A0: 72 42 63 30 52 53 6B 55  55 69 5A 47 47 7A 43 70  rBc0RSkUUiZGGzCp
000002B0: 4A 44 6B 22 7D 7D 5D 7D  7D 7D 7D 5D              JDk"}}]}}}}]
====
STREAM PID 60589.0xffff9482d7141200 (C) > 60554.0xffff9482de657e00 (S), length 633
command[60589]: b'./src/ComposePostService/ComposePostService'
command[60554]: b'./cmake-build/src/TextService/TextService'
----
00000000: 00 00 02 75 5B 31 2C 22  43 6F 6D 70 6F 73 65 54  ...u[1,"ComposeT
00000010: 65 78 74 22 2C 31 2C 30  2C 7B 22 31 22 3A 7B 22  ext",1,0,{"1":{"
00000020: 69 36 34 22 3A 31 31 33  39 39 31 33 33 36 30 33  i64":11399133603
00000030: 35 36 34 35 33 38 38 38  7D 2C 22 32 22 3A 7B 22  56453888},"2":{"
00000040: 73 74 72 22 3A 22 35 74  30 39 30 6B 62 51 38 4B  str":"5t090kbQ8K
00000050: 64 33 6D 70 6E 54 77 75  6A 49 72 7A 7A 45 75 55  d3mpnTwujIrzzEuU
00000060: 62 74 4D 70 61 46 67 59  7A 7A 64 6C 6C 70 77 4C  btMpaFgYzzdllpwL
00000070: 68 5A 58 6F 45 43 6C 43  41 68 54 4F 45 65 4E 67  hZXoEClCAhTOEeNg
00000080: 6C 74 41 6E 64 43 75 65  73 56 71 72 54 4C 54 32  ltAndCuesVqrTLT2
00000090: 51 78 65 57 30 79 41 75  57 61 79 51 6A 76 34 51  QxeW0yAuWayQjv4Q
000000A0: 69 43 39 62 58 6A 44 46  56 58 4F 53 62 66 54 45  iC9bXjDFVXOSbfTE
000000B0: 70 47 77 58 42 59 54 36  69 45 7A 74 4A 49 75 41  pGwXBYT6iEztJIuA
000000C0: 62 58 6D 59 36 4D 52 42  6C 53 65 6E 31 52 73 64  bXmY6MRBlSen1Rsd
000000D0: 78 38 73 47 43 69 44 73  77 70 31 4E 68 71 49 6F  x8sGCiDswp1NhqIo
000000E0: 77 42 41 4F 48 62 49 77  47 4B 46 35 51 6A 49 79  wBAOHbIwGKF5QjIy
000000F0: 38 4D 77 50 77 63 35 7A  55 4D 41 72 72 6D 4E 36  8MwPwc5zUMArrmN6
00000100: 68 48 41 7A 56 38 37 38  6D 6E 6C 64 67 6E 46 64  hHAzV878mnldgnFd
00000110: 62 31 71 54 36 73 6D 36  53 58 52 57 65 51 62 39  b1qT6sm6SXRWeQb9
00000120: 33 49 4C 73 6E 79 47 76  53 39 72 46 6C 34 75 6D  3ILsnyGvS9rFl4um
00000130: 6D 74 5A 49 54 66 44 56  46 7A 4C 67 6D 41 76 4C  mtZITfDVFzLgmAvL
00000140: 4B 68 69 4E 71 7A 20 40  75 73 65 72 6E 61 6D 65  KhiNqz @username
00000150: 5F 38 31 32 20 40 75 73  65 72 6E 61 6D 65 5F 33  _812 @username_3
00000160: 30 37 20 40 75 73 65 72  6E 61 6D 65 5F 31 31 36  07 @username_116
00000170: 20 40 75 73 65 72 6E 61  6D 65 5F 39 35 38 20 68   @username_958 h
00000180: 74 74 70 3A 2F 2F 77 6D  70 43 6B 50 4F 69 59 4B  ttp://wmpCkPOiYK
00000190: 58 33 52 31 79 36 30 6C  5A 74 56 68 6C 30 61 47  X3R1y60lZtVhl0aG
000001A0: 76 61 6B 79 76 30 78 67  4B 32 6F 39 41 78 6E 69  vakyv0xgK2o9Axni
000001B0: 74 53 78 54 65 37 4C 33  6A 65 42 66 6A 46 6A 65  tSxTe7L3jeBfjFje
000001C0: 32 39 6B 68 68 47 20 68  74 74 70 3A 2F 2F 39 79  29khhG http://9y
000001D0: 6E 6E 75 65 59 6F 6C 67  4A 44 73 65 43 56 4D 36  nnueYolgJDseCVM6
000001E0: 61 6D 44 75 4B 77 51 70  69 68 54 62 7A 63 5A 4B  amDuKwQpihTbzcZK
000001F0: 45 4A 72 67 6F 44 4A 36  36 58 64 4F 50 41 77 43  EJrgoDJ66XdOPAwC
00000200: 41 50 68 75 61 58 36 79  45 62 69 45 64 5A 20 68  APhuaX6yEbiEdZ h
00000210: 74 74 70 3A 2F 2F 66 58  76 50 61 7A 43 6A 55 74  ttp://fXvPazCjUt
00000220: 79 4A 74 77 71 73 35 73  75 6D 53 6A 44 32 63 5A  yJtwqs5sumSjD2cZ
00000230: 66 59 7A 54 44 72 55 79  36 47 30 56 7A 77 62 4D  fYzTDrUy6G0VzwbM
00000240: 33 7A 37 72 55 6E 31 67  39 76 30 4F 5A 45 6F 75  3z7rUn1g9v0OZEou
00000250: 53 62 6C 5A 4A 46 22 7D  2C 22 33 22 3A 7B 22 6D  SblZJF"},"3":{"m
00000260: 61 70 22 3A 5B 22 73 74  72 22 2C 22 73 74 72 22  ap":["str","str"
00000270: 2C 30 2C 7B 7D 5D 7D 7D  5D                       ,0,{}]}}]
====
STREAM PID 60554.0xffff9482de657e00 (S) > 60589.0xffff9482d7141200 (C), length 886
command[60554]: b'./cmake-build/src/TextService/TextService'
command[60589]: b'./src/ComposePostService/ComposePostService'
----
00000000: 00 00 03 72 5B 31 2C 22  43 6F 6D 70 6F 73 65 54  ...r[1,"ComposeT
00000010: 65 78 74 22 2C 32 2C 30  2C 7B 22 30 22 3A 7B 22  ext",2,0,{"0":{"
00000020: 72 65 63 22 3A 7B 22 31  22 3A 7B 22 73 74 72 22  rec":{"1":{"str"
00000030: 3A 22 35 74 30 39 30 6B  62 51 38 4B 64 33 6D 70  :"5t090kbQ8Kd3mp
00000040: 6E 54 77 75 6A 49 72 7A  7A 45 75 55 62 74 4D 70  nTwujIrzzEuUbtMp
00000050: 61 46 67 59 7A 7A 64 6C  6C 70 77 4C 68 5A 58 6F  aFgYzzdllpwLhZXo
00000060: 45 43 6C 43 41 68 54 4F  45 65 4E 67 6C 74 41 6E  EClCAhTOEeNgltAn
00000070: 64 43 75 65 73 56 71 72  54 4C 54 32 51 78 65 57  dCuesVqrTLT2QxeW
00000080: 30 79 41 75 57 61 79 51  6A 76 34 51 69 43 39 62  0yAuWayQjv4QiC9b
00000090: 58 6A 44 46 56 58 4F 53  62 66 54 45 70 47 77 58  XjDFVXOSbfTEpGwX
000000A0: 42 59 54 36 69 45 7A 74  4A 49 75 41 62 58 6D 59  BYT6iEztJIuAbXmY
000000B0: 36 4D 52 42 6C 53 65 6E  31 52 73 64 78 38 73 47  6MRBlSen1Rsdx8sG
000000C0: 43 69 44 73 77 70 31 4E  68 71 49 6F 77 42 41 4F  CiDswp1NhqIowBAO
000000D0: 48 62 49 77 47 4B 46 35  51 6A 49 79 38 4D 77 50  HbIwGKF5QjIy8MwP
000000E0: 77 63 35 7A 55 4D 41 72  72 6D 4E 36 68 48 41 7A  wc5zUMArrmN6hHAz
000000F0: 56 38 37 38 6D 6E 6C 64  67 6E 46 64 62 31 71 54  V878mnldgnFdb1qT
00000100: 36 73 6D 36 53 58 52 57  65 51 62 39 33 49 4C 73  6sm6SXRWeQb93ILs
00000110: 6E 79 47 76 53 39 72 46  6C 34 75 6D 6D 74 5A 49  nyGvS9rFl4ummtZI
00000120: 54 66 44 56 46 7A 4C 67  6D 41 76 4C 4B 68 69 4E  TfDVFzLgmAvLKhiN
00000130: 71 7A 20 40 75 73 65 72  6E 61 6D 65 5F 38 31 32  qz @username_812
00000140: 20 40 75 73 65 72 6E 61  6D 65 5F 33 30 37 20 40   @username_307 @
00000150: 75 73 65 72 6E 61 6D 65  5F 31 31 36 20 40 75 73  username_116 @us
00000160: 65 72 6E 61 6D 65 5F 39  35 38 20 68 74 74 70 3A  ername_958 http:
00000170: 2F 2F 73 68 6F 72 74 2D  75 72 6C 2F 76 6B 72 53  //short-url/vkrS
00000180: 51 73 77 69 77 37 20 68  74 74 70 3A 2F 2F 73 68  Qswiw7 http://sh
00000190: 6F 72 74 2D 75 72 6C 2F  6E 4E 5A 61 35 4D 33 69  ort-url/nNZa5M3i
000001A0: 4B 31 20 68 74 74 70 3A  2F 2F 73 68 6F 72 74 2D  K1 http://short-
000001B0: 75 72 6C 2F 43 53 46 69  37 7A 31 37 39 6D 22 7D  url/CSFi7z179m"}
000001C0: 2C 22 32 22 3A 7B 22 6C  73 74 22 3A 5B 22 72 65  ,"2":{"lst":["re
000001D0: 63 22 2C 30 5D 7D 2C 22  33 22 3A 7B 22 6C 73 74  c",0]},"3":{"lst
000001E0: 22 3A 5B 22 72 65 63 22  2C 33 2C 7B 22 31 22 3A  ":["rec",3,{"1":
000001F0: 7B 22 73 74 72 22 3A 22  68 74 74 70 3A 2F 2F 73  {"str":"http://s
00000200: 68 6F 72 74 2D 75 72 6C  2F 76 6B 72 53 51 73 77  hort-url/vkrSQsw
00000210: 69 77 37 22 7D 2C 22 32  22 3A 7B 22 73 74 72 22  iw7"},"2":{"str"
00000220: 3A 22 68 74 74 70 3A 2F  2F 77 6D 70 43 6B 50 4F  :"http://wmpCkPO
00000230: 69 59 4B 58 33 52 31 79  36 30 6C 5A 74 56 68 6C  iYKX3R1y60lZtVhl
00000240: 30 61 47 76 61 6B 79 76  30 78 67 4B 32 6F 39 41  0aGvakyv0xgK2o9A
00000250: 78 6E 69 74 53 78 54 65  37 4C 33 6A 65 42 66 6A  xnitSxTe7L3jeBfj
00000260: 46 6A 65 32 39 6B 68 68  47 22 7D 7D 2C 7B 22 31  Fje29khhG"}},{"1
00000270: 22 3A 7B 22 73 74 72 22  3A 22 68 74 74 70 3A 2F  ":{"str":"http:/
00000280: 2F 73 68 6F 72 74 2D 75  72 6C 2F 6E 4E 5A 61 35  /short-url/nNZa5
00000290: 4D 33 69 4B 31 22 7D 2C  22 32 22 3A 7B 22 73 74  M3iK1"},"2":{"st
000002A0: 72 22 3A 22 68 74 74 70  3A 2F 2F 39 79 6E 6E 75  r":"http://9ynnu
000002B0: 65 59 6F 6C 67 4A 44 73  65 43 56 4D 36 61 6D 44  eYolgJDseCVM6amD
000002C0: 75 4B 77 51 70 69 68 54  62 7A 63 5A 4B 45 4A 72  uKwQpihTbzcZKEJr
000002D0: 67 6F 44 4A 36 36 58 64  4F 50 41 77 43 41 50 68  goDJ66XdOPAwCAPh
000002E0: 75 61 58 36 79 45 62 69  45 64 5A 22 7D 7D 2C 7B  uaX6yEbiEdZ"}},{
000002F0: 22 31 22 3A 7B 22 73 74  72 22 3A 22 68 74 74 70  "1":{"str":"http
00000300: 3A 2F 2F 73 68 6F 72 74  2D 75 72 6C 2F 43 53 46  ://short-url/CSF
00000310: 69 37 7A 31 37 39 6D 22  7D 2C 22 32 22 3A 7B 22  i7z179m"},"2":{"
00000320: 73 74 72 22 3A 22 68 74  74 70 3A 2F 2F 66 58 76  str":"http://fXv
00000330: 50 61 7A 43 6A 55 74 79  4A 74 77 71 73 35 73 75  PazCjUtyJtwqs5su
00000340: 6D 53 6A 44 32 63 5A 66  59 7A 54 44 72 55 79 36  mSjD2cZfYzTDrUy6
00000350: 47 30 56 7A 77 62 4D 33  7A 37 72 55 6E 31 67 39  G0VzwbM3z7rUn1g9
00000360: 76 30 4F 5A 45 6F 75 53  62 6C 5A 4A 46 22 7D 7D  v0OZEouSblZJF"}}
00000370: 5D 7D 7D 7D 7D 5D                                 ]}}}}]
====
STREAM PID 60589.0xffff9482d7141200 (C) > 60554.0xffff9482de657e00 (S), length 716
command[60589]: b'./src/ComposePostService/ComposePostService'
command[60554]: b'./cmake-build/src/TextService/TextService'
----
00000000: 00 00 02 C8 5B 31 2C 22  43 6F 6D 70 6F 73 65 54  ....[1,"ComposeT
00000010: 65 78 74 22 2C 31 2C 30  2C 7B 22 31 22 3A 7B 22  ext",1,0,{"1":{"
00000020: 69 36 34 22 3A 32 32 31  31 31 32 32 32 38 38 35  i64":22111222885
00000030: 32 36 31 33 38 35 36 7D  2C 22 32 22 3A 7B 22 73  2613856},"2":{"s
00000040: 74 72 22 3A 22 58 44 6A  54 65 33 58 71 68 30 46  tr":"XDjTe3Xqh0F
00000050: 6E 4A 31 31 32 50 62 67  44 30 43 67 4A 30 65 48  nJ112PbgD0CgJ0eH
00000060: 48 6D 5A 63 56 45 76 4C  6E 78 6C 75 7A 42 44 45  HmZcVEvLnxluzBDE
00000070: 4F 51 63 37 43 36 6B 78  44 42 4E 54 42 55 64 43  OQc7C6kxDBNTBUdC
00000080: 54 76 41 64 70 66 4A 59  7A 67 77 33 6F 7A 63 49  TvAdpfJYzgw3ozcI
00000090: 7A 41 49 32 4D 76 61 55  68 6C 70 56 52 44 59 44  zAI2MvaUhlpVRDYD
000000A0: 31 43 30 70 4E 4C 4E 38  33 37 34 63 45 61 66 49  1C0pNLN8374cEafI
000000B0: 63 4C 78 4C 45 46 54 51  73 51 67 4E 46 44 62 51  cLxLEFTQsQgNFDbQ
000000C0: 58 69 46 6C 48 6D 55 69  75 47 50 51 66 38 48 44  XiFlHmUiuGPQf8HD
000000D0: 54 4B 48 53 37 7A 33 77  34 79 43 6F 59 35 39 37  TKHS7z3w4yCoY597
000000E0: 72 4F 49 6A 78 6E 61 6C  53 56 53 6F 30 38 62 4A  rOIjxnalSVSo08bJ
000000F0: 68 48 7A 4E 6F 4F 45 46  71 55 6B 51 58 64 37 52  hHzNoOEFqUkQXd7R
00000100: 43 63 38 52 4C 51 53 6E  47 44 4F 7A 41 6C 50 4D  Cc8RLQSnGDOzAlPM
00000110: 61 35 33 61 4A 6E 72 46  39 30 39 7A 6E 76 56 63  a53aJnrF909znvVc
00000120: 4D 34 42 75 56 44 51 46  66 65 70 42 45 68 59 32  M4BuVDQFfepBEhY2
00000130: 78 45 6B 56 42 71 42 4A  46 50 33 50 37 61 34 42  xEkVBqBJFP3P7a4B
00000140: 31 37 63 55 79 20 40 75  73 65 72 6E 61 6D 65 5F  17cUy @username_
00000150: 31 34 31 20 40 75 73 65  72 6E 61 6D 65 5F 35 20  141 @username_5 
00000160: 40 75 73 65 72 6E 61 6D  65 5F 33 31 37 20 40 75  @username_317 @u
00000170: 73 65 72 6E 61 6D 65 5F  34 34 35 20 40 75 73 65  sername_445 @use
00000180: 72 6E 61 6D 65 5F 37 36  31 20 68 74 74 70 3A 2F  rname_761 http:/
00000190: 2F 55 47 55 63 69 64 4C  36 47 39 79 70 76 59 44  /UGUcidL6G9ypvYD
000001A0: 55 4F 77 4D 72 49 63 32  36 7A 70 62 44 30 62 36  UOwMrIc26zpbD0b6
000001B0: 50 36 36 44 34 68 5A 5A  75 37 67 48 50 7A 44 46  P66D4hZZu7gHPzDF
000001C0: 49 6A 78 4C 64 56 63 54  4A 62 64 47 4B 64 50 6F  IjxLdVcTJbdGKdPo
000001D0: 72 20 68 74 74 70 3A 2F  2F 37 46 57 57 39 67 74  r http://7FWW9gt
000001E0: 77 6D 4D 5A 6C 31 61 66  77 36 5A 4C 55 5A 33 79  wmMZl1afw6ZLUZ3y
000001F0: 6B 72 33 39 38 6F 77 71  46 76 35 61 7A 53 4A 44  kr398owqFv5azSJD
00000200: 47 6E 4F 70 37 75 54 4E  30 72 44 4C 4D 44 70 79  GnOp7uTN0rDLMDpy
00000210: 30 76 31 65 6B 37 65 67  66 20 68 74 74 70 3A 2F  0v1ek7egf http:/
00000220: 2F 32 35 6C 65 31 4F 50  65 77 56 30 69 53 35 61  /25le1OPewV0iS5a
00000230: 66 63 77 6C 74 55 31 69  4A 72 49 33 39 39 76 38  fcwltU1iJrI399v8
00000240: 73 37 6E 78 62 41 31 66  68 4C 75 4C 4C 54 77 46  s7nxbA1fhLuLLTwF
00000250: 6E 56 39 7A 50 62 6D 52  45 47 6C 32 44 32 6C 46  nV9zPbmREGl2D2lF
00000260: 68 20 68 74 74 70 3A 2F  2F 76 52 70 44 4B 6C 39  h http://vRpDKl9
00000270: 51 55 6D 4F 70 49 61 78  7A 6E 4A 49 4B 30 76 46  QUmOpIaxznJIK0vF
00000280: 56 36 67 62 35 48 68 73  4B 67 47 33 36 56 4E 4D  V6gb5HhsKgG36VNM
00000290: 38 73 65 4D 70 36 4B 70  50 52 35 6F 51 42 4B 55  8seMp6KpPR5oQBKU
000002A0: 6A 67 34 44 39 47 44 48  54 22 7D 2C 22 33 22 3A  jg4D9GDHT"},"3":
000002B0: 7B 22 6D 61 70 22 3A 5B  22 73 74 72 22 2C 22 73  {"map":["str","s
000002C0: 74 72 22 2C 30 2C 7B 7D  5D 7D 7D 5D              tr",0,{}]}}]
====
STREAM PID 60554.0xffff9482de657e00 (S) > 60589.0xffff9482d7141200 (C), length 1056
command[60554]: b'./cmake-build/src/TextService/TextService'
command[60589]: b'./src/ComposePostService/ComposePostService'
----
00000000: 00 00 04 1C 5B 31 2C 22  43 6F 6D 70 6F 73 65 54  ....[1,"ComposeT
00000010: 65 78 74 22 2C 32 2C 30  2C 7B 22 30 22 3A 7B 22  ext",2,0,{"0":{"
00000020: 72 65 63 22 3A 7B 22 31  22 3A 7B 22 73 74 72 22  rec":{"1":{"str"
00000030: 3A 22 58 44 6A 54 65 33  58 71 68 30 46 6E 4A 31  :"XDjTe3Xqh0FnJ1
00000040: 31 32 50 62 67 44 30 43  67 4A 30 65 48 48 6D 5A  12PbgD0CgJ0eHHmZ
00000050: 63 56 45 76 4C 6E 78 6C  75 7A 42 44 45 4F 51 63  cVEvLnxluzBDEOQc
00000060: 37 43 36 6B 78 44 42 4E  54 42 55 64 43 54 76 41  7C6kxDBNTBUdCTvA
00000070: 64 70 66 4A 59 7A 67 77  33 6F 7A 63 49 7A 41 49  dpfJYzgw3ozcIzAI
00000080: 32 4D 76 61 55 68 6C 70  56 52 44 59 44 31 43 30  2MvaUhlpVRDYD1C0
00000090: 70 4E 4C 4E 38 33 37 34  63 45 61 66 49 63 4C 78  pNLN8374cEafIcLx
000000A0: 4C 45 46 54 51 73 51 67  4E 46 44 62 51 58 69 46  LEFTQsQgNFDbQXiF
000000B0: 6C 48 6D 55 69 75 47 50  51 66 38 48 44 54 4B 48  lHmUiuGPQf8HDTKH
000000C0: 53 37 7A 33 77 34 79 43  6F 59 35 39 37 72 4F 49  S7z3w4yCoY597rOI
000000D0: 6A 78 6E 61 6C 53 56 53  6F 30 38 62 4A 68 48 7A  jxnalSVSo08bJhHz
000000E0: 4E 6F 4F 45 46 71 55 6B  51 58 64 37 52 43 63 38  NoOEFqUkQXd7RCc8
000000F0: 52 4C 51 53 6E 47 44 4F  7A 41 6C 50 4D 61 35 33  RLQSnGDOzAlPMa53
00000100: 61 4A 6E 72 46 39 30 39  7A 6E 76 56 63 4D 34 42  aJnrF909znvVcM4B
00000110: 75 56 44 51 46 66 65 70  42 45 68 59 32 78 45 6B  uVDQFfepBEhY2xEk
00000120: 56 42 71 42 4A 46 50 33  50 37 61 34 42 31 37 63  VBqBJFP3P7a4B17c
00000130: 55 79 20 40 75 73 65 72  6E 61 6D 65 5F 31 34 31  Uy @username_141
00000140: 20 40 75 73 65 72 6E 61  6D 65 5F 35 20 40 75 73   @username_5 @us
00000150: 65 72 6E 61 6D 65 5F 33  31 37 20 40 75 73 65 72  ername_317 @user
00000160: 6E 61 6D 65 5F 34 34 35  20 40 75 73 65 72 6E 61  name_445 @userna
00000170: 6D 65 5F 37 36 31 20 68  74 74 70 3A 2F 2F 73 68  me_761 http://sh
00000180: 6F 72 74 2D 75 72 6C 2F  58 37 53 77 36 61 47 51  ort-url/X7Sw6aGQ
00000190: 39 6B 20 68 74 74 70 3A  2F 2F 73 68 6F 72 74 2D  9k http://short-
000001A0: 75 72 6C 2F 69 45 74 62  41 31 49 47 52 66 20 68  url/iEtbA1IGRf h
000001B0: 74 74 70 3A 2F 2F 73 68  6F 72 74 2D 75 72 6C 2F  ttp://short-url/
000001C0: 45 43 55 68 62 4C 43 4B  78 6E 20 68 74 74 70 3A  ECUhbLCKxn http:
000001D0: 2F 2F 73 68 6F 72 74 2D  75 72 6C 2F 79 7A 52 6B  //short-url/yzRk
000001E0: 6A 41 72 72 36 56 22 7D  2C 22 32 22 3A 7B 22 6C  jArr6V"},"2":{"l
000001F0: 73 74 22 3A 5B 22 72 65  63 22 2C 30 5D 7D 2C 22  st":["rec",0]},"
00000200: 33 22 3A 7B 22 6C 73 74  22 3A 5B 22 72 65 63 22  3":{"lst":["rec"
00000210: 2C 34 2C 7B 22 31 22 3A  7B 22 73 74 72 22 3A 22  ,4,{"1":{"str":"
00000220: 68 74 74 70 3A 2F 2F 73  68 6F 72 74 2D 75 72 6C  http://short-url
00000230: 2F 58 37 53 77 36 61 47  51 39 6B 22 7D 2C 22 32  /X7Sw6aGQ9k"},"2
00000240: 22 3A 7B 22 73 74 72 22  3A 22 68 74 74 70 3A 2F  ":{"str":"http:/
00000250: 2F 55 47 55 63 69 64 4C  36 47 39 79 70 76 59 44  /UGUcidL6G9ypvYD
00000260: 55 4F 77 4D 72 49 63 32  36 7A 70 62 44 30 62 36  UOwMrIc26zpbD0b6
00000270: 50 36 36 44 34 68 5A 5A  75 37 67 48 50 7A 44 46  P66D4hZZu7gHPzDF
00000280: 49 6A 78 4C 64 56 63 54  4A 62 64 47 4B 64 50 6F  IjxLdVcTJbdGKdPo
00000290: 72 22 7D 7D 2C 7B 22 31  22 3A 7B 22 73 74 72 22  r"}},{"1":{"str"
000002A0: 3A 22 68 74 74 70 3A 2F  2F 73 68 6F 72 74 2D 75  :"http://short-u
000002B0: 72 6C 2F 69 45 74 62 41  31 49 47 52 66 22 7D 2C  rl/iEtbA1IGRf"},
000002C0: 22 32 22 3A 7B 22 73 74  72 22 3A 22 68 74 74 70  "2":{"str":"http
000002D0: 3A 2F 2F 37 46 57 57 39  67 74 77 6D 4D 5A 6C 31  ://7FWW9gtwmMZl1
000002E0: 61 66 77 36 5A 4C 55 5A  33 79 6B 72 33 39 38 6F  afw6ZLUZ3ykr398o
000002F0: 77 71 46 76 35 61 7A 53  4A 44 47 6E 4F 70 37 75  wqFv5azSJDGnOp7u
00000300: 54 4E 30 72 44 4C 4D 44  70 79 30 76 31 65 6B 37  TN0rDLMDpy0v1ek7
00000310: 65 67 66 22 7D 7D 2C 7B  22 31 22 3A 7B 22 73 74  egf"}},{"1":{"st
00000320: 72 22 3A 22 68 74 74 70  3A 2F 2F 73 68 6F 72 74  r":"http://short
00000330: 2D 75 72 6C 2F 45 43 55  68 62 4C 43 4B 78 6E 22  -url/ECUhbLCKxn"
00000340: 7D 2C 22 32 22 3A 7B 22  73 74 72 22 3A 22 68 74  },"2":{"str":"ht
00000350: 74 70 3A 2F 2F 32 35 6C  65 31 4F 50 65 77 56 30  tp://25le1OPewV0
00000360: 69 53 35 61 66 63 77 6C  74 55 31 69 4A 72 49 33  iS5afcwltU1iJrI3
00000370: 39 39 76 38 73 37 6E 78  62 41 31 66 68 4C 75 4C  99v8s7nxbA1fhLuL
00000380: 4C 54 77 46 6E 56 39 7A  50 62 6D 52 45 47 6C 32  LTwFnV9zPbmREGl2
00000390: 44 32 6C 46 68 22 7D 7D  2C 7B 22 31 22 3A 7B 22  D2lFh"}},{"1":{"
000003A0: 73 74 72 22 3A 22 68 74  74 70 3A 2F 2F 73 68 6F  str":"http://sho
000003B0: 72 74 2D 75 72 6C 2F 79  7A 52 6B 6A 41 72 72 36  rt-url/yzRkjArr6
000003C0: 56 22 7D 2C 22 32 22 3A  7B 22 73 74 72 22 3A 22  V"},"2":{"str":"
000003D0: 68 74 74 70 3A 2F 2F 76  52 70 44 4B 6C 39 51 55  http://vRpDKl9QU
000003E0: 6D 4F 70 49 61 78 7A 6E  4A 49 4B 30 76 46 56 36  mOpIaxznJIK0vFV6
000003F0: 67 62 35 48 68 73 4B 67  47 33 36 56 4E 4D 38 73  gb5HhsKgG36VNM8s
00000400: 65 4D 70 36 4B 70 50 52  35 6F 51 42 4B 55 6A 67  eMp6KpPR5oQBKUjg
00000410: 34 44 39 47 44 48 54 22  7D 7D 5D 7D 7D 7D 7D 5D  4D9GDHT"}}]}}}}]
====
STREAM PID 60589.0xffff9482d7141200 (C) > 60554.0xffff9482de657e00 (S), length 361
command[60589]: b'./src/ComposePostService/ComposePostService'
command[60554]: b'./cmake-build/src/TextService/TextService'
----
00000000: 00 00 01 65 5B 31 2C 22  43 6F 6D 70 6F 73 65 54  ...e[1,"ComposeT
00000010: 65 78 74 22 2C 31 2C 30  2C 7B 22 31 22 3A 7B 22  ext",1,0,{"1":{"
00000020: 69 36 34 22 3A 31 30 39  34 35 33 37 33 30 33 35  i64":10945373035
00000030: 30 36 34 38 38 31 39 32  7D 2C 22 32 22 3A 7B 22  06488192},"2":{"
00000040: 73 74 72 22 3A 22 59 52  71 70 55 35 69 59 63 35  str":"YRqpU5iYc5
00000050: 35 37 61 57 69 67 43 47  33 42 46 35 73 75 50 45  57aWigCG3BF5suPE
00000060: 37 78 70 6A 54 54 38 30  74 78 67 4A 4E 5A 58 57  7xpjTT80txgJNZXW
00000070: 74 54 6B 73 4C 55 35 4F  55 65 35 79 43 79 64 74  tTksLU5OUe5yCydt
00000080: 47 48 44 62 50 4F 7A 6B  33 66 45 48 65 37 69 6B  GHDbPOzk3fEHe7ik
00000090: 66 47 6D 4C 49 71 4D 30  35 62 73 65 78 63 51 48  fGmLIqM05bsexcQH
000000A0: 6D 65 7A 36 6B 6A 53 4E  7A 6F 33 47 44 31 57 42  mez6kjSNzo3GD1WB
000000B0: 58 35 34 34 69 58 32 53  6A 56 41 72 6D 46 6B 56  X544iX2SjVArmFkV
000000C0: 6F 50 33 67 78 78 65 73  50 55 75 4D 67 32 68 33  oP3gxxesPUuMg2h3
000000D0: 47 57 4E 62 79 54 57 62  4F 52 46 56 5A 6C 54 62  GWNbyTWbORFVZlTb
000000E0: 58 30 38 4C 5A 62 6E 67  67 44 33 33 43 42 56 48  X08LZbnggD33CBVH
000000F0: 4B 66 57 79 54 73 6E 38  64 4F 6D 56 35 76 58 33  KfWyTsn8dOmV5vX3
00000100: 68 51 39 38 68 77 59 6C  56 36 50 79 56 6E 54 7A  hQ98hwYlV6PyVnTz
00000110: 41 35 64 57 55 47 67 49  42 4C 74 62 49 5A 67 51  A5dWUGgIBLtbIZgQ
00000120: 78 70 53 44 50 68 66 46  51 6A 53 44 43 4E 67 4E  xpSDPhfFQjSDCNgN
00000130: 4C 4C 51 43 53 59 64 71  56 4B 71 33 37 4F 4C 52  LLQCSYdqVKq37OLR
00000140: 6C 6E 39 51 46 49 22 7D  2C 22 33 22 3A 7B 22 6D  ln9QFI"},"3":{"m
00000150: 61 70 22 3A 5B 22 73 74  72 22 2C 22 73 74 72 22  ap":["str","str"
00000160: 2C 30 2C 7B 7D 5D 7D 7D  5D                       ,0,{}]}}]
====
STREAM PID 60554.0xffff9482de657e00 (S) > 60589.0xffff9482d7141200 (C), length 356
command[60554]: b'./cmake-build/src/TextService/TextService'
command[60589]: b'./src/ComposePostService/ComposePostService'
----
00000000: 00 00 01 60 5B 31 2C 22  43 6F 6D 70 6F 73 65 54  ...`[1,"ComposeT
00000010: 65 78 74 22 2C 32 2C 30  2C 7B 22 30 22 3A 7B 22  ext",2,0,{"0":{"
00000020: 72 65 63 22 3A 7B 22 31  22 3A 7B 22 73 74 72 22  rec":{"1":{"str"
00000030: 3A 22 59 52 71 70 55 35  69 59 63 35 35 37 61 57  :"YRqpU5iYc557aW
00000040: 69 67 43 47 33 42 46 35  73 75 50 45 37 78 70 6A  igCG3BF5suPE7xpj
00000050: 54 54 38 30 74 78 67 4A  4E 5A 58 57 74 54 6B 73  TT80txgJNZXWtTks
00000060: 4C 55 35 4F 55 65 35 79  43 79 64 74 47 48 44 62  LU5OUe5yCydtGHDb
00000070: 50 4F 7A 6B 33 66 45 48  65 37 69 6B 66 47 6D 4C  POzk3fEHe7ikfGmL
00000080: 49 71 4D 30 35 62 73 65  78 63 51 48 6D 65 7A 36  IqM05bsexcQHmez6
00000090: 6B 6A 53 4E 7A 6F 33 47  44 31 57 42 58 35 34 34  kjSNzo3GD1WBX544
000000A0: 69 58 32 53 6A 56 41 72  6D 46 6B 56 6F 50 33 67  iX2SjVArmFkVoP3g
000000B0: 78 78 65 73 50 55 75 4D  67 32 68 33 47 57 4E 62  xxesPUuMg2h3GWNb
000000C0: 79 54 57 62 4F 52 46 56  5A 6C 54 62 58 30 38 4C  yTWbORFVZlTbX08L
000000D0: 5A 62 6E 67 67 44 33 33  43 42 56 48 4B 66 57 79  ZbnggD33CBVHKfWy
000000E0: 54 73 6E 38 64 4F 6D 56  35 76 58 33 68 51 39 38  Tsn8dOmV5vX3hQ98
000000F0: 68 77 59 6C 56 36 50 79  56 6E 54 7A 41 35 64 57  hwYlV6PyVnTzA5dW
00000100: 55 47 67 49 42 4C 74 62  49 5A 67 51 78 70 53 44  UGgIBLtbIZgQxpSD
00000110: 50 68 66 46 51 6A 53 44  43 4E 67 4E 4C 4C 51 43  PhfFQjSDCNgNLLQC
00000120: 53 59 64 71 56 4B 71 33  37 4F 4C 52 6C 6E 39 51  SYdqVKq37OLRln9Q
00000130: 46 49 22 7D 2C 22 32 22  3A 7B 22 6C 73 74 22 3A  FI"},"2":{"lst":
00000140: 5B 22 72 65 63 22 2C 30  5D 7D 2C 22 33 22 3A 7B  ["rec",0]},"3":{
00000150: 22 6C 73 74 22 3A 5B 22  72 65 63 22 2C 30 5D 7D  "lst":["rec",0]}
00000160: 7D 7D 7D 5D                                       }}}]
====
STREAM PID 60589.0xffff9482d7141200 (C) > 60554.0xffff9482de657e00 (S), length 717
command[60589]: b'./src/ComposePostService/ComposePostService'
command[60554]: b'./cmake-build/src/TextService/TextService'
----
00000000: 00 00 02 C9 5B 31 2C 22  43 6F 6D 70 6F 73 65 54  ....[1,"ComposeT
00000010: 65 78 74 22 2C 31 2C 30  2C 7B 22 31 22 3A 7B 22  ext",1,0,{"1":{"
00000020: 69 36 34 22 3A 35 38 37  32 34 30 38 34 35 38 33  i64":58724084583
00000030: 33 33 37 35 34 38 38 7D  2C 22 32 22 3A 7B 22 73  3375488},"2":{"s
00000040: 74 72 22 3A 22 79 43 6D  50 6A 4C 46 75 70 6E 33  tr":"yCmPjLFupn3
00000050: 36 62 6F 36 65 6F 46 75  63 47 65 68 41 61 35 74  6bo6eoFucGehAa5t
00000060: 6D 58 50 68 63 46 57 55  69 44 61 36 64 39 71 39  mXPhcFWUiDa6d9q9
00000070: 55 62 34 50 69 76 53 52  6B 57 48 45 50 34 70 76  Ub4PivSRkWHEP4pv
00000080: 6E 6D 71 74 72 54 53 43  43 32 55 63 68 6F 30 71  nmqtrTSCC2Ucho0q
00000090: 50 62 46 76 4C 4B 76 68  41 63 31 31 79 54 62 31  PbFvLKvhAc11yTb1
000000A0: 5A 4F 74 34 45 73 57 44  44 45 35 43 64 38 6E 47  ZOt4EsWDDE5Cd8nG
000000B0: 77 73 45 4D 67 37 56 6A  4D 43 35 79 6A 64 4A 4C  wsEMg7VjMC5yjdJL
000000C0: 56 30 58 54 42 61 69 54  42 4E 47 79 4C 53 64 50  V0XTBaiTBNGyLSdP
000000D0: 77 59 61 59 49 76 78 49  41 73 73 53 7A 45 55 46  wYaYIvxIAssSzEUF
000000E0: 4C 53 4E 31 57 79 78 5A  45 38 62 51 31 45 6A 56  LSN1WyxZE8bQ1EjV
000000F0: 41 73 68 39 4B 68 4C 30  55 42 6F 38 6A 4A 57 35  Ash9KhL0UBo8jJW5
00000100: 71 30 48 4D 48 4F 44 72  79 45 39 41 74 68 76 53  q0HMHODryE9AthvS
00000110: 79 41 6B 78 6F 36 58 70  50 68 52 33 74 34 70 45  yAkxo6XpPhR3t4pE
00000120: 37 75 36 6D 39 31 61 70  4D 77 58 6C 50 56 44 50  7u6m91apMwXlPVDP
00000130: 33 37 55 32 57 77 37 34  72 34 65 52 4C 70 33 6B  37U2Ww74r4eRLp3k
00000140: 64 74 4D 4C 52 20 40 75  73 65 72 6E 61 6D 65 5F  dtMLR @username_
00000150: 34 39 35 20 40 75 73 65  72 6E 61 6D 65 5F 35 33  495 @username_53
00000160: 31 20 40 75 73 65 72 6E  61 6D 65 5F 36 35 34 20  1 @username_654 
00000170: 40 75 73 65 72 6E 61 6D  65 5F 34 33 20 40 75 73  @username_43 @us
00000180: 65 72 6E 61 6D 65 5F 31  37 34 20 68 74 74 70 3A  ername_174 http:
00000190: 2F 2F 66 6C 46 33 59 50  38 67 65 78 6F 66 4E 44  //flF3YP8gexofND
000001A0: 53 72 49 56 45 49 6F 65  30 79 76 32 42 49 65 4D  SrIVEIoe0yv2BIeM
000001B0: 64 59 71 49 6C 52 64 79  41 67 51 52 6C 4C 42 47  dYqIlRdyAgQRlLBG
000001C0: 38 34 47 49 67 6F 6D 6D  74 69 7A 53 70 57 57 48  84GIgommtizSpWWH
000001D0: 71 36 20 68 74 74 70 3A  2F 2F 45 50 4E 41 45 36  q6 http://EPNAE6
000001E0: 51 4B 42 51 54 4F 6B 59  71 38 45 42 4B 32 32 41  QKBQTOkYq8EBK22A
000001F0: 34 79 41 33 6B 63 42 6E  66 6C 32 59 4C 45 57 63  4yA3kcBnfl2YLEWc
00000200: 71 47 4E 72 4A 6D 79 54  6E 66 5A 6B 52 61 7A 6C  qGNrJmyTnfZkRazl
00000210: 64 39 5A 50 32 6F 34 38  76 4D 20 68 74 74 70 3A  d9ZP2o48vM http:
00000220: 2F 2F 38 71 50 41 56 4E  47 59 37 31 41 57 54 4A  //8qPAVNGY71AWTJ
00000230: 46 74 43 6A 6E 4C 56 42  77 6E 4C 68 66 5A 79 7A  FtCjnLVBwnLhfZyz
00000240: 57 70 56 35 46 4C 4B 50  78 39 76 41 53 57 38 48  WpV5FLKPx9vASW8H
00000250: 39 5A 42 4B 4F 35 47 30  4F 4E 6E 63 71 67 4B 49  9ZBKO5G0ONncqgKI
00000260: 43 74 20 68 74 74 70 3A  2F 2F 77 67 74 34 41 76  Ct http://wgt4Av
00000270: 4B 4E 6E 46 34 30 63 31  47 6D 66 48 54 63 6D 51  KNnF40c1GmfHTcmQ
00000280: 52 69 74 4B 6A 62 66 52  62 76 6A 4E 37 49 63 56  RitKjbfRbvjN7IcV
00000290: 65 6C 69 52 6B 4D 44 32  34 4E 48 53 78 73 4C 4A  eliRkMD24NHSxsLJ
000002A0: 58 65 77 46 54 69 61 65  55 4B 22 7D 2C 22 33 22  XewFTiaeUK"},"3"
000002B0: 3A 7B 22 6D 61 70 22 3A  5B 22 73 74 72 22 2C 22  :{"map":["str","
000002C0: 73 74 72 22 2C 30 2C 7B  7D 5D 7D 7D 5D           str",0,{}]}}]
====
STREAM PID 60554.0xffff9482de657e00 (S) > 60589.0xffff9482d7141200 (C), length 1057
command[60554]: b'./cmake-build/src/TextService/TextService'
command[60589]: b'./src/ComposePostService/ComposePostService'
----
00000000: 00 00 04 1D 5B 31 2C 22  43 6F 6D 70 6F 73 65 54  ....[1,"ComposeT
00000010: 65 78 74 22 2C 32 2C 30  2C 7B 22 30 22 3A 7B 22  ext",2,0,{"0":{"
00000020: 72 65 63 22 3A 7B 22 31  22 3A 7B 22 73 74 72 22  rec":{"1":{"str"
00000030: 3A 22 79 43 6D 50 6A 4C  46 75 70 6E 33 36 62 6F  :"yCmPjLFupn36bo
00000040: 36 65 6F 46 75 63 47 65  68 41 61 35 74 6D 58 50  6eoFucGehAa5tmXP
00000050: 68 63 46 57 55 69 44 61  36 64 39 71 39 55 62 34  hcFWUiDa6d9q9Ub4
00000060: 50 69 76 53 52 6B 57 48  45 50 34 70 76 6E 6D 71  PivSRkWHEP4pvnmq
00000070: 74 72 54 53 43 43 32 55  63 68 6F 30 71 50 62 46  trTSCC2Ucho0qPbF
00000080: 76 4C 4B 76 68 41 63 31  31 79 54 62 31 5A 4F 74  vLKvhAc11yTb1ZOt
00000090: 34 45 73 57 44 44 45 35  43 64 38 6E 47 77 73 45  4EsWDDE5Cd8nGwsE
000000A0: 4D 67 37 56 6A 4D 43 35  79 6A 64 4A 4C 56 30 58  Mg7VjMC5yjdJLV0X
000000B0: 54 42 61 69 54 42 4E 47  79 4C 53 64 50 77 59 61  TBaiTBNGyLSdPwYa
000000C0: 59 49 76 78 49 41 73 73  53 7A 45 55 46 4C 53 4E  YIvxIAssSzEUFLSN
000000D0: 31 57 79 78 5A 45 38 62  51 31 45 6A 56 41 73 68  1WyxZE8bQ1EjVAsh
000000E0: 39 4B 68 4C 30 55 42 6F  38 6A 4A 57 35 71 30 48  9KhL0UBo8jJW5q0H
000000F0: 4D 48 4F 44 72 79 45 39  41 74 68 76 53 79 41 6B  MHODryE9AthvSyAk
00000100: 78 6F 36 58 70 50 68 52  33 74 34 70 45 37 75 36  xo6XpPhR3t4pE7u6
00000110: 6D 39 31 61 70 4D 77 58  6C 50 56 44 50 33 37 55  m91apMwXlPVDP37U
00000120: 32 57 77 37 34 72 34 65  52 4C 70 33 6B 64 74 4D  2Ww74r4eRLp3kdtM
00000130: 4C 52 20 40 75 73 65 72  6E 61 6D 65 5F 34 39 35  LR @username_495
00000140: 20 40 75 73 65 72 6E 61  6D 65 5F 35 33 31 20 40   @username_531 @
00000150: 75 73 65 72 6E 61 6D 65  5F 36 35 34 20 40 75 73  username_654 @us
00000160: 65 72 6E 61 6D 65 5F 34  33 20 40 75 73 65 72 6E  ername_43 @usern
00000170: 61 6D 65 5F 31 37 34 20  68 74 74 70 3A 2F 2F 73  ame_174 http://s
00000180: 68 6F 72 74 2D 75 72 6C  2F 59 6A 47 36 44 56 4E  hort-url/YjG6DVN
00000190: 78 35 32 20 68 74 74 70  3A 2F 2F 73 68 6F 72 74  x52 http://short
000001A0: 2D 75 72 6C 2F 39 4F 78  68 63 34 66 72 66 30 20  -url/9Oxhc4frf0 
000001B0: 68 74 74 70 3A 2F 2F 73  68 6F 72 74 2D 75 72 6C  http://short-url
000001C0: 2F 58 4F 6A 4E 41 57 31  4D 35 54 20 68 74 74 70  /XOjNAW1M5T http
000001D0: 3A 2F 2F 73 68 6F 72 74  2D 75 72 6C 2F 37 4D 6E  ://short-url/7Mn
000001E0: 58 39 45 51 36 72 42 22  7D 2C 22 32 22 3A 7B 22  X9EQ6rB"},"2":{"
000001F0: 6C 73 74 22 3A 5B 22 72  65 63 22 2C 30 5D 7D 2C  lst":["rec",0]},
00000200: 22 33 22 3A 7B 22 6C 73  74 22 3A 5B 22 72 65 63  "3":{"lst":["rec
00000210: 22 2C 34 2C 7B 22 31 22  3A 7B 22 73 74 72 22 3A  ",4,{"1":{"str":
00000220: 22 68 74 74 70 3A 2F 2F  73 68 6F 72 74 2D 75 72  "http://short-ur
00000230: 6C 2F 59 6A 47 36 44 56  4E 78 35 32 22 7D 2C 22  l/YjG6DVNx52"},"
00000240: 32 22 3A 7B 22 73 74 72  22 3A 22 68 74 74 70 3A  2":{"str":"http:
00000250: 2F 2F 66 6C 46 33 59 50  38 67 65 78 6F 66 4E 44  //flF3YP8gexofND
00000260: 53 72 49 56 45 49 6F 65  30 79 76 32 42 49 65 4D  SrIVEIoe0yv2BIeM
00000270: 64 59 71 49 6C 52 64 79  41 67 51 52 6C 4C 42 47  dYqIlRdyAgQRlLBG
00000280: 38 34 47 49 67 6F 6D 6D  74 69 7A 53 70 57 57 48  84GIgommtizSpWWH
00000290: 71 36 22 7D 7D 2C 7B 22  31 22 3A 7B 22 73 74 72  q6"}},{"1":{"str
000002A0: 22 3A 22 68 74 74 70 3A  2F 2F 73 68 6F 72 74 2D  ":"http://short-
000002B0: 75 72 6C 2F 39 4F 78 68  63 34 66 72 66 30 22 7D  url/9Oxhc4frf0"}
000002C0: 2C 22 32 22 3A 7B 22 73  74 72 22 3A 22 68 74 74  ,"2":{"str":"htt
000002D0: 70 3A 2F 2F 45 50 4E 41  45 36 51 4B 42 51 54 4F  p://EPNAE6QKBQTO
000002E0: 6B 59 71 38 45 42 4B 32  32 41 34 79 41 33 6B 63  kYq8EBK22A4yA3kc
000002F0: 42 6E 66 6C 32 59 4C 45  57 63 71 47 4E 72 4A 6D  Bnfl2YLEWcqGNrJm
00000300: 79 54 6E 66 5A 6B 52 61  7A 6C 64 39 5A 50 32 6F  yTnfZkRazld9ZP2o
00000310: 34 38 76 4D 22 7D 7D 2C  7B 22 31 22 3A 7B 22 73  48vM"}},{"1":{"s
00000320: 74 72 22 3A 22 68 74 74  70 3A 2F 2F 73 68 6F 72  tr":"http://shor
00000330: 74 2D 75 72 6C 2F 58 4F  6A 4E 41 57 31 4D 35 54  t-url/XOjNAW1M5T
00000340: 22 7D 2C 22 32 22 3A 7B  22 73 74 72 22 3A 22 68  "},"2":{"str":"h
00000350: 74 74 70 3A 2F 2F 38 71  50 41 56 4E 47 59 37 31  ttp://8qPAVNGY71
00000360: 41 57 54 4A 46 74 43 6A  6E 4C 56 42 77 6E 4C 68  AWTJFtCjnLVBwnLh
00000370: 66 5A 79 7A 57 70 56 35  46 4C 4B 50 78 39 76 41  fZyzWpV5FLKPx9vA
00000380: 53 57 38 48 39 5A 42 4B  4F 35 47 30 4F 4E 6E 63  SW8H9ZBKO5G0ONnc
00000390: 71 67 4B 49 43 74 22 7D  7D 2C 7B 22 31 22 3A 7B  qgKICt"}},{"1":{
000003A0: 22 73 74 72 22 3A 22 68  74 74 70 3A 2F 2F 73 68  "str":"http://sh
000003B0: 6F 72 74 2D 75 72 6C 2F  37 4D 6E 58 39 45 51 36  ort-url/7MnX9EQ6
000003C0: 72 42 22 7D 2C 22 32 22  3A 7B 22 73 74 72 22 3A  rB"},"2":{"str":
000003D0: 22 68 74 74 70 3A 2F 2F  77 67 74 34 41 76 4B 4E  "http://wgt4AvKN
000003E0: 6E 46 34 30 63 31 47 6D  66 48 54 63 6D 51 52 69  nF40c1GmfHTcmQRi
000003F0: 74 4B 6A 62 66 52 62 76  6A 4E 37 49 63 56 65 6C  tKjbfRbvjN7IcVel
00000400: 69 52 6B 4D 44 32 34 4E  48 53 78 73 4C 4A 58 65  iRkMD24NHSxsLJXe
00000410: 77 46 54 69 61 65 55 4B  22 7D 7D 5D 7D 7D 7D 7D  wFTiaeUK"}}]}}}}
00000420: 5D                                                ]
====
STREAM PID 60589.0xffff9482d7141200 (C) > 60554.0xffff9482de657e00 (S), length 720
command[60589]: b'./src/ComposePostService/ComposePostService'
command[60554]: b'./cmake-build/src/TextService/TextService'
----
00000000: 00 00 02 CC 5B 31 2C 22  43 6F 6D 70 6F 73 65 54  ....[1,"ComposeT
00000010: 65 78 74 22 2C 31 2C 30  2C 7B 22 31 22 3A 7B 22  ext",1,0,{"1":{"
00000020: 69 36 34 22 3A 36 34 36  34 31 34 39 36 35 34 34  i64":64641496544
00000030: 30 36 35 33 38 32 34 7D  2C 22 32 22 3A 7B 22 73  0653824},"2":{"s
00000040: 74 72 22 3A 22 42 68 55  71 37 51 49 6C 76 4C 58  tr":"BhUq7QIlvLX
00000050: 77 61 61 52 56 62 42 42  4D 6F 56 4A 59 7A 31 7A  waaRVbBBMoVJYz1z
00000060: 46 53 72 73 6C 44 50 6F  72 46 34 43 78 6C 38 53  FSrslDPorF4Cxl8S
00000070: 48 59 43 62 33 6C 55 79  4B 35 50 78 76 70 70 71  HYCb3lUyK5Pxvppq
00000080: 44 31 4F 76 73 76 51 5A  63 79 76 38 49 6A 50 4F  D1OvsvQZcyv8IjPO
00000090: 73 58 33 58 52 49 56 71  50 53 76 67 4B 43 4C 55  sX3XRIVqPSvgKCLU
000000A0: 70 31 49 79 35 34 4A 50  58 52 47 70 77 53 44 64  p1Iy54JPXRGpwSDd
000000B0: 43 75 51 35 48 71 63 5A  71 76 49 56 73 4F 59 66  CuQ5HqcZqvIVsOYf
000000C0: 6A 56 31 45 4F 7A 72 57  71 31 4E 53 65 52 4B 59  jV1EOzrWq1NSeRKY
000000D0: 35 6B 51 45 71 35 6A 79  37 59 49 46 7A 7A 46 76  5kQEq5jy7YIFzzFv
000000E0: 44 55 45 37 63 66 6C 37  51 35 35 77 39 61 46 43  DUE7cfl7Q55w9aFC
000000F0: 5A 50 4E 75 39 63 6E 4B  59 7A 59 69 32 6F 55 74  ZPNu9cnKYzYi2oUt
00000100: 33 48 66 55 43 33 46 34  4B 37 4F 6A 51 32 78 32  3HfUC3F4K7OjQ2x2
00000110: 4F 6D 47 77 32 4A 7A 79  64 41 47 50 51 58 69 51  OmGw2JzydAGPQXiQ
00000120: 59 54 67 44 65 44 32 4F  57 51 65 4C 69 31 6C 48  YTgDeD2OWQeLi1lH
00000130: 67 62 4E 6E 6B 79 30 44  4F 39 62 52 38 58 76 66  gbNnky0DO9bR8Xvf
00000140: 6B 67 42 6B 46 20 68 74  74 70 3A 2F 2F 66 47 4C  kgBkF http://fGL
00000150: 42 4E 63 56 34 66 52 55  6A 58 74 73 78 53 61 38  BNcV4fRUjXtsxSa8
00000160: 72 54 6D 4E 71 43 71 69  58 39 6F 79 71 31 71 4B  rTmNqCqiX9oyq1qK
00000170: 52 72 45 39 34 71 7A 63  6A 41 51 66 4D 37 78 30  RrE94qzcjAQfM7x0
00000180: 72 75 52 54 77 6C 4B 46  47 4A 74 73 63 20 68 74  ruRTwlKFGJtsc ht
00000190: 74 70 3A 2F 2F 36 48 6A  4C 63 41 44 65 62 6E 6E  tp://6HjLcADebnn
000001A0: 4C 79 73 43 53 73 50 62  65 67 32 66 46 35 30 47  LysCSsPbeg2fF50G
000001B0: 46 68 69 69 35 47 49 39  66 4B 78 34 52 43 50 65  Fhii5GI9fKx4RCPe
000001C0: 4F 4C 77 47 68 50 47 46  4A 79 38 55 64 4D 65 67  OLwGhPGFJy8UdMeg
000001D0: 36 68 37 36 33 20 68 74  74 70 3A 2F 2F 61 67 37  6h763 http://ag7
000001E0: 78 32 79 55 39 66 79 7A  57 54 69 4E 35 79 48 57  x2yU9fyzWTiN5yHW
000001F0: 46 58 48 58 5A 31 74 39  6F 42 51 42 42 35 6D 79  FXHXZ1t9oBQBB5my
00000200: 63 76 6B 37 73 6D 59 78  7A 70 44 69 34 49 70 66  cvk7smYxzpDi4Ipf
00000210: 53 66 50 77 64 4B 61 51  66 4E 33 64 77 20 68 74  SfPwdKaQfN3dw ht
00000220: 74 70 3A 2F 2F 36 34 52  69 67 67 32 44 57 32 6A  tp://64Rigg2DW2j
00000230: 6A 75 41 78 6A 39 38 45  74 36 31 6D 76 49 38 75  juAxj98Et61mvI8u
00000240: 52 41 41 68 46 58 73 77  57 34 58 37 47 6E 53 36  RAAhFXswW4X7GnS6
00000250: 59 4C 78 4E 47 62 57 37  5A 59 43 70 44 51 45 6B  YLxNGbW7ZYCpDQEk
00000260: 65 63 35 68 5A 20 68 74  74 70 3A 2F 2F 69 38 4F  ec5hZ http://i8O
00000270: 4E 7A 4E 72 61 73 50 69  53 34 6B 6C 5A 62 4B 46  NzNrasPiS4klZbKF
00000280: 6F 38 7A 79 41 31 59 68  6A 6F 49 7A 7A 67 51 62  o8zyA1YhjoIzzgQb
00000290: 6C 6F 55 52 68 6F 48 77  30 76 43 46 58 4D 4B 69  loURhoHw0vCFXMKi
000002A0: 64 6E 46 39 34 67 31 55  68 53 46 51 6E 22 7D 2C  dnF94g1UhSFQn"},
000002B0: 22 33 22 3A 7B 22 6D 61  70 22 3A 5B 22 73 74 72  "3":{"map":["str
000002C0: 22 2C 22 73 74 72 22 2C  30 2C 7B 7D 5D 7D 7D 5D  ","str",0,{}]}}]
====
STREAM PID 60554.0xffff9482de657e00 (S) > 60589.0xffff9482d7141200 (C), length 1146
command[60554]: b'./cmake-build/src/TextService/TextService'
command[60589]: b'./src/ComposePostService/ComposePostService'
----
00000000: 00 00 04 76 5B 31 2C 22  43 6F 6D 70 6F 73 65 54  ...v[1,"ComposeT
00000010: 65 78 74 22 2C 32 2C 30  2C 7B 22 30 22 3A 7B 22  ext",2,0,{"0":{"
00000020: 72 65 63 22 3A 7B 22 31  22 3A 7B 22 73 74 72 22  rec":{"1":{"str"
00000030: 3A 22 42 68 55 71 37 51  49 6C 76 4C 58 77 61 61  :"BhUq7QIlvLXwaa
00000040: 52 56 62 42 42 4D 6F 56  4A 59 7A 31 7A 46 53 72  RVbBBMoVJYz1zFSr
00000050: 73 6C 44 50 6F 72 46 34  43 78 6C 38 53 48 59 43  slDPorF4Cxl8SHYC
00000060: 62 33 6C 55 79 4B 35 50  78 76 70 70 71 44 31 4F  b3lUyK5PxvppqD1O
00000070: 76 73 76 51 5A 63 79 76  38 49 6A 50 4F 73 58 33  vsvQZcyv8IjPOsX3
00000080: 58 52 49 56 71 50 53 76  67 4B 43 4C 55 70 31 49  XRIVqPSvgKCLUp1I
00000090: 79 35 34 4A 50 58 52 47  70 77 53 44 64 43 75 51  y54JPXRGpwSDdCuQ
000000A0: 35 48 71 63 5A 71 76 49  56 73 4F 59 66 6A 56 31  5HqcZqvIVsOYfjV1
000000B0: 45 4F 7A 72 57 71 31 4E  53 65 52 4B 59 35 6B 51  EOzrWq1NSeRKY5kQ
000000C0: 45 71 35 6A 79 37 59 49  46 7A 7A 46 76 44 55 45  Eq5jy7YIFzzFvDUE
000000D0: 37 63 66 6C 37 51 35 35  77 39 61 46 43 5A 50 4E  7cfl7Q55w9aFCZPN
000000E0: 75 39 63 6E 4B 59 7A 59  69 32 6F 55 74 33 48 66  u9cnKYzYi2oUt3Hf
000000F0: 55 43 33 46 34 4B 37 4F  6A 51 32 78 32 4F 6D 47  UC3F4K7OjQ2x2OmG
00000100: 77 32 4A 7A 79 64 41 47  50 51 58 69 51 59 54 67  w2JzydAGPQXiQYTg
00000110: 44 65 44 32 4F 57 51 65  4C 69 31 6C 48 67 62 4E  DeD2OWQeLi1lHgbN
00000120: 6E 6B 79 30 44 4F 39 62  52 38 58 76 66 6B 67 42  nky0DO9bR8XvfkgB
00000130: 6B 46 20 68 74 74 70 3A  2F 2F 73 68 6F 72 74 2D  kF http://short-
00000140: 75 72 6C 2F 4C 71 51 71  43 71 70 61 77 6D 20 68  url/LqQqCqpawm h
00000150: 74 74 70 3A 2F 2F 73 68  6F 72 74 2D 75 72 6C 2F  ttp://short-url/
00000160: 38 77 57 73 64 78 49 74  6A 4E 20 68 74 74 70 3A  8wWsdxItjN http:
00000170: 2F 2F 73 68 6F 72 74 2D  75 72 6C 2F 53 73 30 74  //short-url/Ss0t
00000180: 64 43 48 41 50 59 20 68  74 74 70 3A 2F 2F 73 68  dCHAPY http://sh
00000190: 6F 72 74 2D 75 72 6C 2F  33 43 4F 41 30 46 37 5A  ort-url/3COA0F7Z
000001A0: 68 4E 20 68 74 74 70 3A  2F 2F 73 68 6F 72 74 2D  hN http://short-
000001B0: 75 72 6C 2F 79 61 53 74  70 72 4F 4A 7A 4D 22 7D  url/yaStprOJzM"}
000001C0: 2C 22 32 22 3A 7B 22 6C  73 74 22 3A 5B 22 72 65  ,"2":{"lst":["re
000001D0: 63 22 2C 30 5D 7D 2C 22  33 22 3A 7B 22 6C 73 74  c",0]},"3":{"lst
000001E0: 22 3A 5B 22 72 65 63 22  2C 35 2C 7B 22 31 22 3A  ":["rec",5,{"1":
000001F0: 7B 22 73 74 72 22 3A 22  68 74 74 70 3A 2F 2F 73  {"str":"http://s
00000200: 68 6F 72 74 2D 75 72 6C  2F 4C 71 51 71 43 71 70  hort-url/LqQqCqp
00000210: 61 77 6D 22 7D 2C 22 32  22 3A 7B 22 73 74 72 22  awm"},"2":{"str"
00000220: 3A 22 68 74 74 70 3A 2F  2F 66 47 4C 42 4E 63 56  :"http://fGLBNcV
00000230: 34 66 52 55 6A 58 74 73  78 53 61 38 72 54 6D 4E  4fRUjXtsxSa8rTmN
00000240: 71 43 71 69 58 39 6F 79  71 31 71 4B 52 72 45 39  qCqiX9oyq1qKRrE9
00000250: 34 71 7A 63 6A 41 51 66  4D 37 78 30 72 75 52 54  4qzcjAQfM7x0ruRT
00000260: 77 6C 4B 46 47 4A 74 73  63 22 7D 7D 2C 7B 22 31  wlKFGJtsc"}},{"1
00000270: 22 3A 7B 22 73 74 72 22  3A 22 68 74 74 70 3A 2F  ":{"str":"http:/
00000280: 2F 73 68 6F 72 74 2D 75  72 6C 2F 38 77 57 73 64  /short-url/8wWsd
00000290: 78 49 74 6A 4E 22 7D 2C  22 32 22 3A 7B 22 73 74  xItjN"},"2":{"st
000002A0: 72 22 3A 22 68 74 74 70  3A 2F 2F 36 48 6A 4C 63  r":"http://6HjLc
000002B0: 41 44 65 62 6E 6E 4C 79  73 43 53 73 50 62 65 67  ADebnnLysCSsPbeg
000002C0: 32 66 46 35 30 47 46 68  69 69 35 47 49 39 66 4B  2fF50GFhii5GI9fK
000002D0: 78 34 52 43 50 65 4F 4C  77 47 68 50 47 46 4A 79  x4RCPeOLwGhPGFJy
000002E0: 38 55 64 4D 65 67 36 68  37 36 33 22 7D 7D 2C 7B  8UdMeg6h763"}},{
000002F0: 22 31 22 3A 7B 22 73 74  72 22 3A 22 68 74 74 70  "1":{"str":"http
00000300: 3A 2F 2F 73 68 6F 72 74  2D 75 72 6C 2F 53 73 30  ://short-url/Ss0
00000310: 74 64 43 48 41 50 59 22  7D 2C 22 32 22 3A 7B 22  tdCHAPY"},"2":{"
00000320: 73 74 72 22 3A 22 68 74  74 70 3A 2F 2F 61 67 37  str":"http://ag7
00000330: 78 32 79 55 39 66 79 7A  57 54 69 4E 35 79 48 57  x2yU9fyzWTiN5yHW
00000340: 46 58 48 58 5A 31 74 39  6F 42 51 42 42 35 6D 79  FXHXZ1t9oBQBB5my
00000350: 63 76 6B 37 73 6D 59 78  7A 70 44 69 34 49 70 66  cvk7smYxzpDi4Ipf
00000360: 53 66 50 77 64 4B 61 51  66 4E 33 64 77 22 7D 7D  SfPwdKaQfN3dw"}}
00000370: 2C 7B 22 31 22 3A 7B 22  73 74 72 22 3A 22 68 74  ,{"1":{"str":"ht
00000380: 74 70 3A 2F 2F 73 68 6F  72 74 2D 75 72 6C 2F 33  tp://short-url/3
00000390: 43 4F 41 30 46 37 5A 68  4E 22 7D 2C 22 32 22 3A  COA0F7ZhN"},"2":
000003A0: 7B 22 73 74 72 22 3A 22  68 74 74 70 3A 2F 2F 36  {"str":"http://6
000003B0: 34 52 69 67 67 32 44 57  32 6A 6A 75 41 78 6A 39  4Rigg2DW2jjuAxj9
000003C0: 38 45 74 36 31 6D 76 49  38 75 52 41 41 68 46 58  8Et61mvI8uRAAhFX
000003D0: 73 77 57 34 58 37 47 6E  53 36 59 4C 78 4E 47 62  swW4X7GnS6YLxNGb
000003E0: 57 37 5A 59 43 70 44 51  45 6B 65 63 35 68 5A 22  W7ZYCpDQEkec5hZ"
000003F0: 7D 7D 2C 7B 22 31 22 3A  7B 22 73 74 72 22 3A 22  }},{"1":{"str":"
00000400: 68 74 74 70 3A 2F 2F 73  68 6F 72 74 2D 75 72 6C  http://short-url
00000410: 2F 79 61 53 74 70 72 4F  4A 7A 4D 22 7D 2C 22 32  /yaStprOJzM"},"2
00000420: 22 3A 7B 22 73 74 72 22  3A 22 68 74 74 70 3A 2F  ":{"str":"http:/
00000430: 2F 69 38 4F 4E 7A 4E 72  61 73 50 69 53 34 6B 6C  /i8ONzNrasPiS4kl
00000440: 5A 62 4B 46 6F 38 7A 79  41 31 59 68 6A 6F 49 7A  ZbKFo8zyA1YhjoIz
00000450: 7A 67 51 62 6C 6F 55 52  68 6F 48 77 30 76 43 46  zgQbloURhoHw0vCF
00000460: 58 4D 4B 69 64 6E 46 39  34 67 31 55 68 53 46 51  XMKidnF94g1UhSFQ
00000470: 6E 22 7D 7D 5D 7D 7D 7D  7D 5D                    n"}}]}}}}]
====
STREAM PID 60589.0xffff9482d7141200 (C) > 60554.0xffff9482de657e00 (S), length 717
command[60589]: b'./src/ComposePostService/ComposePostService'
command[60554]: b'./cmake-build/src/TextService/TextService'
----
00000000: 00 00 02 C9 5B 31 2C 22  43 6F 6D 70 6F 73 65 54  ....[1,"ComposeT
00000010: 65 78 74 22 2C 31 2C 30  2C 7B 22 31 22 3A 7B 22  ext",1,0,{"1":{"
00000020: 69 36 34 22 3A 32 39 34  37 35 31 37 35 30 30 38  i64":29475175008
00000030: 35 34 34 34 30 33 32 7D  2C 22 32 22 3A 7B 22 73  5444032},"2":{"s
00000040: 74 72 22 3A 22 7A 53 6F  4B 58 58 77 4B 70 78 33  tr":"zSoKXXwKpx3
00000050: 43 41 67 79 30 42 71 67  37 4C 37 6C 6F 50 44 77  CAgy0Bqg7L7loPDw
00000060: 69 53 33 33 52 57 45 34  4D 71 51 52 70 6D 4A 6D  iS33RWE4MqQRpmJm
00000070: 68 42 6F 64 59 5A 41 6B  37 6A 34 79 79 6B 4B 38  hBodYZAk7j4yykK8
00000080: 35 47 32 68 68 76 67 51  38 79 73 49 62 38 46 50  5G2hhvgQ8ysIb8FP
00000090: 4A 76 53 6B 73 6C 61 48  78 6D 75 6E 57 58 56 58  JvSkslaHxmunWXVX
000000A0: 6A 72 56 45 44 76 55 38  67 50 37 58 75 77 57 57  jrVEDvU8gP7XuwWW
000000B0: 76 5A 4B 47 41 41 70 69  46 47 78 30 61 35 4C 33  vZKGAApiFGx0a5L3
000000C0: 52 6B 6C 72 6E 77 35 46  72 5A 48 79 51 6F 48 51  Rklrnw5FrZHyQoHQ
000000D0: 33 4F 49 45 67 65 79 36  49 68 6B 32 71 42 64 70  3OIEgey6Ihk2qBdp
000000E0: 4F 62 74 36 47 62 59 44  31 4C 46 4F 45 54 58 50  Obt6GbYD1LFOETXP
000000F0: 32 6F 77 36 6C 52 47 4B  36 6C 61 72 6F 4D 7A 7A  2ow6lRGK6laroMzz
00000100: 31 6A 55 52 54 44 75 74  70 33 58 53 70 36 37 43  1jURTDutp3XSp67C
00000110: 62 63 6E 68 62 4E 52 5A  6B 59 6B 42 54 4A 45 70  bcnhbNRZkYkBTJEp
00000120: 55 55 36 31 6D 47 50 66  47 72 34 46 74 56 47 44  UU61mGPfGr4FtVGD
00000130: 35 74 6C 31 4E 56 37 64  4E 75 6C 6E 58 31 63 6F  5tl1NV7dNulnX1co
00000140: 75 64 47 6E 52 20 40 75  73 65 72 6E 61 6D 65 5F  udGnR @username_
00000150: 32 36 39 20 40 75 73 65  72 6E 61 6D 65 5F 36 33  269 @username_63
00000160: 38 20 40 75 73 65 72 6E  61 6D 65 5F 34 31 38 20  8 @username_418 
00000170: 40 75 73 65 72 6E 61 6D  65 5F 38 34 20 40 75 73  @username_84 @us
00000180: 65 72 6E 61 6D 65 5F 37  35 35 20 68 74 74 70 3A  ername_755 http:
00000190: 2F 2F 38 68 45 30 59 6E  74 52 75 6C 76 4B 58 30  //8hE0YntRulvKX0
000001A0: 70 4D 43 5A 46 47 4E 68  63 6F 34 43 74 4B 77 37  pMCZFGNhco4CtKw7
000001B0: 77 75 76 54 51 79 56 36  34 6A 70 6D 66 65 41 45  wuvTQyV64jpmfeAE
000001C0: 4B 37 31 76 67 70 68 55  68 79 78 53 70 70 77 45  K71vgphUhyxSppwE
000001D0: 48 38 20 68 74 74 70 3A  2F 2F 79 53 58 50 56 44  H8 http://ySXPVD
000001E0: 47 6A 57 6A 70 34 64 53  57 6A 55 62 4F 48 52 72  GjWjp4dSWjUbOHRr
000001F0: 41 39 43 54 68 30 76 48  31 72 78 30 75 58 62 76  A9CTh0vH1rx0uXbv
00000200: 53 30 41 4E 64 61 35 63  73 73 52 73 48 55 34 71  S0ANda5cssRsHU4q
00000210: 66 43 6E 71 34 56 71 67  6F 66 20 68 74 74 70 3A  fCnq4Vqgof http:
00000220: 2F 2F 30 39 64 48 71 4C  39 69 4B 45 78 70 50 70  //09dHqL9iKExpPp
00000230: 70 58 52 56 64 6C 79 49  51 70 6A 5A 38 6E 46 59  pXRVdlyIQpjZ8nFY
00000240: 39 30 67 62 51 72 66 66  53 50 4F 4D 68 6D 45 46  90gbQrffSPOMhmEF
00000250: 69 42 39 36 4F 58 59 67  76 6E 61 71 32 6E 68 4F  iB96OXYgvnaq2nhO
00000260: 4F 65 20 68 74 74 70 3A  2F 2F 37 43 32 78 6A 4F  Oe http://7C2xjO
00000270: 64 59 71 6A 6B 6B 33 48  6B 52 53 63 76 51 63 38  dYqjkk3HkRScvQc8
00000280: 4C 73 53 67 42 59 43 70  37 64 35 6B 41 78 6C 31  LsSgBYCp7d5kAxl1
00000290: 59 77 59 6A 6A 63 67 4C  35 54 6D 71 47 39 4D 70  YwYjjcgL5TmqG9Mp
000002A0: 32 72 6B 53 38 79 78 70  6C 63 22 7D 2C 22 33 22  2rkS8yxplc"},"3"
000002B0: 3A 7B 22 6D 61 70 22 3A  5B 22 73 74 72 22 2C 22  :{"map":["str","
000002C0: 73 74 72 22 2C 30 2C 7B  7D 5D 7D 7D 5D           str",0,{}]}}]
====
STREAM PID 60554.0xffff9482de657e00 (S) > 60589.0xffff9482d7141200 (C), length 1057
command[60554]: b'./cmake-build/src/TextService/TextService'
command[60589]: b'./src/ComposePostService/ComposePostService'
----
00000000: 00 00 04 1D 5B 31 2C 22  43 6F 6D 70 6F 73 65 54  ....[1,"ComposeT
00000010: 65 78 74 22 2C 32 2C 30  2C 7B 22 30 22 3A 7B 22  ext",2,0,{"0":{"
00000020: 72 65 63 22 3A 7B 22 31  22 3A 7B 22 73 74 72 22  rec":{"1":{"str"
00000030: 3A 22 7A 53 6F 4B 58 58  77 4B 70 78 33 43 41 67  :"zSoKXXwKpx3CAg
00000040: 79 30 42 71 67 37 4C 37  6C 6F 50 44 77 69 53 33  y0Bqg7L7loPDwiS3
00000050: 33 52 57 45 34 4D 71 51  52 70 6D 4A 6D 68 42 6F  3RWE4MqQRpmJmhBo
00000060: 64 59 5A 41 6B 37 6A 34  79 79 6B 4B 38 35 47 32  dYZAk7j4yykK85G2
00000070: 68 68 76 67 51 38 79 73  49 62 38 46 50 4A 76 53  hhvgQ8ysIb8FPJvS
00000080: 6B 73 6C 61 48 78 6D 75  6E 57 58 56 58 6A 72 56  kslaHxmunWXVXjrV
00000090: 45 44 76 55 38 67 50 37  58 75 77 57 57 76 5A 4B  EDvU8gP7XuwWWvZK
000000A0: 47 41 41 70 69 46 47 78  30 61 35 4C 33 52 6B 6C  GAApiFGx0a5L3Rkl
000000B0: 72 6E 77 35 46 72 5A 48  79 51 6F 48 51 33 4F 49  rnw5FrZHyQoHQ3OI
000000C0: 45 67 65 79 36 49 68 6B  32 71 42 64 70 4F 62 74  Egey6Ihk2qBdpObt
000000D0: 36 47 62 59 44 31 4C 46  4F 45 54 58 50 32 6F 77  6GbYD1LFOETXP2ow
000000E0: 36 6C 52 47 4B 36 6C 61  72 6F 4D 7A 7A 31 6A 55  6lRGK6laroMzz1jU
000000F0: 52 54 44 75 74 70 33 58  53 70 36 37 43 62 63 6E  RTDutp3XSp67Cbcn
00000100: 68 62 4E 52 5A 6B 59 6B  42 54 4A 45 70 55 55 36  hbNRZkYkBTJEpUU6
00000110: 31 6D 47 50 66 47 72 34  46 74 56 47 44 35 74 6C  1mGPfGr4FtVGD5tl
00000120: 31 4E 56 37 64 4E 75 6C  6E 58 31 63 6F 75 64 47  1NV7dNulnX1coudG
00000130: 6E 52 20 40 75 73 65 72  6E 61 6D 65 5F 32 36 39  nR @username_269
00000140: 20 40 75 73 65 72 6E 61  6D 65 5F 36 33 38 20 40   @username_638 @
00000150: 75 73 65 72 6E 61 6D 65  5F 34 31 38 20 40 75 73  username_418 @us
00000160: 65 72 6E 61 6D 65 5F 38  34 20 40 75 73 65 72 6E  ername_84 @usern
00000170: 61 6D 65 5F 37 35 35 20  68 74 74 70 3A 2F 2F 73  ame_755 http://s
00000180: 68 6F 72 74 2D 75 72 6C  2F 38 6D 47 6C 79 36 68  hort-url/8mGly6h
00000190: 41 42 70 20 68 74 74 70  3A 2F 2F 73 68 6F 72 74  ABp http://short
000001A0: 2D 75 72 6C 2F 4D 35 63  4D 59 42 6F 71 6C 4C 20  -url/M5cMYBoqlL 
000001B0: 68 74 74 70 3A 2F 2F 73  68 6F 72 74 2D 75 72 6C  http://short-url
000001C0: 2F 4B 53 64 7A 4A 5A 41  4C 31 6E 20 68 74 74 70  /KSdzJZAL1n http
000001D0: 3A 2F 2F 73 68 6F 72 74  2D 75 72 6C 2F 39 56 68  ://short-url/9Vh
000001E0: 67 74 67 48 6C 63 55 22  7D 2C 22 32 22 3A 7B 22  gtgHlcU"},"2":{"
000001F0: 6C 73 74 22 3A 5B 22 72  65 63 22 2C 30 5D 7D 2C  lst":["rec",0]},
00000200: 22 33 22 3A 7B 22 6C 73  74 22 3A 5B 22 72 65 63  "3":{"lst":["rec
00000210: 22 2C 34 2C 7B 22 31 22  3A 7B 22 73 74 72 22 3A  ",4,{"1":{"str":
00000220: 22 68 74 74 70 3A 2F 2F  73 68 6F 72 74 2D 75 72  "http://short-ur
00000230: 6C 2F 38 6D 47 6C 79 36  68 41 42 70 22 7D 2C 22  l/8mGly6hABp"},"
00000240: 32 22 3A 7B 22 73 74 72  22 3A 22 68 74 74 70 3A  2":{"str":"http:
00000250: 2F 2F 38 68 45 30 59 6E  74 52 75 6C 76 4B 58 30  //8hE0YntRulvKX0
00000260: 70 4D 43 5A 46 47 4E 68  63 6F 34 43 74 4B 77 37  pMCZFGNhco4CtKw7
00000270: 77 75 76 54 51 79 56 36  34 6A 70 6D 66 65 41 45  wuvTQyV64jpmfeAE
00000280: 4B 37 31 76 67 70 68 55  68 79 78 53 70 70 77 45  K71vgphUhyxSppwE
00000290: 48 38 22 7D 7D 2C 7B 22  31 22 3A 7B 22 73 74 72  H8"}},{"1":{"str
000002A0: 22 3A 22 68 74 74 70 3A  2F 2F 73 68 6F 72 74 2D  ":"http://short-
000002B0: 75 72 6C 2F 4D 35 63 4D  59 42 6F 71 6C 4C 22 7D  url/M5cMYBoqlL"}
000002C0: 2C 22 32 22 3A 7B 22 73  74 72 22 3A 22 68 74 74  ,"2":{"str":"htt
000002D0: 70 3A 2F 2F 79 53 58 50  56 44 47 6A 57 6A 70 34  p://ySXPVDGjWjp4
000002E0: 64 53 57 6A 55 62 4F 48  52 72 41 39 43 54 68 30  dSWjUbOHRrA9CTh0
000002F0: 76 48 31 72 78 30 75 58  62 76 53 30 41 4E 64 61  vH1rx0uXbvS0ANda
00000300: 35 63 73 73 52 73 48 55  34 71 66 43 6E 71 34 56  5cssRsHU4qfCnq4V
00000310: 71 67 6F 66 22 7D 7D 2C  7B 22 31 22 3A 7B 22 73  qgof"}},{"1":{"s
00000320: 74 72 22 3A 22 68 74 74  70 3A 2F 2F 73 68 6F 72  tr":"http://shor
00000330: 74 2D 75 72 6C 2F 4B 53  64 7A 4A 5A 41 4C 31 6E  t-url/KSdzJZAL1n
00000340: 22 7D 2C 22 32 22 3A 7B  22 73 74 72 22 3A 22 68  "},"2":{"str":"h
00000350: 74 74 70 3A 2F 2F 30 39  64 48 71 4C 39 69 4B 45  ttp://09dHqL9iKE
00000360: 78 70 50 70 70 58 52 56  64 6C 79 49 51 70 6A 5A  xpPppXRVdlyIQpjZ
00000370: 38 6E 46 59 39 30 67 62  51 72 66 66 53 50 4F 4D  8nFY90gbQrffSPOM
00000380: 68 6D 45 46 69 42 39 36  4F 58 59 67 76 6E 61 71  hmEFiB96OXYgvnaq
00000390: 32 6E 68 4F 4F 65 22 7D  7D 2C 7B 22 31 22 3A 7B  2nhOOe"}},{"1":{
000003A0: 22 73 74 72 22 3A 22 68  74 74 70 3A 2F 2F 73 68  "str":"http://sh
000003B0: 6F 72 74 2D 75 72 6C 2F  39 56 68 67 74 67 48 6C  ort-url/9VhgtgHl
000003C0: 63 55 22 7D 2C 22 32 22  3A 7B 22 73 74 72 22 3A  cU"},"2":{"str":
000003D0: 22 68 74 74 70 3A 2F 2F  37 43 32 78 6A 4F 64 59  "http://7C2xjOdY
000003E0: 71 6A 6B 6B 33 48 6B 52  53 63 76 51 63 38 4C 73  qjkk3HkRScvQc8Ls
000003F0: 53 67 42 59 43 70 37 64  35 6B 41 78 6C 31 59 77  SgBYCp7d5kAxl1Yw
00000400: 59 6A 6A 63 67 4C 35 54  6D 71 47 39 4D 70 32 72  YjjcgL5TmqG9Mp2r
00000410: 6B 53 38 79 78 70 6C 63  22 7D 7D 5D 7D 7D 7D 7D  kS8yxplc"}}]}}}}
00000420: 5D                                                ]
====
STREAM PID 60589.0xffff9482d7141200 (C) > 60554.0xffff9482de657e00 (S), length 489
command[60589]: b'./src/ComposePostService/ComposePostService'
command[60554]: b'./cmake-build/src/TextService/TextService'
----
00000000: 00 00 01 E5 5B 31 2C 22  43 6F 6D 70 6F 73 65 54  ....[1,"ComposeT
00000010: 65 78 74 22 2C 31 2C 30  2C 7B 22 31 22 3A 7B 22  ext",1,0,{"1":{"
00000020: 69 36 34 22 3A 31 31 34  34 36 33 35 35 38 33 31  i64":11446355831
00000030: 31 37 30 39 34 34 30 30  7D 2C 22 32 22 3A 7B 22  17094400},"2":{"
00000040: 73 74 72 22 3A 22 32 4E  41 32 52 57 46 4B 6C 31  str":"2NA2RWFKl1
00000050: 58 61 75 6B 65 49 6D 32  72 6C 4E 55 6E 4F 55 6D  XaukeIm2rlNUnOUm
00000060: 36 39 45 39 4C 34 79 59  58 67 6B 70 51 66 64 74  69E9L4yYXgkpQfdt
00000070: 55 37 45 4B 4A 71 6D 70  62 36 75 44 78 4C 64 47  U7EKJqmpb6uDxLdG
00000080: 5A 6A 44 50 61 32 50 6F  4A 4E 77 5A 68 56 7A 38  ZjDPa2PoJNwZhVz8
00000090: 70 61 74 44 58 50 45 77  78 74 69 35 6C 64 36 6A  patDXPEwxti5ld6j
000000A0: 54 31 4B 39 33 50 53 66  73 5A 44 65 6B 44 46 31  T1K93PSfsZDekDF1
000000B0: 4C 45 33 59 6A 37 59 6A  44 66 50 46 49 75 54 71  LE3Yj7YjDfPFIuTq
000000C0: 56 36 72 58 65 44 43 71  68 51 34 6F 56 62 61 5A  V6rXeDCqhQ4oVbaZ
000000D0: 6A 44 44 36 65 71 48 6A  4F 42 6F 49 33 54 72 37  jDD6eqHjOBoI3Tr7
000000E0: 32 74 34 34 32 6C 4B 32  50 7A 79 50 6C 58 62 34  2t442lK2PzyPlXb4
000000F0: 75 62 51 6A 67 36 44 31  4E 7A 38 50 63 61 4A 65  ubQjg6D1Nz8PcaJe
00000100: 70 6D 35 45 6D 41 75 45  57 67 67 65 50 56 61 53  pm5EmAuEWggePVaS
00000110: 62 37 37 59 41 46 63 7A  76 46 36 43 34 31 65 63  b77YAFczvF6C41ec
00000120: 6A 53 6C 41 72 51 6A 48  33 55 77 45 37 66 4B 70  jSlArQjH3UwE7fKp
00000130: 57 76 76 51 75 67 56 55  41 77 38 43 66 4C 69 4C  WvvQugVUAw8CfLiL
00000140: 6F 71 62 69 45 6D 20 40  75 73 65 72 6E 61 6D 65  oqbiEm @username
00000150: 5F 33 31 39 20 40 75 73  65 72 6E 61 6D 65 5F 33  _319 @username_3
00000160: 34 32 20 40 75 73 65 72  6E 61 6D 65 5F 37 35 36  42 @username_756
00000170: 20 40 75 73 65 72 6E 61  6D 65 5F 32 38 31 20 68   @username_281 h
00000180: 74 74 70 3A 2F 2F 44 64  51 6C 4D 35 48 77 37 47  ttp://DdQlM5Hw7G
00000190: 5A 5A 30 46 56 74 76 44  39 4A 31 4C 7A 6C 44 63  ZZ0FVtvD9J1LzlDc
000001A0: 70 4D 69 6E 66 6A 53 39  6A 31 58 56 4D 78 77 6F  pMinfjS9j1XVMxwo
000001B0: 32 51 48 43 63 65 42 6F  6D 4B 4C 65 6A 32 77 4E  2QHCceBomKLej2wN
000001C0: 58 38 78 61 41 4F 22 7D  2C 22 33 22 3A 7B 22 6D  X8xaAO"},"3":{"m
000001D0: 61 70 22 3A 5B 22 73 74  72 22 2C 22 73 74 72 22  ap":["str","str"
000001E0: 2C 30 2C 7B 7D 5D 7D 7D  5D                       ,0,{}]}}]
====
STREAM PID 60554.0xffff9482de657e00 (S) > 60589.0xffff9482d7141200 (C), length 570
command[60554]: b'./cmake-build/src/TextService/TextService'
command[60589]: b'./src/ComposePostService/ComposePostService'
----
00000000: 00 00 02 36 5B 31 2C 22  43 6F 6D 70 6F 73 65 54  ...6[1,"ComposeT
00000010: 65 78 74 22 2C 32 2C 30  2C 7B 22 30 22 3A 7B 22  ext",2,0,{"0":{"
00000020: 72 65 63 22 3A 7B 22 31  22 3A 7B 22 73 74 72 22  rec":{"1":{"str"
00000030: 3A 22 32 4E 41 32 52 57  46 4B 6C 31 58 61 75 6B  :"2NA2RWFKl1Xauk
00000040: 65 49 6D 32 72 6C 4E 55  6E 4F 55 6D 36 39 45 39  eIm2rlNUnOUm69E9
00000050: 4C 34 79 59 58 67 6B 70  51 66 64 74 55 37 45 4B  L4yYXgkpQfdtU7EK
00000060: 4A 71 6D 70 62 36 75 44  78 4C 64 47 5A 6A 44 50  Jqmpb6uDxLdGZjDP
00000070: 61 32 50 6F 4A 4E 77 5A  68 56 7A 38 70 61 74 44  a2PoJNwZhVz8patD
00000080: 58 50 45 77 78 74 69 35  6C 64 36 6A 54 31 4B 39  XPEwxti5ld6jT1K9
00000090: 33 50 53 66 73 5A 44 65  6B 44 46 31 4C 45 33 59  3PSfsZDekDF1LE3Y
000000A0: 6A 37 59 6A 44 66 50 46  49 75 54 71 56 36 72 58  j7YjDfPFIuTqV6rX
000000B0: 65 44 43 71 68 51 34 6F  56 62 61 5A 6A 44 44 36  eDCqhQ4oVbaZjDD6
000000C0: 65 71 48 6A 4F 42 6F 49  33 54 72 37 32 74 34 34  eqHjOBoI3Tr72t44
000000D0: 32 6C 4B 32 50 7A 79 50  6C 58 62 34 75 62 51 6A  2lK2PzyPlXb4ubQj
000000E0: 67 36 44 31 4E 7A 38 50  63 61 4A 65 70 6D 35 45  g6D1Nz8PcaJepm5E
000000F0: 6D 41 75 45 57 67 67 65  50 56 61 53 62 37 37 59  mAuEWggePVaSb77Y
00000100: 41 46 63 7A 76 46 36 43  34 31 65 63 6A 53 6C 41  AFczvF6C41ecjSlA
00000110: 72 51 6A 48 33 55 77 45  37 66 4B 70 57 76 76 51  rQjH3UwE7fKpWvvQ
00000120: 75 67 56 55 41 77 38 43  66 4C 69 4C 6F 71 62 69  ugVUAw8CfLiLoqbi
00000130: 45 6D 20 40 75 73 65 72  6E 61 6D 65 5F 33 31 39  Em @username_319
00000140: 20 40 75 73 65 72 6E 61  6D 65 5F 33 34 32 20 40   @username_342 @
00000150: 75 73 65 72 6E 61 6D 65  5F 37 35 36 20 40 75 73  username_756 @us
00000160: 65 72 6E 61 6D 65 5F 32  38 31 20 68 74 74 70 3A  ername_281 http:
00000170: 2F 2F 73 68 6F 72 74 2D  75 72 6C 2F 54 48 36 4E  //short-url/TH6N
00000180: 62 31 37 4F 34 64 22 7D  2C 22 32 22 3A 7B 22 6C  b17O4d"},"2":{"l
00000190: 73 74 22 3A 5B 22 72 65  63 22 2C 30 5D 7D 2C 22  st":["rec",0]},"
000001A0: 33 22 3A 7B 22 6C 73 74  22 3A 5B 22 72 65 63 22  3":{"lst":["rec"
000001B0: 2C 31 2C 7B 22 31 22 3A  7B 22 73 74 72 22 3A 22  ,1,{"1":{"str":"
000001C0: 68 74 74 70 3A 2F 2F 73  68 6F 72 74 2D 75 72 6C  http://short-url
000001D0: 2F 54 48 36 4E 62 31 37  4F 34 64 22 7D 2C 22 32  /TH6Nb17O4d"},"2
000001E0: 22 3A 7B 22 73 74 72 22  3A 22 68 74 74 70 3A 2F  ":{"str":"http:/
000001F0: 2F 44 64 51 6C 4D 35 48  77 37 47 5A 5A 30 46 56  /DdQlM5Hw7GZZ0FV
00000200: 74 76 44 39 4A 31 4C 7A  6C 44 63 70 4D 69 6E 66  tvD9J1LzlDcpMinf
00000210: 6A 53 39 6A 31 58 56 4D  78 77 6F 32 51 48 43 63  jS9j1XVMxwo2QHCc
00000220: 65 42 6F 6D 4B 4C 65 6A  32 77 4E 58 38 78 61 41  eBomKLej2wNX8xaA
00000230: 4F 22 7D 7D 5D 7D 7D 7D  7D 5D                    O"}}]}}}}]
====
STREAM PID 60589.0xffff9482d7141200 (C) > 60554.0xffff9482de657e00 (S), length 618
command[60589]: b'./src/ComposePostService/ComposePostService'
command[60554]: b'./cmake-build/src/TextService/TextService'
----
00000000: 00 00 02 66 5B 31 2C 22  43 6F 6D 70 6F 73 65 54  ...f[1,"ComposeT
00000010: 65 78 74 22 2C 31 2C 30  2C 7B 22 31 22 3A 7B 22  ext",1,0,{"1":{"
00000020: 69 36 34 22 3A 36 37 31  37 39 35 33 33 35 37 35  i64":67179533575
00000030: 37 39 32 34 34 38 30 7D  2C 22 32 22 3A 7B 22 73  7924480},"2":{"s
00000040: 74 72 22 3A 22 76 41 79  61 7A 70 52 6C 63 64 6B  tr":"vAyazpRlcdk
00000050: 47 4F 57 4B 53 34 62 33  78 51 42 4A 6F 7A 62 4F  GOWKS4b3xQBJozbO
00000060: 4B 39 32 42 62 30 56 45  79 53 74 32 59 68 78 39  K92Bb0VEySt2Yhx9
00000070: 63 34 6D 51 68 54 6D 33  33 7A 53 61 6C 31 65 78  c4mQhTm33zSal1ex
00000080: 69 4D 67 34 32 70 35 51  63 44 44 68 35 68 51 75  iMg42p5QcDDh5hQu
00000090: 30 37 54 4F 39 34 36 4E  71 52 63 6B 68 73 56 6F  07TO946NqRckhsVo
000000A0: 69 44 79 6A 43 78 34 43  75 47 78 5A 49 39 4B 37  iDyjCx4CuGxZI9K7
000000B0: 59 32 75 41 75 53 78 56  37 49 54 32 34 63 71 49  Y2uAuSxV7IT24cqI
000000C0: 58 39 48 56 77 34 38 70  43 6B 51 51 66 51 7A 49  X9HVw48pCkQQfQzI
000000D0: 7A 66 53 75 4B 61 4F 78  38 46 63 6E 46 4F 35 33  zfSuKaOx8FcnFO53
000000E0: 45 45 45 6A 67 52 42 52  4B 31 47 55 66 53 6E 55  EEEjgRBRK1GUfSnU
000000F0: 64 33 79 68 58 36 33 68  66 50 74 4F 30 39 4E 59  d3yhX63hfPtO09NY
00000100: 70 77 45 46 32 56 56 46  46 72 44 36 42 62 6F 54  pwEF2VVFFrD6BboT
00000110: 4B 51 6E 72 35 51 74 67  6E 6A 59 79 6A 6C 65 71  KQnr5QtgnjYyjleq
00000120: 54 6E 59 47 6E 70 37 41  5A 36 79 39 41 4B 44 4E  TnYGnp7AZ6y9AKDN
00000130: 71 7A 7A 55 41 6F 77 31  37 71 37 70 41 72 7A 43  qzzUAow17q7pArzC
00000140: 44 76 66 48 56 20 40 75  73 65 72 6E 61 6D 65 5F  DvfHV @username_
00000150: 35 30 31 20 40 75 73 65  72 6E 61 6D 65 5F 39 30  501 @username_90
00000160: 32 20 40 75 73 65 72 6E  61 6D 65 5F 37 31 30 20  2 @username_710 
00000170: 68 74 74 70 3A 2F 2F 6F  66 50 53 62 72 6B 43 61  http://ofPSbrkCa
00000180: 6E 74 65 44 46 66 6D 37  50 58 6E 47 75 72 79 50  nteDFfm7PXnGuryP
00000190: 37 63 76 48 68 4E 37 41  55 42 48 6B 37 34 5A 75  7cvHhN7AUBHk74Zu
000001A0: 32 48 42 6A 33 51 73 75  33 75 4A 52 50 47 73 6E  2HBj3Qsu3uJRPGsn
000001B0: 68 37 7A 53 4F 33 70 20  68 74 74 70 3A 2F 2F 44  h7zSO3p http://D
000001C0: 36 33 62 78 73 32 37 77  73 6A 46 6C 6E 42 36 51  63bxs27wsjFlnB6Q
000001D0: 66 42 4D 48 64 56 47 51  77 67 69 33 75 62 53 69  fBMHdVGQwgi3ubSi
000001E0: 32 6D 30 72 6B 43 52 38  61 75 74 75 50 49 34 79  2m0rkCR8autuPI4y
000001F0: 57 72 61 75 4D 71 52 6F  33 67 64 39 78 4C 34 20  WrauMqRo3gd9xL4 
00000200: 68 74 74 70 3A 2F 2F 53  4C 43 4E 67 56 49 74 33  http://SLCNgVIt3
00000210: 46 68 53 62 59 6E 51 48  71 6E 72 47 55 70 6F 6B  FhSbYnQHqnrGUpok
00000220: 57 6D 72 39 38 32 41 64  38 7A 5A 6D 71 63 33 6D  Wmr982Ad8zZmqc3m
00000230: 4B 58 33 7A 65 5A 54 49  68 50 4C 48 58 50 57 4D  KX3zeZTIhPLHXPWM
00000240: 66 54 4F 77 72 62 47 22  7D 2C 22 33 22 3A 7B 22  fTOwrbG"},"3":{"
00000250: 6D 61 70 22 3A 5B 22 73  74 72 22 2C 22 73 74 72  map":["str","str
00000260: 22 2C 30 2C 7B 7D 5D 7D  7D 5D                    ",0,{}]}}]
====
STREAM PID 60554.0xffff9482de657e00 (S) > 60589.0xffff9482d7141200 (C), length 872
command[60554]: b'./cmake-build/src/TextService/TextService'
command[60589]: b'./src/ComposePostService/ComposePostService'
----
00000000: 00 00 03 64 5B 31 2C 22  43 6F 6D 70 6F 73 65 54  ...d[1,"ComposeT
00000010: 65 78 74 22 2C 32 2C 30  2C 7B 22 30 22 3A 7B 22  ext",2,0,{"0":{"
00000020: 72 65 63 22 3A 7B 22 31  22 3A 7B 22 73 74 72 22  rec":{"1":{"str"
00000030: 3A 22 76 41 79 61 7A 70  52 6C 63 64 6B 47 4F 57  :"vAyazpRlcdkGOW
00000040: 4B 53 34 62 33 78 51 42  4A 6F 7A 62 4F 4B 39 32  KS4b3xQBJozbOK92
00000050: 42 62 30 56 45 79 53 74  32 59 68 78 39 63 34 6D  Bb0VEySt2Yhx9c4m
00000060: 51 68 54 6D 33 33 7A 53  61 6C 31 65 78 69 4D 67  QhTm33zSal1exiMg
00000070: 34 32 70 35 51 63 44 44  68 35 68 51 75 30 37 54  42p5QcDDh5hQu07T
00000080: 4F 39 34 36 4E 71 52 63  6B 68 73 56 6F 69 44 79  O946NqRckhsVoiDy
00000090: 6A 43 78 34 43 75 47 78  5A 49 39 4B 37 59 32 75  jCx4CuGxZI9K7Y2u
000000A0: 41 75 53 78 56 37 49 54  32 34 63 71 49 58 39 48  AuSxV7IT24cqIX9H
000000B0: 56 77 34 38 70 43 6B 51  51 66 51 7A 49 7A 66 53  Vw48pCkQQfQzIzfS
000000C0: 75 4B 61 4F 78 38 46 63  6E 46 4F 35 33 45 45 45  uKaOx8FcnFO53EEE
000000D0: 6A 67 52 42 52 4B 31 47  55 66 53 6E 55 64 33 79  jgRBRK1GUfSnUd3y
000000E0: 68 58 36 33 68 66 50 74  4F 30 39 4E 59 70 77 45  hX63hfPtO09NYpwE
000000F0: 46 32 56 56 46 46 72 44  36 42 62 6F 54 4B 51 6E  F2VVFFrD6BboTKQn
00000100: 72 35 51 74 67 6E 6A 59  79 6A 6C 65 71 54 6E 59  r5QtgnjYyjleqTnY
00000110: 47 6E 70 37 41 5A 36 79  39 41 4B 44 4E 71 7A 7A  Gnp7AZ6y9AKDNqzz
00000120: 55 41 6F 77 31 37 71 37  70 41 72 7A 43 44 76 66  UAow17q7pArzCDvf
00000130: 48 56 20 40 75 73 65 72  6E 61 6D 65 5F 35 30 31  HV @username_501
00000140: 20 40 75 73 65 72 6E 61  6D 65 5F 39 30 32 20 40   @username_902 @
00000150: 75 73 65 72 6E 61 6D 65  5F 37 31 30 20 68 74 74  username_710 htt
00000160: 70 3A 2F 2F 73 68 6F 72  74 2D 75 72 6C 2F 6E 75  p://short-url/nu
00000170: 37 4A 52 36 38 72 73 6D  20 68 74 74 70 3A 2F 2F  7JR68rsm http://
00000180: 73 68 6F 72 74 2D 75 72  6C 2F 54 58 48 55 35 6A  short-url/TXHU5j
00000190: 44 62 73 49 20 68 74 74  70 3A 2F 2F 73 68 6F 72  DbsI http://shor
000001A0: 74 2D 75 72 6C 2F 4C 70  75 64 5A 64 5A 50 31 47  t-url/LpudZdZP1G
000001B0: 22 7D 2C 22 32 22 3A 7B  22 6C 73 74 22 3A 5B 22  "},"2":{"lst":["
000001C0: 72 65 63 22 2C 30 5D 7D  2C 22 33 22 3A 7B 22 6C  rec",0]},"3":{"l
000001D0: 73 74 22 3A 5B 22 72 65  63 22 2C 33 2C 7B 22 31  st":["rec",3,{"1
000001E0: 22 3A 7B 22 73 74 72 22  3A 22 68 74 74 70 3A 2F  ":{"str":"http:/
000001F0: 2F 73 68 6F 72 74 2D 75  72 6C 2F 6E 75 37 4A 52  /short-url/nu7JR
00000200: 36 38 72 73 6D 22 7D 2C  22 32 22 3A 7B 22 73 74  68rsm"},"2":{"st
00000210: 72 22 3A 22 68 74 74 70  3A 2F 2F 6F 66 50 53 62  r":"http://ofPSb
00000220: 72 6B 43 61 6E 74 65 44  46 66 6D 37 50 58 6E 47  rkCanteDFfm7PXnG
00000230: 75 72 79 50 37 63 76 48  68 4E 37 41 55 42 48 6B  uryP7cvHhN7AUBHk
00000240: 37 34 5A 75 32 48 42 6A  33 51 73 75 33 75 4A 52  74Zu2HBj3Qsu3uJR
00000250: 50 47 73 6E 68 37 7A 53  4F 33 70 22 7D 7D 2C 7B  PGsnh7zSO3p"}},{
00000260: 22 31 22 3A 7B 22 73 74  72 22 3A 22 68 74 74 70  "1":{"str":"http
00000270: 3A 2F 2F 73 68 6F 72 74  2D 75 72 6C 2F 54 58 48  ://short-url/TXH
00000280: 55 35 6A 44 62 73 49 22  7D 2C 22 32 22 3A 7B 22  U5jDbsI"},"2":{"
00000290: 73 74 72 22 3A 22 68 74  74 70 3A 2F 2F 44 36 33  str":"http://D63
000002A0: 62 78 73 32 37 77 73 6A  46 6C 6E 42 36 51 66 42  bxs27wsjFlnB6QfB
000002B0: 4D 48 64 56 47 51 77 67  69 33 75 62 53 69 32 6D  MHdVGQwgi3ubSi2m
000002C0: 30 72 6B 43 52 38 61 75  74 75 50 49 34 79 57 72  0rkCR8autuPI4yWr
000002D0: 61 75 4D 71 52 6F 33 67  64 39 78 4C 34 22 7D 7D  auMqRo3gd9xL4"}}
000002E0: 2C 7B 22 31 22 3A 7B 22  73 74 72 22 3A 22 68 74  ,{"1":{"str":"ht
000002F0: 74 70 3A 2F 2F 73 68 6F  72 74 2D 75 72 6C 2F 4C  tp://short-url/L
00000300: 70 75 64 5A 64 5A 50 31  47 22 7D 2C 22 32 22 3A  pudZdZP1G"},"2":
00000310: 7B 22 73 74 72 22 3A 22  68 74 74 70 3A 2F 2F 53  {"str":"http://S
00000320: 4C 43 4E 67 56 49 74 33  46 68 53 62 59 6E 51 48  LCNgVIt3FhSbYnQH
00000330: 71 6E 72 47 55 70 6F 6B  57 6D 72 39 38 32 41 64  qnrGUpokWmr982Ad
00000340: 38 7A 5A 6D 71 63 33 6D  4B 58 33 7A 65 5A 54 49  8zZmqc3mKX3zeZTI
00000350: 68 50 4C 48 58 50 57 4D  66 54 4F 77 72 62 47 22  hPLHXPWMfTOwrbG"
00000360: 7D 7D 5D 7D 7D 7D 7D 5D                           }}]}}}}]
====
STREAM PID 60589.0xffff9482d7141200 (C) > 60554.0xffff9482de657e00 (S), length 630
command[60589]: b'./src/ComposePostService/ComposePostService'
command[60554]: b'./cmake-build/src/TextService/TextService'
----
00000000: 00 00 02 72 5B 31 2C 22  43 6F 6D 70 6F 73 65 54  ...r[1,"ComposeT
00000010: 65 78 74 22 2C 31 2C 30  2C 7B 22 31 22 3A 7B 22  ext",1,0,{"1":{"
00000020: 69 36 34 22 3A 37 33 38  37 32 34 39 37 38 32 31  i64":73872497821
00000030: 39 39 33 38 38 31 36 7D  2C 22 32 22 3A 7B 22 73  9938816},"2":{"s
00000040: 74 72 22 3A 22 55 72 74  52 66 36 6E 76 4E 30 38  tr":"UrtRf6nvN08
00000050: 43 75 46 32 51 75 41 45  78 74 4D 33 75 6B 37 38  CuF2QuAExtM3uk78
00000060: 6F 30 65 6A 44 6E 75 32  65 4E 6E 63 57 57 6E 56  o0ejDnu2eNncWWnV
00000070: 64 7A 59 79 53 6E 54 6F  45 58 73 59 69 76 56 46  dzYySnToEXsYivVF
00000080: 4D 47 72 63 35 42 73 6A  42 71 41 55 55 6C 71 69  MGrc5BsjBqAUUlqi
00000090: 52 63 70 4C 4F 37 6A 33  36 44 78 42 6B 6A 51 4E  RcpLO7j36DxBkjQN
000000A0: 41 6B 54 65 39 4D 44 7A  44 61 78 58 63 34 76 68  AkTe9MDzDaxXc4vh
000000B0: 55 6F 4F 56 41 78 4E 7A  58 75 6E 4A 46 42 71 61  UoOVAxNzXunJFBqa
000000C0: 6F 35 62 58 76 67 6A 51  57 55 5A 53 72 75 47 39  o5bXvgjQWUZSruG9
000000D0: 4B 56 70 69 4F 49 50 31  33 39 4B 57 47 45 39 59  KVpiOIP139KWGE9Y
000000E0: 75 45 45 6F 38 67 70 52  6E 61 72 30 6A 69 6E 46  uEEo8gpRnar0jinF
000000F0: 45 6E 46 70 33 39 61 34  36 36 77 31 74 66 52 38  EnFp39a466w1tfR8
00000100: 6D 63 53 55 4F 6F 6E 56  44 58 41 61 50 6B 39 78  mcSUOonVDXAaPk9x
00000110: 39 44 32 34 41 65 50 56  75 74 49 48 79 5A 44 61  9D24AePVutIHyZDa
00000120: 50 64 33 4F 68 66 42 65  73 49 64 6A 4A 61 32 6D  Pd3OhfBesIdjJa2m
00000130: 65 70 37 4C 36 43 46 79  62 61 38 51 51 66 61 63  ep7L6CFyba8QQfac
00000140: 4A 68 31 37 58 20 40 75  73 65 72 6E 61 6D 65 5F  Jh17X @username_
00000150: 32 20 40 75 73 65 72 6E  61 6D 65 5F 35 32 30 20  2 @username_520 
00000160: 40 75 73 65 72 6E 61 6D  65 5F 35 30 39 20 40 75  @username_509 @u
00000170: 73 65 72 6E 61 6D 65 5F  37 31 32 20 68 74 74 70  sername_712 http
00000180: 3A 2F 2F 4F 6F 6F 67 6A  46 47 52 32 70 66 36 46  ://OoogjFGR2pf6F
00000190: 72 6F 73 66 4C 6E 57 44  32 32 31 51 65 43 42 6C  rosfLnWD221QeCBl
000001A0: 6C 4C 6D 65 68 73 41 33  38 76 4B 46 35 36 37 45  lLmehsA38vKF567E
000001B0: 6C 43 64 62 4E 50 74 33  44 6E 61 5A 32 5A 78 62  lCdbNPt3DnaZ2Zxb
000001C0: 79 41 68 20 68 74 74 70  3A 2F 2F 59 34 43 4C 61  yAh http://Y4CLa
000001D0: 34 6F 52 6F 77 4F 4E 74  78 7A 71 56 56 31 45 77  4oRowONtxzqVV1Ew
000001E0: 4F 45 58 34 50 78 6A 66  6A 66 4C 4B 6F 67 41 53  OEX4PxjfjfLKogAS
000001F0: 42 6B 59 44 76 4B 66 68  45 4D 67 4B 48 61 44 4A  BkYDvKfhEMgKHaDJ
00000200: 6D 42 78 52 61 77 50 62  38 70 4A 20 68 74 74 70  mBxRawPb8pJ http
00000210: 3A 2F 2F 49 72 6F 67 4C  6E 42 5A 55 55 57 70 47  ://IrogLnBZUUWpG
00000220: 68 78 5A 6F 55 69 43 43  39 6E 76 68 73 74 42 65  hxZoUiCC9nvhstBe
00000230: 32 47 43 7A 6D 56 45 47  72 41 6C 4C 50 53 66 34  2GCzmVEGrAlLPSf4
00000240: 49 75 48 72 55 45 71 74  78 41 36 43 35 35 55 46  IuHrUEqtxA6C55UF
00000250: 42 36 4B 22 7D 2C 22 33  22 3A 7B 22 6D 61 70 22  B6K"},"3":{"map"
00000260: 3A 5B 22 73 74 72 22 2C  22 73 74 72 22 2C 30 2C  :["str","str",0,
00000270: 7B 7D 5D 7D 7D 5D                                 {}]}}]
====
STREAM PID 60554.0xffff9482de657e00 (S) > 60589.0xffff9482d7141200 (C), length 884
command[60554]: b'./cmake-build/src/TextService/TextService'
command[60589]: b'./src/ComposePostService/ComposePostService'
----
00000000: 00 00 03 70 5B 31 2C 22  43 6F 6D 70 6F 73 65 54  ...p[1,"ComposeT
00000010: 65 78 74 22 2C 32 2C 30  2C 7B 22 30 22 3A 7B 22  ext",2,0,{"0":{"
00000020: 72 65 63 22 3A 7B 22 31  22 3A 7B 22 73 74 72 22  rec":{"1":{"str"
00000030: 3A 22 55 72 74 52 66 36  6E 76 4E 30 38 43 75 46  :"UrtRf6nvN08CuF
00000040: 32 51 75 41 45 78 74 4D  33 75 6B 37 38 6F 30 65  2QuAExtM3uk78o0e
00000050: 6A 44 6E 75 32 65 4E 6E  63 57 57 6E 56 64 7A 59  jDnu2eNncWWnVdzY
00000060: 79 53 6E 54 6F 45 58 73  59 69 76 56 46 4D 47 72  ySnToEXsYivVFMGr
00000070: 63 35 42 73 6A 42 71 41  55 55 6C 71 69 52 63 70  c5BsjBqAUUlqiRcp
00000080: 4C 4F 37 6A 33 36 44 78  42 6B 6A 51 4E 41 6B 54  LO7j36DxBkjQNAkT
00000090: 65 39 4D 44 7A 44 61 78  58 63 34 76 68 55 6F 4F  e9MDzDaxXc4vhUoO
000000A0: 56 41 78 4E 7A 58 75 6E  4A 46 42 71 61 6F 35 62  VAxNzXunJFBqao5b
000000B0: 58 76 67 6A 51 57 55 5A  53 72 75 47 39 4B 56 70  XvgjQWUZSruG9KVp
000000C0: 69 4F 49 50 31 33 39 4B  57 47 45 39 59 75 45 45  iOIP139KWGE9YuEE
000000D0: 6F 38 67 70 52 6E 61 72  30 6A 69 6E 46 45 6E 46  o8gpRnar0jinFEnF
000000E0: 70 33 39 61 34 36 36 77  31 74 66 52 38 6D 63 53  p39a466w1tfR8mcS
000000F0: 55 4F 6F 6E 56 44 58 41  61 50 6B 39 78 39 44 32  UOonVDXAaPk9x9D2
00000100: 34 41 65 50 56 75 74 49  48 79 5A 44 61 50 64 33  4AePVutIHyZDaPd3
00000110: 4F 68 66 42 65 73 49 64  6A 4A 61 32 6D 65 70 37  OhfBesIdjJa2mep7
00000120: 4C 36 43 46 79 62 61 38  51 51 66 61 63 4A 68 31  L6CFyba8QQfacJh1
00000130: 37 58 20 40 75 73 65 72  6E 61 6D 65 5F 32 20 40  7X @username_2 @
00000140: 75 73 65 72 6E 61 6D 65  5F 35 32 30 20 40 75 73  username_520 @us
00000150: 65 72 6E 61 6D 65 5F 35  30 39 20 40 75 73 65 72  ername_509 @user
00000160: 6E 61 6D 65 5F 37 31 32  20 68 74 74 70 3A 2F 2F  name_712 http://
00000170: 73 68 6F 72 74 2D 75 72  6C 2F 71 33 39 59 54 57  short-url/q39YTW
00000180: 56 41 43 62 20 68 74 74  70 3A 2F 2F 73 68 6F 72  VACb http://shor
00000190: 74 2D 75 72 6C 2F 62 6A  43 55 53 73 6B 72 50 34  t-url/bjCUSskrP4
000001A0: 20 68 74 74 70 3A 2F 2F  73 68 6F 72 74 2D 75 72   http://short-ur
000001B0: 6C 2F 6C 66 49 4A 51 64  52 68 59 6D 22 7D 2C 22  l/lfIJQdRhYm"},"
000001C0: 32 22 3A 7B 22 6C 73 74  22 3A 5B 22 72 65 63 22  2":{"lst":["rec"
000001D0: 2C 30 5D 7D 2C 22 33 22  3A 7B 22 6C 73 74 22 3A  ,0]},"3":{"lst":
000001E0: 5B 22 72 65 63 22 2C 33  2C 7B 22 31 22 3A 7B 22  ["rec",3,{"1":{"
000001F0: 73 74 72 22 3A 22 68 74  74 70 3A 2F 2F 73 68 6F  str":"http://sho
00000200: 72 74 2D 75 72 6C 2F 71  33 39 59 54 57 56 41 43  rt-url/q39YTWVAC
00000210: 62 22 7D 2C 22 32 22 3A  7B 22 73 74 72 22 3A 22  b"},"2":{"str":"
00000220: 68 74 74 70 3A 2F 2F 4F  6F 6F 67 6A 46 47 52 32  http://OoogjFGR2
00000230: 70 66 36 46 72 6F 73 66  4C 6E 57 44 32 32 31 51  pf6FrosfLnWD221Q
00000240: 65 43 42 6C 6C 4C 6D 65  68 73 41 33 38 76 4B 46  eCBllLmehsA38vKF
00000250: 35 36 37 45 6C 43 64 62  4E 50 74 33 44 6E 61 5A  567ElCdbNPt3DnaZ
00000260: 32 5A 78 62 79 41 68 22  7D 7D 2C 7B 22 31 22 3A  2ZxbyAh"}},{"1":
00000270: 7B 22 73 74 72 22 3A 22  68 74 74 70 3A 2F 2F 73  {"str":"http://s
00000280: 68 6F 72 74 2D 75 72 6C  2F 62 6A 43 55 53 73 6B  hort-url/bjCUSsk
00000290: 72 50 34 22 7D 2C 22 32  22 3A 7B 22 73 74 72 22  rP4"},"2":{"str"
000002A0: 3A 22 68 74 74 70 3A 2F  2F 59 34 43 4C 61 34 6F  :"http://Y4CLa4o
000002B0: 52 6F 77 4F 4E 74 78 7A  71 56 56 31 45 77 4F 45  RowONtxzqVV1EwOE
000002C0: 58 34 50 78 6A 66 6A 66  4C 4B 6F 67 41 53 42 6B  X4PxjfjfLKogASBk
000002D0: 59 44 76 4B 66 68 45 4D  67 4B 48 61 44 4A 6D 42  YDvKfhEMgKHaDJmB
000002E0: 78 52 61 77 50 62 38 70  4A 22 7D 7D 2C 7B 22 31  xRawPb8pJ"}},{"1
000002F0: 22 3A 7B 22 73 74 72 22  3A 22 68 74 74 70 3A 2F  ":{"str":"http:/
00000300: 2F 73 68 6F 72 74 2D 75  72 6C 2F 6C 66 49 4A 51  /short-url/lfIJQ
00000310: 64 52 68 59 6D 22 7D 2C  22 32 22 3A 7B 22 73 74  dRhYm"},"2":{"st
00000320: 72 22 3A 22 68 74 74 70  3A 2F 2F 49 72 6F 67 4C  r":"http://IrogL
00000330: 6E 42 5A 55 55 57 70 47  68 78 5A 6F 55 69 43 43  nBZUUWpGhxZoUiCC
00000340: 39 6E 76 68 73 74 42 65  32 47 43 7A 6D 56 45 47  9nvhstBe2GCzmVEG
00000350: 72 41 6C 4C 50 53 66 34  49 75 48 72 55 45 71 74  rAlLPSf4IuHrUEqt
00000360: 78 41 36 43 35 35 55 46  42 36 4B 22 7D 7D 5D 7D  xA6C55UFB6K"}}]}
00000370: 7D 7D 7D 5D                                       }}}]
====
STREAM PID 60589.0xffff9482d7141200 (C) > 60554.0xffff9482de657e00 (S), length 461
command[60589]: b'./src/ComposePostService/ComposePostService'
command[60554]: b'./cmake-build/src/TextService/TextService'
----
00000000: 00 00 01 C9 5B 31 2C 22  43 6F 6D 70 6F 73 65 54  ....[1,"ComposeT
00000010: 65 78 74 22 2C 31 2C 30  2C 7B 22 31 22 3A 7B 22  ext",1,0,{"1":{"
00000020: 69 36 34 22 3A 31 30 32  31 38 31 38 35 30 32 30  i64":10218185020
00000030: 38 30 31 32 30 30 36 34  7D 2C 22 32 22 3A 7B 22  80120064},"2":{"
00000040: 73 74 72 22 3A 22 66 47  45 38 72 52 79 4B 59 63  str":"fGE8rRyKYc
00000050: 4F 6A 36 77 6F 72 6F 34  37 36 63 41 46 64 71 4F  Oj6woro476cAFdqO
00000060: 45 52 63 61 58 6E 59 63  69 56 4C 67 6D 35 4F 32  ERcaXnYciVLgm5O2
00000070: 32 65 45 66 4E 79 63 72  45 67 38 4D 51 31 6C 45  2eEfNycrEg8MQ1lE
00000080: 37 6D 59 46 6C 4F 6D 37  52 6D 34 42 41 31 4D 41  7mYFlOm7Rm4BA1MA
00000090: 43 45 43 68 6B 6E 43 70  4D 76 47 38 77 73 54 39  CEChknCpMvG8wsT9
000000A0: 53 4A 79 54 73 76 48 30  43 49 6E 47 49 69 76 36  SJyTsvH0CInGIiv6
000000B0: 4F 6F 6E 33 6C 6B 71 52  54 4C 69 54 69 56 78 42  Oon3lkqRTLiTiVxB
000000C0: 30 45 32 50 75 30 6C 64  6B 5A 53 30 70 45 62 51  0E2Pu0ldkZS0pEbQ
000000D0: 77 63 74 64 42 45 5A 38  58 31 63 6D 68 36 72 6A  wctdBEZ8X1cmh6rj
000000E0: 6B 6B 56 37 4A 58 65 4E  6C 76 4D 6E 4E 53 54 59  kkV7JXeNlvMnNSTY
000000F0: 4D 4D 44 68 58 78 61 53  45 45 62 4B 45 57 37 62  MMDhXxaSEEbKEW7b
00000100: 46 41 56 78 6F 4D 4E 4E  59 72 53 36 66 42 42 6B  FAVxoMNNYrS6fBBk
00000110: 41 35 4A 4A 35 39 50 41  47 75 30 4B 48 54 33 63  A5JJ59PAGu0KHT3c
00000120: 6A 6C 53 72 34 61 64 54  56 68 78 4C 39 75 31 4B  jlSr4adTVhxL9u1K
00000130: 78 59 43 63 74 38 6B 4D  77 43 55 34 54 69 52 34  xYCct8kMwCU4TiR4
00000140: 79 62 34 34 4A 67 20 40  75 73 65 72 6E 61 6D 65  yb44Jg @username
00000150: 5F 34 37 37 20 40 75 73  65 72 6E 61 6D 65 5F 32  _477 @username_2
00000160: 37 36 20 68 74 74 70 3A  2F 2F 6E 32 76 39 64 76  76 http://n2v9dv
00000170: 6C 74 4D 50 79 69 6F 58  62 69 53 59 74 46 35 50  ltMPyioXbiSYtF5P
00000180: 37 33 4D 44 59 6D 56 38  72 4E 74 65 73 51 63 56  73MDYmV8rNtesQcV
00000190: 67 66 56 57 65 67 50 44  32 7A 36 57 4D 46 52 6D  gfVWegPD2z6WMFRm
000001A0: 56 79 51 67 7A 4F 69 75  6F 79 22 7D 2C 22 33 22  VyQgzOiuoy"},"3"
000001B0: 3A 7B 22 6D 61 70 22 3A  5B 22 73 74 72 22 2C 22  :{"map":["str","
000001C0: 73 74 72 22 2C 30 2C 7B  7D 5D 7D 7D 5D           str",0,{}]}}]
====
STREAM PID 60554.0xffff9482de657e00 (S) > 60589.0xffff9482d7141200 (C), length 542
command[60554]: b'./cmake-build/src/TextService/TextService'
command[60589]: b'./src/ComposePostService/ComposePostService'
----
00000000: 00 00 02 1A 5B 31 2C 22  43 6F 6D 70 6F 73 65 54  ....[1,"ComposeT
00000010: 65 78 74 22 2C 32 2C 30  2C 7B 22 30 22 3A 7B 22  ext",2,0,{"0":{"
00000020: 72 65 63 22 3A 7B 22 31  22 3A 7B 22 73 74 72 22  rec":{"1":{"str"
00000030: 3A 22 66 47 45 38 72 52  79 4B 59 63 4F 6A 36 77  :"fGE8rRyKYcOj6w
00000040: 6F 72 6F 34 37 36 63 41  46 64 71 4F 45 52 63 61  oro476cAFdqOERca
00000050: 58 6E 59 63 69 56 4C 67  6D 35 4F 32 32 65 45 66  XnYciVLgm5O22eEf
00000060: 4E 79 63 72 45 67 38 4D  51 31 6C 45 37 6D 59 46  NycrEg8MQ1lE7mYF
00000070: 6C 4F 6D 37 52 6D 34 42  41 31 4D 41 43 45 43 68  lOm7Rm4BA1MACECh
00000080: 6B 6E 43 70 4D 76 47 38  77 73 54 39 53 4A 79 54  knCpMvG8wsT9SJyT
00000090: 73 76 48 30 43 49 6E 47  49 69 76 36 4F 6F 6E 33  svH0CInGIiv6Oon3
000000A0: 6C 6B 71 52 54 4C 69 54  69 56 78 42 30 45 32 50  lkqRTLiTiVxB0E2P
000000B0: 75 30 6C 64 6B 5A 53 30  70 45 62 51 77 63 74 64  u0ldkZS0pEbQwctd
000000C0: 42 45 5A 38 58 31 63 6D  68 36 72 6A 6B 6B 56 37  BEZ8X1cmh6rjkkV7
000000D0: 4A 58 65 4E 6C 76 4D 6E  4E 53 54 59 4D 4D 44 68  JXeNlvMnNSTYMMDh
000000E0: 58 78 61 53 45 45 62 4B  45 57 37 62 46 41 56 78  XxaSEEbKEW7bFAVx
000000F0: 6F 4D 4E 4E 59 72 53 36  66 42 42 6B 41 35 4A 4A  oMNNYrS6fBBkA5JJ
00000100: 35 39 50 41 47 75 30 4B  48 54 33 63 6A 6C 53 72  59PAGu0KHT3cjlSr
00000110: 34 61 64 54 56 68 78 4C  39 75 31 4B 78 59 43 63  4adTVhxL9u1KxYCc
00000120: 74 38 6B 4D 77 43 55 34  54 69 52 34 79 62 34 34  t8kMwCU4TiR4yb44
00000130: 4A 67 20 40 75 73 65 72  6E 61 6D 65 5F 34 37 37  Jg @username_477
00000140: 20 40 75 73 65 72 6E 61  6D 65 5F 32 37 36 20 68   @username_276 h
00000150: 74 74 70 3A 2F 2F 73 68  6F 72 74 2D 75 72 6C 2F  ttp://short-url/
00000160: 6A 32 56 56 49 6A 78 4C  61 4E 22 7D 2C 22 32 22  j2VVIjxLaN"},"2"
00000170: 3A 7B 22 6C 73 74 22 3A  5B 22 72 65 63 22 2C 30  :{"lst":["rec",0
00000180: 5D 7D 2C 22 33 22 3A 7B  22 6C 73 74 22 3A 5B 22  ]},"3":{"lst":["
00000190: 72 65 63 22 2C 31 2C 7B  22 31 22 3A 7B 22 73 74  rec",1,{"1":{"st
000001A0: 72 22 3A 22 68 74 74 70  3A 2F 2F 73 68 6F 72 74  r":"http://short
000001B0: 2D 75 72 6C 2F 6A 32 56  56 49 6A 78 4C 61 4E 22  -url/j2VVIjxLaN"
000001C0: 7D 2C 22 32 22 3A 7B 22  73 74 72 22 3A 22 68 74  },"2":{"str":"ht
000001D0: 74 70 3A 2F 2F 6E 32 76  39 64 76 6C 74 4D 50 79  tp://n2v9dvltMPy
000001E0: 69 6F 58 62 69 53 59 74  46 35 50 37 33 4D 44 59  ioXbiSYtF5P73MDY
000001F0: 6D 56 38 72 4E 74 65 73  51 63 56 67 66 56 57 65  mV8rNtesQcVgfVWe
00000200: 67 50 44 32 7A 36 57 4D  46 52 6D 56 79 51 67 7A  gPD2z6WMFRmVyQgz
00000210: 4F 69 75 6F 79 22 7D 7D  5D 7D 7D 7D 7D 5D        Oiuoy"}}]}}}}]
====
STREAM PID 60589.0xffff9482d7141200 (C) > 60554.0xffff9482de657e00 (S), length 388
command[60589]: b'./src/ComposePostService/ComposePostService'
command[60554]: b'./cmake-build/src/TextService/TextService'
----
00000000: 00 00 01 80 5B 31 2C 22  43 6F 6D 70 6F 73 65 54  ....[1,"ComposeT
00000010: 65 78 74 22 2C 31 2C 30  2C 7B 22 31 22 3A 7B 22  ext",1,0,{"1":{"
00000020: 69 36 34 22 3A 33 35 30  33 36 36 36 31 30 35 33  i64":35036661053
00000030: 30 31 39 33 35 33 36 7D  2C 22 32 22 3A 7B 22 73  0193536},"2":{"s
00000040: 74 72 22 3A 22 4D 72 35  6F 47 51 35 4E 50 59 72  tr":"Mr5oGQ5NPYr
00000050: 67 42 42 54 74 74 32 49  59 34 36 55 53 67 6E 4F  gBBTtt2IY46USgnO
00000060: 70 36 41 51 33 46 4B 6A  33 75 6A 32 4B 42 4C 6C  p6AQ3FKj3uj2KBLl
00000070: 63 56 73 44 59 7A 46 6D  71 50 67 46 6B 7A 46 74  cVsDYzFmqPgFkzFt
00000080: 4C 75 38 79 64 4F 69 43  6C 78 72 72 42 79 31 42  Lu8ydOiClxrrBy1B
00000090: 43 58 65 6A 6F 6F 46 35  71 4A 78 68 65 35 79 5A  CXejooF5qJxhe5yZ
000000A0: 4C 73 55 47 38 69 4C 69  4E 71 71 55 45 5A 61 6F  LsUG8iLiNqqUEZao
000000B0: 33 75 65 4F 63 30 38 30  4B 55 4D 33 36 31 70 39  3ueOc080KUM361p9
000000C0: 53 58 35 35 37 73 52 37  63 48 72 6D 79 47 4B 61  SX557sR7cHrmyGKa
000000D0: 36 32 65 53 67 41 45 45  33 38 57 46 41 4E 62 4F  62eSgAEE38WFANbO
000000E0: 6C 62 37 4E 4C 45 50 70  35 69 32 63 52 53 73 6F  lb7NLEPp5i2cRSso
000000F0: 41 70 4A 71 34 63 62 59  51 4C 76 70 43 67 6A 45  ApJq4cbYQLvpCgjE
00000100: 74 4B 47 31 77 77 44 6A  51 4D 6D 6B 63 6C 61 78  tKG1wwDjQMmkclax
00000110: 45 59 72 75 4D 7A 5A 65  37 38 49 58 36 64 66 63  EYruMzZe78IX6dfc
00000120: 54 54 64 53 42 58 49 4C  70 78 34 34 54 58 38 47  TTdSBXILpx44TX8G
00000130: 62 4C 79 69 72 43 61 48  55 58 4F 43 68 35 34 50  bLyirCaHUXOCh54P
00000140: 39 6A 66 45 35 20 40 75  73 65 72 6E 61 6D 65 5F  9jfE5 @username_
00000150: 37 36 35 20 40 75 73 65  72 6E 61 6D 65 5F 38 30  765 @username_80
00000160: 35 22 7D 2C 22 33 22 3A  7B 22 6D 61 70 22 3A 5B  5"},"3":{"map":[
00000170: 22 73 74 72 22 2C 22 73  74 72 22 2C 30 2C 7B 7D  "str","str",0,{}
00000180: 5D 7D 7D 5D                                       ]}}]
====
STREAM PID 60554.0xffff9482de657e00 (S) > 60589.0xffff9482d7141200 (C), length 384
command[60554]: b'./cmake-build/src/TextService/TextService'
command[60589]: b'./src/ComposePostService/ComposePostService'
----
00000000: 00 00 01 7C 5B 31 2C 22  43 6F 6D 70 6F 73 65 54  ...|[1,"ComposeT
00000010: 65 78 74 22 2C 32 2C 30  2C 7B 22 30 22 3A 7B 22  ext",2,0,{"0":{"
00000020: 72 65 63 22 3A 7B 22 31  22 3A 7B 22 73 74 72 22  rec":{"1":{"str"
00000030: 3A 22 4D 72 35 6F 47 51  35 4E 50 59 72 67 42 42  :"Mr5oGQ5NPYrgBB
00000040: 54 74 74 32 49 59 34 36  55 53 67 6E 4F 70 36 41  Ttt2IY46USgnOp6A
00000050: 51 33 46 4B 6A 33 75 6A  32 4B 42 4C 6C 63 56 73  Q3FKj3uj2KBLlcVs
00000060: 44 59 7A 46 6D 71 50 67  46 6B 7A 46 74 4C 75 38  DYzFmqPgFkzFtLu8
00000070: 79 64 4F 69 43 6C 78 72  72 42 79 31 42 43 58 65  ydOiClxrrBy1BCXe
00000080: 6A 6F 6F 46 35 71 4A 78  68 65 35 79 5A 4C 73 55  jooF5qJxhe5yZLsU
00000090: 47 38 69 4C 69 4E 71 71  55 45 5A 61 6F 33 75 65  G8iLiNqqUEZao3ue
000000A0: 4F 63 30 38 30 4B 55 4D  33 36 31 70 39 53 58 35  Oc080KUM361p9SX5
000000B0: 35 37 73 52 37 63 48 72  6D 79 47 4B 61 36 32 65  57sR7cHrmyGKa62e
000000C0: 53 67 41 45 45 33 38 57  46 41 4E 62 4F 6C 62 37  SgAEE38WFANbOlb7
000000D0: 4E 4C 45 50 70 35 69 32  63 52 53 73 6F 41 70 4A  NLEPp5i2cRSsoApJ
000000E0: 71 34 63 62 59 51 4C 76  70 43 67 6A 45 74 4B 47  q4cbYQLvpCgjEtKG
000000F0: 31 77 77 44 6A 51 4D 6D  6B 63 6C 61 78 45 59 72  1wwDjQMmkclaxEYr
00000100: 75 4D 7A 5A 65 37 38 49  58 36 64 66 63 54 54 64  uMzZe78IX6dfcTTd
00000110: 53 42 58 49 4C 70 78 34  34 54 58 38 47 62 4C 79  SBXILpx44TX8GbLy
00000120: 69 72 43 61 48 55 58 4F  43 68 35 34 50 39 6A 66  irCaHUXOCh54P9jf
00000130: 45 35 20 40 75 73 65 72  6E 61 6D 65 5F 37 36 35  E5 @username_765
00000140: 20 40 75 73 65 72 6E 61  6D 65 5F 38 30 35 22 7D   @username_805"}
00000150: 2C 22 32 22 3A 7B 22 6C  73 74 22 3A 5B 22 72 65  ,"2":{"lst":["re
00000160: 63 22 2C 30 5D 7D 2C 22  33 22 3A 7B 22 6C 73 74  c",0]},"3":{"lst
00000170: 22 3A 5B 22 72 65 63 22  2C 30 5D 7D 7D 7D 7D 5D  ":["rec",0]}}}}]
====
STREAM PID 60589.0xffff9482d7141200 (C) > 60554.0xffff9482de657e00 (S), length 648
command[60589]: b'./src/ComposePostService/ComposePostService'
command[60554]: b'./cmake-build/src/TextService/TextService'
----
00000000: 00 00 02 84 5B 31 2C 22  43 6F 6D 70 6F 73 65 54  ....[1,"ComposeT
00000010: 65 78 74 22 2C 31 2C 30  2C 7B 22 31 22 3A 7B 22  ext",1,0,{"1":{"
00000020: 69 36 34 22 3A 37 31 39  37 38 37 35 31 31 33 32  i64":71978751132
00000030: 37 37 30 30 32 32 34 7D  2C 22 32 22 3A 7B 22 73  7700224},"2":{"s
00000040: 74 72 22 3A 22 63 52 4A  37 74 32 36 79 70 75 31  tr":"cRJ7t26ypu1
00000050: 55 39 50 39 49 59 4E 4D  79 42 51 37 70 59 51 67  U9P9IYNMyBQ7pYQg
00000060: 33 63 6A 70 46 37 64 51  6B 39 42 56 62 37 6A 74  3cjpF7dQk9BVb7jt
00000070: 56 71 4C 41 33 4A 73 69  56 73 4F 67 72 52 79 49  VqLA3JsiVsOgrRyI
00000080: 6A 69 48 67 63 38 39 64  41 71 53 63 69 41 46 39  jiHgc89dAqSciAF9
00000090: 6C 62 75 67 5A 69 73 43  33 44 52 36 34 66 6D 71  lbugZisC3DR64fmq
000000A0: 34 76 7A 6B 32 66 6F 59  49 34 51 4C 31 66 47 62  4vzk2foYI4QL1fGb
000000B0: 5A 6D 36 79 48 61 55 72  36 61 75 79 63 72 62 61  Zm6yHaUr6auycrba
000000C0: 46 72 4B 4F 78 46 33 50  4A 6C 79 7A 65 35 41 67  FrKOxF3PJlyze5Ag
000000D0: 6F 57 74 36 51 44 33 37  4F 4F 36 4A 39 4E 42 72  oWt6QD37OO6J9NBr
000000E0: 42 77 71 49 37 74 73 46  32 6B 42 35 54 72 4E 31  BwqI7tsF2kB5TrN1
000000F0: 50 53 45 32 4F 67 54 6F  73 38 4F 65 71 6C 65 56  PSE2OgTos8OeqleV
00000100: 54 49 53 35 31 4A 77 7A  49 72 35 63 44 46 47 4C  TIS51JwzIr5cDFGL
00000110: 42 4A 4B 74 4E 6E 63 35  39 70 4D 4E 6F 4A 4A 4C  BJKtNnc59pMNoJJL
00000120: 75 59 6D 54 76 48 67 51  63 4A 38 48 56 6D 67 77  uYmTvHgQcJ8HVmgw
00000130: 33 7A 71 61 4C 69 65 56  58 42 42 38 4C 54 79 4D  3zqaLieVXBB8LTyM
00000140: 56 68 6E 53 68 20 68 74  74 70 3A 2F 2F 53 54 64  VhnSh http://STd
00000150: 36 6B 30 4F 6B 43 46 46  32 65 4A 45 53 74 44 6A  6k0OkCFF2eJEStDj
00000160: 4A 68 6D 31 54 65 63 37  45 45 6F 47 41 55 42 62  Jhm1Tec7EEoGAUBb
00000170: 37 37 4F 5A 38 64 4B 34  64 4D 65 53 6C 44 68 57  77OZ8dK4dMeSlDhW
00000180: 72 6C 44 45 66 42 4A 45  6A 4A 73 65 55 20 68 74  rlDEfBJEjJseU ht
00000190: 74 70 3A 2F 2F 6E 64 6A  46 76 53 70 57 53 69 6C  tp://ndjFvSpWSil
000001A0: 76 65 73 45 77 4D 32 47  79 42 4B 66 6C 5A 35 33  vesEwM2GyBKflZ53
000001B0: 63 69 55 75 33 68 6B 46  42 44 74 69 78 34 62 44  ciUu3hkFBDtix4bD
000001C0: 4A 70 52 42 78 62 48 33  51 44 56 4C 78 35 5A 64  JpRBxbH3QDVLx5Zd
000001D0: 54 34 73 71 70 20 68 74  74 70 3A 2F 2F 65 38 52  T4sqp http://e8R
000001E0: 31 57 39 69 57 54 39 63  39 72 32 79 62 6D 79 34  1W9iWT9c9r2ybmy4
000001F0: 6B 64 6D 70 33 53 72 32  76 74 6B 4E 49 79 44 6B  kdmp3Sr2vtkNIyDk
00000200: 50 6D 37 49 62 4B 51 59  4C 30 57 53 37 75 39 51  Pm7IbKQYL0WS7u9Q
00000210: 56 70 6A 6F 62 53 73 69  57 65 64 30 64 20 68 74  VpjobSsiWed0d ht
00000220: 74 70 3A 2F 2F 73 6A 35  4C 73 38 44 50 63 55 77  tp://sj5Ls8DPcUw
00000230: 47 70 67 66 52 64 53 6F  53 43 55 71 66 6D 64 54  GpgfRdSoSCUqfmdT
00000240: 73 64 46 6C 6F 57 31 36  33 73 70 4D 38 42 59 46  sdFloW163spM8BYF
00000250: 6C 37 52 68 4A 69 66 67  42 70 50 53 41 52 62 72  l7RhJifgBpPSARbr
00000260: 6B 79 4F 79 66 22 7D 2C  22 33 22 3A 7B 22 6D 61  kyOyf"},"3":{"ma
00000270: 70 22 3A 5B 22 73 74 72  22 2C 22 73 74 72 22 2C  p":["str","str",
00000280: 30 2C 7B 7D 5D 7D 7D 5D                           0,{}]}}]
====
STREAM PID 60554.0xffff9482de657e00 (S) > 60589.0xffff9482d7141200 (C), length 988
command[60554]: b'./cmake-build/src/TextService/TextService'
command[60589]: b'./src/ComposePostService/ComposePostService'
----
00000000: 00 00 03 D8 5B 31 2C 22  43 6F 6D 70 6F 73 65 54  ....[1,"ComposeT
00000010: 65 78 74 22 2C 32 2C 30  2C 7B 22 30 22 3A 7B 22  ext",2,0,{"0":{"
00000020: 72 65 63 22 3A 7B 22 31  22 3A 7B 22 73 74 72 22  rec":{"1":{"str"
00000030: 3A 22 63 52 4A 37 74 32  36 79 70 75 31 55 39 50  :"cRJ7t26ypu1U9P
00000040: 39 49 59 4E 4D 79 42 51  37 70 59 51 67 33 63 6A  9IYNMyBQ7pYQg3cj
00000050: 70 46 37 64 51 6B 39 42  56 62 37 6A 74 56 71 4C  pF7dQk9BVb7jtVqL
00000060: 41 33 4A 73 69 56 73 4F  67 72 52 79 49 6A 69 48  A3JsiVsOgrRyIjiH
00000070: 67 63 38 39 64 41 71 53  63 69 41 46 39 6C 62 75  gc89dAqSciAF9lbu
00000080: 67 5A 69 73 43 33 44 52  36 34 66 6D 71 34 76 7A  gZisC3DR64fmq4vz
00000090: 6B 32 66 6F 59 49 34 51  4C 31 66 47 62 5A 6D 36  k2foYI4QL1fGbZm6
000000A0: 79 48 61 55 72 36 61 75  79 63 72 62 61 46 72 4B  yHaUr6auycrbaFrK
000000B0: 4F 78 46 33 50 4A 6C 79  7A 65 35 41 67 6F 57 74  OxF3PJlyze5AgoWt
000000C0: 36 51 44 33 37 4F 4F 36  4A 39 4E 42 72 42 77 71  6QD37OO6J9NBrBwq
000000D0: 49 37 74 73 46 32 6B 42  35 54 72 4E 31 50 53 45  I7tsF2kB5TrN1PSE
000000E0: 32 4F 67 54 6F 73 38 4F  65 71 6C 65 56 54 49 53  2OgTos8OeqleVTIS
000000F0: 35 31 4A 77 7A 49 72 35  63 44 46 47 4C 42 4A 4B  51JwzIr5cDFGLBJK
00000100: 74 4E 6E 63 35 39 70 4D  4E 6F 4A 4A 4C 75 59 6D  tNnc59pMNoJJLuYm
00000110: 54 76 48 67 51 63 4A 38  48 56 6D 67 77 33 7A 71  TvHgQcJ8HVmgw3zq
00000120: 61 4C 69 65 56 58 42 42  38 4C 54 79 4D 56 68 6E  aLieVXBB8LTyMVhn
00000130: 53 68 20 68 74 74 70 3A  2F 2F 73 68 6F 72 74 2D  Sh http://short-
00000140: 75 72 6C 2F 48 64 6D 50  4C 69 54 67 59 36 20 68  url/HdmPLiTgY6 h
00000150: 74 74 70 3A 2F 2F 73 68  6F 72 74 2D 75 72 6C 2F  ttp://short-url/
00000160: 68 33 52 70 61 32 74 7A  4D 6F 20 68 74 74 70 3A  h3Rpa2tzMo http:
00000170: 2F 2F 73 68 6F 72 74 2D  75 72 6C 2F 49 75 79 58  //short-url/IuyX
00000180: 30 47 33 42 55 76 20 68  74 74 70 3A 2F 2F 73 68  0G3BUv http://sh
00000190: 6F 72 74 2D 75 72 6C 2F  56 48 38 6B 30 63 6C 38  ort-url/VH8k0cl8
000001A0: 52 43 22 7D 2C 22 32 22  3A 7B 22 6C 73 74 22 3A  RC"},"2":{"lst":
000001B0: 5B 22 72 65 63 22 2C 30  5D 7D 2C 22 33 22 3A 7B  ["rec",0]},"3":{
000001C0: 22 6C 73 74 22 3A 5B 22  72 65 63 22 2C 34 2C 7B  "lst":["rec",4,{
000001D0: 22 31 22 3A 7B 22 73 74  72 22 3A 22 68 74 74 70  "1":{"str":"http
000001E0: 3A 2F 2F 73 68 6F 72 74  2D 75 72 6C 2F 48 64 6D  ://short-url/Hdm
000001F0: 50 4C 69 54 67 59 36 22  7D 2C 22 32 22 3A 7B 22  PLiTgY6"},"2":{"
00000200: 73 74 72 22 3A 22 68 74  74 70 3A 2F 2F 53 54 64  str":"http://STd
00000210: 36 6B 30 4F 6B 43 46 46  32 65 4A 45 53 74 44 6A  6k0OkCFF2eJEStDj
00000220: 4A 68 6D 31 54 65 63 37  45 45 6F 47 41 55 42 62  Jhm1Tec7EEoGAUBb
00000230: 37 37 4F 5A 38 64 4B 34  64 4D 65 53 6C 44 68 57  77OZ8dK4dMeSlDhW
00000240: 72 6C 44 45 66 42 4A 45  6A 4A 73 65 55 22 7D 7D  rlDEfBJEjJseU"}}
00000250: 2C 7B 22 31 22 3A 7B 22  73 74 72 22 3A 22 68 74  ,{"1":{"str":"ht
00000260: 74 70 3A 2F 2F 73 68 6F  72 74 2D 75 72 6C 2F 68  tp://short-url/h
00000270: 33 52 70 61 32 74 7A 4D  6F 22 7D 2C 22 32 22 3A  3Rpa2tzMo"},"2":
00000280: 7B 22 73 74 72 22 3A 22  68 74 74 70 3A 2F 2F 6E  {"str":"http://n
00000290: 64 6A 46 76 53 70 57 53  69 6C 76 65 73 45 77 4D  djFvSpWSilvesEwM
000002A0: 32 47 79 42 4B 66 6C 5A  35 33 63 69 55 75 33 68  2GyBKflZ53ciUu3h
000002B0: 6B 46 42 44 74 69 78 34  62 44 4A 70 52 42 78 62  kFBDtix4bDJpRBxb
000002C0: 48 33 51 44 56 4C 78 35  5A 64 54 34 73 71 70 22  H3QDVLx5ZdT4sqp"
000002D0: 7D 7D 2C 7B 22 31 22 3A  7B 22 73 74 72 22 3A 22  }},{"1":{"str":"
000002E0: 68 74 74 70 3A 2F 2F 73  68 6F 72 74 2D 75 72 6C  http://short-url
000002F0: 2F 49 75 79 58 30 47 33  42 55 76 22 7D 2C 22 32  /IuyX0G3BUv"},"2
00000300: 22 3A 7B 22 73 74 72 22  3A 22 68 74 74 70 3A 2F  ":{"str":"http:/
00000310: 2F 65 38 52 31 57 39 69  57 54 39 63 39 72 32 79  /e8R1W9iWT9c9r2y
00000320: 62 6D 79 34 6B 64 6D 70  33 53 72 32 76 74 6B 4E  bmy4kdmp3Sr2vtkN
00000330: 49 79 44 6B 50 6D 37 49  62 4B 51 59 4C 30 57 53  IyDkPm7IbKQYL0WS
00000340: 37 75 39 51 56 70 6A 6F  62 53 73 69 57 65 64 30  7u9QVpjobSsiWed0
00000350: 64 22 7D 7D 2C 7B 22 31  22 3A 7B 22 73 74 72 22  d"}},{"1":{"str"
00000360: 3A 22 68 74 74 70 3A 2F  2F 73 68 6F 72 74 2D 75  :"http://short-u
00000370: 72 6C 2F 56 48 38 6B 30  63 6C 38 52 43 22 7D 2C  rl/VH8k0cl8RC"},
00000380: 22 32 22 3A 7B 22 73 74  72 22 3A 22 68 74 74 70  "2":{"str":"http
00000390: 3A 2F 2F 73 6A 35 4C 73  38 44 50 63 55 77 47 70  ://sj5Ls8DPcUwGp
000003A0: 67 66 52 64 53 6F 53 43  55 71 66 6D 64 54 73 64  gfRdSoSCUqfmdTsd
000003B0: 46 6C 6F 57 31 36 33 73  70 4D 38 42 59 46 6C 37  FloW163spM8BYFl7
000003C0: 52 68 4A 69 66 67 42 70  50 53 41 52 62 72 6B 79  RhJifgBpPSARbrky
000003D0: 4F 79 66 22 7D 7D 5D 7D  7D 7D 7D 5D              Oyf"}}]}}}}]
====
STREAM PID 60589.0xffff9482d7141200 (C) > 60554.0xffff9482de657e00 (S), length 590
command[60589]: b'./src/ComposePostService/ComposePostService'
command[60554]: b'./cmake-build/src/TextService/TextService'
----
00000000: 00 00 02 4A 5B 31 2C 22  43 6F 6D 70 6F 73 65 54  ...J[1,"ComposeT
00000010: 65 78 74 22 2C 31 2C 30  2C 7B 22 31 22 3A 7B 22  ext",1,0,{"1":{"
00000020: 69 36 34 22 3A 39 39 35  38 36 30 31 31 33 33 35  i64":99586011335
00000030: 33 30 33 39 34 38 38 7D  2C 22 32 22 3A 7B 22 73  3039488},"2":{"s
00000040: 74 72 22 3A 22 5A 62 64  41 4C 63 64 39 57 34 4A  tr":"ZbdALcd9W4J
00000050: 34 45 47 74 54 6B 67 4D  67 56 59 73 41 66 4F 6D  4EGtTkgMgVYsAfOm
00000060: 79 4A 6C 6E 42 39 31 43  4B 57 6F 70 39 55 6E 79  yJlnB91CKWop9Uny
00000070: 63 4C 41 62 50 75 42 41  51 73 69 30 6E 78 64 61  cLAbPuBAQsi0nxda
00000080: 39 61 31 75 75 50 48 51  77 30 33 54 4C 50 66 48  9a1uuPHQw03TLPfH
00000090: 6D 78 47 66 66 50 69 54  6B 66 35 59 37 38 78 76  mxGffPiTkf5Y78xv
000000A0: 4C 6E 4A 6D 73 4B 58 53  78 37 61 6A 62 4F 72 45  LnJmsKXSx7ajbOrE
000000B0: 55 31 34 44 6B 59 50 52  62 55 47 4E 34 57 6D 74  U14DkYPRbUGN4Wmt
000000C0: 63 6F 32 5A 49 4B 41 6E  72 36 6F 62 38 67 68 56  co2ZIKAnr6ob8ghV
000000D0: 6C 63 4A 42 47 4A 74 69  7A 79 39 49 74 68 45 59  lcJBGJtizy9IthEY
000000E0: 39 44 38 6E 70 35 55 45  52 35 4E 6B 35 78 70 6D  9D8np5UER5Nk5xpm
000000F0: 4B 54 4C 6D 50 70 64 35  51 61 4A 50 63 75 4D 52  KTLmPpd5QaJPcuMR
00000100: 42 4A 38 62 54 41 41 61  70 45 52 41 63 64 64 32  BJ8bTAAapERAcdd2
00000110: 7A 6A 78 33 66 53 35 39  35 64 54 75 44 38 75 53  zjx3fS595dTuD8uS
00000120: 37 30 4D 67 55 75 6E 78  4C 58 71 42 74 34 76 70  70MgUunxLXqBt4vp
00000130: 7A 36 6F 45 4D 67 52 49  51 6B 61 69 46 4F 4A 6E  z6oEMgRIQkaiFOJn
00000140: 37 47 61 4A 72 20 40 75  73 65 72 6E 61 6D 65 5F  7GaJr @username_
00000150: 31 32 37 20 68 74 74 70  3A 2F 2F 57 48 58 77 63  127 http://WHXwc
00000160: 4D 70 30 37 55 32 56 55  4F 65 45 51 59 6D 75 5A  Mp07U2VUOeEQYmuZ
00000170: 66 46 79 43 4A 44 72 7A  7A 65 54 34 47 6D 49 65  fFyCJDrzzeT4GmIe
00000180: 78 77 50 33 54 37 47 50  44 78 45 63 77 6E 67 6A  xwP3T7GPDxEcwngj
00000190: 33 68 58 35 72 73 48 69  31 4A 4E 20 68 74 74 70  3hX5rsHi1JN http
000001A0: 3A 2F 2F 32 35 46 56 73  6F 53 6C 4C 71 68 75 34  ://25FVsoSlLqhu4
000001B0: 36 47 37 6E 30 52 45 69  36 57 70 6D 34 43 4A 59  6G7n0REi6Wpm4CJY
000001C0: 53 54 59 6C 32 70 39 47  45 4C 73 73 30 52 7A 4B  STYl2p9GELss0RzK
000001D0: 6F 31 63 37 61 4E 44 4A  46 45 35 47 57 43 5A 78  o1c7aNDJFE5GWCZx
000001E0: 54 6B 57 20 68 74 74 70  3A 2F 2F 57 39 4A 6D 67  TkW http://W9Jmg
000001F0: 51 6A 4F 70 52 4A 63 50  70 77 71 50 34 52 33 30  QjOpRJcPpwqP4R30
00000200: 46 6F 30 6F 63 78 48 6D  36 36 32 50 50 63 48 75  Fo0ocxHm662PPcHu
00000210: 66 56 52 6D 38 43 73 64  63 37 65 45 6F 39 6F 4A  fVRm8Csdc7eEo9oJ
00000220: 73 39 6A 44 6C 55 4F 34  33 61 4D 22 7D 2C 22 33  s9jDlUO43aM"},"3
00000230: 22 3A 7B 22 6D 61 70 22  3A 5B 22 73 74 72 22 2C  ":{"map":["str",
00000240: 22 73 74 72 22 2C 30 2C  7B 7D 5D 7D 7D 5D        "str",0,{}]}}]
====
STREAM PID 60554.0xffff9482de657e00 (S) > 60589.0xffff9482d7141200 (C), length 844
command[60554]: b'./cmake-build/src/TextService/TextService'
command[60589]: b'./src/ComposePostService/ComposePostService'
----
00000000: 00 00 03 48 5B 31 2C 22  43 6F 6D 70 6F 73 65 54  ...H[1,"ComposeT
00000010: 65 78 74 22 2C 32 2C 30  2C 7B 22 30 22 3A 7B 22  ext",2,0,{"0":{"
00000020: 72 65 63 22 3A 7B 22 31  22 3A 7B 22 73 74 72 22  rec":{"1":{"str"
00000030: 3A 22 5A 62 64 41 4C 63  64 39 57 34 4A 34 45 47  :"ZbdALcd9W4J4EG
00000040: 74 54 6B 67 4D 67 56 59  73 41 66 4F 6D 79 4A 6C  tTkgMgVYsAfOmyJl
00000050: 6E 42 39 31 43 4B 57 6F  70 39 55 6E 79 63 4C 41  nB91CKWop9UnycLA
00000060: 62 50 75 42 41 51 73 69  30 6E 78 64 61 39 61 31  bPuBAQsi0nxda9a1
00000070: 75 75 50 48 51 77 30 33  54 4C 50 66 48 6D 78 47  uuPHQw03TLPfHmxG
00000080: 66 66 50 69 54 6B 66 35  59 37 38 78 76 4C 6E 4A  ffPiTkf5Y78xvLnJ
00000090: 6D 73 4B 58 53 78 37 61  6A 62 4F 72 45 55 31 34  msKXSx7ajbOrEU14
000000A0: 44 6B 59 50 52 62 55 47  4E 34 57 6D 74 63 6F 32  DkYPRbUGN4Wmtco2
000000B0: 5A 49 4B 41 6E 72 36 6F  62 38 67 68 56 6C 63 4A  ZIKAnr6ob8ghVlcJ
000000C0: 42 47 4A 74 69 7A 79 39  49 74 68 45 59 39 44 38  BGJtizy9IthEY9D8
000000D0: 6E 70 35 55 45 52 35 4E  6B 35 78 70 6D 4B 54 4C  np5UER5Nk5xpmKTL
000000E0: 6D 50 70 64 35 51 61 4A  50 63 75 4D 52 42 4A 38  mPpd5QaJPcuMRBJ8
000000F0: 62 54 41 41 61 70 45 52  41 63 64 64 32 7A 6A 78  bTAAapERAcdd2zjx
00000100: 33 66 53 35 39 35 64 54  75 44 38 75 53 37 30 4D  3fS595dTuD8uS70M
00000110: 67 55 75 6E 78 4C 58 71  42 74 34 76 70 7A 36 6F  gUunxLXqBt4vpz6o
00000120: 45 4D 67 52 49 51 6B 61  69 46 4F 4A 6E 37 47 61  EMgRIQkaiFOJn7Ga
00000130: 4A 72 20 40 75 73 65 72  6E 61 6D 65 5F 31 32 37  Jr @username_127
00000140: 20 68 74 74 70 3A 2F 2F  73 68 6F 72 74 2D 75 72   http://short-ur
00000150: 6C 2F 71 36 37 79 59 47  4A 33 6D 46 20 68 74 74  l/q67yYGJ3mF htt
00000160: 70 3A 2F 2F 73 68 6F 72  74 2D 75 72 6C 2F 47 4A  p://short-url/GJ
00000170: 65 73 44 6D 35 79 65 70  20 68 74 74 70 3A 2F 2F  esDm5yep http://
00000180: 73 68 6F 72 74 2D 75 72  6C 2F 32 4E 6C 38 78 5A  short-url/2Nl8xZ
00000190: 6C 74 58 52 22 7D 2C 22  32 22 3A 7B 22 6C 73 74  ltXR"},"2":{"lst
000001A0: 22 3A 5B 22 72 65 63 22  2C 30 5D 7D 2C 22 33 22  ":["rec",0]},"3"
000001B0: 3A 7B 22 6C 73 74 22 3A  5B 22 72 65 63 22 2C 33  :{"lst":["rec",3
000001C0: 2C 7B 22 31 22 3A 7B 22  73 74 72 22 3A 22 68 74  ,{"1":{"str":"ht
000001D0: 74 70 3A 2F 2F 73 68 6F  72 74 2D 75 72 6C 2F 71  tp://short-url/q
000001E0: 36 37 79 59 47 4A 33 6D  46 22 7D 2C 22 32 22 3A  67yYGJ3mF"},"2":
000001F0: 7B 22 73 74 72 22 3A 22  68 74 74 70 3A 2F 2F 57  {"str":"http://W
00000200: 48 58 77 63 4D 70 30 37  55 32 56 55 4F 65 45 51  HXwcMp07U2VUOeEQ
00000210: 59 6D 75 5A 66 46 79 43  4A 44 72 7A 7A 65 54 34  YmuZfFyCJDrzzeT4
00000220: 47 6D 49 65 78 77 50 33  54 37 47 50 44 78 45 63  GmIexwP3T7GPDxEc
00000230: 77 6E 67 6A 33 68 58 35  72 73 48 69 31 4A 4E 22  wngj3hX5rsHi1JN"
00000240: 7D 7D 2C 7B 22 31 22 3A  7B 22 73 74 72 22 3A 22  }},{"1":{"str":"
00000250: 68 74 74 70 3A 2F 2F 73  68 6F 72 74 2D 75 72 6C  http://short-url
00000260: 2F 47 4A 65 73 44 6D 35  79 65 70 22 7D 2C 22 32  /GJesDm5yep"},"2
00000270: 22 3A 7B 22 73 74 72 22  3A 22 68 74 74 70 3A 2F  ":{"str":"http:/
00000280: 2F 32 35 46 56 73 6F 53  6C 4C 71 68 75 34 36 47  /25FVsoSlLqhu46G
00000290: 37 6E 30 52 45 69 36 57  70 6D 34 43 4A 59 53 54  7n0REi6Wpm4CJYST
000002A0: 59 6C 32 70 39 47 45 4C  73 73 30 52 7A 4B 6F 31  Yl2p9GELss0RzKo1
000002B0: 63 37 61 4E 44 4A 46 45  35 47 57 43 5A 78 54 6B  c7aNDJFE5GWCZxTk
000002C0: 57 22 7D 7D 2C 7B 22 31  22 3A 7B 22 73 74 72 22  W"}},{"1":{"str"
000002D0: 3A 22 68 74 74 70 3A 2F  2F 73 68 6F 72 74 2D 75  :"http://short-u
000002E0: 72 6C 2F 32 4E 6C 38 78  5A 6C 74 58 52 22 7D 2C  rl/2Nl8xZltXR"},
000002F0: 22 32 22 3A 7B 22 73 74  72 22 3A 22 68 74 74 70  "2":{"str":"http
00000300: 3A 2F 2F 57 39 4A 6D 67  51 6A 4F 70 52 4A 63 50  ://W9JmgQjOpRJcP
00000310: 70 77 71 50 34 52 33 30  46 6F 30 6F 63 78 48 6D  pwqP4R30Fo0ocxHm
00000320: 36 36 32 50 50 63 48 75  66 56 52 6D 38 43 73 64  662PPcHufVRm8Csd
00000330: 63 37 65 45 6F 39 6F 4A  73 39 6A 44 6C 55 4F 34  c7eEo9oJs9jDlUO4
00000340: 33 61 4D 22 7D 7D 5D 7D  7D 7D 7D 5D              3aM"}}]}}}}]
====
STREAM PID 60589.0xffff9482d7141200 (C) > 60554.0xffff9482de657e00 (S), length 718
command[60589]: b'./src/ComposePostService/ComposePostService'
command[60554]: b'./cmake-build/src/TextService/TextService'
----
00000000: 00 00 02 CA 5B 31 2C 22  43 6F 6D 70 6F 73 65 54  ....[1,"ComposeT
00000010: 65 78 74 22 2C 31 2C 30  2C 7B 22 31 22 3A 7B 22  ext",1,0,{"1":{"
00000020: 69 36 34 22 3A 39 36 39  36 35 32 31 31 35 39 35  i64":96965211595
00000030: 32 32 30 34 39 32 38 7D  2C 22 32 22 3A 7B 22 73  2204928},"2":{"s
00000040: 74 72 22 3A 22 4B 37 55  59 5A 77 52 54 76 38 6C  tr":"K7UYZwRTv8l
00000050: 62 36 36 79 62 48 50 75  65 6F 35 4E 37 6A 6A 6C  b66ybHPueo5N7jjl
00000060: 46 45 70 31 30 39 55 6E  65 78 65 4F 58 50 55 6A  FEp109UnexeOXPUj
00000070: 44 47 73 44 65 71 71 68  49 77 78 4F 7A 67 32 67  DGsDeqqhIwxOzg2g
00000080: 6E 6A 44 47 61 58 52 78  75 39 65 74 33 72 6D 76  njDGaXRxu9et3rmv
00000090: 6A 48 55 71 76 34 44 41  78 63 67 49 7A 70 44 56  jHUqv4DAxcgIzpDV
000000A0: 68 56 73 66 75 4D 34 6F  46 74 46 50 59 4C 6E 45  hVsfuM4oFtFPYLnE
000000B0: 54 50 39 68 79 6E 49 50  77 36 4C 58 6A 4B 63 63  TP9hynIPw6LXjKcc
000000C0: 44 47 6E 56 35 36 37 49  42 65 55 36 7A 76 73 50  DGnV567IBeU6zvsP
000000D0: 69 44 6F 75 36 76 6E 49  73 63 61 31 4A 52 68 4A  iDou6vnIsca1JRhJ
000000E0: 5A 4F 47 32 77 77 62 39  47 4E 74 4A 50 61 70 38  ZOG2wwb9GNtJPap8
000000F0: 5A 6C 61 66 66 45 76 51  54 61 52 38 57 77 61 30  ZlaffEvQTaR8Wwa0
00000100: 4C 76 77 42 33 48 70 37  75 59 33 7A 46 39 32 67  LvwB3Hp7uY3zF92g
00000110: 49 48 35 5A 39 6E 4B 32  67 63 73 4E 4D 30 78 73  IH5Z9nK2gcsNM0xs
00000120: 44 45 62 79 6B 62 30 6F  79 67 38 79 57 75 36 4F  DEbykb0oyg8yWu6O
00000130: 45 52 41 33 77 44 74 65  7A 7A 37 37 49 64 45 47  ERA3wDtezz77IdEG
00000140: 65 59 33 69 78 20 40 75  73 65 72 6E 61 6D 65 5F  eY3ix @username_
00000150: 38 39 34 20 40 75 73 65  72 6E 61 6D 65 5F 32 36  894 @username_26
00000160: 34 20 40 75 73 65 72 6E  61 6D 65 5F 35 38 38 20  4 @username_588 
00000170: 40 75 73 65 72 6E 61 6D  65 5F 37 35 36 20 40 75  @username_756 @u
00000180: 73 65 72 6E 61 6D 65 5F  37 33 38 20 68 74 74 70  sername_738 http
00000190: 3A 2F 2F 48 4B 50 68 6A  53 6F 37 78 61 4E 39 63  ://HKPhjSo7xaN9c
000001A0: 43 6F 31 53 76 39 5A 48  31 30 53 68 77 58 79 70  Co1Sv9ZH10ShwXyp
000001B0: 37 39 75 45 65 4A 46 30  49 72 41 76 32 77 39 48  79uEeJF0IrAv2w9H
000001C0: 57 55 56 50 44 57 4D 78  6A 43 51 45 38 44 43 6B  WUVPDWMxjCQE8DCk
000001D0: 74 4B 4E 20 68 74 74 70  3A 2F 2F 50 39 50 33 43  tKN http://P9P3C
000001E0: 47 4E 55 41 57 58 62 58  76 51 59 47 54 52 74 6E  GNUAWXbXvQYGTRtn
000001F0: 41 64 59 70 65 46 63 7A  41 48 79 7A 71 4E 46 6B  AdYpeFczAHyzqNFk
00000200: 41 79 30 78 4B 45 4C 4C  50 5A 4D 76 63 6A 31 48  Ay0xKELLPZMvcj1H
00000210: 44 38 68 44 55 45 78 4B  63 75 5A 20 68 74 74 70  D8hDUExKcuZ http
00000220: 3A 2F 2F 41 56 79 74 65  47 47 47 54 61 4E 36 47  ://AVyteGGGTaN6G
00000230: 6A 50 70 64 62 57 44 4D  31 69 36 32 42 31 52 4B  jPpdbWDM1i62B1RK
00000240: 49 32 5A 59 4B 47 42 4B  42 46 39 77 4D 6F 64 78  I2ZYKGBKBF9wModx
00000250: 61 39 53 69 4F 77 61 4C  75 5A 37 61 35 65 57 4E  a9SiOwaLuZ7a5eWN
00000260: 6C 64 66 20 68 74 74 70  3A 2F 2F 44 54 46 49 6B  ldf http://DTFIk
00000270: 4F 43 53 36 6E 58 63 77  78 4F 66 4A 78 38 49 31  OCS6nXcwxOfJx8I1
00000280: 63 4E 74 62 4A 5A 44 38  71 46 70 58 59 32 6C 30  cNtbJZD8qFpXY2l0
00000290: 32 35 61 6F 51 50 59 30  39 70 64 59 78 62 4E 39  25aoQPY09pdYxbN9
000002A0: 70 37 6C 46 73 32 6F 43  37 4B 45 22 7D 2C 22 33  p7lFs2oC7KE"},"3
000002B0: 22 3A 7B 22 6D 61 70 22  3A 5B 22 73 74 72 22 2C  ":{"map":["str",
000002C0: 22 73 74 72 22 2C 30 2C  7B 7D 5D 7D 7D 5D        "str",0,{}]}}]
====
STREAM PID 60554.0xffff9482de657e00 (S) > 60589.0xffff9482d7141200 (C), length 1058
command[60554]: b'./cmake-build/src/TextService/TextService'
command[60589]: b'./src/ComposePostService/ComposePostService'
----
00000000: 00 00 04 1E 5B 31 2C 22  43 6F 6D 70 6F 73 65 54  ....[1,"ComposeT
00000010: 65 78 74 22 2C 32 2C 30  2C 7B 22 30 22 3A 7B 22  ext",2,0,{"0":{"
00000020: 72 65 63 22 3A 7B 22 31  22 3A 7B 22 73 74 72 22  rec":{"1":{"str"
00000030: 3A 22 4B 37 55 59 5A 77  52 54 76 38 6C 62 36 36  :"K7UYZwRTv8lb66
00000040: 79 62 48 50 75 65 6F 35  4E 37 6A 6A 6C 46 45 70  ybHPueo5N7jjlFEp
00000050: 31 30 39 55 6E 65 78 65  4F 58 50 55 6A 44 47 73  109UnexeOXPUjDGs
00000060: 44 65 71 71 68 49 77 78  4F 7A 67 32 67 6E 6A 44  DeqqhIwxOzg2gnjD
00000070: 47 61 58 52 78 75 39 65  74 33 72 6D 76 6A 48 55  GaXRxu9et3rmvjHU
00000080: 71 76 34 44 41 78 63 67  49 7A 70 44 56 68 56 73  qv4DAxcgIzpDVhVs
00000090: 66 75 4D 34 6F 46 74 46  50 59 4C 6E 45 54 50 39  fuM4oFtFPYLnETP9
000000A0: 68 79 6E 49 50 77 36 4C  58 6A 4B 63 63 44 47 6E  hynIPw6LXjKccDGn
000000B0: 56 35 36 37 49 42 65 55  36 7A 76 73 50 69 44 6F  V567IBeU6zvsPiDo
000000C0: 75 36 76 6E 49 73 63 61  31 4A 52 68 4A 5A 4F 47  u6vnIsca1JRhJZOG
000000D0: 32 77 77 62 39 47 4E 74  4A 50 61 70 38 5A 6C 61  2wwb9GNtJPap8Zla
000000E0: 66 66 45 76 51 54 61 52  38 57 77 61 30 4C 76 77  ffEvQTaR8Wwa0Lvw
000000F0: 42 33 48 70 37 75 59 33  7A 46 39 32 67 49 48 35  B3Hp7uY3zF92gIH5
00000100: 5A 39 6E 4B 32 67 63 73  4E 4D 30 78 73 44 45 62  Z9nK2gcsNM0xsDEb
00000110: 79 6B 62 30 6F 79 67 38  79 57 75 36 4F 45 52 41  ykb0oyg8yWu6OERA
00000120: 33 77 44 74 65 7A 7A 37  37 49 64 45 47 65 59 33  3wDtezz77IdEGeY3
00000130: 69 78 20 40 75 73 65 72  6E 61 6D 65 5F 38 39 34  ix @username_894
00000140: 20 40 75 73 65 72 6E 61  6D 65 5F 32 36 34 20 40   @username_264 @
00000150: 75 73 65 72 6E 61 6D 65  5F 35 38 38 20 40 75 73  username_588 @us
00000160: 65 72 6E 61 6D 65 5F 37  35 36 20 40 75 73 65 72  ername_756 @user
00000170: 6E 61 6D 65 5F 37 33 38  20 68 74 74 70 3A 2F 2F  name_738 http://
00000180: 73 68 6F 72 74 2D 75 72  6C 2F 77 46 4A 4F 72 77  short-url/wFJOrw
00000190: 4B 6C 6F 34 20 68 74 74  70 3A 2F 2F 73 68 6F 72  Klo4 http://shor
000001A0: 74 2D 75 72 6C 2F 4A 76  67 61 39 6E 4C 68 48 71  t-url/Jvga9nLhHq
000001B0: 20 68 74 74 70 3A 2F 2F  73 68 6F 72 74 2D 75 72   http://short-ur
000001C0: 6C 2F 74 69 51 49 66 51  30 30 75 32 20 68 74 74  l/tiQIfQ00u2 htt
000001D0: 70 3A 2F 2F 73 68 6F 72  74 2D 75 72 6C 2F 55 58  p://short-url/UX
000001E0: 62 42 48 4D 4E 70 53 65  22 7D 2C 22 32 22 3A 7B  bBHMNpSe"},"2":{
000001F0: 22 6C 73 74 22 3A 5B 22  72 65 63 22 2C 30 5D 7D  "lst":["rec",0]}
00000200: 2C 22 33 22 3A 7B 22 6C  73 74 22 3A 5B 22 72 65  ,"3":{"lst":["re
00000210: 63 22 2C 34 2C 7B 22 31  22 3A 7B 22 73 74 72 22  c",4,{"1":{"str"
00000220: 3A 22 68 74 74 70 3A 2F  2F 73 68 6F 72 74 2D 75  :"http://short-u
00000230: 72 6C 2F 77 46 4A 4F 72  77 4B 6C 6F 34 22 7D 2C  rl/wFJOrwKlo4"},
00000240: 22 32 22 3A 7B 22 73 74  72 22 3A 22 68 74 74 70  "2":{"str":"http
00000250: 3A 2F 2F 48 4B 50 68 6A  53 6F 37 78 61 4E 39 63  ://HKPhjSo7xaN9c
00000260: 43 6F 31 53 76 39 5A 48  31 30 53 68 77 58 79 70  Co1Sv9ZH10ShwXyp
00000270: 37 39 75 45 65 4A 46 30  49 72 41 76 32 77 39 48  79uEeJF0IrAv2w9H
00000280: 57 55 56 50 44 57 4D 78  6A 43 51 45 38 44 43 6B  WUVPDWMxjCQE8DCk
00000290: 74 4B 4E 22 7D 7D 2C 7B  22 31 22 3A 7B 22 73 74  tKN"}},{"1":{"st
000002A0: 72 22 3A 22 68 74 74 70  3A 2F 2F 73 68 6F 72 74  r":"http://short
000002B0: 2D 75 72 6C 2F 4A 76 67  61 39 6E 4C 68 48 71 22  -url/Jvga9nLhHq"
000002C0: 7D 2C 22 32 22 3A 7B 22  73 74 72 22 3A 22 68 74  },"2":{"str":"ht
000002D0: 74 70 3A 2F 2F 50 39 50  33 43 47 4E 55 41 57 58  tp://P9P3CGNUAWX
000002E0: 62 58 76 51 59 47 54 52  74 6E 41 64 59 70 65 46  bXvQYGTRtnAdYpeF
000002F0: 63 7A 41 48 79 7A 71 4E  46 6B 41 79 30 78 4B 45  czAHyzqNFkAy0xKE
00000300: 4C 4C 50 5A 4D 76 63 6A  31 48 44 38 68 44 55 45  LLPZMvcj1HD8hDUE
00000310: 78 4B 63 75 5A 22 7D 7D  2C 7B 22 31 22 3A 7B 22  xKcuZ"}},{"1":{"
00000320: 73 74 72 22 3A 22 68 74  74 70 3A 2F 2F 73 68 6F  str":"http://sho
00000330: 72 74 2D 75 72 6C 2F 74  69 51 49 66 51 30 30 75  rt-url/tiQIfQ00u
00000340: 32 22 7D 2C 22 32 22 3A  7B 22 73 74 72 22 3A 22  2"},"2":{"str":"
00000350: 68 74 74 70 3A 2F 2F 41  56 79 74 65 47 47 47 54  http://AVyteGGGT
00000360: 61 4E 36 47 6A 50 70 64  62 57 44 4D 31 69 36 32  aN6GjPpdbWDM1i62
00000370: 42 31 52 4B 49 32 5A 59  4B 47 42 4B 42 46 39 77  B1RKI2ZYKGBKBF9w
00000380: 4D 6F 64 78 61 39 53 69  4F 77 61 4C 75 5A 37 61  Modxa9SiOwaLuZ7a
00000390: 35 65 57 4E 6C 64 66 22  7D 7D 2C 7B 22 31 22 3A  5eWNldf"}},{"1":
000003A0: 7B 22 73 74 72 22 3A 22  68 74 74 70 3A 2F 2F 73  {"str":"http://s
000003B0: 68 6F 72 74 2D 75 72 6C  2F 55 58 62 42 48 4D 4E  hort-url/UXbBHMN
000003C0: 70 53 65 22 7D 2C 22 32  22 3A 7B 22 73 74 72 22  pSe"},"2":{"str"
000003D0: 3A 22 68 74 74 70 3A 2F  2F 44 54 46 49 6B 4F 43  :"http://DTFIkOC
000003E0: 53 36 6E 58 63 77 78 4F  66 4A 78 38 49 31 63 4E  S6nXcwxOfJx8I1cN
000003F0: 74 62 4A 5A 44 38 71 46  70 58 59 32 6C 30 32 35  tbJZD8qFpXY2l025
00000400: 61 6F 51 50 59 30 39 70  64 59 78 62 4E 39 70 37  aoQPY09pdYxbN9p7
00000410: 6C 46 73 32 6F 43 37 4B  45 22 7D 7D 5D 7D 7D 7D  lFs2oC7KE"}}]}}}
00000420: 7D 5D                                             }]
====
STREAM PID 60589.0xffff9482d7141200 (C) > 60554.0xffff9482de657e00 (S), length 415
command[60589]: b'./src/ComposePostService/ComposePostService'
command[60554]: b'./cmake-build/src/TextService/TextService'
----
00000000: 00 00 01 9B 5B 31 2C 22  43 6F 6D 70 6F 73 65 54  ....[1,"ComposeT
00000010: 65 78 74 22 2C 31 2C 30  2C 7B 22 31 22 3A 7B 22  ext",1,0,{"1":{"
00000020: 69 36 34 22 3A 35 39 38  36 35 35 37 33 30 39 39  i64":59865573099
00000030: 39 30 33 35 32 36 34 7D  2C 22 32 22 3A 7B 22 73  9035264},"2":{"s
00000040: 74 72 22 3A 22 72 7A 63  42 52 6D 46 5A 77 78 74  tr":"rzcBRmFZwxt
00000050: 53 50 58 74 63 58 6B 6F  49 74 58 37 44 39 44 6A  SPXtcXkoItX7D9Dj
00000060: 5A 68 75 4D 71 65 69 71  30 66 65 61 5A 72 6D 4F  ZhuMqeiq0feaZrmO
00000070: 70 48 43 57 6A 53 66 6D  58 37 7A 41 44 42 54 37  pHCWjSfmX7zADBT7
00000080: 65 38 79 69 47 71 5A 36  6D 4B 43 52 6D 79 74 69  e8yiGqZ6mKCRmyti
00000090: 45 33 46 53 75 4C 68 33  48 4F 49 59 32 35 30 4B  E3FSuLh3HOIY250K
000000A0: 68 64 65 61 52 38 76 74  52 62 42 4F 53 38 51 45  hdeaR8vtRbBOS8QE
000000B0: 6D 68 56 66 61 48 32 76  76 4A 78 53 74 78 38 30  mhVfaH2vvJxStx80
000000C0: 4D 4F 4D 78 7A 72 7A 45  4C 69 45 47 6D 45 79 69  MOMxzrzELiEGmEyi
000000D0: 46 76 4A 68 50 50 30 59  44 6B 44 6A 44 70 34 55  FvJhPP0YDkDjDp4U
000000E0: 6A 6F 67 30 4E 55 68 65  42 33 36 69 48 38 6E 6E  jog0NUheB36iH8nn
000000F0: 6A 76 70 6A 63 31 39 42  6C 42 49 32 61 4F 50 6A  jvpjc19BlBI2aOPj
00000100: 49 62 38 6C 6F 37 4B 6D  52 4D 4A 54 48 73 63 7A  Ib8lo7KmRMJTHscz
00000110: 51 6A 30 4A 39 75 7A 69  73 4C 61 4F 31 58 74 34  Qj0J9uzisLaO1Xt4
00000120: 74 7A 35 31 4A 4F 75 53  43 47 62 69 46 6E 30 63  tz51JOuSCGbiFn0c
00000130: 30 46 38 49 47 65 77 79  4F 37 36 38 39 62 30 38  0F8IGewyO7689b08
00000140: 43 6C 61 77 35 20 40 75  73 65 72 6E 61 6D 65 5F  Claw5 @username_
00000150: 38 37 37 20 40 75 73 65  72 6E 61 6D 65 5F 34 33  877 @username_43
00000160: 31 20 40 75 73 65 72 6E  61 6D 65 5F 36 39 20 40  1 @username_69 @
00000170: 75 73 65 72 6E 61 6D 65  5F 35 38 33 22 7D 2C 22  username_583"},"
00000180: 33 22 3A 7B 22 6D 61 70  22 3A 5B 22 73 74 72 22  3":{"map":["str"
00000190: 2C 22 73 74 72 22 2C 30  2C 7B 7D 5D 7D 7D 5D     ,"str",0,{}]}}]
====
STREAM PID 60554.0xffff9482de657e00 (S) > 60589.0xffff9482d7141200 (C), length 411
command[60554]: b'./cmake-build/src/TextService/TextService'
command[60589]: b'./src/ComposePostService/ComposePostService'
----
00000000: 00 00 01 97 5B 31 2C 22  43 6F 6D 70 6F 73 65 54  ....[1,"ComposeT
00000010: 65 78 74 22 2C 32 2C 30  2C 7B 22 30 22 3A 7B 22  ext",2,0,{"0":{"
00000020: 72 65 63 22 3A 7B 22 31  22 3A 7B 22 73 74 72 22  rec":{"1":{"str"
00000030: 3A 22 72 7A 63 42 52 6D  46 5A 77 78 74 53 50 58  :"rzcBRmFZwxtSPX
00000040: 74 63 58 6B 6F 49 74 58  37 44 39 44 6A 5A 68 75  tcXkoItX7D9DjZhu
00000050: 4D 71 65 69 71 30 66 65  61 5A 72 6D 4F 70 48 43  Mqeiq0feaZrmOpHC
00000060: 57 6A 53 66 6D 58 37 7A  41 44 42 54 37 65 38 79  WjSfmX7zADBT7e8y
00000070: 69 47 71 5A 36 6D 4B 43  52 6D 79 74 69 45 33 46  iGqZ6mKCRmytiE3F
00000080: 53 75 4C 68 33 48 4F 49  59 32 35 30 4B 68 64 65  SuLh3HOIY250Khde
00000090: 61 52 38 76 74 52 62 42  4F 53 38 51 45 6D 68 56  aR8vtRbBOS8QEmhV
000000A0: 66 61 48 32 76 76 4A 78  53 74 78 38 30 4D 4F 4D  faH2vvJxStx80MOM
000000B0: 78 7A 72 7A 45 4C 69 45  47 6D 45 79 69 46 76 4A  xzrzELiEGmEyiFvJ
000000C0: 68 50 50 30 59 44 6B 44  6A 44 70 34 55 6A 6F 67  hPP0YDkDjDp4Ujog
000000D0: 30 4E 55 68 65 42 33 36  69 48 38 6E 6E 6A 76 70  0NUheB36iH8nnjvp
000000E0: 6A 63 31 39 42 6C 42 49  32 61 4F 50 6A 49 62 38  jc19BlBI2aOPjIb8
000000F0: 6C 6F 37 4B 6D 52 4D 4A  54 48 73 63 7A 51 6A 30  lo7KmRMJTHsczQj0
00000100: 4A 39 75 7A 69 73 4C 61  4F 31 58 74 34 74 7A 35  J9uzisLaO1Xt4tz5
00000110: 31 4A 4F 75 53 43 47 62  69 46 6E 30 63 30 46 38  1JOuSCGbiFn0c0F8
00000120: 49 47 65 77 79 4F 37 36  38 39 62 30 38 43 6C 61  IGewyO7689b08Cla
00000130: 77 35 20 40 75 73 65 72  6E 61 6D 65 5F 38 37 37  w5 @username_877
00000140: 20 40 75 73 65 72 6E 61  6D 65 5F 34 33 31 20 40   @username_431 @
00000150: 75 73 65 72 6E 61 6D 65  5F 36 39 20 40 75 73 65  username_69 @use
00000160: 72 6E 61 6D 65 5F 35 38  33 22 7D 2C 22 32 22 3A  rname_583"},"2":
00000170: 7B 22 6C 73 74 22 3A 5B  22 72 65 63 22 2C 30 5D  {"lst":["rec",0]
00000180: 7D 2C 22 33 22 3A 7B 22  6C 73 74 22 3A 5B 22 72  },"3":{"lst":["r
00000190: 65 63 22 2C 30 5D 7D 7D  7D 7D 5D                 ec",0]}}}}]
====
STREAM PID 60589.0xffff9482d7141200 (C) > 60554.0xffff9482de657e00 (S), length 590
command[60589]: b'./src/ComposePostService/ComposePostService'
command[60554]: b'./cmake-build/src/TextService/TextService'
----
00000000: 00 00 02 4A 5B 31 2C 22  43 6F 6D 70 6F 73 65 54  ...J[1,"ComposeT
00000010: 65 78 74 22 2C 31 2C 30  2C 7B 22 31 22 3A 7B 22  ext",1,0,{"1":{"
00000020: 69 36 34 22 3A 36 32 36  36 33 36 31 34 38 33 38  i64":62663614838
00000030: 35 33 32 37 37 34 34 7D  2C 22 32 22 3A 7B 22 73  5327744},"2":{"s
00000040: 74 72 22 3A 22 39 31 35  56 69 39 73 30 69 48 4D  tr":"915Vi9s0iHM
00000050: 68 45 6D 68 67 37 6E 31  51 66 36 32 50 37 51 68  hEmhg7n1Qf62P7Qh
00000060: 6A 4E 4A 4E 49 67 6A 49  30 44 52 57 51 6B 6B 6A  jNJNIgjI0DRWQkkj
00000070: 56 4E 69 59 50 79 4B 70  6D 52 6C 4E 50 37 44 32  VNiYPyKpmRlNP7D2
00000080: 4D 30 70 4A 69 62 57 59  6C 4B 4D 65 75 64 4C 71  M0pJibWYlKMeudLq
00000090: 53 4C 5A 79 6E 33 57 55  69 69 5A 62 44 4F 44 78  SLZyn3WUiiZbDODx
000000A0: 35 37 45 43 4A 77 35 79  31 4C 31 61 4F 4B 4B 38  57ECJw5y1L1aOKK8
000000B0: 79 6A 62 37 63 4E 4F 42  64 31 58 35 45 75 48 52  yjb7cNOBd1X5EuHR
000000C0: 32 76 49 70 31 36 68 34  51 54 4F 71 68 45 67 4E  2vIp16h4QTOqhEgN
000000D0: 75 38 79 76 64 41 71 37  45 75 79 66 57 30 49 7A  u8yvdAq7EuyfW0Iz
000000E0: 6E 78 75 5A 37 57 65 73  62 76 68 35 30 41 48 72  nxuZ7Wesbvh50AHr
000000F0: 44 57 76 79 68 66 66 56  62 68 41 53 34 4C 33 4E  DWvyhffVbhAS4L3N
00000100: 5A 33 72 78 53 66 4A 39  30 64 31 31 7A 35 31 79  Z3rxSfJ90d11z51y
00000110: 42 4A 4F 46 64 63 63 76  74 45 69 63 66 57 77 51  BJOFdccvtEicfWwQ
00000120: 78 4E 42 5A 53 51 58 5A  6E 76 4D 76 6F 6B 33 72  xNBZSQXZnvMvok3r
00000130: 75 52 50 77 68 50 69 77  70 69 58 43 4A 30 74 48  uRPwhPiwpiXCJ0tH
00000140: 38 39 75 41 53 20 40 75  73 65 72 6E 61 6D 65 5F  89uAS @username_
00000150: 34 37 30 20 68 74 74 70  3A 2F 2F 4B 59 50 6B 52  470 http://KYPkR
00000160: 4A 49 78 45 65 54 43 6E  45 39 61 4C 31 51 64 64  JIxEeTCnE9aL1Qdd
00000170: 56 46 49 47 54 38 7A 30  69 56 50 67 53 6F 47 51  VFIGT8z0iVPgSoGQ
00000180: 35 54 41 7A 78 4D 59 57  68 64 56 45 71 6D 42 47  5TAzxMYWhdVEqmBG
00000190: 77 4D 6E 41 69 33 55 48  33 30 41 20 68 74 74 70  wMnAi3UH30A http
000001A0: 3A 2F 2F 43 62 4E 6E 54  67 68 4D 6D 76 45 37 6F  ://CbNnTghMmvE7o
000001B0: 4F 49 63 57 70 36 4D 4D  55 31 56 37 78 36 59 6E  OIcWp6MMU1V7x6Yn
000001C0: 65 46 44 4A 68 43 30 65  64 32 65 77 77 4F 32 45  eFDJhC0ed2ewwO2E
000001D0: 33 6E 35 45 79 31 66 6D  70 4E 61 68 36 48 45 6A  3n5Ey1fmpNah6HEj
000001E0: 64 33 38 20 68 74 74 70  3A 2F 2F 63 63 35 57 43  d38 http://cc5WC
000001F0: 6B 36 55 64 52 6E 6B 4F  70 43 4F 77 6B 4F 63 33  k6UdRnkOpCOwkOc3
00000200: 50 6A 6D 31 34 58 39 48  64 4C 49 31 4A 77 47 52  Pjm14X9HdLI1JwGR
00000210: 64 6C 4B 4C 7A 33 57 75  6E 38 55 59 67 65 6E 52  dlKLz3Wun8UYgenR
00000220: 5A 70 74 6D 38 78 46 67  35 70 33 22 7D 2C 22 33  Zptm8xFg5p3"},"3
00000230: 22 3A 7B 22 6D 61 70 22  3A 5B 22 73 74 72 22 2C  ":{"map":["str",
00000240: 22 73 74 72 22 2C 30 2C  7B 7D 5D 7D 7D 5D        "str",0,{}]}}]
====
STREAM PID 60554.0xffff9482de657e00 (S) > 60589.0xffff9482d7141200 (C), length 844
command[60554]: b'./cmake-build/src/TextService/TextService'
command[60589]: b'./src/ComposePostService/ComposePostService'
----
00000000: 00 00 03 48 5B 31 2C 22  43 6F 6D 70 6F 73 65 54  ...H[1,"ComposeT
00000010: 65 78 74 22 2C 32 2C 30  2C 7B 22 30 22 3A 7B 22  ext",2,0,{"0":{"
00000020: 72 65 63 22 3A 7B 22 31  22 3A 7B 22 73 74 72 22  rec":{"1":{"str"
00000030: 3A 22 39 31 35 56 69 39  73 30 69 48 4D 68 45 6D  :"915Vi9s0iHMhEm
00000040: 68 67 37 6E 31 51 66 36  32 50 37 51 68 6A 4E 4A  hg7n1Qf62P7QhjNJ
00000050: 4E 49 67 6A 49 30 44 52  57 51 6B 6B 6A 56 4E 69  NIgjI0DRWQkkjVNi
00000060: 59 50 79 4B 70 6D 52 6C  4E 50 37 44 32 4D 30 70  YPyKpmRlNP7D2M0p
00000070: 4A 69 62 57 59 6C 4B 4D  65 75 64 4C 71 53 4C 5A  JibWYlKMeudLqSLZ
00000080: 79 6E 33 57 55 69 69 5A  62 44 4F 44 78 35 37 45  yn3WUiiZbDODx57E
00000090: 43 4A 77 35 79 31 4C 31  61 4F 4B 4B 38 79 6A 62  CJw5y1L1aOKK8yjb
000000A0: 37 63 4E 4F 42 64 31 58  35 45 75 48 52 32 76 49  7cNOBd1X5EuHR2vI
000000B0: 70 31 36 68 34 51 54 4F  71 68 45 67 4E 75 38 79  p16h4QTOqhEgNu8y
000000C0: 76 64 41 71 37 45 75 79  66 57 30 49 7A 6E 78 75  vdAq7EuyfW0Iznxu
000000D0: 5A 37 57 65 73 62 76 68  35 30 41 48 72 44 57 76  Z7Wesbvh50AHrDWv
000000E0: 79 68 66 66 56 62 68 41  53 34 4C 33 4E 5A 33 72  yhffVbhAS4L3NZ3r
000000F0: 78 53 66 4A 39 30 64 31  31 7A 35 31 79 42 4A 4F  xSfJ90d11z51yBJO
00000100: 46 64 63 63 76 74 45 69  63 66 57 77 51 78 4E 42  FdccvtEicfWwQxNB
00000110: 5A 53 51 58 5A 6E 76 4D  76 6F 6B 33 72 75 52 50  ZSQXZnvMvok3ruRP
00000120: 77 68 50 69 77 70 69 58  43 4A 30 74 48 38 39 75  whPiwpiXCJ0tH89u
00000130: 41 53 20 40 75 73 65 72  6E 61 6D 65 5F 34 37 30  AS @username_470
00000140: 20 68 74 74 70 3A 2F 2F  73 68 6F 72 74 2D 75 72   http://short-ur
00000150: 6C 2F 6F 59 4B 55 4C 4E  6E 46 50 48 20 68 74 74  l/oYKULNnFPH htt
00000160: 70 3A 2F 2F 73 68 6F 72  74 2D 75 72 6C 2F 69 6A  p://short-url/ij
00000170: 4F 4E 52 73 58 4F 6F 5A  20 68 74 74 70 3A 2F 2F  ONRsXOoZ http://
00000180: 73 68 6F 72 74 2D 75 72  6C 2F 64 4A 30 75 67 64  short-url/dJ0ugd
00000190: 6F 6C 39 64 22 7D 2C 22  32 22 3A 7B 22 6C 73 74  ol9d"},"2":{"lst
000001A0: 22 3A 5B 22 72 65 63 22  2C 30 5D 7D 2C 22 33 22  ":["rec",0]},"3"
000001B0: 3A 7B 22 6C 73 74 22 3A  5B 22 72 65 63 22 2C 33  :{"lst":["rec",3
000001C0: 2C 7B 22 31 22 3A 7B 22  73 74 72 22 3A 22 68 74  ,{"1":{"str":"ht
000001D0: 74 70 3A 2F 2F 73 68 6F  72 74 2D 75 72 6C 2F 6F  tp://short-url/o
000001E0: 59 4B 55 4C 4E 6E 46 50  48 22 7D 2C 22 32 22 3A  YKULNnFPH"},"2":
000001F0: 7B 22 73 74 72 22 3A 22  68 74 74 70 3A 2F 2F 4B  {"str":"http://K
00000200: 59 50 6B 52 4A 49 78 45  65 54 43 6E 45 39 61 4C  YPkRJIxEeTCnE9aL
00000210: 31 51 64 64 56 46 49 47  54 38 7A 30 69 56 50 67  1QddVFIGT8z0iVPg
00000220: 53 6F 47 51 35 54 41 7A  78 4D 59 57 68 64 56 45  SoGQ5TAzxMYWhdVE
00000230: 71 6D 42 47 77 4D 6E 41  69 33 55 48 33 30 41 22  qmBGwMnAi3UH30A"
00000240: 7D 7D 2C 7B 22 31 22 3A  7B 22 73 74 72 22 3A 22  }},{"1":{"str":"
00000250: 68 74 74 70 3A 2F 2F 73  68 6F 72 74 2D 75 72 6C  http://short-url
00000260: 2F 69 6A 4F 4E 52 73 58  4F 6F 5A 22 7D 2C 22 32  /ijONRsXOoZ"},"2
00000270: 22 3A 7B 22 73 74 72 22  3A 22 68 74 74 70 3A 2F  ":{"str":"http:/
00000280: 2F 43 62 4E 6E 54 67 68  4D 6D 76 45 37 6F 4F 49  /CbNnTghMmvE7oOI
00000290: 63 57 70 36 4D 4D 55 31  56 37 78 36 59 6E 65 46  cWp6MMU1V7x6YneF
000002A0: 44 4A 68 43 30 65 64 32  65 77 77 4F 32 45 33 6E  DJhC0ed2ewwO2E3n
000002B0: 35 45 79 31 66 6D 70 4E  61 68 36 48 45 6A 64 33  5Ey1fmpNah6HEjd3
000002C0: 38 22 7D 7D 2C 7B 22 31  22 3A 7B 22 73 74 72 22  8"}},{"1":{"str"
000002D0: 3A 22 68 74 74 70 3A 2F  2F 73 68 6F 72 74 2D 75  :"http://short-u
000002E0: 72 6C 2F 64 4A 30 75 67  64 6F 6C 39 64 22 7D 2C  rl/dJ0ugdol9d"},
000002F0: 22 32 22 3A 7B 22 73 74  72 22 3A 22 68 74 74 70  "2":{"str":"http
00000300: 3A 2F 2F 63 63 35 57 43  6B 36 55 64 52 6E 6B 4F  ://cc5WCk6UdRnkO
00000310: 70 43 4F 77 6B 4F 63 33  50 6A 6D 31 34 58 39 48  pCOwkOc3Pjm14X9H
00000320: 64 4C 49 31 4A 77 47 52  64 6C 4B 4C 7A 33 57 75  dLI1JwGRdlKLz3Wu
00000330: 6E 38 55 59 67 65 6E 52  5A 70 74 6D 38 78 46 67  n8UYgenRZptm8xFg
00000340: 35 70 33 22 7D 7D 5D 7D  7D 7D 7D 5D              5p3"}}]}}}}]
====
STREAM PID 60589.0xffff9482d7141200 (C) > 60554.0xffff9482de657e00 (S), length 787
command[60589]: b'./src/ComposePostService/ComposePostService'
command[60554]: b'./cmake-build/src/TextService/TextService'
----
00000000: 00 00 03 0F 5B 31 2C 22  43 6F 6D 70 6F 73 65 54  ....[1,"ComposeT
00000010: 65 78 74 22 2C 31 2C 30  2C 7B 22 31 22 3A 7B 22  ext",1,0,{"1":{"
00000020: 69 36 34 22 3A 34 34 37  39 33 36 33 39 39 30 36  i64":44793639906
00000030: 31 36 31 35 36 38 30 7D  2C 22 32 22 3A 7B 22 73  1615680},"2":{"s
00000040: 74 72 22 3A 22 36 79 33  37 55 6A 77 6E 4F 78 4D  tr":"6y37UjwnOxM
00000050: 66 4E 31 65 4F 73 4A 67  39 45 51 48 6C 42 4F 70  fN1eOsJg9EQHlBOp
00000060: 32 76 48 77 69 6F 57 4E  7A 4A 79 6D 36 33 7A 38  2vHwioWNzJym63z8
00000070: 6D 4C 74 5A 67 38 4E 4F  6D 45 30 62 39 77 55 33  mLtZg8NOmE0b9wU3
00000080: 42 63 30 7A 64 6F 7A 67  50 4D 38 58 4A 4C 48 50  Bc0zdozgPM8XJLHP
00000090: 39 4F 74 4C 32 6F 38 77  45 76 7A 39 30 4F 6B 6A  9OtL2o8wEvz90Okj
000000A0: 4B 6D 62 37 56 30 6F 76  75 65 6C 57 72 77 50 6D  Kmb7V0ovuelWrwPm
000000B0: 6A 45 6D 78 66 78 6B 58  50 46 47 4A 6E 4E 39 61  jEmxfxkXPFGJnN9a
000000C0: 67 5A 69 7A 30 54 38 34  44 42 6C 57 79 4F 34 35  gZiz0T84DBlWyO45
000000D0: 4C 59 4E 73 4C 45 65 43  43 5A 72 4A 33 43 55 70  LYNsLEeCCZrJ3CUp
000000E0: 54 69 30 70 36 73 73 71  75 47 78 38 5A 50 51 5A  Ti0p6ssquGx8ZPQZ
000000F0: 4A 38 59 61 68 44 4A 65  38 74 31 79 47 38 38 45  J8YahDJe8t1yG88E
00000100: 30 75 34 30 30 68 56 52  67 45 38 7A 4B 6B 37 54  0u400hVRgE8zKk7T
00000110: 48 75 41 53 41 37 72 34  38 71 64 6F 64 76 68 56  HuASA7r48qdodvhV
00000120: 52 4A 31 72 6D 58 68 77  47 46 78 62 5A 4B 78 53  RJ1rmXhwGFxbZKxS
00000130: 30 6D 59 37 36 50 4B 54  53 6C 4C 72 5A 39 34 72  0mY76PKTSlLrZ94r
00000140: 62 51 38 43 54 20 40 75  73 65 72 6E 61 6D 65 5F  bQ8CT @username_
00000150: 37 34 30 20 40 75 73 65  72 6E 61 6D 65 5F 31 35  740 @username_15
00000160: 31 20 40 75 73 65 72 6E  61 6D 65 5F 39 20 40 75  1 @username_9 @u
00000170: 73 65 72 6E 61 6D 65 5F  31 37 20 40 75 73 65 72  sername_17 @user
00000180: 6E 61 6D 65 5F 33 30 33  20 68 74 74 70 3A 2F 2F  name_303 http://
00000190: 6F 50 61 77 38 46 6D 44  55 61 4D 4C 72 6A 62 37  oPaw8FmDUaMLrjb7
000001A0: 64 49 5A 44 59 31 58 58  57 30 70 56 67 6C 50 4F  dIZDY1XXW0pVglPO
000001B0: 65 55 78 71 69 44 48 59  63 39 5A 68 68 6F 79 79  eUxqiDHYc9Zhhoyy
000001C0: 43 38 77 4B 72 43 6C 33  63 75 74 52 66 78 6E 58  C8wKrCl3cutRfxnX
000001D0: 20 68 74 74 70 3A 2F 2F  67 39 6E 49 73 69 75 53   http://g9nIsiuS
000001E0: 4C 56 77 67 41 4C 39 46  34 34 71 31 34 72 58 52  LVwgAL9F44q14rXR
000001F0: 55 34 64 42 30 64 78 61  4E 50 6D 34 4B 4C 65 72  U4dB0dxaNPm4KLer
00000200: 33 6D 65 4E 72 48 55 76  64 37 54 58 6D 32 65 59  3meNrHUvd7TXm2eY
00000210: 46 52 30 63 69 6E 52 4B  20 68 74 74 70 3A 2F 2F  FR0cinRK http://
00000220: 77 35 39 6C 34 45 4C 6D  7A 68 51 50 59 35 46 64  w59l4ELmzhQPY5Fd
00000230: 48 4B 6C 38 38 6A 39 48  46 31 69 34 34 4E 4B 69  HKl88j9HF1i44NKi
00000240: 75 36 76 51 4D 34 6A 31  41 6A 55 63 63 66 75 53  u6vQM4j1AjUccfuS
00000250: 41 67 67 69 6D 57 68 42  4A 37 4E 38 36 4A 61 4C  AggimWhBJ7N86JaL
00000260: 20 68 74 74 70 3A 2F 2F  50 75 78 36 32 52 77 68   http://Pux62Rwh
00000270: 6D 30 44 4B 65 70 4B 6D  70 44 66 55 30 53 74 31  m0DKepKmpDfU0St1
00000280: 42 74 61 6A 30 72 68 4D  64 58 46 67 52 69 6A 57  Btaj0rhMdXFgRijW
00000290: 7A 36 38 4A 63 6A 59 68  77 4C 62 32 49 57 73 6E  z68JcjYhwLb2IWsn
000002A0: 51 33 54 4A 7A 69 6E 63  20 68 74 74 70 3A 2F 2F  Q3TJzinc http://
000002B0: 6D 31 44 63 5A 55 46 48  63 46 47 64 36 39 36 4D  m1DcZUFHcFGd696M
000002C0: 36 44 6C 67 6D 54 71 6B  57 39 30 65 75 44 6A 6F  6DlgmTqkW90euDjo
000002D0: 53 6B 31 6C 32 53 7A 41  31 61 41 57 7A 72 33 49  Sk1l2SzA1aAWzr3I
000002E0: 46 6C 73 61 38 34 56 6F  43 74 4D 46 45 42 42 48  Flsa84VoCtMFEBBH
000002F0: 22 7D 2C 22 33 22 3A 7B  22 6D 61 70 22 3A 5B 22  "},"3":{"map":["
00000300: 73 74 72 22 2C 22 73 74  72 22 2C 30 2C 7B 7D 5D  str","str",0,{}]
00000310: 7D 7D 5D                                          }}]
====
STREAM PID 60554.0xffff9482de657e00 (S) > 60589.0xffff9482d7141200 (C), length 1213
command[60554]: b'./cmake-build/src/TextService/TextService'
command[60589]: b'./src/ComposePostService/ComposePostService'
----
00000000: 00 00 04 B9 5B 31 2C 22  43 6F 6D 70 6F 73 65 54  ....[1,"ComposeT
00000010: 65 78 74 22 2C 32 2C 30  2C 7B 22 30 22 3A 7B 22  ext",2,0,{"0":{"
00000020: 72 65 63 22 3A 7B 22 31  22 3A 7B 22 73 74 72 22  rec":{"1":{"str"
00000030: 3A 22 36 79 33 37 55 6A  77 6E 4F 78 4D 66 4E 31  :"6y37UjwnOxMfN1
00000040: 65 4F 73 4A 67 39 45 51  48 6C 42 4F 70 32 76 48  eOsJg9EQHlBOp2vH
00000050: 77 69 6F 57 4E 7A 4A 79  6D 36 33 7A 38 6D 4C 74  wioWNzJym63z8mLt
00000060: 5A 67 38 4E 4F 6D 45 30  62 39 77 55 33 42 63 30  Zg8NOmE0b9wU3Bc0
00000070: 7A 64 6F 7A 67 50 4D 38  58 4A 4C 48 50 39 4F 74  zdozgPM8XJLHP9Ot
00000080: 4C 32 6F 38 77 45 76 7A  39 30 4F 6B 6A 4B 6D 62  L2o8wEvz90OkjKmb
00000090: 37 56 30 6F 76 75 65 6C  57 72 77 50 6D 6A 45 6D  7V0ovuelWrwPmjEm
000000A0: 78 66 78 6B 58 50 46 47  4A 6E 4E 39 61 67 5A 69  xfxkXPFGJnN9agZi
000000B0: 7A 30 54 38 34 44 42 6C  57 79 4F 34 35 4C 59 4E  z0T84DBlWyO45LYN
000000C0: 73 4C 45 65 43 43 5A 72  4A 33 43 55 70 54 69 30  sLEeCCZrJ3CUpTi0
000000D0: 70 36 73 73 71 75 47 78  38 5A 50 51 5A 4A 38 59  p6ssquGx8ZPQZJ8Y
000000E0: 61 68 44 4A 65 38 74 31  79 47 38 38 45 30 75 34  ahDJe8t1yG88E0u4
000000F0: 30 30 68 56 52 67 45 38  7A 4B 6B 37 54 48 75 41  00hVRgE8zKk7THuA
00000100: 53 41 37 72 34 38 71 64  6F 64 76 68 56 52 4A 31  SA7r48qdodvhVRJ1
00000110: 72 6D 58 68 77 47 46 78  62 5A 4B 78 53 30 6D 59  rmXhwGFxbZKxS0mY
00000120: 37 36 50 4B 54 53 6C 4C  72 5A 39 34 72 62 51 38  76PKTSlLrZ94rbQ8
00000130: 43 54 20 40 75 73 65 72  6E 61 6D 65 5F 37 34 30  CT @username_740
00000140: 20 40 75 73 65 72 6E 61  6D 65 5F 31 35 31 20 40   @username_151 @
00000150: 75 73 65 72 6E 61 6D 65  5F 39 20 40 75 73 65 72  username_9 @user
00000160: 6E 61 6D 65 5F 31 37 20  40 75 73 65 72 6E 61 6D  name_17 @usernam
00000170: 65 5F 33 30 33 20 68 74  74 70 3A 2F 2F 73 68 6F  e_303 http://sho
00000180: 72 74 2D 75 72 6C 2F 37  37 79 70 75 52 44 76 74  rt-url/77ypuRDvt
00000190: 4D 20 68 74 74 70 3A 2F  2F 73 68 6F 72 74 2D 75  M http://short-u
000001A0: 72 6C 2F 74 48 4E 53 30  45 34 72 6E 32 20 68 74  rl/tHNS0E4rn2 ht
000001B0: 74 70 3A 2F 2F 73 68 6F  72 74 2D 75 72 6C 2F 67  tp://short-url/g
000001C0: 4F 78 32 4C 35 74 4D 41  50 20 68 74 74 70 3A 2F  Ox2L5tMAP http:/
000001D0: 2F 73 68 6F 72 74 2D 75  72 6C 2F 57 64 6E 56 65  /short-url/WdnVe
000001E0: 4A 55 6A 78 64 20 68 74  74 70 3A 2F 2F 73 68 6F  JUjxd http://sho
000001F0: 72 74 2D 75 72 6C 2F 67  55 55 62 7A 50 4C 6D 53  rt-url/gUUbzPLmS
00000200: 4A 22 7D 2C 22 32 22 3A  7B 22 6C 73 74 22 3A 5B  J"},"2":{"lst":[
00000210: 22 72 65 63 22 2C 30 5D  7D 2C 22 33 22 3A 7B 22  "rec",0]},"3":{"
00000220: 6C 73 74 22 3A 5B 22 72  65 63 22 2C 35 2C 7B 22  lst":["rec",5,{"
00000230: 31 22 3A 7B 22 73 74 72  22 3A 22 68 74 74 70 3A  1":{"str":"http:
00000240: 2F 2F 73 68 6F 72 74 2D  75 72 6C 2F 37 37 79 70  //short-url/77yp
00000250: 75 52 44 76 74 4D 22 7D  2C 22 32 22 3A 7B 22 73  uRDvtM"},"2":{"s
00000260: 74 72 22 3A 22 68 74 74  70 3A 2F 2F 6F 50 61 77  tr":"http://oPaw
00000270: 38 46 6D 44 55 61 4D 4C  72 6A 62 37 64 49 5A 44  8FmDUaMLrjb7dIZD
00000280: 59 31 58 58 57 30 70 56  67 6C 50 4F 65 55 78 71  Y1XXW0pVglPOeUxq
00000290: 69 44 48 59 63 39 5A 68  68 6F 79 79 43 38 77 4B  iDHYc9ZhhoyyC8wK
000002A0: 72 43 6C 33 63 75 74 52  66 78 6E 58 22 7D 7D 2C  rCl3cutRfxnX"}},
000002B0: 7B 22 31 22 3A 7B 22 73  74 72 22 3A 22 68 74 74  {"1":{"str":"htt
000002C0: 70 3A 2F 2F 73 68 6F 72  74 2D 75 72 6C 2F 74 48  p://short-url/tH
000002D0: 4E 53 30 45 34 72 6E 32  22 7D 2C 22 32 22 3A 7B  NS0E4rn2"},"2":{
000002E0: 22 73 74 72 22 3A 22 68  74 74 70 3A 2F 2F 67 39  "str":"http://g9
000002F0: 6E 49 73 69 75 53 4C 56  77 67 41 4C 39 46 34 34  nIsiuSLVwgAL9F44
00000300: 71 31 34 72 58 52 55 34  64 42 30 64 78 61 4E 50  q14rXRU4dB0dxaNP
00000310: 6D 34 4B 4C 65 72 33 6D  65 4E 72 48 55 76 64 37  m4KLer3meNrHUvd7
00000320: 54 58 6D 32 65 59 46 52  30 63 69 6E 52 4B 22 7D  TXm2eYFR0cinRK"}
00000330: 7D 2C 7B 22 31 22 3A 7B  22 73 74 72 22 3A 22 68  },{"1":{"str":"h
00000340: 74 74 70 3A 2F 2F 73 68  6F 72 74 2D 75 72 6C 2F  ttp://short-url/
00000350: 67 4F 78 32 4C 35 74 4D  41 50 22 7D 2C 22 32 22  gOx2L5tMAP"},"2"
00000360: 3A 7B 22 73 74 72 22 3A  22 68 74 74 70 3A 2F 2F  :{"str":"http://
00000370: 77 35 39 6C 34 45 4C 6D  7A 68 51 50 59 35 46 64  w59l4ELmzhQPY5Fd
00000380: 48 4B 6C 38 38 6A 39 48  46 31 69 34 34 4E 4B 69  HKl88j9HF1i44NKi
00000390: 75 36 76 51 4D 34 6A 31  41 6A 55 63 63 66 75 53  u6vQM4j1AjUccfuS
000003A0: 41 67 67 69 6D 57 68 42  4A 37 4E 38 36 4A 61 4C  AggimWhBJ7N86JaL
000003B0: 22 7D 7D 2C 7B 22 31 22  3A 7B 22 73 74 72 22 3A  "}},{"1":{"str":
000003C0: 22 68 74 74 70 3A 2F 2F  73 68 6F 72 74 2D 75 72  "http://short-ur
000003D0: 6C 2F 57 64 6E 56 65 4A  55 6A 78 64 22 7D 2C 22  l/WdnVeJUjxd"},"
000003E0: 32 22 3A 7B 22 73 74 72  22 3A 22 68 74 74 70 3A  2":{"str":"http:
000003F0: 2F 2F 50 75 78 36 32 52  77 68 6D 30 44 4B 65 70  //Pux62Rwhm0DKep
00000400: 4B 6D 70 44 66 55 30 53  74 31 42 74 61 6A 30 72  KmpDfU0St1Btaj0r
00000410: 68 4D 64 58 46 67 52 69  6A 57 7A 36 38 4A 63 6A  hMdXFgRijWz68Jcj
00000420: 59 68 77 4C 62 32 49 57  73 6E 51 33 54 4A 7A 69  YhwLb2IWsnQ3TJzi
00000430: 6E 63 22 7D 7D 2C 7B 22  31 22 3A 7B 22 73 74 72  nc"}},{"1":{"str
00000440: 22 3A 22 68 74 74 70 3A  2F 2F 73 68 6F 72 74 2D  ":"http://short-
00000450: 75 72 6C 2F 67 55 55 62  7A 50 4C 6D 53 4A 22 7D  url/gUUbzPLmSJ"}
00000460: 2C 22 32 22 3A 7B 22 73  74 72 22 3A 22 68 74 74  ,"2":{"str":"htt
00000470: 70 3A 2F 2F 6D 31 44 63  5A 55 46 48 63 46 47 64  p://m1DcZUFHcFGd
00000480: 36 39 36 4D 36 44 6C 67  6D 54 71 6B 57 39 30 65  696M6DlgmTqkW90e
00000490: 75 44 6A 6F 53 6B 31 6C  32 53 7A 41 31 61 41 57  uDjoSk1l2SzA1aAW
000004A0: 7A 72 33 49 46 6C 73 61  38 34 56 6F 43 74 4D 46  zr3IFlsa84VoCtMF
000004B0: 45 42 42 48 22 7D 7D 5D  7D 7D 7D 7D 5D           EBBH"}}]}}}}]
====
STREAM PID 60589.0xffff9482d7141200 (C) > 60554.0xffff9482de657e00 (S), length 720
command[60589]: b'./src/ComposePostService/ComposePostService'
command[60554]: b'./cmake-build/src/TextService/TextService'
----
00000000: 00 00 02 CC 5B 31 2C 22  43 6F 6D 70 6F 73 65 54  ....[1,"ComposeT
00000010: 65 78 74 22 2C 31 2C 30  2C 7B 22 31 22 3A 7B 22  ext",1,0,{"1":{"
00000020: 69 36 34 22 3A 34 34 32  35 30 32 30 32 35 30 30  i64":44250202500
00000030: 36 31 35 39 35 35 32 7D  2C 22 32 22 3A 7B 22 73  6159552},"2":{"s
00000040: 74 72 22 3A 22 62 51 58  7A 65 6D 71 55 43 32 38  tr":"bQXzemqUC28
00000050: 50 78 39 67 66 74 6A 45  67 65 32 55 39 51 44 66  Px9gftjEge2U9QDf
00000060: 55 6E 33 34 61 61 6F 4B  6A 51 74 4C 35 5A 64 6B  Un34aaoKjQtL5Zdk
00000070: 6D 61 41 4C 55 36 6A 76  73 67 4E 59 34 52 6C 32  maALU6jvsgNY4Rl2
00000080: 57 64 51 75 34 54 55 57  75 65 74 69 46 4A 52 4B  WdQu4TUWuetiFJRK
00000090: 42 30 53 71 4D 35 53 72  6A 4B 75 35 45 48 35 49  B0SqM5SrjKu5EH5I
000000A0: 64 45 6B 7A 6F 41 6B 46  41 49 68 36 32 4B 67 77  dEkzoAkFAIh62Kgw
000000B0: 6C 38 61 42 72 32 44 62  46 4F 5A 54 58 6A 72 59  l8aBr2DbFOZTXjrY
000000C0: 69 6C 39 6D 30 42 53 4D  6C 36 61 56 72 62 74 4C  il9m0BSMl6aVrbtL
000000D0: 63 39 47 57 62 5A 37 32  38 32 58 6C 36 7A 37 47  c9GWbZ7282Xl6z7G
000000E0: 58 6B 32 77 42 48 63 4F  75 4D 77 54 51 75 67 36  Xk2wBHcOuMwTQug6
000000F0: 79 67 6F 52 50 42 38 54  65 70 45 75 65 65 69 4E  ygoRPB8TepEueeiN
00000100: 72 70 41 48 61 57 6E 34  34 64 51 47 4D 50 57 64  rpAHaWn44dQGMPWd
00000110: 61 62 46 74 4C 46 6B 56  67 6F 4F 4F 6A 47 4B 52  abFtLFkVgoOOjGKR
00000120: 50 63 65 77 42 50 79 43  63 49 63 56 53 75 42 66  PcewBPyCcIcVSuBf
00000130: 76 69 56 33 30 69 4A 31  41 31 58 64 78 30 47 73  viV30iJ1A1Xdx0Gs
00000140: 76 48 42 6B 75 20 68 74  74 70 3A 2F 2F 74 64 77  vHBku http://tdw
00000150: 59 72 72 71 50 46 36 79  34 47 70 56 4E 4A 6F 6E  YrrqPF6y4GpVNJon
00000160: 66 6B 71 69 34 39 47 4F  44 66 72 6E 37 49 38 66  fkqi49GODfrn7I8f
00000170: 45 53 56 48 35 39 6D 65  64 70 66 41 58 34 39 64  ESVH59medpfAX49d
00000180: 6D 72 5A 78 49 5A 51 73  35 45 5A 4C 33 20 68 74  mrZxIZQs5EZL3 ht
00000190: 74 70 3A 2F 2F 51 76 57  44 4A 72 47 50 4B 76 46  tp://QvWDJrGPKvF
000001A0: 75 6A 50 47 41 4F 55 4F  34 64 61 62 30 39 78 62  ujPGAOUO4dab09xb
000001B0: 57 6E 64 47 54 79 41 47  6C 6A 62 51 5A 32 61 57  WndGTyAGljbQZ2aW
000001C0: 6C 30 53 6C 65 44 78 63  30 4A 45 51 32 35 35 74  l0SleDxc0JEQ255t
000001D0: 54 49 6F 53 59 20 68 74  74 70 3A 2F 2F 42 66 79  TIoSY http://Bfy
000001E0: 59 33 6E 68 41 54 56 44  6D 79 50 67 66 6C 4B 63  Y3nhATVDmyPgflKc
000001F0: 4D 4C 6A 56 79 76 47 4D  34 30 31 54 76 37 4E 77  MLjVyvGM401Tv7Nw
00000200: 33 65 35 68 41 66 33 79  43 6D 66 31 63 50 45 57  3e5hAf3yCmf1cPEW
00000210: 76 4B 6B 71 6C 4D 75 62  55 4C 4B 41 5A 20 68 74  vKkqlMubULKAZ ht
00000220: 74 70 3A 2F 2F 71 57 68  52 30 54 6E 51 46 76 71  tp://qWhR0TnQFvq
00000230: 4B 44 54 41 47 41 32 55  4E 41 4C 55 41 4B 61 77  KDTAGA2UNALUAKaw
00000240: 68 41 4E 36 45 69 5A 39  70 42 30 41 35 37 4F 46  hAN6EiZ9pB0A57OF
00000250: 36 33 78 42 4E 58 53 73  44 39 54 42 6C 63 73 61  63xBNXSsD9TBlcsa
00000260: 32 6D 44 51 73 20 68 74  74 70 3A 2F 2F 4A 64 30  2mDQs http://Jd0
00000270: 6C 68 62 6C 74 4C 44 68  49 6A 58 63 50 51 38 6F  lhbltLDhIjXcPQ8o
00000280: 42 56 79 63 5A 4F 77 55  47 6E 37 7A 58 6E 37 38  BVycZOwUGn7zXn78
00000290: 78 6F 75 52 65 7A 42 35  59 43 4E 6F 4C 6F 73 70  xouRezB5YCNoLosp
000002A0: 6A 75 41 5A 63 42 61 54  45 74 46 4A 50 22 7D 2C  juAZcBaTEtFJP"},
000002B0: 22 33 22 3A 7B 22 6D 61  70 22 3A 5B 22 73 74 72  "3":{"map":["str
000002C0: 22 2C 22 73 74 72 22 2C  30 2C 7B 7D 5D 7D 7D 5D  ","str",0,{}]}}]
====
STREAM PID 60554.0xffff9482de657e00 (S) > 60589.0xffff9482d7141200 (C), length 1146
command[60554]: b'./cmake-build/src/TextService/TextService'
command[60589]: b'./src/ComposePostService/ComposePostService'
----
00000000: 00 00 04 76 5B 31 2C 22  43 6F 6D 70 6F 73 65 54  ...v[1,"ComposeT
00000010: 65 78 74 22 2C 32 2C 30  2C 7B 22 30 22 3A 7B 22  ext",2,0,{"0":{"
00000020: 72 65 63 22 3A 7B 22 31  22 3A 7B 22 73 74 72 22  rec":{"1":{"str"
00000030: 3A 22 62 51 58 7A 65 6D  71 55 43 32 38 50 78 39  :"bQXzemqUC28Px9
00000040: 67 66 74 6A 45 67 65 32  55 39 51 44 66 55 6E 33  gftjEge2U9QDfUn3
00000050: 34 61 61 6F 4B 6A 51 74  4C 35 5A 64 6B 6D 61 41  4aaoKjQtL5ZdkmaA
00000060: 4C 55 36 6A 76 73 67 4E  59 34 52 6C 32 57 64 51  LU6jvsgNY4Rl2WdQ
00000070: 75 34 54 55 57 75 65 74  69 46 4A 52 4B 42 30 53  u4TUWuetiFJRKB0S
00000080: 71 4D 35 53 72 6A 4B 75  35 45 48 35 49 64 45 6B  qM5SrjKu5EH5IdEk
00000090: 7A 6F 41 6B 46 41 49 68  36 32 4B 67 77 6C 38 61  zoAkFAIh62Kgwl8a
000000A0: 42 72 32 44 62 46 4F 5A  54 58 6A 72 59 69 6C 39  Br2DbFOZTXjrYil9
000000B0: 6D 30 42 53 4D 6C 36 61  56 72 62 74 4C 63 39 47  m0BSMl6aVrbtLc9G
000000C0: 57 62 5A 37 32 38 32 58  6C 36 7A 37 47 58 6B 32  WbZ7282Xl6z7GXk2
000000D0: 77 42 48 63 4F 75 4D 77  54 51 75 67 36 79 67 6F  wBHcOuMwTQug6ygo
000000E0: 52 50 42 38 54 65 70 45  75 65 65 69 4E 72 70 41  RPB8TepEueeiNrpA
000000F0: 48 61 57 6E 34 34 64 51  47 4D 50 57 64 61 62 46  HaWn44dQGMPWdabF
00000100: 74 4C 46 6B 56 67 6F 4F  4F 6A 47 4B 52 50 63 65  tLFkVgoOOjGKRPce
00000110: 77 42 50 79 43 63 49 63  56 53 75 42 66 76 69 56  wBPyCcIcVSuBfviV
00000120: 33 30 69 4A 31 41 31 58  64 78 30 47 73 76 48 42  30iJ1A1Xdx0GsvHB
00000130: 6B 75 20 68 74 74 70 3A  2F 2F 73 68 6F 72 74 2D  ku http://short-
00000140: 75 72 6C 2F 7A 62 41 37  51 59 55 48 36 71 20 68  url/zbA7QYUH6q h
00000150: 74 74 70 3A 2F 2F 73 68  6F 72 74 2D 75 72 6C 2F  ttp://short-url/
00000160: 54 65 6E 41 39 65 69 78  75 50 20 68 74 74 70 3A  TenA9eixuP http:
00000170: 2F 2F 73 68 6F 72 74 2D  75 72 6C 2F 4F 79 4E 75  //short-url/OyNu
00000180: 55 4F 34 53 32 43 20 68  74 74 70 3A 2F 2F 73 68  UO4S2C http://sh
00000190: 6F 72 74 2D 75 72 6C 2F  55 46 68 43 4F 30 72 42  ort-url/UFhCO0rB
000001A0: 57 56 20 68 74 74 70 3A  2F 2F 73 68 6F 72 74 2D  WV http://short-
000001B0: 75 72 6C 2F 45 56 6D 58  6D 6F 41 61 34 5A 22 7D  url/EVmXmoAa4Z"}
000001C0: 2C 22 32 22 3A 7B 22 6C  73 74 22 3A 5B 22 72 65  ,"2":{"lst":["re
000001D0: 63 22 2C 30 5D 7D 2C 22  33 22 3A 7B 22 6C 73 74  c",0]},"3":{"lst
000001E0: 22 3A 5B 22 72 65 63 22  2C 35 2C 7B 22 31 22 3A  ":["rec",5,{"1":
000001F0: 7B 22 73 74 72 22 3A 22  68 74 74 70 3A 2F 2F 73  {"str":"http://s
00000200: 68 6F 72 74 2D 75 72 6C  2F 7A 62 41 37 51 59 55  hort-url/zbA7QYU
00000210: 48 36 71 22 7D 2C 22 32  22 3A 7B 22 73 74 72 22  H6q"},"2":{"str"
00000220: 3A 22 68 74 74 70 3A 2F  2F 74 64 77 59 72 72 71  :"http://tdwYrrq
00000230: 50 46 36 79 34 47 70 56  4E 4A 6F 6E 66 6B 71 69  PF6y4GpVNJonfkqi
00000240: 34 39 47 4F 44 66 72 6E  37 49 38 66 45 53 56 48  49GODfrn7I8fESVH
00000250: 35 39 6D 65 64 70 66 41  58 34 39 64 6D 72 5A 78  59medpfAX49dmrZx
00000260: 49 5A 51 73 35 45 5A 4C  33 22 7D 7D 2C 7B 22 31  IZQs5EZL3"}},{"1
00000270: 22 3A 7B 22 73 74 72 22  3A 22 68 74 74 70 3A 2F  ":{"str":"http:/
00000280: 2F 73 68 6F 72 74 2D 75  72 6C 2F 54 65 6E 41 39  /short-url/TenA9
00000290: 65 69 78 75 50 22 7D 2C  22 32 22 3A 7B 22 73 74  eixuP"},"2":{"st
000002A0: 72 22 3A 22 68 74 74 70  3A 2F 2F 51 76 57 44 4A  r":"http://QvWDJ
000002B0: 72 47 50 4B 76 46 75 6A  50 47 41 4F 55 4F 34 64  rGPKvFujPGAOUO4d
000002C0: 61 62 30 39 78 62 57 6E  64 47 54 79 41 47 6C 6A  ab09xbWndGTyAGlj
000002D0: 62 51 5A 32 61 57 6C 30  53 6C 65 44 78 63 30 4A  bQZ2aWl0SleDxc0J
000002E0: 45 51 32 35 35 74 54 49  6F 53 59 22 7D 7D 2C 7B  EQ255tTIoSY"}},{
000002F0: 22 31 22 3A 7B 22 73 74  72 22 3A 22 68 74 74 70  "1":{"str":"http
00000300: 3A 2F 2F 73 68 6F 72 74  2D 75 72 6C 2F 4F 79 4E  ://short-url/OyN
00000310: 75 55 4F 34 53 32 43 22  7D 2C 22 32 22 3A 7B 22  uUO4S2C"},"2":{"
00000320: 73 74 72 22 3A 22 68 74  74 70 3A 2F 2F 42 66 79  str":"http://Bfy
00000330: 59 33 6E 68 41 54 56 44  6D 79 50 67 66 6C 4B 63  Y3nhATVDmyPgflKc
00000340: 4D 4C 6A 56 79 76 47 4D  34 30 31 54 76 37 4E 77  MLjVyvGM401Tv7Nw
00000350: 33 65 35 68 41 66 33 79  43 6D 66 31 63 50 45 57  3e5hAf3yCmf1cPEW
00000360: 76 4B 6B 71 6C 4D 75 62  55 4C 4B 41 5A 22 7D 7D  vKkqlMubULKAZ"}}
00000370: 2C 7B 22 31 22 3A 7B 22  73 74 72 22 3A 22 68 74  ,{"1":{"str":"ht
00000380: 74 70 3A 2F 2F 73 68 6F  72 74 2D 75 72 6C 2F 55  tp://short-url/U
00000390: 46 68 43 4F 30 72 42 57  56 22 7D 2C 22 32 22 3A  FhCO0rBWV"},"2":
000003A0: 7B 22 73 74 72 22 3A 22  68 74 74 70 3A 2F 2F 71  {"str":"http://q
000003B0: 57 68 52 30 54 6E 51 46  76 71 4B 44 54 41 47 41  WhR0TnQFvqKDTAGA
000003C0: 32 55 4E 41 4C 55 41 4B  61 77 68 41 4E 36 45 69  2UNALUAKawhAN6Ei
000003D0: 5A 39 70 42 30 41 35 37  4F 46 36 33 78 42 4E 58  Z9pB0A57OF63xBNX
000003E0: 53 73 44 39 54 42 6C 63  73 61 32 6D 44 51 73 22  SsD9TBlcsa2mDQs"
000003F0: 7D 7D 2C 7B 22 31 22 3A  7B 22 73 74 72 22 3A 22  }},{"1":{"str":"
00000400: 68 74 74 70 3A 2F 2F 73  68 6F 72 74 2D 75 72 6C  http://short-url
00000410: 2F 45 56 6D 58 6D 6F 41  61 34 5A 22 7D 2C 22 32  /EVmXmoAa4Z"},"2
00000420: 22 3A 7B 22 73 74 72 22  3A 22 68 74 74 70 3A 2F  ":{"str":"http:/
00000430: 2F 4A 64 30 6C 68 62 6C  74 4C 44 68 49 6A 58 63  /Jd0lhbltLDhIjXc
00000440: 50 51 38 6F 42 56 79 63  5A 4F 77 55 47 6E 37 7A  PQ8oBVycZOwUGn7z
00000450: 58 6E 37 38 78 6F 75 52  65 7A 42 35 59 43 4E 6F  Xn78xouRezB5YCNo
00000460: 4C 6F 73 70 6A 75 41 5A  63 42 61 54 45 74 46 4A  LospjuAZcBaTEtFJ
00000470: 50 22 7D 7D 5D 7D 7D 7D  7D 5D                    P"}}]}}}}]
====
STREAM PID 60589.0xffff9482d7141200 (C) > 60554.0xffff9482de657e00 (S), length 446
command[60589]: b'./src/ComposePostService/ComposePostService'
command[60554]: b'./cmake-build/src/TextService/TextService'
----
00000000: 00 00 01 BA 5B 31 2C 22  43 6F 6D 70 6F 73 65 54  ....[1,"ComposeT
00000010: 65 78 74 22 2C 31 2C 30  2C 7B 22 31 22 3A 7B 22  ext",1,0,{"1":{"
00000020: 69 36 34 22 3A 33 39 33  33 38 32 39 34 30 32 38  i64":39338294028
00000030: 36 36 34 31 36 36 34 7D  2C 22 32 22 3A 7B 22 73  6641664},"2":{"s
00000040: 74 72 22 3A 22 43 41 4D  37 38 4C 64 6B 41 56 71  tr":"CAM78LdkAVq
00000050: 50 79 4C 4D 30 70 74 76  53 57 4E 50 44 63 47 54  PyLM0ptvSWNPDcGT
00000060: 51 63 4C 78 4C 73 35 71  4D 39 38 39 43 6A 4C 32  QcLxLs5qM989CjL2
00000070: 68 50 50 41 53 32 72 7A  4F 78 43 52 43 52 56 33  hPPAS2rzOxCRCRV3
00000080: 6F 69 4F 68 4C 51 39 61  43 54 76 47 4D 61 56 74  oiOhLQ9aCTvGMaVt
00000090: 6D 4B 53 77 71 31 56 69  4B 31 5A 30 6F 4A 32 46  mKSwq1ViK1Z0oJ2F
000000A0: 56 41 74 69 4C 59 52 6C  50 78 46 56 4F 4B 4D 79  VAtiLYRlPxFVOKMy
000000B0: 77 45 6B 39 78 6D 79 31  73 73 6A 52 45 52 75 52  wEk9xmy1ssjRERuR
000000C0: 70 49 38 6B 4A 45 68 34  69 49 41 6D 64 6C 39 30  pI8kJEh4iIAmdl90
000000D0: 52 43 44 7A 57 48 6C 57  53 30 63 59 65 62 43 75  RCDzWHlWS0cYebCu
000000E0: 4F 31 72 50 41 34 65 32  30 63 49 4C 38 55 34 59  O1rPA4e20cIL8U4Y
000000F0: 77 66 6A 52 75 7A 32 53  55 43 4A 72 47 43 54 6C  wfjRuz2SUCJrGCTl
00000100: 6A 47 58 4D 43 53 78 4E  4E 46 36 62 65 69 79 67  jGXMCSxNNF6beiyg
00000110: 52 4B 76 48 43 62 44 6A  68 35 78 37 78 4F 34 32  RKvHCbDjh5x7xO42
00000120: 35 37 55 38 73 79 56 6E  35 4E 4F 71 6E 75 67 44  57U8syVn5NOqnugD
00000130: 7A 4D 6C 59 76 70 34 6E  50 46 42 73 70 74 68 33  zMlYvp4nPFBspth3
00000140: 35 4F 5A 51 69 20 40 75  73 65 72 6E 61 6D 65 5F  5OZQi @username_
00000150: 39 36 31 20 68 74 74 70  3A 2F 2F 74 47 71 41 7A  961 http://tGqAz
00000160: 69 30 4C 74 49 30 79 50  5A 7A 36 33 32 65 31 73  i0LtI0yPZz632e1s
00000170: 62 53 50 66 30 41 6A 67  4C 43 72 6B 69 37 45 30  bSPf0AjgLCrki7E0
00000180: 78 50 58 68 55 39 7A 7A  78 35 39 75 66 51 61 4D  xPXhU9zzx59ufQaM
00000190: 33 42 68 72 57 48 49 54  4B 53 79 22 7D 2C 22 33  3BhrWHITKSy"},"3
000001A0: 22 3A 7B 22 6D 61 70 22  3A 5B 22 73 74 72 22 2C  ":{"map":["str",
000001B0: 22 73 74 72 22 2C 30 2C  7B 7D 5D 7D 7D 5D        "str",0,{}]}}]
====
STREAM PID 60554.0xffff9482de657e00 (S) > 60589.0xffff9482d7141200 (C), length 528
command[60554]: b'./cmake-build/src/TextService/TextService'
command[60589]: b'./src/ComposePostService/ComposePostService'
----
00000000: 00 00 02 0C 5B 31 2C 22  43 6F 6D 70 6F 73 65 54  ....[1,"ComposeT
00000010: 65 78 74 22 2C 32 2C 30  2C 7B 22 30 22 3A 7B 22  ext",2,0,{"0":{"
00000020: 72 65 63 22 3A 7B 22 31  22 3A 7B 22 73 74 72 22  rec":{"1":{"str"
00000030: 3A 22 43 41 4D 37 38 4C  64 6B 41 56 71 50 79 4C  :"CAM78LdkAVqPyL
00000040: 4D 30 70 74 76 53 57 4E  50 44 63 47 54 51 63 4C  M0ptvSWNPDcGTQcL
00000050: 78 4C 73 35 71 4D 39 38  39 43 6A 4C 32 68 50 50  xLs5qM989CjL2hPP
00000060: 41 53 32 72 7A 4F 78 43  52 43 52 56 33 6F 69 4F  AS2rzOxCRCRV3oiO
00000070: 68 4C 51 39 61 43 54 76  47 4D 61 56 74 6D 4B 53  hLQ9aCTvGMaVtmKS
00000080: 77 71 31 56 69 4B 31 5A  30 6F 4A 32 46 56 41 74  wq1ViK1Z0oJ2FVAt
00000090: 69 4C 59 52 6C 50 78 46  56 4F 4B 4D 79 77 45 6B  iLYRlPxFVOKMywEk
000000A0: 39 78 6D 79 31 73 73 6A  52 45 52 75 52 70 49 38  9xmy1ssjRERuRpI8
000000B0: 6B 4A 45 68 34 69 49 41  6D 64 6C 39 30 52 43 44  kJEh4iIAmdl90RCD
000000C0: 7A 57 48 6C 57 53 30 63  59 65 62 43 75 4F 31 72  zWHlWS0cYebCuO1r
000000D0: 50 41 34 65 32 30 63 49  4C 38 55 34 59 77 66 6A  PA4e20cIL8U4Ywfj
000000E0: 52 75 7A 32 53 55 43 4A  72 47 43 54 6C 6A 47 58  Ruz2SUCJrGCTljGX
000000F0: 4D 43 53 78 4E 4E 46 36  62 65 69 79 67 52 4B 76  MCSxNNF6beiygRKv
00000100: 48 43 62 44 6A 68 35 78  37 78 4F 34 32 35 37 55  HCbDjh5x7xO4257U
00000110: 38 73 79 56 6E 35 4E 4F  71 6E 75 67 44 7A 4D 6C  8syVn5NOqnugDzMl
00000120: 59 76 70 34 6E 50 46 42  73 70 74 68 33 35 4F 5A  Yvp4nPFBspth35OZ
00000130: 51 69 20 40 75 73 65 72  6E 61 6D 65 5F 39 36 31  Qi @username_961
00000140: 20 68 74 74 70 3A 2F 2F  73 68 6F 72 74 2D 75 72   http://short-ur
00000150: 6C 2F 6B 35 6A 6A 4E 4F  50 44 56 5A 22 7D 2C 22  l/k5jjNOPDVZ"},"
00000160: 32 22 3A 7B 22 6C 73 74  22 3A 5B 22 72 65 63 22  2":{"lst":["rec"
00000170: 2C 30 5D 7D 2C 22 33 22  3A 7B 22 6C 73 74 22 3A  ,0]},"3":{"lst":
00000180: 5B 22 72 65 63 22 2C 31  2C 7B 22 31 22 3A 7B 22  ["rec",1,{"1":{"
00000190: 73 74 72 22 3A 22 68 74  74 70 3A 2F 2F 73 68 6F  str":"http://sho
000001A0: 72 74 2D 75 72 6C 2F 6B  35 6A 6A 4E 4F 50 44 56  rt-url/k5jjNOPDV
000001B0: 5A 22 7D 2C 22 32 22 3A  7B 22 73 74 72 22 3A 22  Z"},"2":{"str":"
000001C0: 68 74 74 70 3A 2F 2F 74  47 71 41 7A 69 30 4C 74  http://tGqAzi0Lt
000001D0: 49 30 79 50 5A 7A 36 33  32 65 31 73 62 53 50 66  I0yPZz632e1sbSPf
000001E0: 30 41 6A 67 4C 43 72 6B  69 37 45 30 78 50 58 68  0AjgLCrki7E0xPXh
000001F0: 55 39 7A 7A 78 35 39 75  66 51 61 4D 33 42 68 72  U9zzx59ufQaM3Bhr
00000200: 57 48 49 54 4B 53 79 22  7D 7D 5D 7D 7D 7D 7D 5D  WHITKSy"}}]}}}}]
====
STREAM PID 60589.0xffff9482d7141200 (C) > 60554.0xffff9482de657e00 (S), length 545
command[60589]: b'./src/ComposePostService/ComposePostService'
command[60554]: b'./cmake-build/src/TextService/TextService'
----
00000000: 00 00 02 1D 5B 31 2C 22  43 6F 6D 70 6F 73 65 54  ....[1,"ComposeT
00000010: 65 78 74 22 2C 31 2C 30  2C 7B 22 31 22 3A 7B 22  ext",1,0,{"1":{"
00000020: 69 36 34 22 3A 38 35 39  38 37 36 39 38 36 37 33  i64":85987698673
00000030: 37 36 39 32 38 30 7D 2C  22 32 22 3A 7B 22 73 74  769280},"2":{"st
00000040: 72 22 3A 22 38 57 6B 42  34 63 43 78 41 37 4A 77  r":"8WkB4cCxA7Jw
00000050: 52 73 69 63 34 5A 73 35  52 73 44 31 66 67 45 6E  Rsic4Zs5RsD1fgEn
00000060: 36 73 4F 4E 52 62 6F 75  6D 64 52 56 30 4F 36 51  6sONRboumdRV0O6Q
00000070: 52 50 6B 76 6E 62 56 45  74 4A 42 38 57 72 30 44  RPkvnbVEtJB8Wr0D
00000080: 38 6F 64 76 67 5A 75 6F  34 39 55 66 5A 75 6F 48  8odvgZuo49UfZuoH
00000090: 4F 45 57 68 30 5A 4E 4F  6A 47 56 36 76 78 6B 64  OEWh0ZNOjGV6vxkd
000000A0: 4F 72 53 36 31 32 72 5A  41 68 75 61 48 55 66 41  OrS612rZAhuaHUfA
000000B0: 41 32 4B 37 43 57 66 6F  45 48 57 58 33 78 76 4F  A2K7CWfoEHWX3xvO
000000C0: 44 59 4A 74 38 71 6D 71  6F 43 54 4A 74 6F 46 69  DYJt8qmqoCTJtoFi
000000D0: 44 4D 6C 63 72 4C 6D 45  65 4E 69 75 54 50 46 33  DMlcrLmEeNiuTPF3
000000E0: 59 59 47 64 31 64 74 71  77 4A 56 72 45 30 50 69  YYGd1dtqwJVrE0Pi
000000F0: 49 72 73 4C 4C 58 6A 31  35 61 65 75 57 75 61 53  IrsLLXj15aeuWuaS
00000100: 70 57 52 38 4E 50 53 77  7A 69 41 58 43 77 6C 4B  pWR8NPSwziAXCwlK
00000110: 6F 4C 6E 52 39 68 79 61  4F 6E 42 74 61 31 32 51  oLnR9hyaOnBta12Q
00000120: 33 76 79 4B 32 6E 55 73  62 6A 37 70 70 63 6B 45  3vyK2nUsbj7ppckE
00000130: 69 6D 73 51 36 49 5A 72  6E 71 4E 79 57 61 61 70  imsQ6IZrnqNyWaap
00000140: 6B 55 6F 61 20 40 75 73  65 72 6E 61 6D 65 5F 34  kUoa @username_4
00000150: 38 37 20 40 75 73 65 72  6E 61 6D 65 5F 34 32 35  87 @username_425
00000160: 20 40 75 73 65 72 6E 61  6D 65 5F 34 38 34 20 68   @username_484 h
00000170: 74 74 70 3A 2F 2F 53 78  56 36 33 56 77 48 47 44  ttp://SxV63VwHGD
00000180: 42 49 35 64 4C 36 38 31  45 32 4F 49 55 52 56 79  BI5dL681E2OIURVy
00000190: 78 49 78 76 49 70 34 6A  33 76 77 37 35 6B 47 50  xIxvIp4j3vw75kGP
000001A0: 37 66 31 71 30 43 51 38  35 4B 42 58 45 77 6D 4D  7f1q0CQ85KBXEwmM
000001B0: 72 4B 6D 59 76 33 20 68  74 74 70 3A 2F 2F 43 47  rKmYv3 http://CG
000001C0: 6F 34 4B 6C 38 61 67 6E  45 55 63 73 6B 30 4A 74  o4Kl8agnEUcsk0Jt
000001D0: 66 74 6F 65 35 7A 32 61  70 4D 31 38 50 77 38 72  ftoe5z2apM18Pw8r
000001E0: 48 39 33 49 7A 57 47 72  30 70 79 66 59 4D 59 55  H93IzWGr0pyfYMYU
000001F0: 72 32 79 75 59 48 79 75  57 57 75 6C 55 4B 22 7D  r2yuYHyuWWulUK"}
00000200: 2C 22 33 22 3A 7B 22 6D  61 70 22 3A 5B 22 73 74  ,"3":{"map":["st
00000210: 72 22 2C 22 73 74 72 22  2C 30 2C 7B 7D 5D 7D 7D  r","str",0,{}]}}
00000220: 5D                                                ]
====
STREAM PID 60554.0xffff9482de657e00 (S) > 60589.0xffff9482d7141200 (C), length 714
command[60554]: b'./cmake-build/src/TextService/TextService'
command[60589]: b'./src/ComposePostService/ComposePostService'
----
00000000: 00 00 02 C6 5B 31 2C 22  43 6F 6D 70 6F 73 65 54  ....[1,"ComposeT
00000010: 65 78 74 22 2C 32 2C 30  2C 7B 22 30 22 3A 7B 22  ext",2,0,{"0":{"
00000020: 72 65 63 22 3A 7B 22 31  22 3A 7B 22 73 74 72 22  rec":{"1":{"str"
00000030: 3A 22 38 57 6B 42 34 63  43 78 41 37 4A 77 52 73  :"8WkB4cCxA7JwRs
00000040: 69 63 34 5A 73 35 52 73  44 31 66 67 45 6E 36 73  ic4Zs5RsD1fgEn6s
00000050: 4F 4E 52 62 6F 75 6D 64  52 56 30 4F 36 51 52 50  ONRboumdRV0O6QRP
00000060: 6B 76 6E 62 56 45 74 4A  42 38 57 72 30 44 38 6F  kvnbVEtJB8Wr0D8o
00000070: 64 76 67 5A 75 6F 34 39  55 66 5A 75 6F 48 4F 45  dvgZuo49UfZuoHOE
00000080: 57 68 30 5A 4E 4F 6A 47  56 36 76 78 6B 64 4F 72  Wh0ZNOjGV6vxkdOr
00000090: 53 36 31 32 72 5A 41 68  75 61 48 55 66 41 41 32  S612rZAhuaHUfAA2
000000A0: 4B 37 43 57 66 6F 45 48  57 58 33 78 76 4F 44 59  K7CWfoEHWX3xvODY
000000B0: 4A 74 38 71 6D 71 6F 43  54 4A 74 6F 46 69 44 4D  Jt8qmqoCTJtoFiDM
000000C0: 6C 63 72 4C 6D 45 65 4E  69 75 54 50 46 33 59 59  lcrLmEeNiuTPF3YY
000000D0: 47 64 31 64 74 71 77 4A  56 72 45 30 50 69 49 72  Gd1dtqwJVrE0PiIr
000000E0: 73 4C 4C 58 6A 31 35 61  65 75 57 75 61 53 70 57  sLLXj15aeuWuaSpW
000000F0: 52 38 4E 50 53 77 7A 69  41 58 43 77 6C 4B 6F 4C  R8NPSwziAXCwlKoL
00000100: 6E 52 39 68 79 61 4F 6E  42 74 61 31 32 51 33 76  nR9hyaOnBta12Q3v
00000110: 79 4B 32 6E 55 73 62 6A  37 70 70 63 6B 45 69 6D  yK2nUsbj7ppckEim
00000120: 73 51 36 49 5A 72 6E 71  4E 79 57 61 61 70 6B 55  sQ6IZrnqNyWaapkU
00000130: 6F 61 20 40 75 73 65 72  6E 61 6D 65 5F 34 38 37  oa @username_487
00000140: 20 40 75 73 65 72 6E 61  6D 65 5F 34 32 35 20 40   @username_425 @
00000150: 75 73 65 72 6E 61 6D 65  5F 34 38 34 20 68 74 74  username_484 htt
00000160: 70 3A 2F 2F 73 68 6F 72  74 2D 75 72 6C 2F 73 51  p://short-url/sQ
00000170: 49 43 41 62 66 55 69 50  20 68 74 74 70 3A 2F 2F  ICAbfUiP http://
00000180: 73 68 6F 72 74 2D 75 72  6C 2F 47 79 75 59 38 56  short-url/GyuY8V
00000190: 52 4C 63 76 22 7D 2C 22  32 22 3A 7B 22 6C 73 74  RLcv"},"2":{"lst
000001A0: 22 3A 5B 22 72 65 63 22  2C 30 5D 7D 2C 22 33 22  ":["rec",0]},"3"
000001B0: 3A 7B 22 6C 73 74 22 3A  5B 22 72 65 63 22 2C 32  :{"lst":["rec",2
000001C0: 2C 7B 22 31 22 3A 7B 22  73 74 72 22 3A 22 68 74  ,{"1":{"str":"ht
000001D0: 74 70 3A 2F 2F 73 68 6F  72 74 2D 75 72 6C 2F 73  tp://short-url/s
000001E0: 51 49 43 41 62 66 55 69  50 22 7D 2C 22 32 22 3A  QICAbfUiP"},"2":
000001F0: 7B 22 73 74 72 22 3A 22  68 74 74 70 3A 2F 2F 53  {"str":"http://S
00000200: 78 56 36 33 56 77 48 47  44 42 49 35 64 4C 36 38  xV63VwHGDBI5dL68
00000210: 31 45 32 4F 49 55 52 56  79 78 49 78 76 49 70 34  1E2OIURVyxIxvIp4
00000220: 6A 33 76 77 37 35 6B 47  50 37 66 31 71 30 43 51  j3vw75kGP7f1q0CQ
00000230: 38 35 4B 42 58 45 77 6D  4D 72 4B 6D 59 76 33 22  85KBXEwmMrKmYv3"
00000240: 7D 7D 2C 7B 22 31 22 3A  7B 22 73 74 72 22 3A 22  }},{"1":{"str":"
00000250: 68 74 74 70 3A 2F 2F 73  68 6F 72 74 2D 75 72 6C  http://short-url
00000260: 2F 47 79 75 59 38 56 52  4C 63 76 22 7D 2C 22 32  /GyuY8VRLcv"},"2
00000270: 22 3A 7B 22 73 74 72 22  3A 22 68 74 74 70 3A 2F  ":{"str":"http:/
00000280: 2F 43 47 6F 34 4B 6C 38  61 67 6E 45 55 63 73 6B  /CGo4Kl8agnEUcsk
00000290: 30 4A 74 66 74 6F 65 35  7A 32 61 70 4D 31 38 50  0Jtftoe5z2apM18P
000002A0: 77 38 72 48 39 33 49 7A  57 47 72 30 70 79 66 59  w8rH93IzWGr0pyfY
000002B0: 4D 59 55 72 32 79 75 59  48 79 75 57 57 75 6C 55  MYUr2yuYHyuWWulU
000002C0: 4B 22 7D 7D 5D 7D 7D 7D  7D 5D                    K"}}]}}}}]
====
STREAM PID 60589.0xffff9482d7141200 (C) > 60554.0xffff9482de657e00 (S), length 575
command[60589]: b'./src/ComposePostService/ComposePostService'
command[60554]: b'./cmake-build/src/TextService/TextService'
----
00000000: 00 00 02 3B 5B 31 2C 22  43 6F 6D 70 6F 73 65 54  ...;[1,"ComposeT
00000010: 65 78 74 22 2C 31 2C 30  2C 7B 22 31 22 3A 7B 22  ext",1,0,{"1":{"
00000020: 69 36 34 22 3A 31 31 31  33 30 39 34 33 31 30 38  i64":11130943108
00000030: 33 34 37 31 34 33 36 38  7D 2C 22 32 22 3A 7B 22  34714368},"2":{"
00000040: 73 74 72 22 3A 22 4E 79  49 55 5A 54 37 74 52 4B  str":"NyIUZT7tRK
00000050: 36 55 5A 47 6E 49 43 62  45 36 75 43 42 34 6D 38  6UZGnICbE6uCB4m8
00000060: 5A 74 6F 64 55 53 48 47  43 64 57 38 7A 6A 57 35  ZtodUSHGCdW8zjW5
00000070: 41 7A 47 6A 68 48 44 4D  49 34 6D 47 47 4C 59 67  AzGjhHDMI4mGGLYg
00000080: 6D 56 66 36 71 45 6E 77  74 38 64 64 48 44 7A 64  mVf6qEnwt8ddHDzd
00000090: 54 6E 63 6D 78 64 51 55  72 6E 56 33 61 4C 41 4F  TncmxdQUrnV3aLAO
000000A0: 56 4C 36 7A 33 71 42 6C  51 51 45 59 56 41 70 42  VL6z3qBlQQEYVApB
000000B0: 74 41 36 63 31 67 79 70  45 46 34 67 4A 62 36 49  tA6c1gypEF4gJb6I
000000C0: 6F 6F 65 32 55 62 6E 6D  6A 66 4E 4D 46 7A 64 52  ooe2UbnmjfNMFzdR
000000D0: 70 39 69 52 6C 64 78 42  55 6C 6C 59 49 73 65 7A  p9iRldxBUllYIsez
000000E0: 39 70 39 37 53 35 4B 77  4C 46 36 52 76 64 4A 42  9p97S5KwLF6RvdJB
000000F0: 4D 42 4C 4D 64 32 38 4B  65 66 35 42 5A 55 45 57  MBLMd28Kef5BZUEW
00000100: 4D 6B 74 35 6B 44 56 78  48 77 5A 31 4C 57 74 74  Mkt5kDVxHwZ1LWtt
00000110: 78 4C 56 38 62 38 6A 63  79 4B 77 44 66 75 62 6E  xLV8b8jcyKwDfubn
00000120: 31 48 53 6F 53 47 46 43  71 70 73 66 37 30 38 5A  1HSoSGFCqpsf708Z
00000130: 43 4C 41 68 6A 33 74 6B  72 54 4C 44 49 38 70 74  CLAhj3tkrTLDI8pt
00000140: 4C 38 4E 6B 77 34 20 40  75 73 65 72 6E 61 6D 65  L8Nkw4 @username
00000150: 5F 36 34 35 20 40 75 73  65 72 6E 61 6D 65 5F 34  _645 @username_4
00000160: 35 33 20 40 75 73 65 72  6E 61 6D 65 5F 35 33 31  53 @username_531
00000170: 20 40 75 73 65 72 6E 61  6D 65 5F 31 31 39 20 40   @username_119 @
00000180: 75 73 65 72 6E 61 6D 65  5F 34 38 31 20 68 74 74  username_481 htt
00000190: 70 3A 2F 2F 39 74 41 43  6A 78 77 4D 6E 65 64 6A  p://9tACjxwMnedj
000001A0: 69 47 45 70 37 58 50 41  51 33 47 49 48 39 4E 31  iGEp7XPAQ3GIH9N1
000001B0: 4B 68 4A 79 39 62 34 6E  46 5A 39 73 78 47 4A 78  KhJy9b4nFZ9sxGJx
000001C0: 4F 38 54 50 44 48 77 57  6B 34 6C 65 6D 59 56 4F  O8TPDHwWk4lemYVO
000001D0: 69 61 43 64 20 68 74 74  70 3A 2F 2F 54 6E 79 78  iaCd http://Tnyx
000001E0: 65 79 55 4A 67 37 45 45  6E 41 75 34 48 70 78 4F  eyUJg7EEnAu4HpxO
000001F0: 6C 36 49 6D 52 6F 77 44  33 4D 75 72 50 51 64 57  l6ImRowD3MurPQdW
00000200: 50 44 4D 77 4C 68 4F 75  74 4B 6A 76 6E 79 66 4A  PDMwLhOutKjvnyfJ
00000210: 69 6E 73 69 43 78 75 6A  30 63 62 4D 22 7D 2C 22  insiCxuj0cbM"},"
00000220: 33 22 3A 7B 22 6D 61 70  22 3A 5B 22 73 74 72 22  3":{"map":["str"
00000230: 2C 22 73 74 72 22 2C 30  2C 7B 7D 5D 7D 7D 5D     ,"str",0,{}]}}]
====
STREAM PID 60554.0xffff9482de657e00 (S) > 60589.0xffff9482d7141200 (C), length 742
command[60554]: b'./cmake-build/src/TextService/TextService'
command[60589]: b'./src/ComposePostService/ComposePostService'
----
00000000: 00 00 02 E2 5B 31 2C 22  43 6F 6D 70 6F 73 65 54  ....[1,"ComposeT
00000010: 65 78 74 22 2C 32 2C 30  2C 7B 22 30 22 3A 7B 22  ext",2,0,{"0":{"
00000020: 72 65 63 22 3A 7B 22 31  22 3A 7B 22 73 74 72 22  rec":{"1":{"str"
00000030: 3A 22 4E 79 49 55 5A 54  37 74 52 4B 36 55 5A 47  :"NyIUZT7tRK6UZG
00000040: 6E 49 43 62 45 36 75 43  42 34 6D 38 5A 74 6F 64  nICbE6uCB4m8Ztod
00000050: 55 53 48 47 43 64 57 38  7A 6A 57 35 41 7A 47 6A  USHGCdW8zjW5AzGj
00000060: 68 48 44 4D 49 34 6D 47  47 4C 59 67 6D 56 66 36  hHDMI4mGGLYgmVf6
00000070: 71 45 6E 77 74 38 64 64  48 44 7A 64 54 6E 63 6D  qEnwt8ddHDzdTncm
00000080: 78 64 51 55 72 6E 56 33  61 4C 41 4F 56 4C 36 7A  xdQUrnV3aLAOVL6z
00000090: 33 71 42 6C 51 51 45 59  56 41 70 42 74 41 36 63  3qBlQQEYVApBtA6c
000000A0: 31 67 79 70 45 46 34 67  4A 62 36 49 6F 6F 65 32  1gypEF4gJb6Iooe2
000000B0: 55 62 6E 6D 6A 66 4E 4D  46 7A 64 52 70 39 69 52  UbnmjfNMFzdRp9iR
000000C0: 6C 64 78 42 55 6C 6C 59  49 73 65 7A 39 70 39 37  ldxBUllYIsez9p97
000000D0: 53 35 4B 77 4C 46 36 52  76 64 4A 42 4D 42 4C 4D  S5KwLF6RvdJBMBLM
000000E0: 64 32 38 4B 65 66 35 42  5A 55 45 57 4D 6B 74 35  d28Kef5BZUEWMkt5
000000F0: 6B 44 56 78 48 77 5A 31  4C 57 74 74 78 4C 56 38  kDVxHwZ1LWttxLV8
00000100: 62 38 6A 63 79 4B 77 44  66 75 62 6E 31 48 53 6F  b8jcyKwDfubn1HSo
00000110: 53 47 46 43 71 70 73 66  37 30 38 5A 43 4C 41 68  SGFCqpsf708ZCLAh
00000120: 6A 33 74 6B 72 54 4C 44  49 38 70 74 4C 38 4E 6B  j3tkrTLDI8ptL8Nk
00000130: 77 34 20 40 75 73 65 72  6E 61 6D 65 5F 36 34 35  w4 @username_645
00000140: 20 40 75 73 65 72 6E 61  6D 65 5F 34 35 33 20 40   @username_453 @
00000150: 75 73 65 72 6E 61 6D 65  5F 35 33 31 20 40 75 73  username_531 @us
00000160: 65 72 6E 61 6D 65 5F 31  31 39 20 40 75 73 65 72  ername_119 @user
00000170: 6E 61 6D 65 5F 34 38 31  20 68 74 74 70 3A 2F 2F  name_481 http://
00000180: 73 68 6F 72 74 2D 75 72  6C 2F 61 65 32 6A 4E 72  short-url/ae2jNr
00000190: 74 4F 39 38 20 68 74 74  70 3A 2F 2F 73 68 6F 72  tO98 http://shor
000001A0: 74 2D 75 72 6C 2F 36 77  4A 36 6D 78 75 52 62 6E  t-url/6wJ6mxuRbn
000001B0: 22 7D 2C 22 32 22 3A 7B  22 6C 73 74 22 3A 5B 22  "},"2":{"lst":["
000001C0: 72 65 63 22 2C 30 5D 7D  2C 22 33 22 3A 7B 22 6C  rec",0]},"3":{"l
000001D0: 73 74 22 3A 5B 22 72 65  63 22 2C 32 2C 7B 22 31  st":["rec",2,{"1
000001E0: 22 3A 7B 22 73 74 72 22  3A 22 68 74 74 70 3A 2F  ":{"str":"http:/
000001F0: 2F 73 68 6F 72 74 2D 75  72 6C 2F 61 65 32 6A 4E  /short-url/ae2jN
00000200: 72 74 4F 39 38 22 7D 2C  22 32 22 3A 7B 22 73 74  rtO98"},"2":{"st
00000210: 72 22 3A 22 68 74 74 70  3A 2F 2F 39 74 41 43 6A  r":"http://9tACj
00000220: 78 77 4D 6E 65 64 6A 69  47 45 70 37 58 50 41 51  xwMnedjiGEp7XPAQ
00000230: 33 47 49 48 39 4E 31 4B  68 4A 79 39 62 34 6E 46  3GIH9N1KhJy9b4nF
00000240: 5A 39 73 78 47 4A 78 4F  38 54 50 44 48 77 57 6B  Z9sxGJxO8TPDHwWk
00000250: 34 6C 65 6D 59 56 4F 69  61 43 64 22 7D 7D 2C 7B  4lemYVOiaCd"}},{
00000260: 22 31 22 3A 7B 22 73 74  72 22 3A 22 68 74 74 70  "1":{"str":"http
00000270: 3A 2F 2F 73 68 6F 72 74  2D 75 72 6C 2F 36 77 4A  ://short-url/6wJ
00000280: 36 6D 78 75 52 62 6E 22  7D 2C 22 32 22 3A 7B 22  6mxuRbn"},"2":{"
00000290: 73 74 72 22 3A 22 68 74  74 70 3A 2F 2F 54 6E 79  str":"http://Tny
000002A0: 78 65 79 55 4A 67 37 45  45 6E 41 75 34 48 70 78  xeyUJg7EEnAu4Hpx
000002B0: 4F 6C 36 49 6D 52 6F 77  44 33 4D 75 72 50 51 64  Ol6ImRowD3MurPQd
000002C0: 57 50 44 4D 77 4C 68 4F  75 74 4B 6A 76 6E 79 66  WPDMwLhOutKjvnyf
000002D0: 4A 69 6E 73 69 43 78 75  6A 30 63 62 4D 22 7D 7D  JinsiCxuj0cbM"}}
000002E0: 5D 7D 7D 7D 7D 5D                                 ]}}}}]
====
STREAM PID 60589.0xffff9482d7141200 (C) > 60554.0xffff9482de657e00 (S), length 446
command[60589]: b'./src/ComposePostService/ComposePostService'
command[60554]: b'./cmake-build/src/TextService/TextService'
----
00000000: 00 00 01 BA 5B 31 2C 22  43 6F 6D 70 6F 73 65 54  ....[1,"ComposeT
00000010: 65 78 74 22 2C 31 2C 30  2C 7B 22 31 22 3A 7B 22  ext",1,0,{"1":{"
00000020: 69 36 34 22 3A 35 36 32  31 30 34 39 36 31 32 36  i64":56210496126
00000030: 34 37 37 37 35 33 36 7D  2C 22 32 22 3A 7B 22 73  4777536},"2":{"s
00000040: 74 72 22 3A 22 6D 68 6D  66 4E 53 39 37 52 73 53  tr":"mhmfNS97RsS
00000050: 64 77 75 4E 4F 6D 66 42  4B 53 68 57 6C 4D 74 48  dwuNOmfBKShWlMtH
00000060: 66 75 35 78 37 72 72 4D  51 52 30 70 67 6F 4D 4B  fu5x7rrMQR0pgoMK
00000070: 33 47 5A 4F 65 45 68 4B  67 4F 55 63 6D 4F 6C 48  3GZOeEhKgOUcmOlH
00000080: 4E 6C 64 4D 33 50 70 6B  78 74 4E 70 31 37 53 42  NldM3PpkxtNp17SB
00000090: 48 41 30 44 6E 6C 50 31  32 6E 4F 61 4C 34 53 58  HA0DnlP12nOaL4SX
000000A0: 47 30 6F 61 6A 49 56 77  5A 33 52 65 57 48 42 59  G0oajIVwZ3ReWHBY
000000B0: 6F 42 75 5A 77 62 38 4B  6C 67 37 4B 65 70 51 53  oBuZwb8Klg7KepQS
000000C0: 67 73 51 71 49 78 70 61  67 6D 6B 53 49 5A 54 46  gsQqIxpagmkSIZTF
000000D0: 30 57 33 72 6E 50 4B 4E  42 6F 35 51 70 5A 58 4D  0W3rnPKNBo5QpZXM
000000E0: 36 59 54 7A 36 51 31 55  63 6C 46 45 33 33 6A 77  6YTz6Q1UclFE33jw
000000F0: 38 70 32 48 71 59 65 53  30 6B 35 76 36 4A 79 52  8p2HqYeS0k5v6JyR
00000100: 72 64 7A 73 70 46 68 65  6D 4A 35 58 6B 63 56 54  rdzspFhemJ5XkcVT
00000110: 62 77 46 66 4C 51 6D 6D  62 4D 6F 46 58 7A 62 50  bwFfLQmmbMoFXzbP
00000120: 71 6B 4C 38 67 36 37 41  76 50 39 74 4B 62 32 52  qkL8g67AvP9tKb2R
00000130: 44 6B 73 75 62 6D 67 79  7A 34 47 6A 62 51 56 45  Dksubmgyz4GjbQVE
00000140: 66 31 67 65 4A 20 40 75  73 65 72 6E 61 6D 65 5F  f1geJ @username_
00000150: 32 34 30 20 68 74 74 70  3A 2F 2F 75 47 6E 70 6E  240 http://uGnpn
00000160: 4B 39 73 4B 33 39 56 74  43 4E 32 32 78 4A 33 37  K9sK39VtCN22xJ37
00000170: 6B 43 6E 54 62 73 59 72  77 61 30 6A 75 63 4C 46  kCnTbsYrwa0jucLF
00000180: 79 44 6A 34 7A 34 72 77  70 59 51 45 42 35 54 34  yDj4z4rwpYQEB5T4
00000190: 79 76 31 79 55 32 74 58  53 32 31 22 7D 2C 22 33  yv1yU2tXS21"},"3
000001A0: 22 3A 7B 22 6D 61 70 22  3A 5B 22 73 74 72 22 2C  ":{"map":["str",
000001B0: 22 73 74 72 22 2C 30 2C  7B 7D 5D 7D 7D 5D        "str",0,{}]}}]
====
STREAM PID 60554.0xffff9482de657e00 (S) > 60589.0xffff9482d7141200 (C), length 528
command[60554]: b'./cmake-build/src/TextService/TextService'
command[60589]: b'./src/ComposePostService/ComposePostService'
----
00000000: 00 00 02 0C 5B 31 2C 22  43 6F 6D 70 6F 73 65 54  ....[1,"ComposeT
00000010: 65 78 74 22 2C 32 2C 30  2C 7B 22 30 22 3A 7B 22  ext",2,0,{"0":{"
00000020: 72 65 63 22 3A 7B 22 31  22 3A 7B 22 73 74 72 22  rec":{"1":{"str"
00000030: 3A 22 6D 68 6D 66 4E 53  39 37 52 73 53 64 77 75  :"mhmfNS97RsSdwu
00000040: 4E 4F 6D 66 42 4B 53 68  57 6C 4D 74 48 66 75 35  NOmfBKShWlMtHfu5
00000050: 78 37 72 72 4D 51 52 30  70 67 6F 4D 4B 33 47 5A  x7rrMQR0pgoMK3GZ
00000060: 4F 65 45 68 4B 67 4F 55  63 6D 4F 6C 48 4E 6C 64  OeEhKgOUcmOlHNld
00000070: 4D 33 50 70 6B 78 74 4E  70 31 37 53 42 48 41 30  M3PpkxtNp17SBHA0
00000080: 44 6E 6C 50 31 32 6E 4F  61 4C 34 53 58 47 30 6F  DnlP12nOaL4SXG0o
00000090: 61 6A 49 56 77 5A 33 52  65 57 48 42 59 6F 42 75  ajIVwZ3ReWHBYoBu
000000A0: 5A 77 62 38 4B 6C 67 37  4B 65 70 51 53 67 73 51  Zwb8Klg7KepQSgsQ
000000B0: 71 49 78 70 61 67 6D 6B  53 49 5A 54 46 30 57 33  qIxpagmkSIZTF0W3
000000C0: 72 6E 50 4B 4E 42 6F 35  51 70 5A 58 4D 36 59 54  rnPKNBo5QpZXM6YT
000000D0: 7A 36 51 31 55 63 6C 46  45 33 33 6A 77 38 70 32  z6Q1UclFE33jw8p2
000000E0: 48 71 59 65 53 30 6B 35  76 36 4A 79 52 72 64 7A  HqYeS0k5v6JyRrdz
000000F0: 73 70 46 68 65 6D 4A 35  58 6B 63 56 54 62 77 46  spFhemJ5XkcVTbwF
00000100: 66 4C 51 6D 6D 62 4D 6F  46 58 7A 62 50 71 6B 4C  fLQmmbMoFXzbPqkL
00000110: 38 67 36 37 41 76 50 39  74 4B 62 32 52 44 6B 73  8g67AvP9tKb2RDks
00000120: 75 62 6D 67 79 7A 34 47  6A 62 51 56 45 66 31 67  ubmgyz4GjbQVEf1g
00000130: 65 4A 20 40 75 73 65 72  6E 61 6D 65 5F 32 34 30  eJ @username_240
00000140: 20 68 74 74 70 3A 2F 2F  73 68 6F 72 74 2D 75 72   http://short-ur
00000150: 6C 2F 66 57 36 32 54 62  65 47 36 6A 22 7D 2C 22  l/fW62TbeG6j"},"
00000160: 32 22 3A 7B 22 6C 73 74  22 3A 5B 22 72 65 63 22  2":{"lst":["rec"
00000170: 2C 30 5D 7D 2C 22 33 22  3A 7B 22 6C 73 74 22 3A  ,0]},"3":{"lst":
00000180: 5B 22 72 65 63 22 2C 31  2C 7B 22 31 22 3A 7B 22  ["rec",1,{"1":{"
00000190: 73 74 72 22 3A 22 68 74  74 70 3A 2F 2F 73 68 6F  str":"http://sho
000001A0: 72 74 2D 75 72 6C 2F 66  57 36 32 54 62 65 47 36  rt-url/fW62TbeG6
000001B0: 6A 22 7D 2C 22 32 22 3A  7B 22 73 74 72 22 3A 22  j"},"2":{"str":"
000001C0: 68 74 74 70 3A 2F 2F 75  47 6E 70 6E 4B 39 73 4B  http://uGnpnK9sK
000001D0: 33 39 56 74 43 4E 32 32  78 4A 33 37 6B 43 6E 54  39VtCN22xJ37kCnT
000001E0: 62 73 59 72 77 61 30 6A  75 63 4C 46 79 44 6A 34  bsYrwa0jucLFyDj4
000001F0: 7A 34 72 77 70 59 51 45  42 35 54 34 79 76 31 79  z4rwpYQEB5T4yv1y
00000200: 55 32 74 58 53 32 31 22  7D 7D 5D 7D 7D 7D 7D 5D  U2tXS21"}}]}}}}]
====
STREAM PID 60589.0xffff9482d7141200 (C) > 60554.0xffff9482de657e00 (S), length 575
command[60589]: b'./src/ComposePostService/ComposePostService'
command[60554]: b'./cmake-build/src/TextService/TextService'
----
00000000: 00 00 02 3B 5B 31 2C 22  43 6F 6D 70 6F 73 65 54  ...;[1,"ComposeT
00000010: 65 78 74 22 2C 31 2C 30  2C 7B 22 31 22 3A 7B 22  ext",1,0,{"1":{"
00000020: 69 36 34 22 3A 34 36 35  33 37 32 34 33 37 32 38  i64":46537243728
00000030: 37 31 32 35 31 32 7D 2C  22 32 22 3A 7B 22 73 74  712512},"2":{"st
00000040: 72 22 3A 22 49 49 4D 34  72 78 4C 4E 6D 67 64 57  r":"IIM4rxLNmgdW
00000050: 4A 59 70 73 6B 5A 31 6A  43 75 59 41 73 42 37 48  JYpskZ1jCuYAsB7H
00000060: 66 51 57 70 4E 34 39 51  50 77 4C 75 4E 6A 64 4C  fQWpN49QPwLuNjdL
00000070: 6F 79 45 50 71 44 55 4E  33 57 34 6B 49 4D 4C 58  oyEPqDUN3W4kIMLX
00000080: 6D 69 5A 62 51 6A 7A 4D  77 77 67 34 67 42 61 75  miZbQjzMwwg4gBau
00000090: 79 71 67 72 63 38 30 6B  4C 6A 66 74 4C 51 6C 65  yqgrc80kLjftLQle
000000A0: 4E 75 70 72 49 55 52 7A  63 45 6F 70 4F 34 74 44  NuprIURzcEopO4tD
000000B0: 55 56 73 37 74 64 53 47  34 41 4E 39 36 65 50 37  UVs7tdSG4AN96eP7
000000C0: 4C 32 47 65 53 58 66 36  76 39 70 68 43 74 52 67  L2GeSXf6v9phCtRg
000000D0: 33 72 4A 7A 31 38 6C 74  43 49 49 4D 38 43 4B 6E  3rJz18ltCIIM8CKn
000000E0: 41 4E 46 75 56 4E 6B 6A  48 58 4A 6E 57 6B 62 50  ANFuVNkjHXJnWkbP
000000F0: 6A 36 4D 72 58 5A 56 57  72 79 74 6C 56 75 46 36  j6MrXZVWrytlVuF6
00000100: 6D 77 49 41 7A 63 65 6A  5A 48 7A 70 4E 5A 4D 4F  mwIAzcejZHzpNZMO
00000110: 66 72 4E 53 6B 59 52 71  78 74 55 59 48 74 51 6C  frNSkYRqxtUYHtQl
00000120: 46 77 32 75 59 59 79 42  64 64 4E 69 67 76 34 63  Fw2uYYyBddNigv4c
00000130: 30 71 70 38 31 64 4B 63  57 64 48 6C 33 63 49 77  0qp81dKcWdHl3cIw
00000140: 68 77 53 4A 20 68 74 74  70 3A 2F 2F 58 32 5A 77  hwSJ http://X2Zw
00000150: 31 55 6A 79 6D 61 39 34  66 49 58 4B 30 7A 58 6E  1Ujyma94fIXK0zXn
00000160: 50 73 37 50 34 59 49 66  36 6F 49 5A 6F 4D 47 32  Ps7P4YIf6oIZoMG2
00000170: 32 49 4B 4B 36 34 4B 52  4D 55 77 53 37 42 43 54  2IKK64KRMUwS7BCT
00000180: 35 4D 59 55 53 4B 6F 71  39 67 45 6B 20 68 74 74  5MYUSKoq9gEk htt
00000190: 70 3A 2F 2F 6A 51 4C 7A  39 6A 46 61 5A 6C 77 4E  p://jQLz9jFaZlwN
000001A0: 67 44 73 38 57 66 35 32  64 62 78 62 47 67 37 46  gDs8Wf52dbxbGg7F
000001B0: 48 53 56 55 6A 56 4C 65  43 4A 72 5A 4F 7A 6D 62  HSVUjVLeCJrZOzmb
000001C0: 54 66 49 65 68 67 6E 37  4A 69 76 77 44 57 35 4F  TfIehgn7JivwDW5O
000001D0: 65 37 74 45 20 68 74 74  70 3A 2F 2F 38 78 34 44  e7tE http://8x4D
000001E0: 41 78 37 46 34 31 36 6C  46 78 61 71 54 45 58 4A  Ax7F416lFxaqTEXJ
000001F0: 50 4C 6B 6E 57 52 64 63  53 51 41 76 57 69 54 34  PLknWRdcSQAvWiT4
00000200: 4A 6B 76 72 4C 6E 67 7A  62 45 72 62 4C 45 4F 7A  JkvrLngzbErbLEOz
00000210: 6B 42 31 5A 74 50 39 31  37 56 68 55 22 7D 2C 22  kB1ZtP917VhU"},"
00000220: 33 22 3A 7B 22 6D 61 70  22 3A 5B 22 73 74 72 22  3":{"map":["str"
00000230: 2C 22 73 74 72 22 2C 30  2C 7B 7D 5D 7D 7D 5D     ,"str",0,{}]}}]
====
STREAM PID 60554.0xffff9482de657e00 (S) > 60589.0xffff9482d7141200 (C), length 830
command[60554]: b'./cmake-build/src/TextService/TextService'
command[60589]: b'./src/ComposePostService/ComposePostService'
----
00000000: 00 00 03 3A 5B 31 2C 22  43 6F 6D 70 6F 73 65 54  ...:[1,"ComposeT
00000010: 65 78 74 22 2C 32 2C 30  2C 7B 22 30 22 3A 7B 22  ext",2,0,{"0":{"
00000020: 72 65 63 22 3A 7B 22 31  22 3A 7B 22 73 74 72 22  rec":{"1":{"str"
00000030: 3A 22 49 49 4D 34 72 78  4C 4E 6D 67 64 57 4A 59  :"IIM4rxLNmgdWJY
00000040: 70 73 6B 5A 31 6A 43 75  59 41 73 42 37 48 66 51  pskZ1jCuYAsB7HfQ
00000050: 57 70 4E 34 39 51 50 77  4C 75 4E 6A 64 4C 6F 79  WpN49QPwLuNjdLoy
00000060: 45 50 71 44 55 4E 33 57  34 6B 49 4D 4C 58 6D 69  EPqDUN3W4kIMLXmi
00000070: 5A 62 51 6A 7A 4D 77 77  67 34 67 42 61 75 79 71  ZbQjzMwwg4gBauyq
00000080: 67 72 63 38 30 6B 4C 6A  66 74 4C 51 6C 65 4E 75  grc80kLjftLQleNu
00000090: 70 72 49 55 52 7A 63 45  6F 70 4F 34 74 44 55 56  prIURzcEopO4tDUV
000000A0: 73 37 74 64 53 47 34 41  4E 39 36 65 50 37 4C 32  s7tdSG4AN96eP7L2
000000B0: 47 65 53 58 66 36 76 39  70 68 43 74 52 67 33 72  GeSXf6v9phCtRg3r
000000C0: 4A 7A 31 38 6C 74 43 49  49 4D 38 43 4B 6E 41 4E  Jz18ltCIIM8CKnAN
000000D0: 46 75 56 4E 6B 6A 48 58  4A 6E 57 6B 62 50 6A 36  FuVNkjHXJnWkbPj6
000000E0: 4D 72 58 5A 56 57 72 79  74 6C 56 75 46 36 6D 77  MrXZVWrytlVuF6mw
000000F0: 49 41 7A 63 65 6A 5A 48  7A 70 4E 5A 4D 4F 66 72  IAzcejZHzpNZMOfr
00000100: 4E 53 6B 59 52 71 78 74  55 59 48 74 51 6C 46 77  NSkYRqxtUYHtQlFw
00000110: 32 75 59 59 79 42 64 64  4E 69 67 76 34 63 30 71  2uYYyBddNigv4c0q
00000120: 70 38 31 64 4B 63 57 64  48 6C 33 63 49 77 68 77  p81dKcWdHl3cIwhw
00000130: 53 4A 20 68 74 74 70 3A  2F 2F 73 68 6F 72 74 2D  SJ http://short-
00000140: 75 72 6C 2F 75 5A 4A 30  73 63 5A 52 4E 43 20 68  url/uZJ0scZRNC h
00000150: 74 74 70 3A 2F 2F 73 68  6F 72 74 2D 75 72 6C 2F  ttp://short-url/
00000160: 57 7A 66 52 73 78 30 66  4E 45 20 68 74 74 70 3A  WzfRsx0fNE http:
00000170: 2F 2F 73 68 6F 72 74 2D  75 72 6C 2F 73 37 51 6A  //short-url/s7Qj
00000180: 4F 6D 51 34 4E 61 22 7D  2C 22 32 22 3A 7B 22 6C  OmQ4Na"},"2":{"l
00000190: 73 74 22 3A 5B 22 72 65  63 22 2C 30 5D 7D 2C 22  st":["rec",0]},"
000001A0: 33 22 3A 7B 22 6C 73 74  22 3A 5B 22 72 65 63 22  3":{"lst":["rec"
000001B0: 2C 33 2C 7B 22 31 22 3A  7B 22 73 74 72 22 3A 22  ,3,{"1":{"str":"
000001C0: 68 74 74 70 3A 2F 2F 73  68 6F 72 74 2D 75 72 6C  http://short-url
000001D0: 2F 75 5A 4A 30 73 63 5A  52 4E 43 22 7D 2C 22 32  /uZJ0scZRNC"},"2
000001E0: 22 3A 7B 22 73 74 72 22  3A 22 68 74 74 70 3A 2F  ":{"str":"http:/
000001F0: 2F 58 32 5A 77 31 55 6A  79 6D 61 39 34 66 49 58  /X2Zw1Ujyma94fIX
00000200: 4B 30 7A 58 6E 50 73 37  50 34 59 49 66 36 6F 49  K0zXnPs7P4YIf6oI
00000210: 5A 6F 4D 47 32 32 49 4B  4B 36 34 4B 52 4D 55 77  ZoMG22IKK64KRMUw
00000220: 53 37 42 43 54 35 4D 59  55 53 4B 6F 71 39 67 45  S7BCT5MYUSKoq9gE
00000230: 6B 22 7D 7D 2C 7B 22 31  22 3A 7B 22 73 74 72 22  k"}},{"1":{"str"
00000240: 3A 22 68 74 74 70 3A 2F  2F 73 68 6F 72 74 2D 75  :"http://short-u
00000250: 72 6C 2F 57 7A 66 52 73  78 30 66 4E 45 22 7D 2C  rl/WzfRsx0fNE"},
00000260: 22 32 22 3A 7B 22 73 74  72 22 3A 22 68 74 74 70  "2":{"str":"http
00000270: 3A 2F 2F 6A 51 4C 7A 39  6A 46 61 5A 6C 77 4E 67  ://jQLz9jFaZlwNg
00000280: 44 73 38 57 66 35 32 64  62 78 62 47 67 37 46 48  Ds8Wf52dbxbGg7FH
00000290: 53 56 55 6A 56 4C 65 43  4A 72 5A 4F 7A 6D 62 54  SVUjVLeCJrZOzmbT
000002A0: 66 49 65 68 67 6E 37 4A  69 76 77 44 57 35 4F 65  fIehgn7JivwDW5Oe
000002B0: 37 74 45 22 7D 7D 2C 7B  22 31 22 3A 7B 22 73 74  7tE"}},{"1":{"st
000002C0: 72 22 3A 22 68 74 74 70  3A 2F 2F 73 68 6F 72 74  r":"http://short
000002D0: 2D 75 72 6C 2F 73 37 51  6A 4F 6D 51 34 4E 61 22  -url/s7QjOmQ4Na"
000002E0: 7D 2C 22 32 22 3A 7B 22  73 74 72 22 3A 22 68 74  },"2":{"str":"ht
000002F0: 74 70 3A 2F 2F 38 78 34  44 41 78 37 46 34 31 36  tp://8x4DAx7F416
00000300: 6C 46 78 61 71 54 45 58  4A 50 4C 6B 6E 57 52 64  lFxaqTEXJPLknWRd
00000310: 63 53 51 41 76 57 69 54  34 4A 6B 76 72 4C 6E 67  cSQAvWiT4JkvrLng
00000320: 7A 62 45 72 62 4C 45 4F  7A 6B 42 31 5A 74 50 39  zbErbLEOzkB1ZtP9
00000330: 31 37 56 68 55 22 7D 7D  5D 7D 7D 7D 7D 5D        17VhU"}}]}}}}]
====
STREAM PID 60589.0xffff9482d7141200 (C) > 60554.0xffff9482de657e00 (S), length 446
command[60589]: b'./src/ComposePostService/ComposePostService'
command[60554]: b'./cmake-build/src/TextService/TextService'
----
00000000: 00 00 01 BA 5B 31 2C 22  43 6F 6D 70 6F 73 65 54  ....[1,"ComposeT
00000010: 65 78 74 22 2C 31 2C 30  2C 7B 22 31 22 3A 7B 22  ext",1,0,{"1":{"
00000020: 69 36 34 22 3A 32 32 38  36 32 37 34 31 35 35 33  i64":22862741553
00000030: 31 34 30 38 35 37 36 7D  2C 22 32 22 3A 7B 22 73  1408576},"2":{"s
00000040: 74 72 22 3A 22 57 55 6B  34 70 43 4E 43 73 63 39  tr":"WUk4pCNCsc9
00000050: 56 6F 77 50 66 42 30 7A  49 44 57 66 79 50 67 4F  VowPfB0zIDWfyPgO
00000060: 58 6B 48 66 56 4A 59 43  62 4F 37 66 4E 7A 61 33  XkHfVJYCbO7fNza3
00000070: 78 6F 6B 61 54 36 46 74  74 66 73 4B 6B 35 55 6D  xokaT6FttfsKk5Um
00000080: 58 62 45 4E 73 70 7A 79  49 37 4E 58 4F 37 32 4D  XbENspzyI7NXO72M
00000090: 4D 7A 51 53 30 33 61 42  32 4C 31 32 35 68 38 4E  MzQS03aB2L125h8N
000000A0: 47 6B 35 52 59 6A 32 6B  63 76 4D 61 35 77 54 78  Gk5RYj2kcvMa5wTx
000000B0: 47 56 67 68 72 51 67 6A  66 70 55 36 54 70 54 48  GVghrQgjfpU6TpTH
000000C0: 30 72 46 79 44 78 6D 55  30 42 71 4E 52 48 64 37  0rFyDxmU0BqNRHd7
000000D0: 45 31 47 30 71 59 70 77  6C 56 70 6D 51 6D 65 55  E1G0qYpwlVpmQmeU
000000E0: 4F 35 6C 79 68 74 77 30  4E 75 5A 30 31 33 70 7A  O5lyhtw0NuZ013pz
000000F0: 64 74 77 33 55 6E 6B 4E  6A 4B 49 58 61 37 68 62  dtw3UnkNjKIXa7hb
00000100: 6D 54 63 36 33 77 73 7A  33 6D 56 46 4A 70 56 43  mTc63wsz3mVFJpVC
00000110: 49 34 70 33 47 30 56 38  30 55 65 7A 6A 38 56 38  I4p3G0V80Uezj8V8
00000120: 76 68 4E 39 33 56 77 67  63 55 79 6B 52 75 4B 31  vhN93VwgcUykRuK1
00000130: 57 68 4D 75 4B 6B 61 55  61 50 67 6F 53 55 4C 73  WhMuKkaUaPgoSULs
00000140: 47 31 54 31 32 20 40 75  73 65 72 6E 61 6D 65 5F  G1T12 @username_
00000150: 38 32 38 20 68 74 74 70  3A 2F 2F 4F 74 4A 4B 50  828 http://OtJKP
00000160: 59 33 72 4D 48 79 30 6C  73 33 45 4B 31 71 4D 6E  Y3rMHy0ls3EK1qMn
00000170: 32 6C 56 6E 43 79 79 47  75 38 30 6A 79 54 6A 34  2lVnCyyGu80jyTj4
00000180: 43 63 57 5A 58 76 71 4F  6C 49 38 44 6B 4B 69 4F  CcWZXvqOlI8DkKiO
00000190: 62 53 7A 57 78 6D 66 72  46 31 4D 22 7D 2C 22 33  bSzWxmfrF1M"},"3
000001A0: 22 3A 7B 22 6D 61 70 22  3A 5B 22 73 74 72 22 2C  ":{"map":["str",
000001B0: 22 73 74 72 22 2C 30 2C  7B 7D 5D 7D 7D 5D        "str",0,{}]}}]
====
STREAM PID 60554.0xffff9482de657e00 (S) > 60589.0xffff9482d7141200 (C), length 528
command[60554]: b'./cmake-build/src/TextService/TextService'
command[60589]: b'./src/ComposePostService/ComposePostService'
----
00000000: 00 00 02 0C 5B 31 2C 22  43 6F 6D 70 6F 73 65 54  ....[1,"ComposeT
00000010: 65 78 74 22 2C 32 2C 30  2C 7B 22 30 22 3A 7B 22  ext",2,0,{"0":{"
00000020: 72 65 63 22 3A 7B 22 31  22 3A 7B 22 73 74 72 22  rec":{"1":{"str"
00000030: 3A 22 57 55 6B 34 70 43  4E 43 73 63 39 56 6F 77  :"WUk4pCNCsc9Vow
00000040: 50 66 42 30 7A 49 44 57  66 79 50 67 4F 58 6B 48  PfB0zIDWfyPgOXkH
00000050: 66 56 4A 59 43 62 4F 37  66 4E 7A 61 33 78 6F 6B  fVJYCbO7fNza3xok
00000060: 61 54 36 46 74 74 66 73  4B 6B 35 55 6D 58 62 45  aT6FttfsKk5UmXbE
00000070: 4E 73 70 7A 79 49 37 4E  58 4F 37 32 4D 4D 7A 51  NspzyI7NXO72MMzQ
00000080: 53 30 33 61 42 32 4C 31  32 35 68 38 4E 47 6B 35  S03aB2L125h8NGk5
00000090: 52 59 6A 32 6B 63 76 4D  61 35 77 54 78 47 56 67  RYj2kcvMa5wTxGVg
000000A0: 68 72 51 67 6A 66 70 55  36 54 70 54 48 30 72 46  hrQgjfpU6TpTH0rF
000000B0: 79 44 78 6D 55 30 42 71  4E 52 48 64 37 45 31 47  yDxmU0BqNRHd7E1G
000000C0: 30 71 59 70 77 6C 56 70  6D 51 6D 65 55 4F 35 6C  0qYpwlVpmQmeUO5l
000000D0: 79 68 74 77 30 4E 75 5A  30 31 33 70 7A 64 74 77  yhtw0NuZ013pzdtw
000000E0: 33 55 6E 6B 4E 6A 4B 49  58 61 37 68 62 6D 54 63  3UnkNjKIXa7hbmTc
000000F0: 36 33 77 73 7A 33 6D 56  46 4A 70 56 43 49 34 70  63wsz3mVFJpVCI4p
00000100: 33 47 30 56 38 30 55 65  7A 6A 38 56 38 76 68 4E  3G0V80Uezj8V8vhN
00000110: 39 33 56 77 67 63 55 79  6B 52 75 4B 31 57 68 4D  93VwgcUykRuK1WhM
00000120: 75 4B 6B 61 55 61 50 67  6F 53 55 4C 73 47 31 54  uKkaUaPgoSULsG1T
00000130: 31 32 20 40 75 73 65 72  6E 61 6D 65 5F 38 32 38  12 @username_828
00000140: 20 68 74 74 70 3A 2F 2F  73 68 6F 72 74 2D 75 72   http://short-ur
00000150: 6C 2F 4E 4B 78 6F 47 4F  75 52 70 4B 22 7D 2C 22  l/NKxoGOuRpK"},"
00000160: 32 22 3A 7B 22 6C 73 74  22 3A 5B 22 72 65 63 22  2":{"lst":["rec"
00000170: 2C 30 5D 7D 2C 22 33 22  3A 7B 22 6C 73 74 22 3A  ,0]},"3":{"lst":
00000180: 5B 22 72 65 63 22 2C 31  2C 7B 22 31 22 3A 7B 22  ["rec",1,{"1":{"
00000190: 73 74 72 22 3A 22 68 74  74 70 3A 2F 2F 73 68 6F  str":"http://sho
000001A0: 72 74 2D 75 72 6C 2F 4E  4B 78 6F 47 4F 75 52 70  rt-url/NKxoGOuRp
000001B0: 4B 22 7D 2C 22 32 22 3A  7B 22 73 74 72 22 3A 22  K"},"2":{"str":"
000001C0: 68 74 74 70 3A 2F 2F 4F  74 4A 4B 50 59 33 72 4D  http://OtJKPY3rM
000001D0: 48 79 30 6C 73 33 45 4B  31 71 4D 6E 32 6C 56 6E  Hy0ls3EK1qMn2lVn
000001E0: 43 79 79 47 75 38 30 6A  79 54 6A 34 43 63 57 5A  CyyGu80jyTj4CcWZ
000001F0: 58 76 71 4F 6C 49 38 44  6B 4B 69 4F 62 53 7A 57  XvqOlI8DkKiObSzW
00000200: 78 6D 66 72 46 31 4D 22  7D 7D 5D 7D 7D 7D 7D 5D  xmfrF1M"}}]}}}}]
====
STREAM PID 60589.0xffff9482d7141200 (C) > 60554.0xffff9482de657e00 (S), length 662
command[60589]: b'./src/ComposePostService/ComposePostService'
command[60554]: b'./cmake-build/src/TextService/TextService'
----
00000000: 00 00 02 92 5B 31 2C 22  43 6F 6D 70 6F 73 65 54  ....[1,"ComposeT
00000010: 65 78 74 22 2C 31 2C 30  2C 7B 22 31 22 3A 7B 22  ext",1,0,{"1":{"
00000020: 69 36 34 22 3A 39 34 37  31 37 37 36 32 34 38 35  i64":94717762485
00000030: 35 31 33 33 33 31 32 7D  2C 22 32 22 3A 7B 22 73  5133312},"2":{"s
00000040: 74 72 22 3A 22 50 5A 51  31 51 63 4A 4B 35 44 46  tr":"PZQ1QcJK5DF
00000050: 7A 72 4A 43 59 39 6A 66  6C 51 6B 31 30 76 56 59  zrJCY9jflQk10vVY
00000060: 50 66 49 68 41 52 69 61  44 73 6E 58 44 58 66 35  PfIhARiaDsnXDXf5
00000070: 45 6C 43 63 41 59 58 48  54 67 78 6F 5A 49 34 61  ElCcAYXHTgxoZI4a
00000080: 72 67 4C 36 44 4E 79 6C  4A 63 55 45 36 61 4C 43  rgL6DNylJcUE6aLC
00000090: 59 31 6A 78 74 79 36 54  30 33 4D 74 62 6A 70 4D  Y1jxty6T03MtbjpM
000000A0: 47 59 57 6D 41 47 50 66  4E 62 56 36 43 34 67 55  GYWmAGPfNbV6C4gU
000000B0: 68 72 4A 66 4B 35 63 4C  30 43 6A 63 32 54 63 70  hrJfK5cL0Cjc2Tcp
000000C0: 4D 36 4F 6B 48 69 55 51  59 4F 36 67 58 4B 67 52  M6OkHiUQYO6gXKgR
000000D0: 69 54 5A 75 4E 41 65 4A  6A 38 71 64 71 70 44 68  iTZuNAeJj8qdqpDh
000000E0: 78 32 52 72 4F 62 61 6B  68 5A 74 78 35 4E 48 33  x2RrObakhZtx5NH3
000000F0: 47 4C 50 31 48 4B 66 48  51 4C 35 33 38 49 6F 31  GLP1HKfHQL538Io1
00000100: 53 72 57 36 34 31 74 53  4B 79 68 61 4A 32 33 6E  SrW641tSKyhaJ23n
00000110: 4A 66 33 78 74 47 6C 59  41 30 54 4D 4B 70 5A 49  Jf3xtGlYA0TMKpZI
00000120: 6B 4D 73 44 4E 61 36 74  59 66 50 62 35 71 67 74  kMsDNa6tYfPb5qgt
00000130: 4D 4B 66 6D 6D 68 49 63  45 31 67 36 6A 68 62 31  MKfmmhIcE1g6jhb1
00000140: 66 41 66 78 76 20 40 75  73 65 72 6E 61 6D 65 5F  fAfxv @username_
00000150: 32 30 34 20 68 74 74 70  3A 2F 2F 55 4C 74 47 68  204 http://ULtGh
00000160: 54 4B 58 65 69 61 70 47  55 4F 37 70 65 37 49 37  TKXeiapGUO7pe7I7
00000170: 53 65 7A 4C 4E 47 69 31  34 30 4D 52 39 4B 32 62  SezLNGi140MR9K2b
00000180: 64 44 4F 6D 35 6B 74 65  7A 48 73 7A 6B 72 65 78  dDOm5ktezHszkrex
00000190: 4C 6A 37 49 30 5A 68 50  73 6F 64 20 68 74 74 70  Lj7I0ZhPsod http
000001A0: 3A 2F 2F 39 42 47 7A 57  49 58 41 55 69 65 74 69  ://9BGzWIXAUieti
000001B0: 71 62 43 37 73 54 42 63  62 63 59 45 66 70 64 4F  qbC7sTBcbcYEfpdO
000001C0: 56 58 68 31 44 58 79 50  76 72 5A 75 72 4A 66 7A  VXh1DXyPvrZurJfz
000001D0: 37 63 4B 50 39 31 42 36  6A 71 68 6E 68 4C 30 32  7cKP91B6jqhnhL02
000001E0: 33 30 74 20 68 74 74 70  3A 2F 2F 4D 74 37 46 75  30t http://Mt7Fu
000001F0: 63 78 4B 6E 6C 6F 4E 55  38 44 71 64 5A 48 58 41  cxKnloNU8DqdZHXA
00000200: 4B 74 4D 4B 52 44 42 71  36 67 63 6B 6E 56 32 55  KtMKRDBq6gcknV2U
00000210: 50 43 4C 34 45 6A 44 4B  75 55 4C 32 31 67 78 30  PCL4EjDKuUL21gx0
00000220: 55 66 46 37 71 45 34 34  62 4E 4B 20 68 74 74 70  UfF7qE44bNK http
00000230: 3A 2F 2F 74 33 54 46 55  5A 53 67 61 52 68 61 52  ://t3TFUZSgaRhaR
00000240: 55 45 4E 66 70 76 5A 32  48 63 62 78 7A 50 4F 37  UENfpvZ2HcbxzPO7
00000250: 7A 71 71 4A 78 47 4E 73  4C 42 4F 30 46 53 37 6B  zqqJxGNsLBO0FS7k
00000260: 57 52 32 4A 43 33 77 62  4F 70 55 73 31 41 6B 71  WR2JC3wbOpUs1Akq
00000270: 51 35 45 22 7D 2C 22 33  22 3A 7B 22 6D 61 70 22  Q5E"},"3":{"map"
00000280: 3A 5B 22 73 74 72 22 2C  22 73 74 72 22 2C 30 2C  :["str","str",0,
00000290: 7B 7D 5D 7D 7D 5D                                 {}]}}]
====
STREAM PID 60554.0xffff9482de657e00 (S) > 60589.0xffff9482d7141200 (C), length 1002
command[60554]: b'./cmake-build/src/TextService/TextService'
command[60589]: b'./src/ComposePostService/ComposePostService'
----
00000000: 00 00 03 E6 5B 31 2C 22  43 6F 6D 70 6F 73 65 54  ....[1,"ComposeT
00000010: 65 78 74 22 2C 32 2C 30  2C 7B 22 30 22 3A 7B 22  ext",2,0,{"0":{"
00000020: 72 65 63 22 3A 7B 22 31  22 3A 7B 22 73 74 72 22  rec":{"1":{"str"
00000030: 3A 22 50 5A 51 31 51 63  4A 4B 35 44 46 7A 72 4A  :"PZQ1QcJK5DFzrJ
00000040: 43 59 39 6A 66 6C 51 6B  31 30 76 56 59 50 66 49  CY9jflQk10vVYPfI
00000050: 68 41 52 69 61 44 73 6E  58 44 58 66 35 45 6C 43  hARiaDsnXDXf5ElC
00000060: 63 41 59 58 48 54 67 78  6F 5A 49 34 61 72 67 4C  cAYXHTgxoZI4argL
00000070: 36 44 4E 79 6C 4A 63 55  45 36 61 4C 43 59 31 6A  6DNylJcUE6aLCY1j
00000080: 78 74 79 36 54 30 33 4D  74 62 6A 70 4D 47 59 57  xty6T03MtbjpMGYW
00000090: 6D 41 47 50 66 4E 62 56  36 43 34 67 55 68 72 4A  mAGPfNbV6C4gUhrJ
000000A0: 66 4B 35 63 4C 30 43 6A  63 32 54 63 70 4D 36 4F  fK5cL0Cjc2TcpM6O
000000B0: 6B 48 69 55 51 59 4F 36  67 58 4B 67 52 69 54 5A  kHiUQYO6gXKgRiTZ
000000C0: 75 4E 41 65 4A 6A 38 71  64 71 70 44 68 78 32 52  uNAeJj8qdqpDhx2R
000000D0: 72 4F 62 61 6B 68 5A 74  78 35 4E 48 33 47 4C 50  rObakhZtx5NH3GLP
000000E0: 31 48 4B 66 48 51 4C 35  33 38 49 6F 31 53 72 57  1HKfHQL538Io1SrW
000000F0: 36 34 31 74 53 4B 79 68  61 4A 32 33 6E 4A 66 33  641tSKyhaJ23nJf3
00000100: 78 74 47 6C 59 41 30 54  4D 4B 70 5A 49 6B 4D 73  xtGlYA0TMKpZIkMs
00000110: 44 4E 61 36 74 59 66 50  62 35 71 67 74 4D 4B 66  DNa6tYfPb5qgtMKf
00000120: 6D 6D 68 49 63 45 31 67  36 6A 68 62 31 66 41 66  mmhIcE1g6jhb1fAf
00000130: 78 76 20 40 75 73 65 72  6E 61 6D 65 5F 32 30 34  xv @username_204
00000140: 20 68 74 74 70 3A 2F 2F  73 68 6F 72 74 2D 75 72   http://short-ur
00000150: 6C 2F 6E 32 36 47 65 78  32 70 45 54 20 68 74 74  l/n26Gex2pET htt
00000160: 70 3A 2F 2F 73 68 6F 72  74 2D 75 72 6C 2F 36 62  p://short-url/6b
00000170: 78 6E 39 51 53 47 34 6C  20 68 74 74 70 3A 2F 2F  xn9QSG4l http://
00000180: 73 68 6F 72 74 2D 75 72  6C 2F 64 35 79 68 33 53  short-url/d5yh3S
00000190: 5A 39 79 4D 20 68 74 74  70 3A 2F 2F 73 68 6F 72  Z9yM http://shor
000001A0: 74 2D 75 72 6C 2F 64 70  34 42 71 6F 58 31 6B 7A  t-url/dp4BqoX1kz
000001B0: 22 7D 2C 22 32 22 3A 7B  22 6C 73 74 22 3A 5B 22  "},"2":{"lst":["
000001C0: 72 65 63 22 2C 30 5D 7D  2C 22 33 22 3A 7B 22 6C  rec",0]},"3":{"l
000001D0: 73 74 22 3A 5B 22 72 65  63 22 2C 34 2C 7B 22 31  st":["rec",4,{"1
000001E0: 22 3A 7B 22 73 74 72 22  3A 22 68 74 74 70 3A 2F  ":{"str":"http:/
000001F0: 2F 73 68 6F 72 74 2D 75  72 6C 2F 6E 32 36 47 65  /short-url/n26Ge
00000200: 78 32 70 45 54 22 7D 2C  22 32 22 3A 7B 22 73 74  x2pET"},"2":{"st
00000210: 72 22 3A 22 68 74 74 70  3A 2F 2F 55 4C 74 47 68  r":"http://ULtGh
00000220: 54 4B 58 65 69 61 70 47  55 4F 37 70 65 37 49 37  TKXeiapGUO7pe7I7
00000230: 53 65 7A 4C 4E 47 69 31  34 30 4D 52 39 4B 32 62  SezLNGi140MR9K2b
00000240: 64 44 4F 6D 35 6B 74 65  7A 48 73 7A 6B 72 65 78  dDOm5ktezHszkrex
00000250: 4C 6A 37 49 30 5A 68 50  73 6F 64 22 7D 7D 2C 7B  Lj7I0ZhPsod"}},{
00000260: 22 31 22 3A 7B 22 73 74  72 22 3A 22 68 74 74 70  "1":{"str":"http
00000270: 3A 2F 2F 73 68 6F 72 74  2D 75 72 6C 2F 36 62 78  ://short-url/6bx
00000280: 6E 39 51 53 47 34 6C 22  7D 2C 22 32 22 3A 7B 22  n9QSG4l"},"2":{"
00000290: 73 74 72 22 3A 22 68 74  74 70 3A 2F 2F 39 42 47  str":"http://9BG
000002A0: 7A 57 49 58 41 55 69 65  74 69 71 62 43 37 73 54  zWIXAUietiqbC7sT
000002B0: 42 63 62 63 59 45 66 70  64 4F 56 58 68 31 44 58  BcbcYEfpdOVXh1DX
000002C0: 79 50 76 72 5A 75 72 4A  66 7A 37 63 4B 50 39 31  yPvrZurJfz7cKP91
000002D0: 42 36 6A 71 68 6E 68 4C  30 32 33 30 74 22 7D 7D  B6jqhnhL0230t"}}
000002E0: 2C 7B 22 31 22 3A 7B 22  73 74 72 22 3A 22 68 74  ,{"1":{"str":"ht
000002F0: 74 70 3A 2F 2F 73 68 6F  72 74 2D 75 72 6C 2F 64  tp://short-url/d
00000300: 35 79 68 33 53 5A 39 79  4D 22 7D 2C 22 32 22 3A  5yh3SZ9yM"},"2":
00000310: 7B 22 73 74 72 22 3A 22  68 74 74 70 3A 2F 2F 4D  {"str":"http://M
00000320: 74 37 46 75 63 78 4B 6E  6C 6F 4E 55 38 44 71 64  t7FucxKnloNU8Dqd
00000330: 5A 48 58 41 4B 74 4D 4B  52 44 42 71 36 67 63 6B  ZHXAKtMKRDBq6gck
00000340: 6E 56 32 55 50 43 4C 34  45 6A 44 4B 75 55 4C 32  nV2UPCL4EjDKuUL2
00000350: 31 67 78 30 55 66 46 37  71 45 34 34 62 4E 4B 22  1gx0UfF7qE44bNK"
00000360: 7D 7D 2C 7B 22 31 22 3A  7B 22 73 74 72 22 3A 22  }},{"1":{"str":"
00000370: 68 74 74 70 3A 2F 2F 73  68 6F 72 74 2D 75 72 6C  http://short-url
00000380: 2F 64 70 34 42 71 6F 58  31 6B 7A 22 7D 2C 22 32  /dp4BqoX1kz"},"2
00000390: 22 3A 7B 22 73 74 72 22  3A 22 68 74 74 70 3A 2F  ":{"str":"http:/
000003A0: 2F 74 33 54 46 55 5A 53  67 61 52 68 61 52 55 45  /t3TFUZSgaRhaRUE
000003B0: 4E 66 70 76 5A 32 48 63  62 78 7A 50 4F 37 7A 71  NfpvZ2HcbxzPO7zq
000003C0: 71 4A 78 47 4E 73 4C 42  4F 30 46 53 37 6B 57 52  qJxGNsLBO0FS7kWR
000003D0: 32 4A 43 33 77 62 4F 70  55 73 31 41 6B 71 51 35  2JC3wbOpUs1AkqQ5
000003E0: 45 22 7D 7D 5D 7D 7D 7D  7D 5D                    E"}}]}}}}]
====
STREAM PID 60589.0xffff9482d7141200 (C) > 60554.0xffff9482de657e00 (S), length 360
command[60589]: b'./src/ComposePostService/ComposePostService'
command[60554]: b'./cmake-build/src/TextService/TextService'
----
00000000: 00 00 01 64 5B 31 2C 22  43 6F 6D 70 6F 73 65 54  ...d[1,"ComposeT
00000010: 65 78 74 22 2C 31 2C 30  2C 7B 22 31 22 3A 7B 22  ext",1,0,{"1":{"
00000020: 69 36 34 22 3A 32 30 38  31 39 38 33 33 35 34 37  i64":20819833547
00000030: 36 39 36 38 38 39 36 7D  2C 22 32 22 3A 7B 22 73  6968896},"2":{"s
00000040: 74 72 22 3A 22 32 6A 37  70 68 35 33 62 79 44 77  tr":"2j7ph53byDw
00000050: 51 6E 42 65 48 79 4F 32  72 4C 72 44 34 54 6D 6A  QnBeHyO2rLrD4Tmj
00000060: 4B 45 6C 68 31 78 46 43  61 6A 37 34 38 72 6F 33  KElh1xFCaj748ro3
00000070: 7A 34 6E 4A 54 71 38 62  44 4D 64 4D 50 44 76 47  z4nJTq8bDMdMPDvG
00000080: 31 4C 7A 59 44 58 6C 31  66 71 58 30 30 75 30 71  1LzYDXl1fqX00u0q
00000090: 72 41 7A 70 77 37 4C 68  44 70 4B 52 37 55 61 50  rAzpw7LhDpKR7UaP
000000A0: 74 53 77 76 39 4C 4B 70  75 31 6C 77 53 41 47 58  tSwv9LKpu1lwSAGX
000000B0: 51 35 4C 63 45 74 4C 6B  6C 49 4A 7A 6B 6B 71 4D  Q5LcEtLklIJzkkqM
000000C0: 78 4F 53 50 44 70 73 51  50 71 6E 62 39 35 4F 45  xOSPDpsQPqnb95OE
000000D0: 44 51 49 65 66 73 79 48  75 44 4D 52 65 37 67 44  DQIefsyHuDMRe7gD
000000E0: 31 68 34 57 4E 74 4E 68  46 62 37 75 6F 4D 48 32  1h4WNtNhFb7uoMH2
000000F0: 52 6E 4C 64 67 36 74 68  65 76 78 30 51 67 33 70  RnLdg6thevx0Qg3p
00000100: 36 64 6A 50 32 31 69 78  42 45 69 57 32 67 4E 63  6djP21ixBEiW2gNc
00000110: 65 57 73 67 6D 52 4E 59  6B 33 6B 71 43 4D 53 57  eWsgmRNYk3kqCMSW
00000120: 51 41 34 67 4F 38 4D 68  4B 78 4C 52 47 46 50 50  QA4gO8MhKxLRGFPP
00000130: 36 6A 65 73 6B 62 62 6F  4E 49 6E 34 6B 6C 30 53  6jeskbboNIn4kl0S
00000140: 46 56 6A 79 48 22 7D 2C  22 33 22 3A 7B 22 6D 61  FVjyH"},"3":{"ma
00000150: 70 22 3A 5B 22 73 74 72  22 2C 22 73 74 72 22 2C  p":["str","str",
00000160: 30 2C 7B 7D 5D 7D 7D 5D                           0,{}]}}]
====
STREAM PID 60554.0xffff9482de657e00 (S) > 60589.0xffff9482d7141200 (C), length 356
command[60554]: b'./cmake-build/src/TextService/TextService'
command[60589]: b'./src/ComposePostService/ComposePostService'
----
00000000: 00 00 01 60 5B 31 2C 22  43 6F 6D 70 6F 73 65 54  ...`[1,"ComposeT
00000010: 65 78 74 22 2C 32 2C 30  2C 7B 22 30 22 3A 7B 22  ext",2,0,{"0":{"
00000020: 72 65 63 22 3A 7B 22 31  22 3A 7B 22 73 74 72 22  rec":{"1":{"str"
00000030: 3A 22 32 6A 37 70 68 35  33 62 79 44 77 51 6E 42  :"2j7ph53byDwQnB
00000040: 65 48 79 4F 32 72 4C 72  44 34 54 6D 6A 4B 45 6C  eHyO2rLrD4TmjKEl
00000050: 68 31 78 46 43 61 6A 37  34 38 72 6F 33 7A 34 6E  h1xFCaj748ro3z4n
00000060: 4A 54 71 38 62 44 4D 64  4D 50 44 76 47 31 4C 7A  JTq8bDMdMPDvG1Lz
00000070: 59 44 58 6C 31 66 71 58  30 30 75 30 71 72 41 7A  YDXl1fqX00u0qrAz
00000080: 70 77 37 4C 68 44 70 4B  52 37 55 61 50 74 53 77  pw7LhDpKR7UaPtSw
00000090: 76 39 4C 4B 70 75 31 6C  77 53 41 47 58 51 35 4C  v9LKpu1lwSAGXQ5L
000000A0: 63 45 74 4C 6B 6C 49 4A  7A 6B 6B 71 4D 78 4F 53  cEtLklIJzkkqMxOS
000000B0: 50 44 70 73 51 50 71 6E  62 39 35 4F 45 44 51 49  PDpsQPqnb95OEDQI
000000C0: 65 66 73 79 48 75 44 4D  52 65 37 67 44 31 68 34  efsyHuDMRe7gD1h4
000000D0: 57 4E 74 4E 68 46 62 37  75 6F 4D 48 32 52 6E 4C  WNtNhFb7uoMH2RnL
000000E0: 64 67 36 74 68 65 76 78  30 51 67 33 70 36 64 6A  dg6thevx0Qg3p6dj
000000F0: 50 32 31 69 78 42 45 69  57 32 67 4E 63 65 57 73  P21ixBEiW2gNceWs
00000100: 67 6D 52 4E 59 6B 33 6B  71 43 4D 53 57 51 41 34  gmRNYk3kqCMSWQA4
00000110: 67 4F 38 4D 68 4B 78 4C  52 47 46 50 50 36 6A 65  gO8MhKxLRGFPP6je
00000120: 73 6B 62 62 6F 4E 49 6E  34 6B 6C 30 53 46 56 6A  skbboNIn4kl0SFVj
00000130: 79 48 22 7D 2C 22 32 22  3A 7B 22 6C 73 74 22 3A  yH"},"2":{"lst":
00000140: 5B 22 72 65 63 22 2C 30  5D 7D 2C 22 33 22 3A 7B  ["rec",0]},"3":{
00000150: 22 6C 73 74 22 3A 5B 22  72 65 63 22 2C 30 5D 7D  "lst":["rec",0]}
00000160: 7D 7D 7D 5D                                       }}}]
====
STREAM PID 60589.0xffff9482d7141200 (C) > 60554.0xffff9482de657e00 (S), length 576
command[60589]: b'./src/ComposePostService/ComposePostService'
command[60554]: b'./cmake-build/src/TextService/TextService'
----
00000000: 00 00 02 3C 5B 31 2C 22  43 6F 6D 70 6F 73 65 54  ...<[1,"ComposeT
00000010: 65 78 74 22 2C 31 2C 30  2C 7B 22 31 22 3A 7B 22  ext",1,0,{"1":{"
00000020: 69 36 34 22 3A 32 37 30  39 39 38 32 36 37 33 39  i64":27099826739
00000030: 31 38 31 30 32 37 32 7D  2C 22 32 22 3A 7B 22 73  1810272},"2":{"s
00000040: 74 72 22 3A 22 34 71 77  74 68 72 54 4A 73 33 68  tr":"4qwthrTJs3h
00000050: 44 45 55 73 59 43 30 55  4F 47 5A 49 72 79 58 72  DEUsYC0UOGZIryXr
00000060: 4A 6D 46 6D 6F 35 6E 54  37 35 4E 71 42 68 56 63  JmFmo5nT75NqBhVc
00000070: 6F 7A 7A 64 42 5A 69 31  74 66 37 69 57 7A 5A 41  ozzdBZi1tf7iWzZA
00000080: 5A 69 63 51 4E 38 68 6D  49 56 6E 70 30 4C 63 6F  ZicQN8hmIVnp0Lco
00000090: 37 36 69 5A 67 65 57 39  66 54 62 78 79 6E 31 70  76iZgeW9fTbxyn1p
000000A0: 33 64 67 66 6F 63 73 43  62 54 30 36 37 57 43 69  3dgfocsCbT067WCi
000000B0: 78 6E 39 41 6B 5A 6E 79  44 37 6D 64 30 36 36 79  xn9AkZnyD7md066y
000000C0: 42 78 6E 4F 62 53 68 75  41 4C 70 58 72 31 7A 62  BxnObShuALpXr1zb
000000D0: 49 64 31 42 71 71 58 32  34 46 41 4E 4A 39 41 39  Id1BqqX24FANJ9A9
000000E0: 6B 59 51 77 6B 35 36 39  74 7A 65 30 63 41 76 55  kYQwk569tze0cAvU
000000F0: 6C 5A 76 6E 72 65 6C 51  50 57 61 4E 54 68 54 61  lZvnrelQPWaNThTa
00000100: 34 70 70 43 47 69 46 46  58 4C 36 54 33 71 41 4B  4ppCGiFFXL6T3qAK
00000110: 66 58 71 31 61 36 48 47  6D 64 56 4A 69 4C 4A 4A  fXq1a6HGmdVJiLJJ
00000120: 4D 42 76 79 64 38 46 6A  45 72 59 72 58 53 5A 30  MBvyd8FjErYrXSZ0
00000130: 47 46 55 34 30 63 34 45  47 6D 42 69 67 6B 37 48  GFU40c4EGmBigk7H
00000140: 78 57 49 61 43 20 68 74  74 70 3A 2F 2F 5A 6F 73  xWIaC http://Zos
00000150: 58 49 51 45 58 76 6B 68  7A 6B 78 79 79 31 55 31  XIQEXvkhzkxyy1U1
00000160: 71 39 50 78 34 4F 41 6A  49 48 63 4A 30 33 39 70  q9Px4OAjIHcJ039p
00000170: 55 79 63 4B 30 31 6B 56  32 63 69 70 63 5A 46 63  UycK01kV2cipcZFc
00000180: 65 4B 48 36 65 70 4B 50  44 73 46 71 53 20 68 74  eKH6epKPDsFqS ht
00000190: 74 70 3A 2F 2F 6A 4A 75  4C 77 50 77 4B 30 4A 64  tp://jJuLwPwK0Jd
000001A0: 7A 4D 79 6C 72 7A 42 79  71 75 41 58 65 54 56 66  zMylrzByquAXeTVf
000001B0: 69 54 50 50 6E 6D 61 6B  4E 39 67 53 47 41 4C 49  iTPPnmakN9gSGALI
000001C0: 4E 45 46 57 4D 51 50 79  69 58 64 34 7A 6F 32 6E  NEFWMQPyiXd4zo2n
000001D0: 53 4B 43 42 64 20 68 74  74 70 3A 2F 2F 43 78 44  SKCBd http://CxD
000001E0: 58 54 6B 49 43 4D 37 37  66 44 68 7A 68 47 4B 37  XTkICM77fDhzhGK7
000001F0: 49 38 50 46 43 6F 46 71  79 50 44 62 37 38 33 7A  I8PFCoFqyPDb783z
00000200: 76 43 61 4F 35 6F 58 4E  42 46 6A 53 54 56 62 68  vCaO5oXNBFjSTVbh
00000210: 49 54 6C 6E 46 78 53 4C  69 68 35 4D 57 22 7D 2C  ITlnFxSLih5MW"},
00000220: 22 33 22 3A 7B 22 6D 61  70 22 3A 5B 22 73 74 72  "3":{"map":["str
00000230: 22 2C 22 73 74 72 22 2C  30 2C 7B 7D 5D 7D 7D 5D  ","str",0,{}]}}]
====
STREAM PID 60554.0xffff9482de657e00 (S) > 60589.0xffff9482d7141200 (C), length 830
command[60554]: b'./cmake-build/src/TextService/TextService'
command[60589]: b'./src/ComposePostService/ComposePostService'
----
00000000: 00 00 03 3A 5B 31 2C 22  43 6F 6D 70 6F 73 65 54  ...:[1,"ComposeT
00000010: 65 78 74 22 2C 32 2C 30  2C 7B 22 30 22 3A 7B 22  ext",2,0,{"0":{"
00000020: 72 65 63 22 3A 7B 22 31  22 3A 7B 22 73 74 72 22  rec":{"1":{"str"
00000030: 3A 22 34 71 77 74 68 72  54 4A 73 33 68 44 45 55  :"4qwthrTJs3hDEU
00000040: 73 59 43 30 55 4F 47 5A  49 72 79 58 72 4A 6D 46  sYC0UOGZIryXrJmF
00000050: 6D 6F 35 6E 54 37 35 4E  71 42 68 56 63 6F 7A 7A  mo5nT75NqBhVcozz
00000060: 64 42 5A 69 31 74 66 37  69 57 7A 5A 41 5A 69 63  dBZi1tf7iWzZAZic
00000070: 51 4E 38 68 6D 49 56 6E  70 30 4C 63 6F 37 36 69  QN8hmIVnp0Lco76i
00000080: 5A 67 65 57 39 66 54 62  78 79 6E 31 70 33 64 67  ZgeW9fTbxyn1p3dg
00000090: 66 6F 63 73 43 62 54 30  36 37 57 43 69 78 6E 39  focsCbT067WCixn9
000000A0: 41 6B 5A 6E 79 44 37 6D  64 30 36 36 79 42 78 6E  AkZnyD7md066yBxn
000000B0: 4F 62 53 68 75 41 4C 70  58 72 31 7A 62 49 64 31  ObShuALpXr1zbId1
000000C0: 42 71 71 58 32 34 46 41  4E 4A 39 41 39 6B 59 51  BqqX24FANJ9A9kYQ
000000D0: 77 6B 35 36 39 74 7A 65  30 63 41 76 55 6C 5A 76  wk569tze0cAvUlZv
000000E0: 6E 72 65 6C 51 50 57 61  4E 54 68 54 61 34 70 70  nrelQPWaNThTa4pp
000000F0: 43 47 69 46 46 58 4C 36  54 33 71 41 4B 66 58 71  CGiFFXL6T3qAKfXq
00000100: 31 61 36 48 47 6D 64 56  4A 69 4C 4A 4A 4D 42 76  1a6HGmdVJiLJJMBv
00000110: 79 64 38 46 6A 45 72 59  72 58 53 5A 30 47 46 55  yd8FjErYrXSZ0GFU
00000120: 34 30 63 34 45 47 6D 42  69 67 6B 37 48 78 57 49  40c4EGmBigk7HxWI
00000130: 61 43 20 68 74 74 70 3A  2F 2F 73 68 6F 72 74 2D  aC http://short-
00000140: 75 72 6C 2F 6E 6F 64 36  59 50 75 44 41 30 20 68  url/nod6YPuDA0 h
00000150: 74 74 70 3A 2F 2F 73 68  6F 72 74 2D 75 72 6C 2F  ttp://short-url/
00000160: 53 34 75 44 68 51 75 35  7A 52 20 68 74 74 70 3A  S4uDhQu5zR http:
00000170: 2F 2F 73 68 6F 72 74 2D  75 72 6C 2F 33 34 69 71  //short-url/34iq
00000180: 59 73 48 50 6F 56 22 7D  2C 22 32 22 3A 7B 22 6C  YsHPoV"},"2":{"l
00000190: 73 74 22 3A 5B 22 72 65  63 22 2C 30 5D 7D 2C 22  st":["rec",0]},"
000001A0: 33 22 3A 7B 22 6C 73 74  22 3A 5B 22 72 65 63 22  3":{"lst":["rec"
000001B0: 2C 33 2C 7B 22 31 22 3A  7B 22 73 74 72 22 3A 22  ,3,{"1":{"str":"
000001C0: 68 74 74 70 3A 2F 2F 73  68 6F 72 74 2D 75 72 6C  http://short-url
000001D0: 2F 6E 6F 64 36 59 50 75  44 41 30 22 7D 2C 22 32  /nod6YPuDA0"},"2
000001E0: 22 3A 7B 22 73 74 72 22  3A 22 68 74 74 70 3A 2F  ":{"str":"http:/
000001F0: 2F 5A 6F 73 58 49 51 45  58 76 6B 68 7A 6B 78 79  /ZosXIQEXvkhzkxy
00000200: 79 31 55 31 71 39 50 78  34 4F 41 6A 49 48 63 4A  y1U1q9Px4OAjIHcJ
00000210: 30 33 39 70 55 79 63 4B  30 31 6B 56 32 63 69 70  039pUycK01kV2cip
00000220: 63 5A 46 63 65 4B 48 36  65 70 4B 50 44 73 46 71  cZFceKH6epKPDsFq
00000230: 53 22 7D 7D 2C 7B 22 31  22 3A 7B 22 73 74 72 22  S"}},{"1":{"str"
00000240: 3A 22 68 74 74 70 3A 2F  2F 73 68 6F 72 74 2D 75  :"http://short-u
00000250: 72 6C 2F 53 34 75 44 68  51 75 35 7A 52 22 7D 2C  rl/S4uDhQu5zR"},
00000260: 22 32 22 3A 7B 22 73 74  72 22 3A 22 68 74 74 70  "2":{"str":"http
00000270: 3A 2F 2F 6A 4A 75 4C 77  50 77 4B 30 4A 64 7A 4D  ://jJuLwPwK0JdzM
00000280: 79 6C 72 7A 42 79 71 75  41 58 65 54 56 66 69 54  ylrzByquAXeTVfiT
00000290: 50 50 6E 6D 61 6B 4E 39  67 53 47 41 4C 49 4E 45  PPnmakN9gSGALINE
000002A0: 46 57 4D 51 50 79 69 58  64 34 7A 6F 32 6E 53 4B  FWMQPyiXd4zo2nSK
000002B0: 43 42 64 22 7D 7D 2C 7B  22 31 22 3A 7B 22 73 74  CBd"}},{"1":{"st
000002C0: 72 22 3A 22 68 74 74 70  3A 2F 2F 73 68 6F 72 74  r":"http://short
000002D0: 2D 75 72 6C 2F 33 34 69  71 59 73 48 50 6F 56 22  -url/34iqYsHPoV"
000002E0: 7D 2C 22 32 22 3A 7B 22  73 74 72 22 3A 22 68 74  },"2":{"str":"ht
000002F0: 74 70 3A 2F 2F 43 78 44  58 54 6B 49 43 4D 37 37  tp://CxDXTkICM77
00000300: 66 44 68 7A 68 47 4B 37  49 38 50 46 43 6F 46 71  fDhzhGK7I8PFCoFq
00000310: 79 50 44 62 37 38 33 7A  76 43 61 4F 35 6F 58 4E  yPDb783zvCaO5oXN
00000320: 42 46 6A 53 54 56 62 68  49 54 6C 6E 46 78 53 4C  BFjSTVbhITlnFxSL
00000330: 69 68 35 4D 57 22 7D 7D  5D 7D 7D 7D 7D 5D        ih5MW"}}]}}}}]
====
STREAM PID 60589.0xffff9482d7141200 (C) > 60554.0xffff9482de657e00 (S), length 460
command[60589]: b'./src/ComposePostService/ComposePostService'
command[60554]: b'./cmake-build/src/TextService/TextService'
----
00000000: 00 00 01 C8 5B 31 2C 22  43 6F 6D 70 6F 73 65 54  ....[1,"ComposeT
00000010: 65 78 74 22 2C 31 2C 30  2C 7B 22 31 22 3A 7B 22  ext",1,0,{"1":{"
00000020: 69 36 34 22 3A 33 38 33  38 34 38 31 32 35 37 36  i64":38384812576
00000030: 32 34 32 37 39 30 34 7D  2C 22 32 22 3A 7B 22 73  2427904},"2":{"s
00000040: 74 72 22 3A 22 47 4F 46  68 70 6F 42 45 33 70 45  tr":"GOFhpoBE3pE
00000050: 64 63 78 4C 70 6A 47 5A  57 6B 45 4F 6B 35 77 30  dcxLpjGZWkEOk5w0
00000060: 31 46 49 77 4D 57 50 71  50 7A 4A 30 32 55 31 7A  1FIwMWPqPzJ02U1z
00000070: 35 68 31 63 44 38 57 63  34 4D 69 45 43 58 35 63  5h1cD8Wc4MiECX5c
00000080: 69 67 57 4D 35 78 73 68  33 4C 4F 6D 31 36 45 76  igWM5xsh3LOm16Ev
00000090: 43 53 44 49 7A 5A 4E 57  42 36 39 70 36 70 4F 59  CSDIzZNWB69p6pOY
000000A0: 41 74 78 39 42 67 36 73  6A 74 65 71 56 58 6F 4E  Atx9Bg6sjteqVXoN
000000B0: 6F 36 66 66 55 42 70 69  66 7A 5A 6C 56 43 52 73  o6ffUBpifzZlVCRs
000000C0: 6D 50 79 48 57 57 53 63  4B 65 63 46 45 68 35 68  mPyHWWScKecFEh5h
000000D0: 4F 62 42 57 58 78 74 77  74 53 56 79 36 36 30 37  ObBWXxtwtSVy6607
000000E0: 32 32 39 38 66 34 61 78  42 78 64 56 62 61 33 49  2298f4axBxdVba3I
000000F0: 31 61 36 70 6E 51 43 66  79 41 7A 31 55 43 47 74  1a6pnQCfyAz1UCGt
00000100: 34 46 68 33 41 45 52 61  63 54 4C 4E 65 55 63 77  4Fh3AERacTLNeUcw
00000110: 62 39 58 31 71 6A 48 54  31 4E 76 52 64 46 30 41  b9X1qjHT1NvRdF0A
00000120: 33 6D 38 75 57 48 4A 62  48 63 6F 46 43 30 6D 33  3m8uWHJbHcoFC0m3
00000130: 50 46 79 32 37 4F 69 62  6D 63 78 33 4A 54 66 56  PFy27Oibmcx3JTfV
00000140: 58 75 59 4A 51 20 40 75  73 65 72 6E 61 6D 65 5F  XuYJQ @username_
00000150: 33 31 33 20 40 75 73 65  72 6E 61 6D 65 5F 36 38  313 @username_68
00000160: 34 20 68 74 74 70 3A 2F  2F 58 71 35 4A 67 37 4A  4 http://Xq5Jg7J
00000170: 44 6C 49 47 6B 47 73 73  77 34 71 45 35 41 76 56  DlIGkGssw4qE5AvV
00000180: 30 48 78 42 6B 4E 50 44  65 48 38 7A 6B 4E 51 59  0HxBkNPDeH8zkNQY
00000190: 56 66 70 31 48 67 50 31  62 6A 38 4F 38 61 52 35  Vfp1HgP1bj8O8aR5
000001A0: 32 4C 6F 71 47 42 58 5A  79 22 7D 2C 22 33 22 3A  2LoqGBXZy"},"3":
000001B0: 7B 22 6D 61 70 22 3A 5B  22 73 74 72 22 2C 22 73  {"map":["str","s
000001C0: 74 72 22 2C 30 2C 7B 7D  5D 7D 7D 5D              tr",0,{}]}}]
====
STREAM PID 60554.0xffff9482de657e00 (S) > 60589.0xffff9482d7141200 (C), length 542
command[60554]: b'./cmake-build/src/TextService/TextService'
command[60589]: b'./src/ComposePostService/ComposePostService'
----
00000000: 00 00 02 1A 5B 31 2C 22  43 6F 6D 70 6F 73 65 54  ....[1,"ComposeT
00000010: 65 78 74 22 2C 32 2C 30  2C 7B 22 30 22 3A 7B 22  ext",2,0,{"0":{"
00000020: 72 65 63 22 3A 7B 22 31  22 3A 7B 22 73 74 72 22  rec":{"1":{"str"
00000030: 3A 22 47 4F 46 68 70 6F  42 45 33 70 45 64 63 78  :"GOFhpoBE3pEdcx
00000040: 4C 70 6A 47 5A 57 6B 45  4F 6B 35 77 30 31 46 49  LpjGZWkEOk5w01FI
00000050: 77 4D 57 50 71 50 7A 4A  30 32 55 31 7A 35 68 31  wMWPqPzJ02U1z5h1
00000060: 63 44 38 57 63 34 4D 69  45 43 58 35 63 69 67 57  cD8Wc4MiECX5cigW
00000070: 4D 35 78 73 68 33 4C 4F  6D 31 36 45 76 43 53 44  M5xsh3LOm16EvCSD
00000080: 49 7A 5A 4E 57 42 36 39  70 36 70 4F 59 41 74 78  IzZNWB69p6pOYAtx
00000090: 39 42 67 36 73 6A 74 65  71 56 58 6F 4E 6F 36 66  9Bg6sjteqVXoNo6f
000000A0: 66 55 42 70 69 66 7A 5A  6C 56 43 52 73 6D 50 79  fUBpifzZlVCRsmPy
000000B0: 48 57 57 53 63 4B 65 63  46 45 68 35 68 4F 62 42  HWWScKecFEh5hObB
000000C0: 57 58 78 74 77 74 53 56  79 36 36 30 37 32 32 39  WXxtwtSVy6607229
000000D0: 38 66 34 61 78 42 78 64  56 62 61 33 49 31 61 36  8f4axBxdVba3I1a6
000000E0: 70 6E 51 43 66 79 41 7A  31 55 43 47 74 34 46 68  pnQCfyAz1UCGt4Fh
000000F0: 33 41 45 52 61 63 54 4C  4E 65 55 63 77 62 39 58  3AERacTLNeUcwb9X
00000100: 31 71 6A 48 54 31 4E 76  52 64 46 30 41 33 6D 38  1qjHT1NvRdF0A3m8
00000110: 75 57 48 4A 62 48 63 6F  46 43 30 6D 33 50 46 79  uWHJbHcoFC0m3PFy
00000120: 32 37 4F 69 62 6D 63 78  33 4A 54 66 56 58 75 59  27Oibmcx3JTfVXuY
00000130: 4A 51 20 40 75 73 65 72  6E 61 6D 65 5F 33 31 33  JQ @username_313
00000140: 20 40 75 73 65 72 6E 61  6D 65 5F 36 38 34 20 68   @username_684 h
00000150: 74 74 70 3A 2F 2F 73 68  6F 72 74 2D 75 72 6C 2F  ttp://short-url/
00000160: 37 34 41 6E 33 72 46 4A  51 78 22 7D 2C 22 32 22  74An3rFJQx"},"2"
00000170: 3A 7B 22 6C 73 74 22 3A  5B 22 72 65 63 22 2C 30  :{"lst":["rec",0
00000180: 5D 7D 2C 22 33 22 3A 7B  22 6C 73 74 22 3A 5B 22  ]},"3":{"lst":["
00000190: 72 65 63 22 2C 31 2C 7B  22 31 22 3A 7B 22 73 74  rec",1,{"1":{"st
000001A0: 72 22 3A 22 68 74 74 70  3A 2F 2F 73 68 6F 72 74  r":"http://short
000001B0: 2D 75 72 6C 2F 37 34 41  6E 33 72 46 4A 51 78 22  -url/74An3rFJQx"
000001C0: 7D 2C 22 32 22 3A 7B 22  73 74 72 22 3A 22 68 74  },"2":{"str":"ht
000001D0: 74 70 3A 2F 2F 58 71 35  4A 67 37 4A 44 6C 49 47  tp://Xq5Jg7JDlIG
000001E0: 6B 47 73 73 77 34 71 45  35 41 76 56 30 48 78 42  kGssw4qE5AvV0HxB
000001F0: 6B 4E 50 44 65 48 38 7A  6B 4E 51 59 56 66 70 31  kNPDeH8zkNQYVfp1
00000200: 48 67 50 31 62 6A 38 4F  38 61 52 35 32 4C 6F 71  HgP1bj8O8aR52Loq
00000210: 47 42 58 5A 79 22 7D 7D  5D 7D 7D 7D 7D 5D        GBXZy"}}]}}}}]
====
STREAM PID 60589.0xffff9482d7141200 (C) > 60554.0xffff9482de657e00 (S), length 762
command[60589]: b'./src/ComposePostService/ComposePostService'
command[60554]: b'./cmake-build/src/TextService/TextService'
----
00000000: 00 00 02 F6 5B 31 2C 22  43 6F 6D 70 6F 73 65 54  ....[1,"ComposeT
00000010: 65 78 74 22 2C 31 2C 30  2C 7B 22 31 22 3A 7B 22  ext",1,0,{"1":{"
00000020: 69 36 34 22 3A 31 30 34  33 31 37 37 39 39 31 33  i64":10431779913
00000030: 31 30 36 39 31 32 30 7D  2C 22 32 22 3A 7B 22 73  1069120},"2":{"s
00000040: 74 72 22 3A 22 30 42 43  6F 39 6B 4E 46 48 44 77  tr":"0BCo9kNFHDw
00000050: 33 30 77 63 38 62 57 38  55 33 7A 33 30 52 54 6A  30wc8bW8U3z30RTj
00000060: 7A 36 6A 69 76 48 65 48  68 66 69 6E 50 34 39 42  z6jivHeHhfinP49B
00000070: 34 43 38 6D 5A 51 74 71  7A 55 68 34 6E 4D 50 69  4C8mZQtqzUh4nMPi
00000080: 6F 6E 5A 63 4F 38 59 7A  71 32 45 30 4F 56 6E 32  onZcO8Yzq2E0OVn2
00000090: 5A 59 74 6E 7A 48 78 35  47 72 54 72 39 41 39 42  ZYtnzHx5GrTr9A9B
000000A0: 49 51 75 45 66 4B 65 39  79 63 36 62 37 48 31 78  IQuEfKe9yc6b7H1x
000000B0: 4A 36 4D 59 4F 43 75 58  32 32 7A 30 6D 43 71 6C  J6MYOCuX22z0mCql
000000C0: 79 33 61 4C 55 31 6B 6B  62 5A 70 4E 4E 71 30 76  y3aLU1kkbZpNNq0v
000000D0: 54 68 64 41 36 57 47 76  6B 7A 34 55 37 78 77 67  ThdA6WGvkz4U7xwg
000000E0: 36 58 46 57 51 78 50 4B  44 59 6E 55 59 68 66 4F  6XFWQxPKDYnUYhfO
000000F0: 45 65 48 62 43 37 32 44  33 6C 32 76 75 65 49 76  EeHbC72D3l2vueIv
00000100: 41 4B 47 43 6E 36 72 76  54 44 57 64 66 48 4F 4B  AKGCn6rvTDWdfHOK
00000110: 56 7A 70 44 69 50 36 4A  59 69 56 42 43 51 33 75  VzpDiP6JYiVBCQ3u
00000120: 6B 51 32 30 45 70 4D 7A  6C 6C 4E 50 79 6B 38 76  kQ20EpMzllNPyk8v
00000130: 4A 4E 52 70 69 72 30 33  4A 64 42 68 6F 51 7A 62  JNRpir03JdBhoQzb
00000140: 51 42 66 43 53 20 40 75  73 65 72 6E 61 6D 65 5F  QBfCS @username_
00000150: 38 35 36 20 40 75 73 65  72 6E 61 6D 65 5F 33 31  856 @username_31
00000160: 36 20 40 75 73 65 72 6E  61 6D 65 5F 35 30 38 20  6 @username_508 
00000170: 68 74 74 70 3A 2F 2F 54  41 6E 54 44 6F 6C 48 79  http://TAnTDolHy
00000180: 54 47 48 71 4C 62 74 73  49 6F 77 4D 33 47 64 34  TGHqLbtsIowM3Gd4
00000190: 48 54 70 53 74 53 72 4D  70 55 50 31 77 63 6A 67  HTpStSrMpUP1wcjg
000001A0: 72 4B 75 70 4B 62 4B 37  75 77 6D 63 47 6F 46 73  rKupKbK7uwmcGoFs
000001B0: 57 5A 58 56 4D 42 32 20  68 74 74 70 3A 2F 2F 52  WZXVMB2 http://R
000001C0: 38 53 6F 70 41 77 39 4E  61 5A 6A 78 61 7A 6D 59  8SopAw9NaZjxazmY
000001D0: 33 59 48 50 4F 54 35 75  69 74 7A 54 34 4F 36 57  3YHPOT5uitzT4O6W
000001E0: 67 37 65 39 58 47 39 6C  38 4C 4E 62 59 67 31 61  g7e9XG9l8LNbYg1a
000001F0: 44 39 47 5A 53 4B 50 6A  52 35 6A 57 59 68 41 20  D9GZSKPjR5jWYhA 
00000200: 68 74 74 70 3A 2F 2F 76  31 64 78 61 79 39 67 6B  http://v1dxay9gk
00000210: 52 6A 38 49 35 63 76 59  37 4F 6D 56 78 72 42 54  Rj8I5cvY7OmVxrBT
00000220: 77 67 70 77 67 31 34 4B  39 46 76 75 38 37 4C 4E  wgpwg14K9Fvu87LN
00000230: 73 6A 39 35 69 6C 30 57  66 52 61 58 69 44 6B 6D  sj95il0WfRaXiDkm
00000240: 76 75 72 4C 58 4F 72 20  68 74 74 70 3A 2F 2F 74  vurLXOr http://t
00000250: 61 5A 59 68 33 48 4D 76  55 6D 44 30 30 6A 79 68  aZYh3HMvUmD00jyh
00000260: 57 74 4D 74 47 4D 76 6C  41 42 76 79 72 66 58 77  WtMtGMvlABvyrfXw
00000270: 77 32 54 4C 70 48 39 62  55 7A 57 37 5A 64 41 6E  w2TLpH9bUzW7ZdAn
00000280: 66 66 38 6A 69 73 76 55  76 4D 6E 53 33 49 73 20  ff8jisvUvMnS3Is 
00000290: 68 74 74 70 3A 2F 2F 6E  62 78 6A 35 6E 55 38 33  http://nbxj5nU83
000002A0: 42 30 55 38 36 50 65 30  63 6B 56 4C 41 61 45 42  B0U86Pe0ckVLAaEB
000002B0: 37 45 41 38 5A 4C 46 6F  65 67 4B 66 43 6B 57 72  7EA8ZLFoegKfCkWr
000002C0: 4E 37 42 77 59 45 38 61  56 63 39 39 42 50 79 6E  N7BwYE8aVc99BPyn
000002D0: 73 46 54 4B 4A 55 4C 22  7D 2C 22 33 22 3A 7B 22  sFTKJUL"},"3":{"
000002E0: 6D 61 70 22 3A 5B 22 73  74 72 22 2C 22 73 74 72  map":["str","str
000002F0: 22 2C 30 2C 7B 7D 5D 7D  7D 5D                    ",0,{}]}}]
====
STREAM PID 60554.0xffff9482de657e00 (S) > 60589.0xffff9482d7141200 (C), length 1188
command[60554]: b'./cmake-build/src/TextService/TextService'
command[60589]: b'./src/ComposePostService/ComposePostService'
----
00000000: 00 00 04 A0 5B 31 2C 22  43 6F 6D 70 6F 73 65 54  ....[1,"ComposeT
00000010: 65 78 74 22 2C 32 2C 30  2C 7B 22 30 22 3A 7B 22  ext",2,0,{"0":{"
00000020: 72 65 63 22 3A 7B 22 31  22 3A 7B 22 73 74 72 22  rec":{"1":{"str"
00000030: 3A 22 30 42 43 6F 39 6B  4E 46 48 44 77 33 30 77  :"0BCo9kNFHDw30w
00000040: 63 38 62 57 38 55 33 7A  33 30 52 54 6A 7A 36 6A  c8bW8U3z30RTjz6j
00000050: 69 76 48 65 48 68 66 69  6E 50 34 39 42 34 43 38  ivHeHhfinP49B4C8
00000060: 6D 5A 51 74 71 7A 55 68  34 6E 4D 50 69 6F 6E 5A  mZQtqzUh4nMPionZ
00000070: 63 4F 38 59 7A 71 32 45  30 4F 56 6E 32 5A 59 74  cO8Yzq2E0OVn2ZYt
00000080: 6E 7A 48 78 35 47 72 54  72 39 41 39 42 49 51 75  nzHx5GrTr9A9BIQu
00000090: 45 66 4B 65 39 79 63 36  62 37 48 31 78 4A 36 4D  EfKe9yc6b7H1xJ6M
000000A0: 59 4F 43 75 58 32 32 7A  30 6D 43 71 6C 79 33 61  YOCuX22z0mCqly3a
000000B0: 4C 55 31 6B 6B 62 5A 70  4E 4E 71 30 76 54 68 64  LU1kkbZpNNq0vThd
000000C0: 41 36 57 47 76 6B 7A 34  55 37 78 77 67 36 58 46  A6WGvkz4U7xwg6XF
000000D0: 57 51 78 50 4B 44 59 6E  55 59 68 66 4F 45 65 48  WQxPKDYnUYhfOEeH
000000E0: 62 43 37 32 44 33 6C 32  76 75 65 49 76 41 4B 47  bC72D3l2vueIvAKG
000000F0: 43 6E 36 72 76 54 44 57  64 66 48 4F 4B 56 7A 70  Cn6rvTDWdfHOKVzp
00000100: 44 69 50 36 4A 59 69 56  42 43 51 33 75 6B 51 32  DiP6JYiVBCQ3ukQ2
00000110: 30 45 70 4D 7A 6C 6C 4E  50 79 6B 38 76 4A 4E 52  0EpMzllNPyk8vJNR
00000120: 70 69 72 30 33 4A 64 42  68 6F 51 7A 62 51 42 66  pir03JdBhoQzbQBf
00000130: 43 53 20 40 75 73 65 72  6E 61 6D 65 5F 38 35 36  CS @username_856
00000140: 20 40 75 73 65 72 6E 61  6D 65 5F 33 31 36 20 40   @username_316 @
00000150: 75 73 65 72 6E 61 6D 65  5F 35 30 38 20 68 74 74  username_508 htt
00000160: 70 3A 2F 2F 73 68 6F 72  74 2D 75 72 6C 2F 65 6F  p://short-url/eo
00000170: 62 56 78 57 61 79 59 6D  20 68 74 74 70 3A 2F 2F  bVxWayYm http://
00000180: 73 68 6F 72 74 2D 75 72  6C 2F 55 54 43 52 62 68  short-url/UTCRbh
00000190: 59 45 56 50 20 68 74 74  70 3A 2F 2F 73 68 6F 72  YEVP http://shor
000001A0: 74 2D 75 72 6C 2F 4A 43  6B 36 58 41 42 35 48 5A  t-url/JCk6XAB5HZ
000001B0: 20 68 74 74 70 3A 2F 2F  73 68 6F 72 74 2D 75 72   http://short-ur
000001C0: 6C 2F 31 44 33 58 4B 30  50 6E 46 6A 20 68 74 74  l/1D3XK0PnFj htt
000001D0: 70 3A 2F 2F 73 68 6F 72  74 2D 75 72 6C 2F 45 32  p://short-url/E2
000001E0: 43 66 49 73 68 63 4D 6D  22 7D 2C 22 32 22 3A 7B  CfIshcMm"},"2":{
000001F0: 22 6C 73 74 22 3A 5B 22  72 65 63 22 2C 30 5D 7D  "lst":["rec",0]}
00000200: 2C 22 33 22 3A 7B 22 6C  73 74 22 3A 5B 22 72 65  ,"3":{"lst":["re
00000210: 63 22 2C 35 2C 7B 22 31  22 3A 7B 22 73 74 72 22  c",5,{"1":{"str"
00000220: 3A 22 68 74 74 70 3A 2F  2F 73 68 6F 72 74 2D 75  :"http://short-u
00000230: 72 6C 2F 65 6F 62 56 78  57 61 79 59 6D 22 7D 2C  rl/eobVxWayYm"},
00000240: 22 32 22 3A 7B 22 73 74  72 22 3A 22 68 74 74 70  "2":{"str":"http
00000250: 3A 2F 2F 54 41 6E 54 44  6F 6C 48 79 54 47 48 71  ://TAnTDolHyTGHq
00000260: 4C 62 74 73 49 6F 77 4D  33 47 64 34 48 54 70 53  LbtsIowM3Gd4HTpS
00000270: 74 53 72 4D 70 55 50 31  77 63 6A 67 72 4B 75 70  tSrMpUP1wcjgrKup
00000280: 4B 62 4B 37 75 77 6D 63  47 6F 46 73 57 5A 58 56  KbK7uwmcGoFsWZXV
00000290: 4D 42 32 22 7D 7D 2C 7B  22 31 22 3A 7B 22 73 74  MB2"}},{"1":{"st
000002A0: 72 22 3A 22 68 74 74 70  3A 2F 2F 73 68 6F 72 74  r":"http://short
000002B0: 2D 75 72 6C 2F 55 54 43  52 62 68 59 45 56 50 22  -url/UTCRbhYEVP"
000002C0: 7D 2C 22 32 22 3A 7B 22  73 74 72 22 3A 22 68 74  },"2":{"str":"ht
000002D0: 74 70 3A 2F 2F 52 38 53  6F 70 41 77 39 4E 61 5A  tp://R8SopAw9NaZ
000002E0: 6A 78 61 7A 6D 59 33 59  48 50 4F 54 35 75 69 74  jxazmY3YHPOT5uit
000002F0: 7A 54 34 4F 36 57 67 37  65 39 58 47 39 6C 38 4C  zT4O6Wg7e9XG9l8L
00000300: 4E 62 59 67 31 61 44 39  47 5A 53 4B 50 6A 52 35  NbYg1aD9GZSKPjR5
00000310: 6A 57 59 68 41 22 7D 7D  2C 7B 22 31 22 3A 7B 22  jWYhA"}},{"1":{"
00000320: 73 74 72 22 3A 22 68 74  74 70 3A 2F 2F 73 68 6F  str":"http://sho
00000330: 72 74 2D 75 72 6C 2F 4A  43 6B 36 58 41 42 35 48  rt-url/JCk6XAB5H
00000340: 5A 22 7D 2C 22 32 22 3A  7B 22 73 74 72 22 3A 22  Z"},"2":{"str":"
00000350: 68 74 74 70 3A 2F 2F 76  31 64 78 61 79 39 67 6B  http://v1dxay9gk
00000360: 52 6A 38 49 35 63 76 59  37 4F 6D 56 78 72 42 54  Rj8I5cvY7OmVxrBT
00000370: 77 67 70 77 67 31 34 4B  39 46 76 75 38 37 4C 4E  wgpwg14K9Fvu87LN
00000380: 73 6A 39 35 69 6C 30 57  66 52 61 58 69 44 6B 6D  sj95il0WfRaXiDkm
00000390: 76 75 72 4C 58 4F 72 22  7D 7D 2C 7B 22 31 22 3A  vurLXOr"}},{"1":
000003A0: 7B 22 73 74 72 22 3A 22  68 74 74 70 3A 2F 2F 73  {"str":"http://s
000003B0: 68 6F 72 74 2D 75 72 6C  2F 31 44 33 58 4B 30 50  hort-url/1D3XK0P
000003C0: 6E 46 6A 22 7D 2C 22 32  22 3A 7B 22 73 74 72 22  nFj"},"2":{"str"
000003D0: 3A 22 68 74 74 70 3A 2F  2F 74 61 5A 59 68 33 48  :"http://taZYh3H
000003E0: 4D 76 55 6D 44 30 30 6A  79 68 57 74 4D 74 47 4D  MvUmD00jyhWtMtGM
000003F0: 76 6C 41 42 76 79 72 66  58 77 77 32 54 4C 70 48  vlABvyrfXww2TLpH
00000400: 39 62 55 7A 57 37 5A 64  41 6E 66 66 38 6A 69 73  9bUzW7ZdAnff8jis
00000410: 76 55 76 4D 6E 53 33 49  73 22 7D 7D 2C 7B 22 31  vUvMnS3Is"}},{"1
00000420: 22 3A 7B 22 73 74 72 22  3A 22 68 74 74 70 3A 2F  ":{"str":"http:/
00000430: 2F 73 68 6F 72 74 2D 75  72 6C 2F 45 32 43 66 49  /short-url/E2CfI
00000440: 73 68 63 4D 6D 22 7D 2C  22 32 22 3A 7B 22 73 74  shcMm"},"2":{"st
00000450: 72 22 3A 22 68 74 74 70  3A 2F 2F 6E 62 78 6A 35  r":"http://nbxj5
00000460: 6E 55 38 33 42 30 55 38  36 50 65 30 63 6B 56 4C  nU83B0U86Pe0ckVL
00000470: 41 61 45 42 37 45 41 38  5A 4C 46 6F 65 67 4B 66  AaEB7EA8ZLFoegKf
00000480: 43 6B 57 72 4E 37 42 77  59 45 38 61 56 63 39 39  CkWrN7BwYE8aVc99
00000490: 42 50 79 6E 73 46 54 4B  4A 55 4C 22 7D 7D 5D 7D  BPynsFTKJUL"}}]}
000004A0: 7D 7D 7D 5D                                       }}}]
====
STREAM PID 60589.0xffff9482d7141200 (C) > 60554.0xffff9482de657e00 (S), length 389
command[60589]: b'./src/ComposePostService/ComposePostService'
command[60554]: b'./cmake-build/src/TextService/TextService'
----
00000000: 00 00 01 81 5B 31 2C 22  43 6F 6D 70 6F 73 65 54  ....[1,"ComposeT
00000010: 65 78 74 22 2C 31 2C 30  2C 7B 22 31 22 3A 7B 22  ext",1,0,{"1":{"
00000020: 69 36 34 22 3A 31 31 34  38 38 36 33 35 33 38 30  i64":11488635380
00000030: 36 36 34 35 31 33 32 38  7D 2C 22 32 22 3A 7B 22  66451328},"2":{"
00000040: 73 74 72 22 3A 22 47 57  7A 39 58 44 37 69 66 62  str":"GWz9XD7ifb
00000050: 30 69 50 65 4E 36 33 45  5A 4F 4E 77 32 56 4C 6C  0iPeN63EZONw2VLl
00000060: 54 33 65 35 63 41 78 71  57 51 72 48 74 4D 6C 6E  T3e5cAxqWQrHtMln
00000070: 38 57 4C 73 72 65 6A 44  74 59 73 69 69 31 33 72  8WLsrejDtYsii13r
00000080: 52 65 48 41 34 75 71 42  4D 58 34 36 35 4A 55 31  ReHA4uqBMX465JU1
00000090: 30 36 33 4E 70 64 45 32  31 54 6D 77 47 64 6B 73  063NpdE21TmwGdks
000000A0: 36 32 6B 53 62 35 42 69  48 74 46 31 69 45 6C 69  62kSb5BiHtF1iEli
000000B0: 59 62 34 72 6F 7A 53 56  79 38 48 73 6E 44 77 47  Yb4rozSVy8HsnDwG
000000C0: 62 64 33 6A 47 44 64 50  4A 77 72 70 68 46 58 65  bd3jGDdPJwrphFXe
000000D0: 49 69 42 79 54 6D 45 51  30 47 76 70 42 6A 67 46  IiByTmEQ0GvpBjgF
000000E0: 45 61 74 50 6A 5A 59 55  65 68 38 54 4E 75 36 75  EatPjZYUeh8TNu6u
000000F0: 75 34 4D 52 73 79 69 35  30 6A 58 39 46 77 56 32  u4MRsyi50jX9FwV2
00000100: 4E 54 52 6E 39 6D 33 4A  46 69 54 36 4A 6B 38 46  NTRn9m3JFiT6Jk8F
00000110: 54 47 75 46 56 65 5A 61  59 65 38 6E 34 55 62 55  TGuFVeZaYe8n4UbU
00000120: 34 32 45 68 58 65 39 30  61 4A 43 47 64 48 4E 41  42EhXe90aJCGdHNA
00000130: 38 62 55 44 34 38 4A 54  4F 36 36 50 42 66 30 76  8bUD48JTO66PBf0v
00000140: 63 5A 56 4E 72 72 20 40  75 73 65 72 6E 61 6D 65  cZVNrr @username
00000150: 5F 36 30 38 20 40 75 73  65 72 6E 61 6D 65 5F 33  _608 @username_3
00000160: 31 39 22 7D 2C 22 33 22  3A 7B 22 6D 61 70 22 3A  19"},"3":{"map":
00000170: 5B 22 73 74 72 22 2C 22  73 74 72 22 2C 30 2C 7B  ["str","str",0,{
00000180: 7D 5D 7D 7D 5D                                    }]}}]
====
STREAM PID 60554.0xffff9482de657e00 (S) > 60589.0xffff9482d7141200 (C), length 384
command[60554]: b'./cmake-build/src/TextService/TextService'
command[60589]: b'./src/ComposePostService/ComposePostService'
----
00000000: 00 00 01 7C 5B 31 2C 22  43 6F 6D 70 6F 73 65 54  ...|[1,"ComposeT
00000010: 65 78 74 22 2C 32 2C 30  2C 7B 22 30 22 3A 7B 22  ext",2,0,{"0":{"
00000020: 72 65 63 22 3A 7B 22 31  22 3A 7B 22 73 74 72 22  rec":{"1":{"str"
00000030: 3A 22 47 57 7A 39 58 44  37 69 66 62 30 69 50 65  :"GWz9XD7ifb0iPe
00000040: 4E 36 33 45 5A 4F 4E 77  32 56 4C 6C 54 33 65 35  N63EZONw2VLlT3e5
00000050: 63 41 78 71 57 51 72 48  74 4D 6C 6E 38 57 4C 73  cAxqWQrHtMln8WLs
00000060: 72 65 6A 44 74 59 73 69  69 31 33 72 52 65 48 41  rejDtYsii13rReHA
00000070: 34 75 71 42 4D 58 34 36  35 4A 55 31 30 36 33 4E  4uqBMX465JU1063N
00000080: 70 64 45 32 31 54 6D 77  47 64 6B 73 36 32 6B 53  pdE21TmwGdks62kS
00000090: 62 35 42 69 48 74 46 31  69 45 6C 69 59 62 34 72  b5BiHtF1iEliYb4r
000000A0: 6F 7A 53 56 79 38 48 73  6E 44 77 47 62 64 33 6A  ozSVy8HsnDwGbd3j
000000B0: 47 44 64 50 4A 77 72 70  68 46 58 65 49 69 42 79  GDdPJwrphFXeIiBy
000000C0: 54 6D 45 51 30 47 76 70  42 6A 67 46 45 61 74 50  TmEQ0GvpBjgFEatP
000000D0: 6A 5A 59 55 65 68 38 54  4E 75 36 75 75 34 4D 52  jZYUeh8TNu6uu4MR
000000E0: 73 79 69 35 30 6A 58 39  46 77 56 32 4E 54 52 6E  syi50jX9FwV2NTRn
000000F0: 39 6D 33 4A 46 69 54 36  4A 6B 38 46 54 47 75 46  9m3JFiT6Jk8FTGuF
00000100: 56 65 5A 61 59 65 38 6E  34 55 62 55 34 32 45 68  VeZaYe8n4UbU42Eh
00000110: 58 65 39 30 61 4A 43 47  64 48 4E 41 38 62 55 44  Xe90aJCGdHNA8bUD
00000120: 34 38 4A 54 4F 36 36 50  42 66 30 76 63 5A 56 4E  48JTO66PBf0vcZVN
00000130: 72 72 20 40 75 73 65 72  6E 61 6D 65 5F 36 30 38  rr @username_608
00000140: 20 40 75 73 65 72 6E 61  6D 65 5F 33 31 39 22 7D   @username_319"}
00000150: 2C 22 32 22 3A 7B 22 6C  73 74 22 3A 5B 22 72 65  ,"2":{"lst":["re
00000160: 63 22 2C 30 5D 7D 2C 22  33 22 3A 7B 22 6C 73 74  c",0]},"3":{"lst
00000170: 22 3A 5B 22 72 65 63 22  2C 30 5D 7D 7D 7D 7D 5D  ":["rec",0]}}}}]
====
STREAM PID 60589.0xffff9482d7141200 (C) > 60554.0xffff9482de657e00 (S), length 401
command[60589]: b'./src/ComposePostService/ComposePostService'
command[60554]: b'./cmake-build/src/TextService/TextService'
----
00000000: 00 00 01 8D 5B 31 2C 22  43 6F 6D 70 6F 73 65 54  ....[1,"ComposeT
00000010: 65 78 74 22 2C 31 2C 30  2C 7B 22 31 22 3A 7B 22  ext",1,0,{"1":{"
00000020: 69 36 34 22 3A 31 32 32  36 34 31 37 34 36 31 36  i64":12264174616
00000030: 36 34 34 34 32 30 7D 2C  22 32 22 3A 7B 22 73 74  644420},"2":{"st
00000040: 72 22 3A 22 56 49 75 34  54 30 70 6C 49 37 5A 46  r":"VIu4T0plI7ZF
00000050: 6F 54 6B 54 71 58 44 75  49 47 6A 5A 66 70 43 38  oTkTqXDuIGjZfpC8
00000060: 59 39 6F 4F 79 74 41 39  72 47 46 65 6D 47 77 75  Y9oOytA9rGFemGwu
00000070: 53 31 39 6E 35 4A 54 62  30 54 54 45 76 43 75 7A  S19n5JTb0TTEvCuz
00000080: 43 76 42 4F 41 50 4E 4F  64 44 47 76 44 42 41 30  CvBOAPNOdDGvDBA0
00000090: 52 35 59 64 57 62 36 39  30 51 66 68 31 66 50 68  R5YdWb690Qfh1fPh
000000A0: 61 6F 66 75 51 66 4D 67  51 37 47 7A 47 52 45 79  aofuQfMgQ7GzGREy
000000B0: 58 74 4F 65 61 56 63 37  58 39 42 6D 72 31 36 42  XtOeaVc7X9Bmr16B
000000C0: 4C 44 52 72 35 45 6E 6A  79 67 49 7A 61 34 34 6E  LDRr5EnjygIza44n
000000D0: 38 4F 71 4C 42 64 68 71  6C 78 51 42 36 5A 46 66  8OqLBdhqlxQB6ZFf
000000E0: 38 56 44 4C 5A 41 46 61  56 72 34 36 47 55 6A 67  8VDLZAFaVr46GUjg
000000F0: 61 6F 59 68 54 52 63 70  6E 59 52 52 41 56 73 74  aoYhTRcpnYRRAVst
00000100: 41 52 33 4A 54 49 34 6C  68 46 62 77 4F 54 44 4A  AR3JTI4lhFbwOTDJ
00000110: 61 4D 72 71 4E 6F 58 4B  4C 47 34 65 44 59 77 54  aMrqNoXKLG4eDYwT
00000120: 65 70 32 6E 51 55 5A 61  58 35 63 57 37 54 63 70  ep2nQUZaX5cW7Tcp
00000130: 6A 41 39 56 36 67 6B 56  4A 43 49 4A 43 63 63 4F  jA9V6gkVJCIJCccO
00000140: 72 45 48 6A 20 40 75 73  65 72 6E 61 6D 65 5F 36  rEHj @username_6
00000150: 39 32 20 40 75 73 65 72  6E 61 6D 65 5F 34 33 37  92 @username_437
00000160: 20 40 75 73 65 72 6E 61  6D 65 5F 38 33 36 22 7D   @username_836"}
00000170: 2C 22 33 22 3A 7B 22 6D  61 70 22 3A 5B 22 73 74  ,"3":{"map":["st
00000180: 72 22 2C 22 73 74 72 22  2C 30 2C 7B 7D 5D 7D 7D  r","str",0,{}]}}
00000190: 5D                                                ]
====
STREAM PID 60554.0xffff9482de657e00 (S) > 60589.0xffff9482d7141200 (C), length 398
command[60554]: b'./cmake-build/src/TextService/TextService'
command[60589]: b'./src/ComposePostService/ComposePostService'
----
00000000: 00 00 01 8A 5B 31 2C 22  43 6F 6D 70 6F 73 65 54  ....[1,"ComposeT
00000010: 65 78 74 22 2C 32 2C 30  2C 7B 22 30 22 3A 7B 22  ext",2,0,{"0":{"
00000020: 72 65 63 22 3A 7B 22 31  22 3A 7B 22 73 74 72 22  rec":{"1":{"str"
00000030: 3A 22 56 49 75 34 54 30  70 6C 49 37 5A 46 6F 54  :"VIu4T0plI7ZFoT
00000040: 6B 54 71 58 44 75 49 47  6A 5A 66 70 43 38 59 39  kTqXDuIGjZfpC8Y9
00000050: 6F 4F 79 74 41 39 72 47  46 65 6D 47 77 75 53 31  oOytA9rGFemGwuS1
00000060: 39 6E 35 4A 54 62 30 54  54 45 76 43 75 7A 43 76  9n5JTb0TTEvCuzCv
00000070: 42 4F 41 50 4E 4F 64 44  47 76 44 42 41 30 52 35  BOAPNOdDGvDBA0R5
00000080: 59 64 57 62 36 39 30 51  66 68 31 66 50 68 61 6F  YdWb690Qfh1fPhao
00000090: 66 75 51 66 4D 67 51 37  47 7A 47 52 45 79 58 74  fuQfMgQ7GzGREyXt
000000A0: 4F 65 61 56 63 37 58 39  42 6D 72 31 36 42 4C 44  OeaVc7X9Bmr16BLD
000000B0: 52 72 35 45 6E 6A 79 67  49 7A 61 34 34 6E 38 4F  Rr5EnjygIza44n8O
000000C0: 71 4C 42 64 68 71 6C 78  51 42 36 5A 46 66 38 56  qLBdhqlxQB6ZFf8V
000000D0: 44 4C 5A 41 46 61 56 72  34 36 47 55 6A 67 61 6F  DLZAFaVr46GUjgao
000000E0: 59 68 54 52 63 70 6E 59  52 52 41 56 73 74 41 52  YhTRcpnYRRAVstAR
000000F0: 33 4A 54 49 34 6C 68 46  62 77 4F 54 44 4A 61 4D  3JTI4lhFbwOTDJaM
00000100: 72 71 4E 6F 58 4B 4C 47  34 65 44 59 77 54 65 70  rqNoXKLG4eDYwTep
00000110: 32 6E 51 55 5A 61 58 35  63 57 37 54 63 70 6A 41  2nQUZaX5cW7TcpjA
00000120: 39 56 36 67 6B 56 4A 43  49 4A 43 63 63 4F 72 45  9V6gkVJCIJCccOrE
00000130: 48 6A 20 40 75 73 65 72  6E 61 6D 65 5F 36 39 32  Hj @username_692
00000140: 20 40 75 73 65 72 6E 61  6D 65 5F 34 33 37 20 40   @username_437 @
00000150: 75 73 65 72 6E 61 6D 65  5F 38 33 36 22 7D 2C 22  username_836"},"
00000160: 32 22 3A 7B 22 6C 73 74  22 3A 5B 22 72 65 63 22  2":{"lst":["rec"
00000170: 2C 30 5D 7D 2C 22 33 22  3A 7B 22 6C 73 74 22 3A  ,0]},"3":{"lst":
00000180: 5B 22 72 65 63 22 2C 30  5D 7D 7D 7D 7D 5D        ["rec",0]}}}}]
====
STREAM PID 60589.0xffff9482d7141200 (C) > 60554.0xffff9482de657e00 (S), length 428
command[60589]: b'./src/ComposePostService/ComposePostService'
command[60554]: b'./cmake-build/src/TextService/TextService'
----
00000000: 00 00 01 A8 5B 31 2C 22  43 6F 6D 70 6F 73 65 54  ....[1,"ComposeT
00000010: 65 78 74 22 2C 31 2C 30  2C 7B 22 31 22 3A 7B 22  ext",1,0,{"1":{"
00000020: 69 36 34 22 3A 31 33 31  36 39 32 39 38 30 37 33  i64":13169298073
00000030: 34 31 38 38 34 36 7D 2C  22 32 22 3A 7B 22 73 74  418846},"2":{"st
00000040: 72 22 3A 22 39 34 30 33  32 62 36 44 47 6B 4A 68  r":"94032b6DGkJh
00000050: 4E 59 75 6A 6F 7A 4F 6F  4F 6B 6E 79 68 69 75 6C  NYujozOoOknyhiul
00000060: 41 6C 6A 53 39 41 65 79  4C 39 38 62 37 6C 65 39  AljS9AeyL98b7le9
00000070: 33 33 41 4C 74 73 6A 53  34 6E 77 56 54 78 69 33  33ALtsjS4nwVTxi3
00000080: 34 63 77 54 57 4A 74 5A  7A 32 57 36 4D 70 76 4B  4cwTWJtZz2W6MpvK
00000090: 33 51 4A 59 45 72 30 56  37 77 74 30 31 45 46 35  3QJYEr0V7wt01EF5
000000A0: 42 49 70 73 68 6C 33 6B  39 67 55 34 51 55 46 61  BIpshl3k9gU4QUFa
000000B0: 4B 68 49 6A 77 58 41 66  44 68 34 59 38 70 73 62  KhIjwXAfDh4Y8psb
000000C0: 77 49 66 35 33 47 51 42  70 43 42 52 37 46 46 78  wIf53GQBpCBR7FFx
000000D0: 4A 78 6C 54 36 35 50 69  42 73 6E 4D 42 71 46 76  JxlT65PiBsnMBqFv
000000E0: 4F 50 72 6F 70 32 30 4E  32 64 39 61 48 4B 36 30  OProp20N2d9aHK60
000000F0: 53 34 55 4B 70 6F 4C 79  77 52 6E 38 50 75 7A 39  S4UKpoLywRn8Puz9
00000100: 51 33 45 5A 79 4D 34 56  61 4B 72 4D 58 68 62 6A  Q3EZyM4VaKrMXhbj
00000110: 52 37 75 66 69 74 73 69  43 38 4C 41 6C 34 38 75  R7ufitsiC8LAl48u
00000120: 79 30 71 50 53 45 63 76  6B 5A 4C 37 72 63 6B 32  y0qPSEcvkZL7rck2
00000130: 34 47 58 38 70 65 57 72  6A 48 31 67 48 73 76 43  4GX8peWrjH1gHsvC
00000140: 52 77 4D 47 20 40 75 73  65 72 6E 61 6D 65 5F 33  RwMG @username_3
00000150: 36 20 40 75 73 65 72 6E  61 6D 65 5F 39 31 31 20  6 @username_911 
00000160: 40 75 73 65 72 6E 61 6D  65 5F 35 39 35 20 40 75  @username_595 @u
00000170: 73 65 72 6E 61 6D 65 5F  32 35 30 20 40 75 73 65  sername_250 @use
00000180: 72 6E 61 6D 65 5F 34 38  33 22 7D 2C 22 33 22 3A  rname_483"},"3":
00000190: 7B 22 6D 61 70 22 3A 5B  22 73 74 72 22 2C 22 73  {"map":["str","s
000001A0: 74 72 22 2C 30 2C 7B 7D  5D 7D 7D 5D              tr",0,{}]}}]
====
STREAM PID 60554.0xffff9482de657e00 (S) > 60589.0xffff9482d7141200 (C), length 425
command[60554]: b'./cmake-build/src/TextService/TextService'
command[60589]: b'./src/ComposePostService/ComposePostService'
----
00000000: 00 00 01 A5 5B 31 2C 22  43 6F 6D 70 6F 73 65 54  ....[1,"ComposeT
00000010: 65 78 74 22 2C 32 2C 30  2C 7B 22 30 22 3A 7B 22  ext",2,0,{"0":{"
00000020: 72 65 63 22 3A 7B 22 31  22 3A 7B 22 73 74 72 22  rec":{"1":{"str"
00000030: 3A 22 39 34 30 33 32 62  36 44 47 6B 4A 68 4E 59  :"94032b6DGkJhNY
00000040: 75 6A 6F 7A 4F 6F 4F 6B  6E 79 68 69 75 6C 41 6C  ujozOoOknyhiulAl
00000050: 6A 53 39 41 65 79 4C 39  38 62 37 6C 65 39 33 33  jS9AeyL98b7le933
00000060: 41 4C 74 73 6A 53 34 6E  77 56 54 78 69 33 34 63  ALtsjS4nwVTxi34c
00000070: 77 54 57 4A 74 5A 7A 32  57 36 4D 70 76 4B 33 51  wTWJtZz2W6MpvK3Q
00000080: 4A 59 45 72 30 56 37 77  74 30 31 45 46 35 42 49  JYEr0V7wt01EF5BI
00000090: 70 73 68 6C 33 6B 39 67  55 34 51 55 46 61 4B 68  pshl3k9gU4QUFaKh
000000A0: 49 6A 77 58 41 66 44 68  34 59 38 70 73 62 77 49  IjwXAfDh4Y8psbwI
000000B0: 66 35 33 47 51 42 70 43  42 52 37 46 46 78 4A 78  f53GQBpCBR7FFxJx
000000C0: 6C 54 36 35 50 69 42 73  6E 4D 42 71 46 76 4F 50  lT65PiBsnMBqFvOP
000000D0: 72 6F 70 32 30 4E 32 64  39 61 48 4B 36 30 53 34  rop20N2d9aHK60S4
000000E0: 55 4B 70 6F 4C 79 77 52  6E 38 50 75 7A 39 51 33  UKpoLywRn8Puz9Q3
000000F0: 45 5A 79 4D 34 56 61 4B  72 4D 58 68 62 6A 52 37  EZyM4VaKrMXhbjR7
00000100: 75 66 69 74 73 69 43 38  4C 41 6C 34 38 75 79 30  ufitsiC8LAl48uy0
00000110: 71 50 53 45 63 76 6B 5A  4C 37 72 63 6B 32 34 47  qPSEcvkZL7rck24G
00000120: 58 38 70 65 57 72 6A 48  31 67 48 73 76 43 52 77  X8peWrjH1gHsvCRw
00000130: 4D 47 20 40 75 73 65 72  6E 61 6D 65 5F 33 36 20  MG @username_36 
00000140: 40 75 73 65 72 6E 61 6D  65 5F 39 31 31 20 40 75  @username_911 @u
00000150: 73 65 72 6E 61 6D 65 5F  35 39 35 20 40 75 73 65  sername_595 @use
00000160: 72 6E 61 6D 65 5F 32 35  30 20 40 75 73 65 72 6E  rname_250 @usern
00000170: 61 6D 65 5F 34 38 33 22  7D 2C 22 32 22 3A 7B 22  ame_483"},"2":{"
00000180: 6C 73 74 22 3A 5B 22 72  65 63 22 2C 30 5D 7D 2C  lst":["rec",0]},
00000190: 22 33 22 3A 7B 22 6C 73  74 22 3A 5B 22 72 65 63  "3":{"lst":["rec
000001A0: 22 2C 30 5D 7D 7D 7D 7D  5D                       ",0]}}}}]
====
STREAM PID 60589.0xffff9482d7141200 (C) > 60554.0xffff9482de657e00 (S), length 703
command[60589]: b'./src/ComposePostService/ComposePostService'
command[60554]: b'./cmake-build/src/TextService/TextService'
----
00000000: 00 00 02 BB 5B 31 2C 22  43 6F 6D 70 6F 73 65 54  ....[1,"ComposeT
00000010: 65 78 74 22 2C 31 2C 30  2C 7B 22 31 22 3A 7B 22  ext",1,0,{"1":{"
00000020: 69 36 34 22 3A 34 33 37  37 36 39 31 39 34 33 31  i64":43776919431
00000030: 32 33 34 30 33 35 32 7D  2C 22 32 22 3A 7B 22 73  2340352},"2":{"s
00000040: 74 72 22 3A 22 4E 74 67  36 51 52 73 59 75 4D 49  tr":"Ntg6QRsYuMI
00000050: 35 56 53 6E 6C 6E 51 73  4E 78 4F 36 74 71 37 4B  5VSnlnQsNxO6tq7K
00000060: 48 54 31 6D 76 38 58 44  6F 4A 70 55 4E 70 63 44  HT1mv8XDoJpUNpcD
00000070: 79 67 31 73 37 41 4B 38  69 4B 52 66 61 6C 57 56  yg1s7AK8iKRfalWV
00000080: 75 78 42 38 76 70 50 63  35 47 41 71 65 55 76 70  uxB8vpPc5GAqeUvp
00000090: 62 4E 71 43 42 31 65 44  51 55 54 76 49 38 46 58  bNqCB1eDQUTvI8FX
000000A0: 39 38 55 78 55 6E 53 4C  6A 67 4B 66 70 4A 69 52  98UxUnSLjgKfpJiR
000000B0: 31 73 32 41 4E 38 57 42  49 62 7A 37 6F 37 5A 34  1s2AN8WBIbz7o7Z4
000000C0: 51 54 76 59 67 43 67 77  4E 61 73 49 54 71 67 66  QTvYgCgwNasITqgf
000000D0: 6F 68 51 55 47 72 68 67  66 4D 7A 69 4F 71 77 49  ohQUGrhgfMziOqwI
000000E0: 74 52 71 6F 70 6E 69 7A  67 59 67 32 6C 76 5A 58  tRqopnizgYg2lvZX
000000F0: 38 46 70 41 35 43 39 45  6E 67 55 6B 77 4E 68 46  8FpA5C9EngUkwNhF
00000100: 48 33 6A 6A 58 64 4F 64  37 4B 72 37 69 57 51 54  H3jjXdOd7Kr7iWQT
00000110: 4E 47 64 7A 51 37 5A 31  33 6B 41 77 52 54 55 58  NGdzQ7Z13kAwRTUX
00000120: 35 36 55 4A 76 66 42 66  46 72 65 75 32 34 47 4A  56UJvfBfFreu24GJ
00000130: 63 51 77 36 77 6F 79 66  55 6C 56 76 46 72 52 63  cQw6woyfUlVvFrRc
00000140: 39 4A 69 55 6B 20 40 75  73 65 72 6E 61 6D 65 5F  9JiUk @username_
00000150: 36 37 20 40 75 73 65 72  6E 61 6D 65 5F 34 33 34  67 @username_434
00000160: 20 40 75 73 65 72 6E 61  6D 65 5F 35 34 30 20 40   @username_540 @
00000170: 75 73 65 72 6E 61 6D 65  5F 31 32 35 20 68 74 74  username_125 htt
00000180: 70 3A 2F 2F 4E 6E 66 4C  47 4E 6D 4D 70 73 55 41  p://NnfLGNmMpsUA
00000190: 33 79 4F 4F 51 44 6D 67  68 46 45 6F 52 49 64 30  3yOOQDmghFEoRId0
000001A0: 76 79 54 63 72 66 33 47  65 79 53 5A 7A 58 4C 54  vyTcrf3GeySZzXLT
000001B0: 32 37 5A 75 6E 7A 77 72  43 79 53 70 35 37 37 39  27ZunzwrCySp5779
000001C0: 75 63 49 74 20 68 74 74  70 3A 2F 2F 63 6C 68 30  ucIt http://clh0
000001D0: 4D 56 45 45 46 70 4D 32  66 6B 52 42 36 67 6E 64  MVEEFpM2fkRB6gnd
000001E0: 4E 4C 63 58 44 37 52 71  63 4E 52 57 4C 41 76 6F  NLcXD7RqcNRWLAvo
000001F0: 4F 63 69 74 37 4E 35 78  4B 55 6A 52 30 6A 68 5A  Ocit7N5xKUjR0jhZ
00000200: 6B 54 49 33 6B 55 6B 37  69 6F 6F 5A 20 68 74 74  kTI3kUk7iooZ htt
00000210: 70 3A 2F 2F 4A 4B 32 6C  79 69 71 75 6D 36 49 59  p://JK2lyiqum6IY
00000220: 34 37 54 34 41 4B 57 76  47 32 48 74 30 71 69 42  47T4AKWvG2Ht0qiB
00000230: 30 4B 4A 49 35 36 34 59  38 48 46 69 58 53 33 48  0KJI564Y8HFiXS3H
00000240: 6B 79 31 65 55 62 72 6A  6F 71 77 36 70 67 6E 49  ky1eUbrjoqw6pgnI
00000250: 6A 4C 79 33 20 68 74 74  70 3A 2F 2F 55 71 44 73  jLy3 http://UqDs
00000260: 43 48 53 39 4C 46 7A 70  67 43 38 39 48 67 68 75  CHS9LFzpgC89Hghu
00000270: 36 49 4F 75 54 5A 39 31  32 57 75 61 75 71 4B 47  6IOuTZ912WuauqKG
00000280: 6E 73 59 52 48 4A 68 6C  38 36 43 6D 45 65 6D 4B  nsYRHJhl86CmEemK
00000290: 59 52 79 7A 73 31 73 51  4D 56 6C 4F 22 7D 2C 22  YRyzs1sQMVlO"},"
000002A0: 33 22 3A 7B 22 6D 61 70  22 3A 5B 22 73 74 72 22  3":{"map":["str"
000002B0: 2C 22 73 74 72 22 2C 30  2C 7B 7D 5D 7D 7D 5D     ,"str",0,{}]}}]
====
STREAM PID 60554.0xffff9482de657e00 (S) > 60589.0xffff9482d7141200 (C), length 1043
command[60554]: b'./cmake-build/src/TextService/TextService'
command[60589]: b'./src/ComposePostService/ComposePostService'
----
00000000: 00 00 04 0F 5B 31 2C 22  43 6F 6D 70 6F 73 65 54  ....[1,"ComposeT
00000010: 65 78 74 22 2C 32 2C 30  2C 7B 22 30 22 3A 7B 22  ext",2,0,{"0":{"
00000020: 72 65 63 22 3A 7B 22 31  22 3A 7B 22 73 74 72 22  rec":{"1":{"str"
00000030: 3A 22 4E 74 67 36 51 52  73 59 75 4D 49 35 56 53  :"Ntg6QRsYuMI5VS
00000040: 6E 6C 6E 51 73 4E 78 4F  36 74 71 37 4B 48 54 31  nlnQsNxO6tq7KHT1
00000050: 6D 76 38 58 44 6F 4A 70  55 4E 70 63 44 79 67 31  mv8XDoJpUNpcDyg1
00000060: 73 37 41 4B 38 69 4B 52  66 61 6C 57 56 75 78 42  s7AK8iKRfalWVuxB
00000070: 38 76 70 50 63 35 47 41  71 65 55 76 70 62 4E 71  8vpPc5GAqeUvpbNq
00000080: 43 42 31 65 44 51 55 54  76 49 38 46 58 39 38 55  CB1eDQUTvI8FX98U
00000090: 78 55 6E 53 4C 6A 67 4B  66 70 4A 69 52 31 73 32  xUnSLjgKfpJiR1s2
000000A0: 41 4E 38 57 42 49 62 7A  37 6F 37 5A 34 51 54 76  AN8WBIbz7o7Z4QTv
000000B0: 59 67 43 67 77 4E 61 73  49 54 71 67 66 6F 68 51  YgCgwNasITqgfohQ
000000C0: 55 47 72 68 67 66 4D 7A  69 4F 71 77 49 74 52 71  UGrhgfMziOqwItRq
000000D0: 6F 70 6E 69 7A 67 59 67  32 6C 76 5A 58 38 46 70  opnizgYg2lvZX8Fp
000000E0: 41 35 43 39 45 6E 67 55  6B 77 4E 68 46 48 33 6A  A5C9EngUkwNhFH3j
000000F0: 6A 58 64 4F 64 37 4B 72  37 69 57 51 54 4E 47 64  jXdOd7Kr7iWQTNGd
00000100: 7A 51 37 5A 31 33 6B 41  77 52 54 55 58 35 36 55  zQ7Z13kAwRTUX56U
00000110: 4A 76 66 42 66 46 72 65  75 32 34 47 4A 63 51 77  JvfBfFreu24GJcQw
00000120: 36 77 6F 79 66 55 6C 56  76 46 72 52 63 39 4A 69  6woyfUlVvFrRc9Ji
00000130: 55 6B 20 40 75 73 65 72  6E 61 6D 65 5F 36 37 20  Uk @username_67 
00000140: 40 75 73 65 72 6E 61 6D  65 5F 34 33 34 20 40 75  @username_434 @u
00000150: 73 65 72 6E 61 6D 65 5F  35 34 30 20 40 75 73 65  sername_540 @use
00000160: 72 6E 61 6D 65 5F 31 32  35 20 68 74 74 70 3A 2F  rname_125 http:/
00000170: 2F 73 68 6F 72 74 2D 75  72 6C 2F 50 6F 62 76 6A  /short-url/Pobvj
00000180: 68 34 66 5A 36 20 68 74  74 70 3A 2F 2F 73 68 6F  h4fZ6 http://sho
00000190: 72 74 2D 75 72 6C 2F 56  55 5A 44 4F 6F 64 49 47  rt-url/VUZDOodIG
000001A0: 42 20 68 74 74 70 3A 2F  2F 73 68 6F 72 74 2D 75  B http://short-u
000001B0: 72 6C 2F 30 4F 70 65 4D  46 58 58 4F 56 20 68 74  rl/0OpeMFXXOV ht
000001C0: 74 70 3A 2F 2F 73 68 6F  72 74 2D 75 72 6C 2F 57  tp://short-url/W
000001D0: 41 65 61 56 61 61 44 4C  33 22 7D 2C 22 32 22 3A  AeaVaaDL3"},"2":
000001E0: 7B 22 6C 73 74 22 3A 5B  22 72 65 63 22 2C 30 5D  {"lst":["rec",0]
000001F0: 7D 2C 22 33 22 3A 7B 22  6C 73 74 22 3A 5B 22 72  },"3":{"lst":["r
00000200: 65 63 22 2C 34 2C 7B 22  31 22 3A 7B 22 73 74 72  ec",4,{"1":{"str
00000210: 22 3A 22 68 74 74 70 3A  2F 2F 73 68 6F 72 74 2D  ":"http://short-
00000220: 75 72 6C 2F 50 6F 62 76  6A 68 34 66 5A 36 22 7D  url/Pobvjh4fZ6"}
00000230: 2C 22 32 22 3A 7B 22 73  74 72 22 3A 22 68 74 74  ,"2":{"str":"htt
00000240: 70 3A 2F 2F 4E 6E 66 4C  47 4E 6D 4D 70 73 55 41  p://NnfLGNmMpsUA
00000250: 33 79 4F 4F 51 44 6D 67  68 46 45 6F 52 49 64 30  3yOOQDmghFEoRId0
00000260: 76 79 54 63 72 66 33 47  65 79 53 5A 7A 58 4C 54  vyTcrf3GeySZzXLT
00000270: 32 37 5A 75 6E 7A 77 72  43 79 53 70 35 37 37 39  27ZunzwrCySp5779
00000280: 75 63 49 74 22 7D 7D 2C  7B 22 31 22 3A 7B 22 73  ucIt"}},{"1":{"s
00000290: 74 72 22 3A 22 68 74 74  70 3A 2F 2F 73 68 6F 72  tr":"http://shor
000002A0: 74 2D 75 72 6C 2F 56 55  5A 44 4F 6F 64 49 47 42  t-url/VUZDOodIGB
000002B0: 22 7D 2C 22 32 22 3A 7B  22 73 74 72 22 3A 22 68  "},"2":{"str":"h
000002C0: 74 74 70 3A 2F 2F 63 6C  68 30 4D 56 45 45 46 70  ttp://clh0MVEEFp
000002D0: 4D 32 66 6B 52 42 36 67  6E 64 4E 4C 63 58 44 37  M2fkRB6gndNLcXD7
000002E0: 52 71 63 4E 52 57 4C 41  76 6F 4F 63 69 74 37 4E  RqcNRWLAvoOcit7N
000002F0: 35 78 4B 55 6A 52 30 6A  68 5A 6B 54 49 33 6B 55  5xKUjR0jhZkTI3kU
00000300: 6B 37 69 6F 6F 5A 22 7D  7D 2C 7B 22 31 22 3A 7B  k7iooZ"}},{"1":{
00000310: 22 73 74 72 22 3A 22 68  74 74 70 3A 2F 2F 73 68  "str":"http://sh
00000320: 6F 72 74 2D 75 72 6C 2F  30 4F 70 65 4D 46 58 58  ort-url/0OpeMFXX
00000330: 4F 56 22 7D 2C 22 32 22  3A 7B 22 73 74 72 22 3A  OV"},"2":{"str":
00000340: 22 68 74 74 70 3A 2F 2F  4A 4B 32 6C 79 69 71 75  "http://JK2lyiqu
00000350: 6D 36 49 59 34 37 54 34  41 4B 57 76 47 32 48 74  m6IY47T4AKWvG2Ht
00000360: 30 71 69 42 30 4B 4A 49  35 36 34 59 38 48 46 69  0qiB0KJI564Y8HFi
00000370: 58 53 33 48 6B 79 31 65  55 62 72 6A 6F 71 77 36  XS3Hky1eUbrjoqw6
00000380: 70 67 6E 49 6A 4C 79 33  22 7D 7D 2C 7B 22 31 22  pgnIjLy3"}},{"1"
00000390: 3A 7B 22 73 74 72 22 3A  22 68 74 74 70 3A 2F 2F  :{"str":"http://
000003A0: 73 68 6F 72 74 2D 75 72  6C 2F 57 41 65 61 56 61  short-url/WAeaVa
000003B0: 61 44 4C 33 22 7D 2C 22  32 22 3A 7B 22 73 74 72  aDL3"},"2":{"str
000003C0: 22 3A 22 68 74 74 70 3A  2F 2F 55 71 44 73 43 48  ":"http://UqDsCH
000003D0: 53 39 4C 46 7A 70 67 43  38 39 48 67 68 75 36 49  S9LFzpgC89Hghu6I
000003E0: 4F 75 54 5A 39 31 32 57  75 61 75 71 4B 47 6E 73  OuTZ912WuauqKGns
000003F0: 59 52 48 4A 68 6C 38 36  43 6D 45 65 6D 4B 59 52  YRHJhl86CmEemKYR
00000400: 79 7A 73 31 73 51 4D 56  6C 4F 22 7D 7D 5D 7D 7D  yzs1sQMVlO"}}]}}
00000410: 7D 7D 5D                                          }}]
====
STREAM PID 60589.0xffff9482d7141200 (C) > 60554.0xffff9482de657e00 (S), length 718
command[60589]: b'./src/ComposePostService/ComposePostService'
command[60554]: b'./cmake-build/src/TextService/TextService'
----
00000000: 00 00 02 CA 5B 31 2C 22  43 6F 6D 70 6F 73 65 54  ....[1,"ComposeT
00000010: 65 78 74 22 2C 31 2C 30  2C 7B 22 31 22 3A 7B 22  ext",1,0,{"1":{"
00000020: 69 36 34 22 3A 31 39 31  32 30 33 34 36 33 32 33  i64":19120346323
00000030: 38 30 38 30 32 35 36 7D  2C 22 32 22 3A 7B 22 73  8080256},"2":{"s
00000040: 74 72 22 3A 22 63 76 63  77 44 69 76 52 74 58 65  tr":"cvcwDivRtXe
00000050: 4D 4B 56 57 59 7A 72 6E  6A 49 7A 46 47 78 7A 32  MKVWYzrnjIzFGxz2
00000060: 71 70 6D 4E 44 45 69 45  37 4B 70 44 71 30 33 64  qpmNDEiE7KpDq03d
00000070: 63 4D 53 54 75 34 6D 65  77 43 59 4F 6E 36 52 5A  cMSTu4mewCYOn6RZ
00000080: 65 30 7A 37 5A 58 76 57  59 54 76 70 6F 43 79 75  e0z7ZXvWYTvpoCyu
00000090: 50 77 70 69 38 55 58 6F  30 76 74 70 39 39 31 71  Pwpi8UXo0vtp991q
000000A0: 42 6F 76 32 50 64 64 70  6F 63 34 5A 4E 30 75 57  Bov2Pddpoc4ZN0uW
000000B0: 43 4F 46 75 75 57 6E 49  63 63 42 51 4D 58 4B 7A  COFuuWnIccBQMXKz
000000C0: 42 56 72 65 53 39 5A 42  5A 59 6C 56 6D 74 66 6B  BVreS9ZBZYlVmtfk
000000D0: 44 6B 41 4B 33 48 4A 45  76 78 63 4B 43 74 67 61  DkAK3HJEvxcKCtga
000000E0: 75 6D 33 77 65 70 66 41  67 77 59 7A 69 6E 62 4A  um3wepfAgwYzinbJ
000000F0: 57 4D 65 71 33 70 47 48  31 31 63 44 57 77 33 6F  WMeq3pGH11cDWw3o
00000100: 4B 39 36 7A 75 6C 37 7A  52 57 6D 58 45 44 30 4B  K96zul7zRWmXED0K
00000110: 57 61 50 48 53 75 4A 63  6F 68 4D 44 68 62 59 55  WaPHSuJcohMDhbYU
00000120: 51 49 64 6B 43 79 37 55  48 62 49 43 46 6A 30 4D  QIdkCy7UHbICFj0M
00000130: 51 4E 77 56 37 44 5A 31  50 4B 63 5A 39 73 6B 4D  QNwV7DZ1PKcZ9skM
00000140: 4F 54 57 53 69 20 40 75  73 65 72 6E 61 6D 65 5F  OTWSi @username_
00000150: 39 31 36 20 40 75 73 65  72 6E 61 6D 65 5F 37 34  916 @username_74
00000160: 35 20 40 75 73 65 72 6E  61 6D 65 5F 31 31 34 20  5 @username_114 
00000170: 40 75 73 65 72 6E 61 6D  65 5F 35 31 38 20 40 75  @username_518 @u
00000180: 73 65 72 6E 61 6D 65 5F  34 31 31 20 68 74 74 70  sername_411 http
00000190: 3A 2F 2F 6B 57 30 56 58  35 53 32 36 4E 6F 78 63  ://kW0VX5S26Noxc
000001A0: 62 78 68 72 70 43 6F 4C  5A 7A 65 6B 41 44 4A 34  bxhrpCoLZzekADJ4
000001B0: 59 36 43 39 58 67 32 72  46 6F 4B 30 53 41 58 71  Y6C9Xg2rFoK0SAXq
000001C0: 53 66 68 77 65 41 6C 50  49 42 35 6B 75 4E 78 47  SfhweAlPIB5kuNxG
000001D0: 46 45 47 20 68 74 74 70  3A 2F 2F 31 76 33 38 36  FEG http://1v386
000001E0: 6C 69 75 4A 6E 42 53 42  78 4F 73 74 6B 4D 4E 38  liuJnBSBxOstkMN8
000001F0: 72 53 76 36 68 31 61 47  4A 4F 4E 41 6D 55 39 44  rSv6h1aGJONAmU9D
00000200: 6F 62 49 52 76 43 4F 30  34 68 51 38 68 64 41 4F  obIRvCO04hQ8hdAO
00000210: 30 31 4F 69 61 5A 6A 6D  6F 62 57 20 68 74 74 70  01OiaZjmobW http
00000220: 3A 2F 2F 6B 62 34 70 5A  79 6B 38 4F 34 52 78 55  ://kb4pZyk8O4RxU
00000230: 35 5A 42 4C 48 78 37 55  61 7A 4E 62 67 31 35 59  5ZBLHx7UazNbg15Y
00000240: 66 76 4A 50 55 45 62 67  62 33 6C 78 70 4A 63 30  fvJPUEbgb3lxpJc0
00000250: 59 6E 6F 65 77 74 4C 69  46 73 51 71 46 7A 52 57  YnoewtLiFsQqFzRW
00000260: 4A 75 68 20 68 74 74 70  3A 2F 2F 35 71 47 57 76  Juh http://5qGWv
00000270: 7A 55 45 45 37 69 49 35  6D 54 55 44 68 74 44 7A  zUEE7iI5mTUDhtDz
00000280: 44 32 77 4B 36 76 45 58  45 68 4C 39 54 6F 6E 30  D2wK6vEXEhL9Ton0
00000290: 6D 62 30 4E 70 66 5A 57  32 48 30 33 4F 68 54 52  mb0NpfZW2H03OhTR
000002A0: 41 66 30 73 31 54 74 6A  58 45 4E 22 7D 2C 22 33  Af0s1TtjXEN"},"3
000002B0: 22 3A 7B 22 6D 61 70 22  3A 5B 22 73 74 72 22 2C  ":{"map":["str",
000002C0: 22 73 74 72 22 2C 30 2C  7B 7D 5D 7D 7D 5D        "str",0,{}]}}]
====
STREAM PID 60554.0xffff9482de657e00 (S) > 60589.0xffff9482d7141200 (C), length 1058
command[60554]: b'./cmake-build/src/TextService/TextService'
command[60589]: b'./src/ComposePostService/ComposePostService'
----
00000000: 00 00 04 1E 5B 31 2C 22  43 6F 6D 70 6F 73 65 54  ....[1,"ComposeT
00000010: 65 78 74 22 2C 32 2C 30  2C 7B 22 30 22 3A 7B 22  ext",2,0,{"0":{"
00000020: 72 65 63 22 3A 7B 22 31  22 3A 7B 22 73 74 72 22  rec":{"1":{"str"
00000030: 3A 22 63 76 63 77 44 69  76 52 74 58 65 4D 4B 56  :"cvcwDivRtXeMKV
00000040: 57 59 7A 72 6E 6A 49 7A  46 47 78 7A 32 71 70 6D  WYzrnjIzFGxz2qpm
00000050: 4E 44 45 69 45 37 4B 70  44 71 30 33 64 63 4D 53  NDEiE7KpDq03dcMS
00000060: 54 75 34 6D 65 77 43 59  4F 6E 36 52 5A 65 30 7A  Tu4mewCYOn6RZe0z
00000070: 37 5A 58 76 57 59 54 76  70 6F 43 79 75 50 77 70  7ZXvWYTvpoCyuPwp
00000080: 69 38 55 58 6F 30 76 74  70 39 39 31 71 42 6F 76  i8UXo0vtp991qBov
00000090: 32 50 64 64 70 6F 63 34  5A 4E 30 75 57 43 4F 46  2Pddpoc4ZN0uWCOF
000000A0: 75 75 57 6E 49 63 63 42  51 4D 58 4B 7A 42 56 72  uuWnIccBQMXKzBVr
000000B0: 65 53 39 5A 42 5A 59 6C  56 6D 74 66 6B 44 6B 41  eS9ZBZYlVmtfkDkA
000000C0: 4B 33 48 4A 45 76 78 63  4B 43 74 67 61 75 6D 33  K3HJEvxcKCtgaum3
000000D0: 77 65 70 66 41 67 77 59  7A 69 6E 62 4A 57 4D 65  wepfAgwYzinbJWMe
000000E0: 71 33 70 47 48 31 31 63  44 57 77 33 6F 4B 39 36  q3pGH11cDWw3oK96
000000F0: 7A 75 6C 37 7A 52 57 6D  58 45 44 30 4B 57 61 50  zul7zRWmXED0KWaP
00000100: 48 53 75 4A 63 6F 68 4D  44 68 62 59 55 51 49 64  HSuJcohMDhbYUQId
00000110: 6B 43 79 37 55 48 62 49  43 46 6A 30 4D 51 4E 77  kCy7UHbICFj0MQNw
00000120: 56 37 44 5A 31 50 4B 63  5A 39 73 6B 4D 4F 54 57  V7DZ1PKcZ9skMOTW
00000130: 53 69 20 40 75 73 65 72  6E 61 6D 65 5F 39 31 36  Si @username_916
00000140: 20 40 75 73 65 72 6E 61  6D 65 5F 37 34 35 20 40   @username_745 @
00000150: 75 73 65 72 6E 61 6D 65  5F 31 31 34 20 40 75 73  username_114 @us
00000160: 65 72 6E 61 6D 65 5F 35  31 38 20 40 75 73 65 72  ername_518 @user
00000170: 6E 61 6D 65 5F 34 31 31  20 68 74 74 70 3A 2F 2F  name_411 http://
00000180: 73 68 6F 72 74 2D 75 72  6C 2F 6E 74 6B 6B 64 6B  short-url/ntkkdk
00000190: 58 54 37 69 20 68 74 74  70 3A 2F 2F 73 68 6F 72  XT7i http://shor
000001A0: 74 2D 75 72 6C 2F 69 46  62 6E 44 62 6D 42 50 47  t-url/iFbnDbmBPG
000001B0: 20 68 74 74 70 3A 2F 2F  73 68 6F 72 74 2D 75 72   http://short-ur
000001C0: 6C 2F 7A 39 7A 61 54 33  75 4F 73 46 20 68 74 74  l/z9zaT3uOsF htt
000001D0: 70 3A 2F 2F 73 68 6F 72  74 2D 75 72 6C 2F 5A 72  p://short-url/Zr
000001E0: 53 63 37 45 51 63 6B 43  22 7D 2C 22 32 22 3A 7B  Sc7EQckC"},"2":{
000001F0: 22 6C 73 74 22 3A 5B 22  72 65 63 22 2C 30 5D 7D  "lst":["rec",0]}
00000200: 2C 22 33 22 3A 7B 22 6C  73 74 22 3A 5B 22 72 65  ,"3":{"lst":["re
00000210: 63 22 2C 34 2C 7B 22 31  22 3A 7B 22 73 74 72 22  c",4,{"1":{"str"
00000220: 3A 22 68 74 74 70 3A 2F  2F 73 68 6F 72 74 2D 75  :"http://short-u
00000230: 72 6C 2F 6E 74 6B 6B 64  6B 58 54 37 69 22 7D 2C  rl/ntkkdkXT7i"},
00000240: 22 32 22 3A 7B 22 73 74  72 22 3A 22 68 74 74 70  "2":{"str":"http
00000250: 3A 2F 2F 6B 57 30 56 58  35 53 32 36 4E 6F 78 63  ://kW0VX5S26Noxc
00000260: 62 78 68 72 70 43 6F 4C  5A 7A 65 6B 41 44 4A 34  bxhrpCoLZzekADJ4
00000270: 59 36 43 39 58 67 32 72  46 6F 4B 30 53 41 58 71  Y6C9Xg2rFoK0SAXq
00000280: 53 66 68 77 65 41 6C 50  49 42 35 6B 75 4E 78 47  SfhweAlPIB5kuNxG
00000290: 46 45 47 22 7D 7D 2C 7B  22 31 22 3A 7B 22 73 74  FEG"}},{"1":{"st
000002A0: 72 22 3A 22 68 74 74 70  3A 2F 2F 73 68 6F 72 74  r":"http://short
000002B0: 2D 75 72 6C 2F 69 46 62  6E 44 62 6D 42 50 47 22  -url/iFbnDbmBPG"
000002C0: 7D 2C 22 32 22 3A 7B 22  73 74 72 22 3A 22 68 74  },"2":{"str":"ht
000002D0: 74 70 3A 2F 2F 31 76 33  38 36 6C 69 75 4A 6E 42  tp://1v386liuJnB
000002E0: 53 42 78 4F 73 74 6B 4D  4E 38 72 53 76 36 68 31  SBxOstkMN8rSv6h1
000002F0: 61 47 4A 4F 4E 41 6D 55  39 44 6F 62 49 52 76 43  aGJONAmU9DobIRvC
00000300: 4F 30 34 68 51 38 68 64  41 4F 30 31 4F 69 61 5A  O04hQ8hdAO01OiaZ
00000310: 6A 6D 6F 62 57 22 7D 7D  2C 7B 22 31 22 3A 7B 22  jmobW"}},{"1":{"
00000320: 73 74 72 22 3A 22 68 74  74 70 3A 2F 2F 73 68 6F  str":"http://sho
00000330: 72 74 2D 75 72 6C 2F 7A  39 7A 61 54 33 75 4F 73  rt-url/z9zaT3uOs
00000340: 46 22 7D 2C 22 32 22 3A  7B 22 73 74 72 22 3A 22  F"},"2":{"str":"
00000350: 68 74 74 70 3A 2F 2F 6B  62 34 70 5A 79 6B 38 4F  http://kb4pZyk8O
00000360: 34 52 78 55 35 5A 42 4C  48 78 37 55 61 7A 4E 62  4RxU5ZBLHx7UazNb
00000370: 67 31 35 59 66 76 4A 50  55 45 62 67 62 33 6C 78  g15YfvJPUEbgb3lx
00000380: 70 4A 63 30 59 6E 6F 65  77 74 4C 69 46 73 51 71  pJc0YnoewtLiFsQq
00000390: 46 7A 52 57 4A 75 68 22  7D 7D 2C 7B 22 31 22 3A  FzRWJuh"}},{"1":
000003A0: 7B 22 73 74 72 22 3A 22  68 74 74 70 3A 2F 2F 73  {"str":"http://s
000003B0: 68 6F 72 74 2D 75 72 6C  2F 5A 72 53 63 37 45 51  hort-url/ZrSc7EQ
000003C0: 63 6B 43 22 7D 2C 22 32  22 3A 7B 22 73 74 72 22  ckC"},"2":{"str"
000003D0: 3A 22 68 74 74 70 3A 2F  2F 35 71 47 57 76 7A 55  :"http://5qGWvzU
000003E0: 45 45 37 69 49 35 6D 54  55 44 68 74 44 7A 44 32  EE7iI5mTUDhtDzD2
000003F0: 77 4B 36 76 45 58 45 68  4C 39 54 6F 6E 30 6D 62  wK6vEXEhL9Ton0mb
00000400: 30 4E 70 66 5A 57 32 48  30 33 4F 68 54 52 41 66  0NpfZW2H03OhTRAf
00000410: 30 73 31 54 74 6A 58 45  4E 22 7D 7D 5D 7D 7D 7D  0s1TtjXEN"}}]}}}
00000420: 7D 5D                                             }]
====
STREAM PID 60589.0xffff9482d7141200 (C) > 60554.0xffff9482de657e00 (S), length 776
command[60589]: b'./src/ComposePostService/ComposePostService'
command[60554]: b'./cmake-build/src/TextService/TextService'
----
00000000: 00 00 03 04 5B 31 2C 22  43 6F 6D 70 6F 73 65 54  ....[1,"ComposeT
00000010: 65 78 74 22 2C 31 2C 30  2C 7B 22 31 22 3A 7B 22  ext",1,0,{"1":{"
00000020: 69 36 34 22 3A 38 33 32  30 31 39 35 36 30 35 30  i64":83201956050
00000030: 34 39 33 35 32 39 36 7D  2C 22 32 22 3A 7B 22 73  4935296},"2":{"s
00000040: 74 72 22 3A 22 37 63 65  70 52 41 73 73 56 32 33  tr":"7cepRAssV23
00000050: 41 35 42 4D 46 52 79 42  52 43 4A 62 32 55 70 69  A5BMFRyBRCJb2Upi
00000060: 66 61 32 62 53 47 59 7A  43 6B 6A 75 6E 73 52 43  fa2bSGYzCkjunsRC
00000070: 31 49 63 7A 56 37 4B 4F  4B 71 4B 59 68 55 6A 6C  1IczV7KOKqKYhUjl
00000080: 4A 69 63 58 30 64 33 4C  31 44 68 48 75 45 79 6F  JicX0d3L1DhHuEyo
00000090: 35 79 67 4D 4C 35 62 50  41 6C 32 55 41 75 45 64  5ygML5bPAl2UAuEd
000000A0: 49 46 78 65 30 5A 78 38  34 74 4B 5A 42 4F 4D 49  IFxe0Zx84tKZBOMI
000000B0: 50 34 73 52 57 71 43 78  6C 4D 64 56 42 4D 46 54  P4sRWqCxlMdVBMFT
000000C0: 48 69 6B 50 76 79 65 58  66 31 77 49 6E 6A 46 77  HikPvyeXf1wInjFw
000000D0: 62 76 6E 57 31 4D 6E 43  51 50 61 68 4D 32 59 41  bvnW1MnCQPahM2YA
000000E0: 45 6F 6A 56 66 6D 34 70  45 56 67 68 65 41 41 74  EojVfm4pEVgheAAt
000000F0: 72 46 69 30 6A 6D 65 74  71 61 50 6B 78 51 64 67  rFi0jmetqaPkxQdg
00000100: 58 31 69 6B 71 39 7A 48  74 47 74 58 35 56 39 4C  X1ikq9zHtGtX5V9L
00000110: 42 45 58 38 79 38 43 72  41 31 62 43 63 48 32 30  BEX8y8CrA1bCcH20
00000120: 4B 33 37 62 46 33 5A 42  72 32 69 31 62 4F 55 53  K37bF3ZBr2i1bOUS
00000130: 56 65 37 42 54 59 35 45  33 58 59 48 50 58 4F 42  Ve7BTY5E3XYHPXOB
00000140: 51 41 49 65 38 20 40 75  73 65 72 6E 61 6D 65 5F  QAIe8 @username_
00000150: 32 30 32 20 40 75 73 65  72 6E 61 6D 65 5F 31 34  202 @username_14
00000160: 37 20 40 75 73 65 72 6E  61 6D 65 5F 36 39 32 20  7 @username_692 
00000170: 40 75 73 65 72 6E 61 6D  65 5F 35 39 36 20 68 74  @username_596 ht
00000180: 74 70 3A 2F 2F 49 78 34  4A 58 50 30 4C 6C 77 65  tp://Ix4JXP0Llwe
00000190: 45 4D 55 66 76 52 38 4F  64 52 51 35 62 51 71 74  EMUfvR8OdRQ5bQqt
000001A0: 57 5A 68 59 30 42 6A 32  4A 73 78 37 67 4B 45 54  WZhY0Bj2Jsx7gKET
000001B0: 4E 39 7A 65 6D 71 37 6F  69 67 30 68 64 54 4C 6F  N9zemq7oig0hdTLo
000001C0: 45 6A 52 6D 61 20 68 74  74 70 3A 2F 2F 53 74 49  EjRma http://StI
000001D0: 31 34 65 42 54 74 75 45  45 66 4B 35 68 67 56 5A  14eBTtuEEfK5hgVZ
000001E0: 74 33 64 38 78 6A 53 4F  66 53 33 42 70 42 78 4E  t3d8xjSOfS3BpBxN
000001F0: 61 48 38 4A 44 4B 30 53  4A 42 48 51 78 72 54 78  aH8JDK0SJBHQxrTx
00000200: 6E 44 61 39 79 4F 6A 4E  76 74 68 4A 50 20 68 74  nDa9yOjNvthJP ht
00000210: 74 70 3A 2F 2F 6E 38 70  46 6A 6F 52 67 49 70 36  tp://n8pFjoRgIp6
00000220: 49 42 32 79 50 4A 78 53  79 4C 4B 45 67 57 69 43  IB2yPJxSyLKEgWiC
00000230: 6C 49 65 4B 33 55 57 73  76 41 52 4C 4F 42 57 77  lIeK3UWsvARLOBWw
00000240: 7A 30 75 41 38 36 45 69  39 49 4F 47 65 42 78 34  z0uA86Ei9IOGeBx4
00000250: 47 48 51 36 47 20 68 74  74 70 3A 2F 2F 53 56 55  GHQ6G http://SVU
00000260: 77 6C 6A 58 4F 49 31 72  6F 6B 68 54 79 50 61 61  wljXOI1rokhTyPaa
00000270: 4C 73 4E 42 74 75 77 68  54 72 4E 45 75 44 63 42  LsNBtuwhTrNEuDcB
00000280: 4A 59 78 39 55 4F 35 54  42 50 68 4D 69 6F 37 33  JYx9UO5TBPhMio73
00000290: 68 36 35 72 47 64 54 70  63 46 75 50 64 20 68 74  h65rGdTpcFuPd ht
000002A0: 74 70 3A 2F 2F 44 68 77  66 43 70 42 58 61 78 46  tp://DhwfCpBXaxF
000002B0: 57 37 78 51 4B 62 54 68  79 50 55 4F 6C 35 58 31  W7xQKbThyPUOl5X1
000002C0: 41 74 75 77 62 69 4E 70  45 4F 69 4A 32 62 66 59  AtuwbiNpEOiJ2bfY
000002D0: 4A 74 39 4A 6D 67 48 41  62 6E 77 56 50 56 79 67  Jt9JmgHAbnwVPVyg
000002E0: 30 72 55 79 47 22 7D 2C  22 33 22 3A 7B 22 6D 61  0rUyG"},"3":{"ma
000002F0: 70 22 3A 5B 22 73 74 72  22 2C 22 73 74 72 22 2C  p":["str","str",
00000300: 30 2C 7B 7D 5D 7D 7D 5D                           0,{}]}}]
====
STREAM PID 60554.0xffff9482de657e00 (S) > 60589.0xffff9482d7141200 (C), length 1202
command[60554]: b'./cmake-build/src/TextService/TextService'
command[60589]: b'./src/ComposePostService/ComposePostService'
----
00000000: 00 00 04 AE 5B 31 2C 22  43 6F 6D 70 6F 73 65 54  ....[1,"ComposeT
00000010: 65 78 74 22 2C 32 2C 30  2C 7B 22 30 22 3A 7B 22  ext",2,0,{"0":{"
00000020: 72 65 63 22 3A 7B 22 31  22 3A 7B 22 73 74 72 22  rec":{"1":{"str"
00000030: 3A 22 37 63 65 70 52 41  73 73 56 32 33 41 35 42  :"7cepRAssV23A5B
00000040: 4D 46 52 79 42 52 43 4A  62 32 55 70 69 66 61 32  MFRyBRCJb2Upifa2
00000050: 62 53 47 59 7A 43 6B 6A  75 6E 73 52 43 31 49 63  bSGYzCkjunsRC1Ic
00000060: 7A 56 37 4B 4F 4B 71 4B  59 68 55 6A 6C 4A 69 63  zV7KOKqKYhUjlJic
00000070: 58 30 64 33 4C 31 44 68  48 75 45 79 6F 35 79 67  X0d3L1DhHuEyo5yg
00000080: 4D 4C 35 62 50 41 6C 32  55 41 75 45 64 49 46 78  ML5bPAl2UAuEdIFx
00000090: 65 30 5A 78 38 34 74 4B  5A 42 4F 4D 49 50 34 73  e0Zx84tKZBOMIP4s
000000A0: 52 57 71 43 78 6C 4D 64  56 42 4D 46 54 48 69 6B  RWqCxlMdVBMFTHik
000000B0: 50 76 79 65 58 66 31 77  49 6E 6A 46 77 62 76 6E  PvyeXf1wInjFwbvn
000000C0: 57 31 4D 6E 43 51 50 61  68 4D 32 59 41 45 6F 6A  W1MnCQPahM2YAEoj
000000D0: 56 66 6D 34 70 45 56 67  68 65 41 41 74 72 46 69  Vfm4pEVgheAAtrFi
000000E0: 30 6A 6D 65 74 71 61 50  6B 78 51 64 67 58 31 69  0jmetqaPkxQdgX1i
000000F0: 6B 71 39 7A 48 74 47 74  58 35 56 39 4C 42 45 58  kq9zHtGtX5V9LBEX
00000100: 38 79 38 43 72 41 31 62  43 63 48 32 30 4B 33 37  8y8CrA1bCcH20K37
00000110: 62 46 33 5A 42 72 32 69  31 62 4F 55 53 56 65 37  bF3ZBr2i1bOUSVe7
00000120: 42 54 59 35 45 33 58 59  48 50 58 4F 42 51 41 49  BTY5E3XYHPXOBQAI
00000130: 65 38 20 40 75 73 65 72  6E 61 6D 65 5F 32 30 32  e8 @username_202
00000140: 20 40 75 73 65 72 6E 61  6D 65 5F 31 34 37 20 40   @username_147 @
00000150: 75 73 65 72 6E 61 6D 65  5F 36 39 32 20 40 75 73  username_692 @us
00000160: 65 72 6E 61 6D 65 5F 35  39 36 20 68 74 74 70 3A  ername_596 http:
00000170: 2F 2F 73 68 6F 72 74 2D  75 72 6C 2F 56 6C 69 73  //short-url/Vlis
00000180: 57 54 66 4C 61 68 20 68  74 74 70 3A 2F 2F 73 68  WTfLah http://sh
00000190: 6F 72 74 2D 75 72 6C 2F  52 33 42 55 45 4B 6F 79  ort-url/R3BUEKoy
000001A0: 43 7A 20 68 74 74 70 3A  2F 2F 73 68 6F 72 74 2D  Cz http://short-
000001B0: 75 72 6C 2F 50 6B 77 34  6F 65 76 36 37 78 20 68  url/Pkw4oev67x h
000001C0: 74 74 70 3A 2F 2F 73 68  6F 72 74 2D 75 72 6C 2F  ttp://short-url/
000001D0: 6E 34 45 6B 76 4C 33 71  7A 31 20 68 74 74 70 3A  n4EkvL3qz1 http:
000001E0: 2F 2F 73 68 6F 72 74 2D  75 72 6C 2F 74 38 6C 36  //short-url/t8l6
000001F0: 57 6D 38 36 34 38 22 7D  2C 22 32 22 3A 7B 22 6C  Wm8648"},"2":{"l
00000200: 73 74 22 3A 5B 22 72 65  63 22 2C 30 5D 7D 2C 22  st":["rec",0]},"
00000210: 33 22 3A 7B 22 6C 73 74  22 3A 5B 22 72 65 63 22  3":{"lst":["rec"
00000220: 2C 35 2C 7B 22 31 22 3A  7B 22 73 74 72 22 3A 22  ,5,{"1":{"str":"
00000230: 68 74 74 70 3A 2F 2F 73  68 6F 72 74 2D 75 72 6C  http://short-url
00000240: 2F 56 6C 69 73 57 54 66  4C 61 68 22 7D 2C 22 32  /VlisWTfLah"},"2
00000250: 22 3A 7B 22 73 74 72 22  3A 22 68 74 74 70 3A 2F  ":{"str":"http:/
00000260: 2F 49 78 34 4A 58 50 30  4C 6C 77 65 45 4D 55 66  /Ix4JXP0LlweEMUf
00000270: 76 52 38 4F 64 52 51 35  62 51 71 74 57 5A 68 59  vR8OdRQ5bQqtWZhY
00000280: 30 42 6A 32 4A 73 78 37  67 4B 45 54 4E 39 7A 65  0Bj2Jsx7gKETN9ze
00000290: 6D 71 37 6F 69 67 30 68  64 54 4C 6F 45 6A 52 6D  mq7oig0hdTLoEjRm
000002A0: 61 22 7D 7D 2C 7B 22 31  22 3A 7B 22 73 74 72 22  a"}},{"1":{"str"
000002B0: 3A 22 68 74 74 70 3A 2F  2F 73 68 6F 72 74 2D 75  :"http://short-u
000002C0: 72 6C 2F 52 33 42 55 45  4B 6F 79 43 7A 22 7D 2C  rl/R3BUEKoyCz"},
000002D0: 22 32 22 3A 7B 22 73 74  72 22 3A 22 68 74 74 70  "2":{"str":"http
000002E0: 3A 2F 2F 53 74 49 31 34  65 42 54 74 75 45 45 66  ://StI14eBTtuEEf
000002F0: 4B 35 68 67 56 5A 74 33  64 38 78 6A 53 4F 66 53  K5hgVZt3d8xjSOfS
00000300: 33 42 70 42 78 4E 61 48  38 4A 44 4B 30 53 4A 42  3BpBxNaH8JDK0SJB
00000310: 48 51 78 72 54 78 6E 44  61 39 79 4F 6A 4E 76 74  HQxrTxnDa9yOjNvt
00000320: 68 4A 50 22 7D 7D 2C 7B  22 31 22 3A 7B 22 73 74  hJP"}},{"1":{"st
00000330: 72 22 3A 22 68 74 74 70  3A 2F 2F 73 68 6F 72 74  r":"http://short
00000340: 2D 75 72 6C 2F 50 6B 77  34 6F 65 76 36 37 78 22  -url/Pkw4oev67x"
00000350: 7D 2C 22 32 22 3A 7B 22  73 74 72 22 3A 22 68 74  },"2":{"str":"ht
00000360: 74 70 3A 2F 2F 6E 38 70  46 6A 6F 52 67 49 70 36  tp://n8pFjoRgIp6
00000370: 49 42 32 79 50 4A 78 53  79 4C 4B 45 67 57 69 43  IB2yPJxSyLKEgWiC
00000380: 6C 49 65 4B 33 55 57 73  76 41 52 4C 4F 42 57 77  lIeK3UWsvARLOBWw
00000390: 7A 30 75 41 38 36 45 69  39 49 4F 47 65 42 78 34  z0uA86Ei9IOGeBx4
000003A0: 47 48 51 36 47 22 7D 7D  2C 7B 22 31 22 3A 7B 22  GHQ6G"}},{"1":{"
000003B0: 73 74 72 22 3A 22 68 74  74 70 3A 2F 2F 73 68 6F  str":"http://sho
000003C0: 72 74 2D 75 72 6C 2F 6E  34 45 6B 76 4C 33 71 7A  rt-url/n4EkvL3qz
000003D0: 31 22 7D 2C 22 32 22 3A  7B 22 73 74 72 22 3A 22  1"},"2":{"str":"
000003E0: 68 74 74 70 3A 2F 2F 53  56 55 77 6C 6A 58 4F 49  http://SVUwljXOI
000003F0: 31 72 6F 6B 68 54 79 50  61 61 4C 73 4E 42 74 75  1rokhTyPaaLsNBtu
00000400: 77 68 54 72 4E 45 75 44  63 42 4A 59 78 39 55 4F  whTrNEuDcBJYx9UO
00000410: 35 54 42 50 68 4D 69 6F  37 33 68 36 35 72 47 64  5TBPhMio73h65rGd
00000420: 54 70 63 46 75 50 64 22  7D 7D 2C 7B 22 31 22 3A  TpcFuPd"}},{"1":
00000430: 7B 22 73 74 72 22 3A 22  68 74 74 70 3A 2F 2F 73  {"str":"http://s
00000440: 68 6F 72 74 2D 75 72 6C  2F 74 38 6C 36 57 6D 38  hort-url/t8l6Wm8
00000450: 36 34 38 22 7D 2C 22 32  22 3A 7B 22 73 74 72 22  648"},"2":{"str"
00000460: 3A 22 68 74 74 70 3A 2F  2F 44 68 77 66 43 70 42  :"http://DhwfCpB
00000470: 58 61 78 46 57 37 78 51  4B 62 54 68 79 50 55 4F  XaxFW7xQKbThyPUO
00000480: 6C 35 58 31 41 74 75 77  62 69 4E 70 45 4F 69 4A  l5X1AtuwbiNpEOiJ
00000490: 32 62 66 59 4A 74 39 4A  6D 67 48 41 62 6E 77 56  2bfYJt9JmgHAbnwV
000004A0: 50 56 79 67 30 72 55 79  47 22 7D 7D 5D 7D 7D 7D  PVyg0rUyG"}}]}}}
000004B0: 7D 5D                                             }]
====
STREAM PID 60589.0xffff9482d7141200 (C) > 60554.0xffff9482de657e00 (S), length 703
command[60589]: b'./src/ComposePostService/ComposePostService'
command[60554]: b'./cmake-build/src/TextService/TextService'
----
00000000: 00 00 02 BB 5B 31 2C 22  43 6F 6D 70 6F 73 65 54  ....[1,"ComposeT
00000010: 65 78 74 22 2C 31 2C 30  2C 7B 22 31 22 3A 7B 22  ext",1,0,{"1":{"
00000020: 69 36 34 22 3A 37 39 34  30 31 39 36 38 35 33 38  i64":79401968538
00000030: 32 37 36 35 34 34 30 7D  2C 22 32 22 3A 7B 22 73  2765440},"2":{"s
00000040: 74 72 22 3A 22 33 38 72  79 63 78 56 55 32 55 4C  tr":"38rycxVU2UL
00000050: 43 58 4E 6C 79 51 53 52  75 51 39 35 62 4D 73 7A  CXNlyQSRuQ95bMsz
00000060: 66 6E 7A 65 51 63 6E 77  68 66 7A 5A 4A 75 6E 65  fnzeQcnwhfzZJune
00000070: 71 42 41 79 36 46 38 71  61 73 66 4E 44 6F 41 36  qBAy6F8qasfNDoA6
00000080: 41 62 42 48 43 70 36 4E  33 76 42 56 55 36 6D 36  AbBHCp6N3vBVU6m6
00000090: 51 4B 4B 48 72 6B 7A 49  47 61 69 77 6B 52 70 58  QKKHrkzIGaiwkRpX
000000A0: 54 55 69 4E 71 41 6C 70  6E 35 6A 56 34 55 6A 4A  TUiNqAlpn5jV4UjJ
000000B0: 32 4B 35 6E 37 4E 67 4F  52 4D 79 6D 6A 72 67 52  2K5n7NgORMymjrgR
000000C0: 54 4E 55 43 47 68 59 69  36 58 76 75 62 4E 52 50  TNUCGhYi6XvubNRP
000000D0: 74 4F 58 4D 43 44 66 6D  35 65 43 70 44 38 39 43  tOXMCDfm5eCpD89C
000000E0: 39 62 73 6B 36 55 65 33  64 33 68 4A 64 45 32 6B  9bsk6Ue3d3hJdE2k
000000F0: 70 43 47 65 53 56 74 69  4D 39 43 34 55 70 45 75  pCGeSVtiM9C4UpEu
00000100: 59 61 52 4C 61 59 4B 6A  55 52 45 58 65 65 4C 33  YaRLaYKjUREXeeL3
00000110: 71 57 38 57 71 38 58 6B  5A 66 76 77 76 36 31 54  qW8Wq8XkZfvwv61T
00000120: 69 67 71 79 33 6B 4D 37  4D 4A 42 4B 53 37 38 57  igqy3kM7MJBKS78W
00000130: 4D 72 34 65 46 74 31 43  44 6D 55 4D 50 58 75 71  Mr4eFt1CDmUMPXuq
00000140: 52 6D 47 35 64 20 40 75  73 65 72 6E 61 6D 65 5F  RmG5d @username_
00000150: 34 33 34 20 40 75 73 65  72 6E 61 6D 65 5F 35 35  434 @username_55
00000160: 34 20 40 75 73 65 72 6E  61 6D 65 5F 33 39 34 20  4 @username_394 
00000170: 40 75 73 65 72 6E 61 6D  65 5F 34 37 20 68 74 74  @username_47 htt
00000180: 70 3A 2F 2F 74 56 54 57  4D 74 63 72 73 31 34 77  p://tVTWMtcrs14w
00000190: 6A 66 63 42 4D 61 4A 58  6F 44 64 52 41 45 73 76  jfcBMaJXoDdRAEsv
000001A0: 70 65 76 4A 35 4D 46 6E  75 75 72 59 35 75 46 54  pevJ5MFnuurY5uFT
000001B0: 70 7A 42 43 75 58 36 46  43 6B 49 63 30 4C 46 38  pzBCuX6FCkIc0LF8
000001C0: 34 55 55 62 20 68 74 74  70 3A 2F 2F 55 57 48 48  4UUb http://UWHH
000001D0: 43 57 54 73 72 6E 37 43  76 54 77 46 58 30 4A 79  CWTsrn7CvTwFX0Jy
000001E0: 37 39 59 34 34 44 55 31  46 76 36 62 44 66 73 33  79Y44DU1Fv6bDfs3
000001F0: 50 73 66 6B 59 64 47 6B  63 49 57 65 4D 32 79 55  PsfkYdGkcIWeM2yU
00000200: 52 56 32 59 75 7A 78 33  59 43 62 33 20 68 74 74  RV2Yuzx3YCb3 htt
00000210: 70 3A 2F 2F 58 75 39 67  75 4C 67 5A 45 5A 52 55  p://Xu9guLgZEZRU
00000220: 62 68 65 47 79 69 49 4F  67 45 6B 62 4C 64 64 57  bheGyiIOgEkbLddW
00000230: 36 43 4F 38 36 32 41 47  73 37 69 63 71 59 67 30  6CO862AGs7icqYg0
00000240: 66 72 35 64 47 63 76 56  33 6E 53 59 6D 36 33 6F  fr5dGcvV3nSYm63o
00000250: 61 4D 42 56 20 68 74 74  70 3A 2F 2F 44 66 48 59  aMBV http://DfHY
00000260: 56 43 6A 62 71 38 51 57  31 67 39 5A 71 51 45 73  VCjbq8QW1g9ZqQEs
00000270: 79 30 54 38 4F 75 7A 44  35 7A 62 52 6E 43 69 77  y0T8OuzD5zbRnCiw
00000280: 31 71 6F 6F 78 4D 6F 65  67 45 51 43 73 74 7A 66  1qooxMoegEQCstzf
00000290: 67 57 78 50 52 68 7A 6B  56 42 68 36 22 7D 2C 22  gWxPRhzkVBh6"},"
000002A0: 33 22 3A 7B 22 6D 61 70  22 3A 5B 22 73 74 72 22  3":{"map":["str"
000002B0: 2C 22 73 74 72 22 2C 30  2C 7B 7D 5D 7D 7D 5D     ,"str",0,{}]}}]
====
STREAM PID 60554.0xffff9482de657e00 (S) > 60589.0xffff9482d7141200 (C), length 1043
command[60554]: b'./cmake-build/src/TextService/TextService'
command[60589]: b'./src/ComposePostService/ComposePostService'
----
00000000: 00 00 04 0F 5B 31 2C 22  43 6F 6D 70 6F 73 65 54  ....[1,"ComposeT
00000010: 65 78 74 22 2C 32 2C 30  2C 7B 22 30 22 3A 7B 22  ext",2,0,{"0":{"
00000020: 72 65 63 22 3A 7B 22 31  22 3A 7B 22 73 74 72 22  rec":{"1":{"str"
00000030: 3A 22 33 38 72 79 63 78  56 55 32 55 4C 43 58 4E  :"38rycxVU2ULCXN
00000040: 6C 79 51 53 52 75 51 39  35 62 4D 73 7A 66 6E 7A  lyQSRuQ95bMszfnz
00000050: 65 51 63 6E 77 68 66 7A  5A 4A 75 6E 65 71 42 41  eQcnwhfzZJuneqBA
00000060: 79 36 46 38 71 61 73 66  4E 44 6F 41 36 41 62 42  y6F8qasfNDoA6AbB
00000070: 48 43 70 36 4E 33 76 42  56 55 36 6D 36 51 4B 4B  HCp6N3vBVU6m6QKK
00000080: 48 72 6B 7A 49 47 61 69  77 6B 52 70 58 54 55 69  HrkzIGaiwkRpXTUi
00000090: 4E 71 41 6C 70 6E 35 6A  56 34 55 6A 4A 32 4B 35  NqAlpn5jV4UjJ2K5
000000A0: 6E 37 4E 67 4F 52 4D 79  6D 6A 72 67 52 54 4E 55  n7NgORMymjrgRTNU
000000B0: 43 47 68 59 69 36 58 76  75 62 4E 52 50 74 4F 58  CGhYi6XvubNRPtOX
000000C0: 4D 43 44 66 6D 35 65 43  70 44 38 39 43 39 62 73  MCDfm5eCpD89C9bs
000000D0: 6B 36 55 65 33 64 33 68  4A 64 45 32 6B 70 43 47  k6Ue3d3hJdE2kpCG
000000E0: 65 53 56 74 69 4D 39 43  34 55 70 45 75 59 61 52  eSVtiM9C4UpEuYaR
000000F0: 4C 61 59 4B 6A 55 52 45  58 65 65 4C 33 71 57 38  LaYKjUREXeeL3qW8
00000100: 57 71 38 58 6B 5A 66 76  77 76 36 31 54 69 67 71  Wq8XkZfvwv61Tigq
00000110: 79 33 6B 4D 37 4D 4A 42  4B 53 37 38 57 4D 72 34  y3kM7MJBKS78WMr4
00000120: 65 46 74 31 43 44 6D 55  4D 50 58 75 71 52 6D 47  eFt1CDmUMPXuqRmG
00000130: 35 64 20 40 75 73 65 72  6E 61 6D 65 5F 34 33 34  5d @username_434
00000140: 20 40 75 73 65 72 6E 61  6D 65 5F 35 35 34 20 40   @username_554 @
00000150: 75 73 65 72 6E 61 6D 65  5F 33 39 34 20 40 75 73  username_394 @us
00000160: 65 72 6E 61 6D 65 5F 34  37 20 68 74 74 70 3A 2F  ername_47 http:/
00000170: 2F 73 68 6F 72 74 2D 75  72 6C 2F 6A 55 54 56 68  /short-url/jUTVh
00000180: 73 32 6F 56 39 20 68 74  74 70 3A 2F 2F 73 68 6F  s2oV9 http://sho
00000190: 72 74 2D 75 72 6C 2F 68  63 74 68 59 47 79 41 73  rt-url/hcthYGyAs
000001A0: 69 20 68 74 74 70 3A 2F  2F 73 68 6F 72 74 2D 75  i http://short-u
000001B0: 72 6C 2F 41 4E 65 35 42  38 52 48 78 57 20 68 74  rl/ANe5B8RHxW ht
000001C0: 74 70 3A 2F 2F 73 68 6F  72 74 2D 75 72 6C 2F 68  tp://short-url/h
000001D0: 6B 64 35 72 58 4A 57 66  6A 22 7D 2C 22 32 22 3A  kd5rXJWfj"},"2":
000001E0: 7B 22 6C 73 74 22 3A 5B  22 72 65 63 22 2C 30 5D  {"lst":["rec",0]
000001F0: 7D 2C 22 33 22 3A 7B 22  6C 73 74 22 3A 5B 22 72  },"3":{"lst":["r
00000200: 65 63 22 2C 34 2C 7B 22  31 22 3A 7B 22 73 74 72  ec",4,{"1":{"str
00000210: 22 3A 22 68 74 74 70 3A  2F 2F 73 68 6F 72 74 2D  ":"http://short-
00000220: 75 72 6C 2F 6A 55 54 56  68 73 32 6F 56 39 22 7D  url/jUTVhs2oV9"}
00000230: 2C 22 32 22 3A 7B 22 73  74 72 22 3A 22 68 74 74  ,"2":{"str":"htt
00000240: 70 3A 2F 2F 74 56 54 57  4D 74 63 72 73 31 34 77  p://tVTWMtcrs14w
00000250: 6A 66 63 42 4D 61 4A 58  6F 44 64 52 41 45 73 76  jfcBMaJXoDdRAEsv
00000260: 70 65 76 4A 35 4D 46 6E  75 75 72 59 35 75 46 54  pevJ5MFnuurY5uFT
00000270: 70 7A 42 43 75 58 36 46  43 6B 49 63 30 4C 46 38  pzBCuX6FCkIc0LF8
00000280: 34 55 55 62 22 7D 7D 2C  7B 22 31 22 3A 7B 22 73  4UUb"}},{"1":{"s
00000290: 74 72 22 3A 22 68 74 74  70 3A 2F 2F 73 68 6F 72  tr":"http://shor
000002A0: 74 2D 75 72 6C 2F 68 63  74 68 59 47 79 41 73 69  t-url/hcthYGyAsi
000002B0: 22 7D 2C 22 32 22 3A 7B  22 73 74 72 22 3A 22 68  "},"2":{"str":"h
000002C0: 74 74 70 3A 2F 2F 55 57  48 48 43 57 54 73 72 6E  ttp://UWHHCWTsrn
000002D0: 37 43 76 54 77 46 58 30  4A 79 37 39 59 34 34 44  7CvTwFX0Jy79Y44D
000002E0: 55 31 46 76 36 62 44 66  73 33 50 73 66 6B 59 64  U1Fv6bDfs3PsfkYd
000002F0: 47 6B 63 49 57 65 4D 32  79 55 52 56 32 59 75 7A  GkcIWeM2yURV2Yuz
00000300: 78 33 59 43 62 33 22 7D  7D 2C 7B 22 31 22 3A 7B  x3YCb3"}},{"1":{
00000310: 22 73 74 72 22 3A 22 68  74 74 70 3A 2F 2F 73 68  "str":"http://sh
00000320: 6F 72 74 2D 75 72 6C 2F  41 4E 65 35 42 38 52 48  ort-url/ANe5B8RH
00000330: 78 57 22 7D 2C 22 32 22  3A 7B 22 73 74 72 22 3A  xW"},"2":{"str":
00000340: 22 68 74 74 70 3A 2F 2F  58 75 39 67 75 4C 67 5A  "http://Xu9guLgZ
00000350: 45 5A 52 55 62 68 65 47  79 69 49 4F 67 45 6B 62  EZRUbheGyiIOgEkb
00000360: 4C 64 64 57 36 43 4F 38  36 32 41 47 73 37 69 63  LddW6CO862AGs7ic
00000370: 71 59 67 30 66 72 35 64  47 63 76 56 33 6E 53 59  qYg0fr5dGcvV3nSY
00000380: 6D 36 33 6F 61 4D 42 56  22 7D 7D 2C 7B 22 31 22  m63oaMBV"}},{"1"
00000390: 3A 7B 22 73 74 72 22 3A  22 68 74 74 70 3A 2F 2F  :{"str":"http://
000003A0: 73 68 6F 72 74 2D 75 72  6C 2F 68 6B 64 35 72 58  short-url/hkd5rX
000003B0: 4A 57 66 6A 22 7D 2C 22  32 22 3A 7B 22 73 74 72  JWfj"},"2":{"str
000003C0: 22 3A 22 68 74 74 70 3A  2F 2F 44 66 48 59 56 43  ":"http://DfHYVC
000003D0: 6A 62 71 38 51 57 31 67  39 5A 71 51 45 73 79 30  jbq8QW1g9ZqQEsy0
000003E0: 54 38 4F 75 7A 44 35 7A  62 52 6E 43 69 77 31 71  T8OuzD5zbRnCiw1q
000003F0: 6F 6F 78 4D 6F 65 67 45  51 43 73 74 7A 66 67 57  ooxMoegEQCstzfgW
00000400: 78 50 52 68 7A 6B 56 42  68 36 22 7D 7D 5D 7D 7D  xPRhzkVBh6"}}]}}
00000410: 7D 7D 5D                                          }}]
====
STREAM PID 60589.0xffff9482d7141200 (C) > 60554.0xffff9482de657e00 (S), length 446
command[60589]: b'./src/ComposePostService/ComposePostService'
command[60554]: b'./cmake-build/src/TextService/TextService'
----
00000000: 00 00 01 BA 5B 31 2C 22  43 6F 6D 70 6F 73 65 54  ....[1,"ComposeT
00000010: 65 78 74 22 2C 31 2C 30  2C 7B 22 31 22 3A 7B 22  ext",1,0,{"1":{"
00000020: 69 36 34 22 3A 38 37 32  33 30 34 38 31 36 36 32  i64":87230481662
00000030: 39 38 39 32 39 39 32 7D  2C 22 32 22 3A 7B 22 73  9892992},"2":{"s
00000040: 74 72 22 3A 22 74 57 68  4A 48 48 31 6C 6C 70 65  tr":"tWhJHH1llpe
00000050: 34 72 46 66 65 42 6A 4E  39 64 73 43 72 58 56 44  4rFfeBjN9dsCrXVD
00000060: 6E 6C 75 6E 58 54 35 34  39 43 67 71 66 35 45 57  nlunXT549Cgqf5EW
00000070: 38 72 74 62 52 38 4E 54  70 41 6F 6B 54 50 73 55  8rtbR8NTpAokTPsU
00000080: 76 71 71 6D 51 55 51 46  72 79 32 54 37 6E 65 6D  vqqmQUQFry2T7nem
00000090: 45 50 6D 6B 64 39 4E 76  62 57 39 49 6A 43 45 42  EPmkd9NvbW9IjCEB
000000A0: 73 6A 5A 7A 76 70 50 45  45 30 62 32 66 41 44 41  sjZzvpPEE0b2fADA
000000B0: 51 65 78 79 4F 34 57 50  55 63 44 33 45 6C 6C 75  QexyO4WPUcD3Ellu
000000C0: 46 35 45 5A 57 49 6B 79  4D 31 69 51 50 4C 4D 4F  F5EZWIkyM1iQPLMO
000000D0: 78 6A 62 73 67 73 64 4E  4D 61 6E 34 41 6B 47 4E  xjbsgsdNMan4AkGN
000000E0: 43 5A 7A 59 61 54 4D 53  56 64 35 62 6C 68 33 42  CZzYaTMSVd5blh3B
000000F0: 4D 34 31 4B 68 49 52 4C  75 74 38 51 6C 39 48 70  M41KhIRLut8Ql9Hp
00000100: 4F 63 33 35 76 77 52 46  6A 34 49 46 49 72 72 37  Oc35vwRFj4IFIrr7
00000110: 35 7A 4F 57 73 4F 7A 69  74 68 7A 71 6F 62 4D 32  5zOWsOzithzqobM2
00000120: 78 69 4E 6E 6D 57 48 4B  4D 70 43 79 78 73 6A 4B  xiNnmWHKMpCyxsjK
00000130: 4C 39 70 57 32 50 44 6B  53 68 4D 52 55 4F 44 51  L9pW2PDkShMRUODQ
00000140: 49 6B 42 31 51 20 40 75  73 65 72 6E 61 6D 65 5F  IkB1Q @username_
00000150: 34 38 30 20 68 74 74 70  3A 2F 2F 76 45 6C 54 4A  480 http://vElTJ
00000160: 73 46 56 6A 56 71 43 78  6D 61 46 72 6C 38 73 76  sFVjVqCxmaFrl8sv
00000170: 46 48 65 6E 58 67 4E 34  74 65 39 57 68 35 6C 4C  FHenXgN4te9Wh5lL
00000180: 67 48 6A 41 45 75 34 7A  32 52 64 48 4C 56 76 52  gHjAEu4z2RdHLVvR
00000190: 67 67 59 74 50 46 73 55  44 30 4F 22 7D 2C 22 33  ggYtPFsUD0O"},"3
000001A0: 22 3A 7B 22 6D 61 70 22  3A 5B 22 73 74 72 22 2C  ":{"map":["str",
000001B0: 22 73 74 72 22 2C 30 2C  7B 7D 5D 7D 7D 5D        "str",0,{}]}}]
====
STREAM PID 60554.0xffff9482de657e00 (S) > 60589.0xffff9482d7141200 (C), length 528
command[60554]: b'./cmake-build/src/TextService/TextService'
command[60589]: b'./src/ComposePostService/ComposePostService'
----
00000000: 00 00 02 0C 5B 31 2C 22  43 6F 6D 70 6F 73 65 54  ....[1,"ComposeT
00000010: 65 78 74 22 2C 32 2C 30  2C 7B 22 30 22 3A 7B 22  ext",2,0,{"0":{"
00000020: 72 65 63 22 3A 7B 22 31  22 3A 7B 22 73 74 72 22  rec":{"1":{"str"
00000030: 3A 22 74 57 68 4A 48 48  31 6C 6C 70 65 34 72 46  :"tWhJHH1llpe4rF
00000040: 66 65 42 6A 4E 39 64 73  43 72 58 56 44 6E 6C 75  feBjN9dsCrXVDnlu
00000050: 6E 58 54 35 34 39 43 67  71 66 35 45 57 38 72 74  nXT549Cgqf5EW8rt
00000060: 62 52 38 4E 54 70 41 6F  6B 54 50 73 55 76 71 71  bR8NTpAokTPsUvqq
00000070: 6D 51 55 51 46 72 79 32  54 37 6E 65 6D 45 50 6D  mQUQFry2T7nemEPm
00000080: 6B 64 39 4E 76 62 57 39  49 6A 43 45 42 73 6A 5A  kd9NvbW9IjCEBsjZ
00000090: 7A 76 70 50 45 45 30 62  32 66 41 44 41 51 65 78  zvpPEE0b2fADAQex
000000A0: 79 4F 34 57 50 55 63 44  33 45 6C 6C 75 46 35 45  yO4WPUcD3ElluF5E
000000B0: 5A 57 49 6B 79 4D 31 69  51 50 4C 4D 4F 78 6A 62  ZWIkyM1iQPLMOxjb
000000C0: 73 67 73 64 4E 4D 61 6E  34 41 6B 47 4E 43 5A 7A  sgsdNMan4AkGNCZz
000000D0: 59 61 54 4D 53 56 64 35  62 6C 68 33 42 4D 34 31  YaTMSVd5blh3BM41
000000E0: 4B 68 49 52 4C 75 74 38  51 6C 39 48 70 4F 63 33  KhIRLut8Ql9HpOc3
000000F0: 35 76 77 52 46 6A 34 49  46 49 72 72 37 35 7A 4F  5vwRFj4IFIrr75zO
00000100: 57 73 4F 7A 69 74 68 7A  71 6F 62 4D 32 78 69 4E  WsOzithzqobM2xiN
00000110: 6E 6D 57 48 4B 4D 70 43  79 78 73 6A 4B 4C 39 70  nmWHKMpCyxsjKL9p
00000120: 57 32 50 44 6B 53 68 4D  52 55 4F 44 51 49 6B 42  W2PDkShMRUODQIkB
00000130: 31 51 20 40 75 73 65 72  6E 61 6D 65 5F 34 38 30  1Q @username_480
00000140: 20 68 74 74 70 3A 2F 2F  73 68 6F 72 74 2D 75 72   http://short-ur
00000150: 6C 2F 56 37 4B 6B 53 35  32 66 6A 45 22 7D 2C 22  l/V7KkS52fjE"},"
00000160: 32 22 3A 7B 22 6C 73 74  22 3A 5B 22 72 65 63 22  2":{"lst":["rec"
00000170: 2C 30 5D 7D 2C 22 33 22  3A 7B 22 6C 73 74 22 3A  ,0]},"3":{"lst":
00000180: 5B 22 72 65 63 22 2C 31  2C 7B 22 31 22 3A 7B 22  ["rec",1,{"1":{"
00000190: 73 74 72 22 3A 22 68 74  74 70 3A 2F 2F 73 68 6F  str":"http://sho
000001A0: 72 74 2D 75 72 6C 2F 56  37 4B 6B 53 35 32 66 6A  rt-url/V7KkS52fj
000001B0: 45 22 7D 2C 22 32 22 3A  7B 22 73 74 72 22 3A 22  E"},"2":{"str":"
000001C0: 68 74 74 70 3A 2F 2F 76  45 6C 54 4A 73 46 56 6A  http://vElTJsFVj
000001D0: 56 71 43 78 6D 61 46 72  6C 38 73 76 46 48 65 6E  VqCxmaFrl8svFHen
000001E0: 58 67 4E 34 74 65 39 57  68 35 6C 4C 67 48 6A 41  XgN4te9Wh5lLgHjA
000001F0: 45 75 34 7A 32 52 64 48  4C 56 76 52 67 67 59 74  Eu4z2RdHLVvRggYt
00000200: 50 46 73 55 44 30 4F 22  7D 7D 5D 7D 7D 7D 7D 5D  PFsUD0O"}}]}}}}]
====
STREAM PID 60589.0xffff9482d7141200 (C) > 60554.0xffff9482de657e00 (S), length 431
command[60589]: b'./src/ComposePostService/ComposePostService'
command[60554]: b'./cmake-build/src/TextService/TextService'
----
00000000: 00 00 01 AB 5B 31 2C 22  43 6F 6D 70 6F 73 65 54  ....[1,"ComposeT
00000010: 65 78 74 22 2C 31 2C 30  2C 7B 22 31 22 3A 7B 22  ext",1,0,{"1":{"
00000020: 69 36 34 22 3A 34 38 37  37 30 35 30 35 34 38 31  i64":48770505481
00000030: 32 35 32 33 30 34 7D 2C  22 32 22 3A 7B 22 73 74  252304},"2":{"st
00000040: 72 22 3A 22 48 4A 6D 33  31 64 66 44 79 47 73 69  r":"HJm31dfDyGsi
00000050: 39 4A 6A 58 32 38 54 62  78 48 51 61 74 6B 49 47  9JjX28TbxHQatkIG
00000060: 71 55 56 69 77 4F 78 32  4C 59 33 6A 42 39 34 6B  qUViwOx2LY3jB94k
00000070: 6C 44 71 46 6C 42 46 31  6B 68 6E 42 52 6C 43 53  lDqFlBF1khnBRlCS
00000080: 7A 6B 6E 32 78 7A 72 66  51 46 44 4D 6E 5A 6A 79  zkn2xzrfQFDMnZjy
00000090: 36 33 6B 53 72 44 4F 61  6C 7A 4C 6E 70 46 50 42  63kSrDOalzLnpFPB
000000A0: 54 6D 50 56 78 30 33 73  6E 42 36 65 74 53 39 52  TmPVx03snB6etS9R
000000B0: 50 73 57 63 55 72 59 71  4D 51 74 4C 65 51 79 74  PsWcUrYqMQtLeQyt
000000C0: 76 72 55 48 67 76 75 57  4D 42 78 33 44 48 62 72  vrUHgvuWMBx3DHbr
000000D0: 6D 71 63 45 32 44 56 76  45 43 67 4C 65 59 79 52  mqcE2DVvECgLeYyR
000000E0: 56 32 68 7A 4B 48 4C 53  5A 4E 54 32 4A 52 70 53  V2hzKHLSZNT2JRpS
000000F0: 6C 55 51 4A 43 77 4B 44  71 30 53 4E 49 38 62 6B  lUQJCwKDq0SNI8bk
00000100: 35 45 47 30 68 62 70 79  4E 30 44 72 6F 6C 6D 76  5EG0hbpyN0Drolmv
00000110: 77 73 59 63 6C 72 69 44  79 4C 35 62 65 67 66 70  wsYclriDyL5begfp
00000120: 38 48 48 66 76 69 31 64  66 59 33 6E 6C 64 4A 55  8HHfvi1dfY3nldJU
00000130: 5A 62 56 7A 38 4E 52 56  6B 44 47 42 6A 59 7A 63  ZbVz8NRVkDGBjYzc
00000140: 52 74 47 72 20 68 74 74  70 3A 2F 2F 59 77 65 47  RtGr http://YweG
00000150: 71 75 6C 42 7A 50 45 77  74 33 4A 53 4F 79 57 6B  qulBzPEwt3JSOyWk
00000160: 34 32 4C 41 64 4C 46 51  4B 45 4D 77 75 75 73 64  42LAdLFQKEMwuusd
00000170: 66 35 52 4B 42 56 36 47  49 73 7A 33 45 4B 55 31  f5RKBV6GIsz3EKU1
00000180: 6C 61 58 55 6C 77 7A 52  4D 64 4F 76 22 7D 2C 22  laXUlwzRMdOv"},"
00000190: 33 22 3A 7B 22 6D 61 70  22 3A 5B 22 73 74 72 22  3":{"map":["str"
000001A0: 2C 22 73 74 72 22 2C 30  2C 7B 7D 5D 7D 7D 5D     ,"str",0,{}]}}]
====
STREAM PID 60554.0xffff9482de657e00 (S) > 60589.0xffff9482d7141200 (C), length 514
command[60554]: b'./cmake-build/src/TextService/TextService'
command[60589]: b'./src/ComposePostService/ComposePostService'
----
00000000: 00 00 01 FE 5B 31 2C 22  43 6F 6D 70 6F 73 65 54  ....[1,"ComposeT
00000010: 65 78 74 22 2C 32 2C 30  2C 7B 22 30 22 3A 7B 22  ext",2,0,{"0":{"
00000020: 72 65 63 22 3A 7B 22 31  22 3A 7B 22 73 74 72 22  rec":{"1":{"str"
00000030: 3A 22 48 4A 6D 33 31 64  66 44 79 47 73 69 39 4A  :"HJm31dfDyGsi9J
00000040: 6A 58 32 38 54 62 78 48  51 61 74 6B 49 47 71 55  jX28TbxHQatkIGqU
00000050: 56 69 77 4F 78 32 4C 59  33 6A 42 39 34 6B 6C 44  ViwOx2LY3jB94klD
00000060: 71 46 6C 42 46 31 6B 68  6E 42 52 6C 43 53 7A 6B  qFlBF1khnBRlCSzk
00000070: 6E 32 78 7A 72 66 51 46  44 4D 6E 5A 6A 79 36 33  n2xzrfQFDMnZjy63
00000080: 6B 53 72 44 4F 61 6C 7A  4C 6E 70 46 50 42 54 6D  kSrDOalzLnpFPBTm
00000090: 50 56 78 30 33 73 6E 42  36 65 74 53 39 52 50 73  PVx03snB6etS9RPs
000000A0: 57 63 55 72 59 71 4D 51  74 4C 65 51 79 74 76 72  WcUrYqMQtLeQytvr
000000B0: 55 48 67 76 75 57 4D 42  78 33 44 48 62 72 6D 71  UHgvuWMBx3DHbrmq
000000C0: 63 45 32 44 56 76 45 43  67 4C 65 59 79 52 56 32  cE2DVvECgLeYyRV2
000000D0: 68 7A 4B 48 4C 53 5A 4E  54 32 4A 52 70 53 6C 55  hzKHLSZNT2JRpSlU
000000E0: 51 4A 43 77 4B 44 71 30  53 4E 49 38 62 6B 35 45  QJCwKDq0SNI8bk5E
000000F0: 47 30 68 62 70 79 4E 30  44 72 6F 6C 6D 76 77 73  G0hbpyN0Drolmvws
00000100: 59 63 6C 72 69 44 79 4C  35 62 65 67 66 70 38 48  YclriDyL5begfp8H
00000110: 48 66 76 69 31 64 66 59  33 6E 6C 64 4A 55 5A 62  Hfvi1dfY3nldJUZb
00000120: 56 7A 38 4E 52 56 6B 44  47 42 6A 59 7A 63 52 74  Vz8NRVkDGBjYzcRt
00000130: 47 72 20 68 74 74 70 3A  2F 2F 73 68 6F 72 74 2D  Gr http://short-
00000140: 75 72 6C 2F 6E 63 73 31  45 62 35 66 79 72 22 7D  url/ncs1Eb5fyr"}
00000150: 2C 22 32 22 3A 7B 22 6C  73 74 22 3A 5B 22 72 65  ,"2":{"lst":["re
00000160: 63 22 2C 30 5D 7D 2C 22  33 22 3A 7B 22 6C 73 74  c",0]},"3":{"lst
00000170: 22 3A 5B 22 72 65 63 22  2C 31 2C 7B 22 31 22 3A  ":["rec",1,{"1":
00000180: 7B 22 73 74 72 22 3A 22  68 74 74 70 3A 2F 2F 73  {"str":"http://s
00000190: 68 6F 72 74 2D 75 72 6C  2F 6E 63 73 31 45 62 35  hort-url/ncs1Eb5
000001A0: 66 79 72 22 7D 2C 22 32  22 3A 7B 22 73 74 72 22  fyr"},"2":{"str"
000001B0: 3A 22 68 74 74 70 3A 2F  2F 59 77 65 47 71 75 6C  :"http://YweGqul
000001C0: 42 7A 50 45 77 74 33 4A  53 4F 79 57 6B 34 32 4C  BzPEwt3JSOyWk42L
000001D0: 41 64 4C 46 51 4B 45 4D  77 75 75 73 64 66 35 52  AdLFQKEMwuusdf5R
000001E0: 4B 42 56 36 47 49 73 7A  33 45 4B 55 31 6C 61 58  KBV6GIsz3EKU1laX
000001F0: 55 6C 77 7A 52 4D 64 4F  76 22 7D 7D 5D 7D 7D 7D  UlwzRMdOv"}}]}}}
00000200: 7D 5D                                             }]
====
STREAM PID 60589.0xffff9482d7141200 (C) > 60554.0xffff9482de657e00 (S), length 560
command[60589]: b'./src/ComposePostService/ComposePostService'
command[60554]: b'./cmake-build/src/TextService/TextService'
----
00000000: 00 00 02 2C 5B 31 2C 22  43 6F 6D 70 6F 73 65 54  ...,[1,"ComposeT
00000010: 65 78 74 22 2C 31 2C 30  2C 7B 22 31 22 3A 7B 22  ext",1,0,{"1":{"
00000020: 69 36 34 22 3A 35 33 35  30 38 35 37 39 33 35 35  i64":53508579355
00000030: 34 33 39 37 33 37 36 7D  2C 22 32 22 3A 7B 22 73  4397376},"2":{"s
00000040: 74 72 22 3A 22 53 79 57  61 58 55 30 72 47 63 4C  tr":"SyWaXU0rGcL
00000050: 6D 4A 30 38 4E 35 59 68  43 69 65 73 55 45 31 51  mJ08N5YhCiesUE1Q
00000060: 6F 30 44 6D 39 51 76 6E  34 65 70 6A 4B 66 55 78  o0Dm9Qvn4epjKfUx
00000070: 4B 53 6F 52 31 75 58 76  4F 39 58 4A 67 43 75 42  KSoR1uXvO9XJgCuB
00000080: 4F 63 66 48 73 51 33 34  58 55 6B 63 61 6E 79 42  OcfHsQ34XUkcanyB
00000090: 38 77 6C 50 59 62 72 43  77 63 33 6B 5A 73 49 79  8wlPYbrCwc3kZsIy
000000A0: 76 77 43 69 7A 38 31 45  4C 51 78 6C 39 67 56 43  vwCiz81ELQxl9gVC
000000B0: 70 33 6B 31 5A 42 31 47  7A 69 59 52 65 49 6F 6B  p3k1ZB1GziYReIok
000000C0: 70 56 67 44 49 57 35 30  6C 67 6D 52 6F 31 78 37  pVgDIW50lgmRo1x7
000000D0: 70 6C 68 51 6F 74 6D 6E  53 35 5A 6C 61 53 4F 48  plhQotmnS5ZlaSOH
000000E0: 62 38 71 6D 64 68 4E 77  6B 55 42 4E 38 7A 59 66  b8qmdhNwkUBN8zYf
000000F0: 37 36 67 7A 43 37 4B 4C  52 77 46 61 65 6B 4E 41  76gzC7KLRwFaekNA
00000100: 55 6E 6B 49 62 64 37 4B  55 44 57 68 38 66 43 6F  UnkIbd7KUDWh8fCo
00000110: 4F 6B 4D 59 79 70 38 79  33 66 6E 68 5A 58 62 62  OkMYyp8y3fnhZXbb
00000120: 74 7A 6A 68 53 65 36 47  49 75 50 50 38 73 47 62  tzjhSe6GIuPP8sGb
00000130: 44 35 55 41 74 79 56 43  55 76 58 53 62 4C 4F 79  D5UAtyVCUvXSbLOy
00000140: 7A 4E 47 52 54 20 40 75  73 65 72 6E 61 6D 65 5F  zNGRT @username_
00000150: 38 39 30 20 40 75 73 65  72 6E 61 6D 65 5F 31 38  890 @username_18
00000160: 39 20 40 75 73 65 72 6E  61 6D 65 5F 31 32 34 20  9 @username_124 
00000170: 40 75 73 65 72 6E 61 6D  65 5F 36 37 37 20 68 74  @username_677 ht
00000180: 74 70 3A 2F 2F 42 51 6D  75 5A 77 66 4F 6E 34 33  tp://BQmuZwfOn43
00000190: 6E 5A 4E 66 43 43 76 71  64 5A 79 43 72 65 6E 44  nZNfCCvqdZyCrenD
000001A0: 61 33 54 58 6E 6E 65 6C  49 48 59 4E 58 34 58 63  a3TXnnelIHYNX4Xc
000001B0: 4A 4D 6B 6A 50 43 49 35  56 74 33 65 56 71 43 59  JMkjPCI5Vt3eVqCY
000001C0: 61 41 4A 76 72 20 68 74  74 70 3A 2F 2F 4C 32 65  aAJvr http://L2e
000001D0: 57 41 58 57 45 4D 58 51  4B 6D 59 71 36 5A 65 32  WAXWEMXQKmYq6Ze2
000001E0: 61 55 4E 43 66 31 62 70  77 72 68 33 47 4B 35 57  aUNCf1bpwrh3GK5W
000001F0: 59 65 6B 4D 61 48 5A 71  31 77 39 77 52 65 64 4A  YekMaHZq1w9wRedJ
00000200: 64 4B 46 5A 77 47 55 46  36 47 50 51 52 22 7D 2C  dKFZwGUF6GPQR"},
00000210: 22 33 22 3A 7B 22 6D 61  70 22 3A 5B 22 73 74 72  "3":{"map":["str
00000220: 22 2C 22 73 74 72 22 2C  30 2C 7B 7D 5D 7D 7D 5D  ","str",0,{}]}}]
====
STREAM PID 60554.0xffff9482de657e00 (S) > 60589.0xffff9482d7141200 (C), length 728
command[60554]: b'./cmake-build/src/TextService/TextService'
command[60589]: b'./src/ComposePostService/ComposePostService'
----
00000000: 00 00 02 D4 5B 31 2C 22  43 6F 6D 70 6F 73 65 54  ....[1,"ComposeT
00000010: 65 78 74 22 2C 32 2C 30  2C 7B 22 30 22 3A 7B 22  ext",2,0,{"0":{"
00000020: 72 65 63 22 3A 7B 22 31  22 3A 7B 22 73 74 72 22  rec":{"1":{"str"
00000030: 3A 22 53 79 57 61 58 55  30 72 47 63 4C 6D 4A 30  :"SyWaXU0rGcLmJ0
00000040: 38 4E 35 59 68 43 69 65  73 55 45 31 51 6F 30 44  8N5YhCiesUE1Qo0D
00000050: 6D 39 51 76 6E 34 65 70  6A 4B 66 55 78 4B 53 6F  m9Qvn4epjKfUxKSo
00000060: 52 31 75 58 76 4F 39 58  4A 67 43 75 42 4F 63 66  R1uXvO9XJgCuBOcf
00000070: 48 73 51 33 34 58 55 6B  63 61 6E 79 42 38 77 6C  HsQ34XUkcanyB8wl
00000080: 50 59 62 72 43 77 63 33  6B 5A 73 49 79 76 77 43  PYbrCwc3kZsIyvwC
00000090: 69 7A 38 31 45 4C 51 78  6C 39 67 56 43 70 33 6B  iz81ELQxl9gVCp3k
000000A0: 31 5A 42 31 47 7A 69 59  52 65 49 6F 6B 70 56 67  1ZB1GziYReIokpVg
000000B0: 44 49 57 35 30 6C 67 6D  52 6F 31 78 37 70 6C 68  DIW50lgmRo1x7plh
000000C0: 51 6F 74 6D 6E 53 35 5A  6C 61 53 4F 48 62 38 71  QotmnS5ZlaSOHb8q
000000D0: 6D 64 68 4E 77 6B 55 42  4E 38 7A 59 66 37 36 67  mdhNwkUBN8zYf76g
000000E0: 7A 43 37 4B 4C 52 77 46  61 65 6B 4E 41 55 6E 6B  zC7KLRwFaekNAUnk
000000F0: 49 62 64 37 4B 55 44 57  68 38 66 43 6F 4F 6B 4D  Ibd7KUDWh8fCoOkM
00000100: 59 79 70 38 79 33 66 6E  68 5A 58 62 62 74 7A 6A  Yyp8y3fnhZXbbtzj
00000110: 68 53 65 36 47 49 75 50  50 38 73 47 62 44 35 55  hSe6GIuPP8sGbD5U
00000120: 41 74 79 56 43 55 76 58  53 62 4C 4F 79 7A 4E 47  AtyVCUvXSbLOyzNG
00000130: 52 54 20 40 75 73 65 72  6E 61 6D 65 5F 38 39 30  RT @username_890
00000140: 20 40 75 73 65 72 6E 61  6D 65 5F 31 38 39 20 40   @username_189 @
00000150: 75 73 65 72 6E 61 6D 65  5F 31 32 34 20 40 75 73  username_124 @us
00000160: 65 72 6E 61 6D 65 5F 36  37 37 20 68 74 74 70 3A  ername_677 http:
00000170: 2F 2F 73 68 6F 72 74 2D  75 72 6C 2F 37 67 70 42  //short-url/7gpB
00000180: 72 35 6F 79 63 30 20 68  74 74 70 3A 2F 2F 73 68  r5oyc0 http://sh
00000190: 6F 72 74 2D 75 72 6C 2F  78 47 61 63 6F 76 51 69  ort-url/xGacovQi
000001A0: 35 72 22 7D 2C 22 32 22  3A 7B 22 6C 73 74 22 3A  5r"},"2":{"lst":
000001B0: 5B 22 72 65 63 22 2C 30  5D 7D 2C 22 33 22 3A 7B  ["rec",0]},"3":{
000001C0: 22 6C 73 74 22 3A 5B 22  72 65 63 22 2C 32 2C 7B  "lst":["rec",2,{
000001D0: 22 31 22 3A 7B 22 73 74  72 22 3A 22 68 74 74 70  "1":{"str":"http
000001E0: 3A 2F 2F 73 68 6F 72 74  2D 75 72 6C 2F 37 67 70  ://short-url/7gp
000001F0: 42 72 35 6F 79 63 30 22  7D 2C 22 32 22 3A 7B 22  Br5oyc0"},"2":{"
00000200: 73 74 72 22 3A 22 68 74  74 70 3A 2F 2F 42 51 6D  str":"http://BQm
00000210: 75 5A 77 66 4F 6E 34 33  6E 5A 4E 66 43 43 76 71  uZwfOn43nZNfCCvq
00000220: 64 5A 79 43 72 65 6E 44  61 33 54 58 6E 6E 65 6C  dZyCrenDa3TXnnel
00000230: 49 48 59 4E 58 34 58 63  4A 4D 6B 6A 50 43 49 35  IHYNX4XcJMkjPCI5
00000240: 56 74 33 65 56 71 43 59  61 41 4A 76 72 22 7D 7D  Vt3eVqCYaAJvr"}}
00000250: 2C 7B 22 31 22 3A 7B 22  73 74 72 22 3A 22 68 74  ,{"1":{"str":"ht
00000260: 74 70 3A 2F 2F 73 68 6F  72 74 2D 75 72 6C 2F 78  tp://short-url/x
00000270: 47 61 63 6F 76 51 69 35  72 22 7D 2C 22 32 22 3A  GacovQi5r"},"2":
00000280: 7B 22 73 74 72 22 3A 22  68 74 74 70 3A 2F 2F 4C  {"str":"http://L
00000290: 32 65 57 41 58 57 45 4D  58 51 4B 6D 59 71 36 5A  2eWAXWEMXQKmYq6Z
000002A0: 65 32 61 55 4E 43 66 31  62 70 77 72 68 33 47 4B  e2aUNCf1bpwrh3GK
000002B0: 35 57 59 65 6B 4D 61 48  5A 71 31 77 39 77 52 65  5WYekMaHZq1w9wRe
000002C0: 64 4A 64 4B 46 5A 77 47  55 46 36 47 50 51 52 22  dJdKFZwGUF6GPQR"
000002D0: 7D 7D 5D 7D 7D 7D 7D 5D                           }}]}}}}]
====
STREAM PID 60589.0xffff9482d7141200 (C) > 60554.0xffff9482de657e00 (S), length 461
command[60589]: b'./src/ComposePostService/ComposePostService'
command[60554]: b'./cmake-build/src/TextService/TextService'
----
00000000: 00 00 01 C9 5B 31 2C 22  43 6F 6D 70 6F 73 65 54  ....[1,"ComposeT
00000010: 65 78 74 22 2C 31 2C 30  2C 7B 22 31 22 3A 7B 22  ext",1,0,{"1":{"
00000020: 69 36 34 22 3A 31 30 34  30 35 34 38 36 36 36 38  i64":10405486668
00000030: 30 37 37 30 36 31 31 32  7D 2C 22 32 22 3A 7B 22  07706112},"2":{"
00000040: 73 74 72 22 3A 22 72 66  69 54 71 53 61 45 5A 36  str":"rfiTqSaEZ6
00000050: 33 52 76 42 63 4F 31 4F  4F 79 34 5A 49 44 38 35  3RvBcO1OOy4ZID85
00000060: 6B 67 77 35 45 62 75 48  4C 6B 67 43 6D 55 57 38  kgw5EbuHLkgCmUW8
00000070: 42 76 50 6A 61 58 37 54  4F 47 43 6F 6F 57 61 59  BvPjaX7TOGCooWaY
00000080: 69 79 75 43 32 62 4D 6E  31 41 6A 35 77 46 76 4D  iyuC2bMn1Aj5wFvM
00000090: 41 66 34 43 65 46 54 71  32 50 33 5A 31 6E 56 41  Af4CeFTq2P3Z1nVA
000000A0: 42 66 6D 39 61 35 48 4A  51 4C 6F 47 58 4F 58 32  Bfm9a5HJQLoGXOX2
000000B0: 4B 50 73 43 43 79 58 38  69 6C 6C 48 32 42 66 64  KPsCCyX8illH2Bfd
000000C0: 52 33 65 74 38 61 46 4B  66 63 55 79 79 46 75 42  R3et8aFKfcUyyFuB
000000D0: 58 6B 6E 4B 6E 36 75 53  49 74 35 77 4F 4F 30 58  XknKn6uSIt5wOO0X
000000E0: 46 53 57 68 52 57 73 6B  42 62 4F 5A 72 38 77 33  FSWhRWskBbOZr8w3
000000F0: 6F 45 62 4B 31 32 36 6F  72 6F 69 7A 55 73 34 56  oEbK126oroizUs4V
00000100: 4A 54 6B 43 7A 70 35 41  34 33 59 79 35 48 52 67  JTkCzp5A43Yy5HRg
00000110: 4E 4A 49 48 66 55 37 39  73 4A 75 4C 47 73 72 5A  NJIHfU79sJuLGsrZ
00000120: 31 4E 4E 72 57 35 4D 68  36 70 59 33 44 64 42 30  1NNrW5Mh6pY3DdB0
00000130: 37 72 7A 33 6C 6D 4B 71  45 55 6A 74 55 57 70 79  7rz3lmKqEUjtUWpy
00000140: 47 6C 62 69 57 73 20 40  75 73 65 72 6E 61 6D 65  GlbiWs @username
00000150: 5F 36 35 30 20 40 75 73  65 72 6E 61 6D 65 5F 36  _650 @username_6
00000160: 35 31 20 68 74 74 70 3A  2F 2F 64 57 53 78 49 36  51 http://dWSxI6
00000170: 61 37 71 35 35 34 36 36  68 68 52 6C 4F 55 52 76  a7q55466hhRlOURv
00000180: 39 6B 58 6D 63 76 4A 63  6D 7A 47 68 6F 4F 6D 79  9kXmcvJcmzGhoOmy
00000190: 53 31 63 46 62 73 6F 33  46 77 62 77 59 37 6D 51  S1cFbso3FwbwY7mQ
000001A0: 6A 43 51 62 35 31 5A 6B  6C 53 22 7D 2C 22 33 22  jCQb51ZklS"},"3"
000001B0: 3A 7B 22 6D 61 70 22 3A  5B 22 73 74 72 22 2C 22  :{"map":["str","
000001C0: 73 74 72 22 2C 30 2C 7B  7D 5D 7D 7D 5D           str",0,{}]}}]
====
STREAM PID 60554.0xffff9482de657e00 (S) > 60589.0xffff9482d7141200 (C), length 542
command[60554]: b'./cmake-build/src/TextService/TextService'
command[60589]: b'./src/ComposePostService/ComposePostService'
----
00000000: 00 00 02 1A 5B 31 2C 22  43 6F 6D 70 6F 73 65 54  ....[1,"ComposeT
00000010: 65 78 74 22 2C 32 2C 30  2C 7B 22 30 22 3A 7B 22  ext",2,0,{"0":{"
00000020: 72 65 63 22 3A 7B 22 31  22 3A 7B 22 73 74 72 22  rec":{"1":{"str"
00000030: 3A 22 72 66 69 54 71 53  61 45 5A 36 33 52 76 42  :"rfiTqSaEZ63RvB
00000040: 63 4F 31 4F 4F 79 34 5A  49 44 38 35 6B 67 77 35  cO1OOy4ZID85kgw5
00000050: 45 62 75 48 4C 6B 67 43  6D 55 57 38 42 76 50 6A  EbuHLkgCmUW8BvPj
00000060: 61 58 37 54 4F 47 43 6F  6F 57 61 59 69 79 75 43  aX7TOGCooWaYiyuC
00000070: 32 62 4D 6E 31 41 6A 35  77 46 76 4D 41 66 34 43  2bMn1Aj5wFvMAf4C
00000080: 65 46 54 71 32 50 33 5A  31 6E 56 41 42 66 6D 39  eFTq2P3Z1nVABfm9
00000090: 61 35 48 4A 51 4C 6F 47  58 4F 58 32 4B 50 73 43  a5HJQLoGXOX2KPsC
000000A0: 43 79 58 38 69 6C 6C 48  32 42 66 64 52 33 65 74  CyX8illH2BfdR3et
000000B0: 38 61 46 4B 66 63 55 79  79 46 75 42 58 6B 6E 4B  8aFKfcUyyFuBXknK
000000C0: 6E 36 75 53 49 74 35 77  4F 4F 30 58 46 53 57 68  n6uSIt5wOO0XFSWh
000000D0: 52 57 73 6B 42 62 4F 5A  72 38 77 33 6F 45 62 4B  RWskBbOZr8w3oEbK
000000E0: 31 32 36 6F 72 6F 69 7A  55 73 34 56 4A 54 6B 43  126oroizUs4VJTkC
000000F0: 7A 70 35 41 34 33 59 79  35 48 52 67 4E 4A 49 48  zp5A43Yy5HRgNJIH
00000100: 66 55 37 39 73 4A 75 4C  47 73 72 5A 31 4E 4E 72  fU79sJuLGsrZ1NNr
00000110: 57 35 4D 68 36 70 59 33  44 64 42 30 37 72 7A 33  W5Mh6pY3DdB07rz3
00000120: 6C 6D 4B 71 45 55 6A 74  55 57 70 79 47 6C 62 69  lmKqEUjtUWpyGlbi
00000130: 57 73 20 40 75 73 65 72  6E 61 6D 65 5F 36 35 30  Ws @username_650
00000140: 20 40 75 73 65 72 6E 61  6D 65 5F 36 35 31 20 68   @username_651 h
00000150: 74 74 70 3A 2F 2F 73 68  6F 72 74 2D 75 72 6C 2F  ttp://short-url/
00000160: 6A 37 4C 45 57 44 78 70  56 32 22 7D 2C 22 32 22  j7LEWDxpV2"},"2"
00000170: 3A 7B 22 6C 73 74 22 3A  5B 22 72 65 63 22 2C 30  :{"lst":["rec",0
00000180: 5D 7D 2C 22 33 22 3A 7B  22 6C 73 74 22 3A 5B 22  ]},"3":{"lst":["
00000190: 72 65 63 22 2C 31 2C 7B  22 31 22 3A 7B 22 73 74  rec",1,{"1":{"st
000001A0: 72 22 3A 22 68 74 74 70  3A 2F 2F 73 68 6F 72 74  r":"http://short
000001B0: 2D 75 72 6C 2F 6A 37 4C  45 57 44 78 70 56 32 22  -url/j7LEWDxpV2"
000001C0: 7D 2C 22 32 22 3A 7B 22  73 74 72 22 3A 22 68 74  },"2":{"str":"ht
000001D0: 74 70 3A 2F 2F 64 57 53  78 49 36 61 37 71 35 35  tp://dWSxI6a7q55
000001E0: 34 36 36 68 68 52 6C 4F  55 52 76 39 6B 58 6D 63  466hhRlOURv9kXmc
000001F0: 76 4A 63 6D 7A 47 68 6F  4F 6D 79 53 31 63 46 62  vJcmzGhoOmyS1cFb
00000200: 73 6F 33 46 77 62 77 59  37 6D 51 6A 43 51 62 35  so3FwbwY7mQjCQb5
00000210: 31 5A 6B 6C 53 22 7D 7D  5D 7D 7D 7D 7D 5D        1ZklS"}}]}}}}]
====
STREAM PID 60589.0xffff9482d7141200 (C) > 60554.0xffff9482de657e00 (S), length 504
command[60589]: b'./src/ComposePostService/ComposePostService'
command[60554]: b'./cmake-build/src/TextService/TextService'
----
00000000: 00 00 01 F4 5B 31 2C 22  43 6F 6D 70 6F 73 65 54  ....[1,"ComposeT
00000010: 65 78 74 22 2C 31 2C 30  2C 7B 22 31 22 3A 7B 22  ext",1,0,{"1":{"
00000020: 69 36 34 22 3A 32 38 30  34 32 31 36 33 38 35 37  i64":28042163857
00000030: 31 38 37 31 31 36 38 7D  2C 22 32 22 3A 7B 22 73  1871168},"2":{"s
00000040: 74 72 22 3A 22 63 61 58  45 31 52 47 67 67 67 73  tr":"caXE1RGgggs
00000050: 45 56 4F 49 78 72 34 49  75 75 41 57 6D 32 71 45  EVOIxr4IuuAWm2qE
00000060: 74 47 64 6D 6D 58 45 63  4E 38 56 70 36 70 6E 5A  tGdmmXEcN8Vp6pnZ
00000070: 72 64 69 6A 36 73 53 62  47 7A 38 79 46 31 47 57  rdij6sSbGz8yF1GW
00000080: 4F 44 38 36 49 70 65 32  63 50 63 43 4C 33 72 53  OD86Ipe2cPcCL3rS
00000090: 71 42 56 43 32 6E 35 46  55 6A 71 5A 71 78 6C 58  qBVC2n5FUjqZqxlX
000000A0: 79 63 6C 6D 74 66 34 71  58 64 6D 6C 6A 33 36 54  yclmtf4qXdmlj36T
000000B0: 47 72 6D 6C 57 4E 64 63  53 32 6A 52 42 75 79 67  GrmlWNdcS2jRBuyg
000000C0: 6A 45 42 39 55 31 51 4F  72 64 68 33 66 43 57 61  jEB9U1QOrdh3fCWa
000000D0: 56 57 39 78 66 69 68 57  46 79 48 4D 62 74 70 58  VW9xfihWFyHMbtpX
000000E0: 38 58 54 4B 6D 4B 61 6D  69 67 56 68 50 47 57 37  8XTKmKamigVhPGW7
000000F0: 55 37 39 6E 4C 59 73 45  54 66 56 63 38 34 45 32  U79nLYsETfVc84E2
00000100: 39 76 4B 4B 4E 59 73 6C  64 58 4B 73 6A 69 78 70  9vKKNYsldXKsjixp
00000110: 6E 55 4A 48 54 70 6C 66  63 37 57 37 65 73 4A 50  nUJHTplfc7W7esJP
00000120: 32 35 53 65 44 57 45 66  41 4B 71 68 64 30 37 35  25SeDWEfAKqhd075
00000130: 6E 54 70 34 31 57 47 56  53 67 42 72 33 74 52 76  nTp41WGVSgBr3tRv
00000140: 78 58 56 48 66 20 68 74  74 70 3A 2F 2F 50 4D 6C  xXVHf http://PMl
00000150: 79 39 69 5A 44 70 79 32  68 65 61 51 49 4D 37 66  y9iZDpy2heaQIM7f
00000160: 73 4E 68 32 33 42 6B 6C  39 4B 5A 6C 76 52 66 51  sNh23Bkl9KZlvRfQ
00000170: 53 4B 4F 44 74 50 6D 53  73 41 4B 6A 63 35 54 61  SKODtPmSsAKjc5Ta
00000180: 38 41 35 54 6C 77 72 7A  4A 49 66 6C 64 20 68 74  8A5TlwrzJIfld ht
00000190: 74 70 3A 2F 2F 50 66 4A  39 6E 57 4D 79 48 54 59  tp://PfJ9nWMyHTY
000001A0: 52 72 61 76 7A 58 54 38  45 6E 69 75 66 62 69 71  RravzXT8Eniufbiq
000001B0: 49 79 68 37 7A 55 4B 65  77 69 6B 70 4A 76 4A 4F  Iyh7zUKewikpJvJO
000001C0: 67 39 34 51 35 74 70 45  52 48 47 62 59 63 49 42  g94Q5tpERHGbYcIB
000001D0: 38 4F 73 6F 38 22 7D 2C  22 33 22 3A 7B 22 6D 61  8Oso8"},"3":{"ma
000001E0: 70 22 3A 5B 22 73 74 72  22 2C 22 73 74 72 22 2C  p":["str","str",
000001F0: 30 2C 7B 7D 5D 7D 7D 5D                           0,{}]}}]
====
STREAM PID 60554.0xffff9482de657e00 (S) > 60589.0xffff9482d7141200 (C), length 672
command[60554]: b'./cmake-build/src/TextService/TextService'
command[60589]: b'./src/ComposePostService/ComposePostService'
----
00000000: 00 00 02 9C 5B 31 2C 22  43 6F 6D 70 6F 73 65 54  ....[1,"ComposeT
00000010: 65 78 74 22 2C 32 2C 30  2C 7B 22 30 22 3A 7B 22  ext",2,0,{"0":{"
00000020: 72 65 63 22 3A 7B 22 31  22 3A 7B 22 73 74 72 22  rec":{"1":{"str"
00000030: 3A 22 63 61 58 45 31 52  47 67 67 67 73 45 56 4F  :"caXE1RGgggsEVO
00000040: 49 78 72 34 49 75 75 41  57 6D 32 71 45 74 47 64  Ixr4IuuAWm2qEtGd
00000050: 6D 6D 58 45 63 4E 38 56  70 36 70 6E 5A 72 64 69  mmXEcN8Vp6pnZrdi
00000060: 6A 36 73 53 62 47 7A 38  79 46 31 47 57 4F 44 38  j6sSbGz8yF1GWOD8
00000070: 36 49 70 65 32 63 50 63  43 4C 33 72 53 71 42 56  6Ipe2cPcCL3rSqBV
00000080: 43 32 6E 35 46 55 6A 71  5A 71 78 6C 58 79 63 6C  C2n5FUjqZqxlXycl
00000090: 6D 74 66 34 71 58 64 6D  6C 6A 33 36 54 47 72 6D  mtf4qXdmlj36TGrm
000000A0: 6C 57 4E 64 63 53 32 6A  52 42 75 79 67 6A 45 42  lWNdcS2jRBuygjEB
000000B0: 39 55 31 51 4F 72 64 68  33 66 43 57 61 56 57 39  9U1QOrdh3fCWaVW9
000000C0: 78 66 69 68 57 46 79 48  4D 62 74 70 58 38 58 54  xfihWFyHMbtpX8XT
000000D0: 4B 6D 4B 61 6D 69 67 56  68 50 47 57 37 55 37 39  KmKamigVhPGW7U79
000000E0: 6E 4C 59 73 45 54 66 56  63 38 34 45 32 39 76 4B  nLYsETfVc84E29vK
000000F0: 4B 4E 59 73 6C 64 58 4B  73 6A 69 78 70 6E 55 4A  KNYsldXKsjixpnUJ
00000100: 48 54 70 6C 66 63 37 57  37 65 73 4A 50 32 35 53  HTplfc7W7esJP25S
00000110: 65 44 57 45 66 41 4B 71  68 64 30 37 35 6E 54 70  eDWEfAKqhd075nTp
00000120: 34 31 57 47 56 53 67 42  72 33 74 52 76 78 58 56  41WGVSgBr3tRvxXV
00000130: 48 66 20 68 74 74 70 3A  2F 2F 73 68 6F 72 74 2D  Hf http://short-
00000140: 75 72 6C 2F 4C 42 39 69  73 43 4F 38 46 4E 20 68  url/LB9isCO8FN h
00000150: 74 74 70 3A 2F 2F 73 68  6F 72 74 2D 75 72 6C 2F  ttp://short-url/
00000160: 4D 38 56 76 4D 4A 73 7A  6E 68 22 7D 2C 22 32 22  M8VvMJsznh"},"2"
00000170: 3A 7B 22 6C 73 74 22 3A  5B 22 72 65 63 22 2C 30  :{"lst":["rec",0
00000180: 5D 7D 2C 22 33 22 3A 7B  22 6C 73 74 22 3A 5B 22  ]},"3":{"lst":["
00000190: 72 65 63 22 2C 32 2C 7B  22 31 22 3A 7B 22 73 74  rec",2,{"1":{"st
000001A0: 72 22 3A 22 68 74 74 70  3A 2F 2F 73 68 6F 72 74  r":"http://short
000001B0: 2D 75 72 6C 2F 4C 42 39  69 73 43 4F 38 46 4E 22  -url/LB9isCO8FN"
000001C0: 7D 2C 22 32 22 3A 7B 22  73 74 72 22 3A 22 68 74  },"2":{"str":"ht
000001D0: 74 70 3A 2F 2F 50 4D 6C  79 39 69 5A 44 70 79 32  tp://PMly9iZDpy2
000001E0: 68 65 61 51 49 4D 37 66  73 4E 68 32 33 42 6B 6C  heaQIM7fsNh23Bkl
000001F0: 39 4B 5A 6C 76 52 66 51  53 4B 4F 44 74 50 6D 53  9KZlvRfQSKODtPmS
00000200: 73 41 4B 6A 63 35 54 61  38 41 35 54 6C 77 72 7A  sAKjc5Ta8A5Tlwrz
00000210: 4A 49 66 6C 64 22 7D 7D  2C 7B 22 31 22 3A 7B 22  JIfld"}},{"1":{"
00000220: 73 74 72 22 3A 22 68 74  74 70 3A 2F 2F 73 68 6F  str":"http://sho
00000230: 72 74 2D 75 72 6C 2F 4D  38 56 76 4D 4A 73 7A 6E  rt-url/M8VvMJszn
00000240: 68 22 7D 2C 22 32 22 3A  7B 22 73 74 72 22 3A 22  h"},"2":{"str":"
00000250: 68 74 74 70 3A 2F 2F 50  66 4A 39 6E 57 4D 79 48  http://PfJ9nWMyH
00000260: 54 59 52 72 61 76 7A 58  54 38 45 6E 69 75 66 62  TYRravzXT8Eniufb
00000270: 69 71 49 79 68 37 7A 55  4B 65 77 69 6B 70 4A 76  iqIyh7zUKewikpJv
00000280: 4A 4F 67 39 34 51 35 74  70 45 52 48 47 62 59 63  JOg94Q5tpERHGbYc
00000290: 49 42 38 4F 73 6F 38 22  7D 7D 5D 7D 7D 7D 7D 5D  IB8Oso8"}}]}}}}]
====
STREAM PID 60589.0xffff9482d7141200 (C) > 60554.0xffff9482de657e00 (S), length 689
command[60589]: b'./src/ComposePostService/ComposePostService'
command[60554]: b'./cmake-build/src/TextService/TextService'
----
00000000: 00 00 02 AD 5B 31 2C 22  43 6F 6D 70 6F 73 65 54  ....[1,"ComposeT
00000010: 65 78 74 22 2C 31 2C 30  2C 7B 22 31 22 3A 7B 22  ext",1,0,{"1":{"
00000020: 69 36 34 22 3A 37 38 34  38 37 30 37 35 38 33 34  i64":78487075834
00000030: 35 32 35 35 30 34 30 7D  2C 22 32 22 3A 7B 22 73  5255040},"2":{"s
00000040: 74 72 22 3A 22 48 6C 4E  4F 33 4A 63 6F 37 6D 54  tr":"HlNO3Jco7mT
00000050: 61 4A 79 6C 31 31 75 6C  66 50 43 4C 65 6A 52 53  aJyl11ulfPCLejRS
00000060: 42 38 47 49 6E 79 39 67  69 64 6F 6E 35 30 34 75  B8GIny9gidon504u
00000070: 67 35 61 48 79 50 32 43  73 67 7A 54 47 46 78 54  g5aHyP2CsgzTGFxT
00000080: 68 35 64 49 6B 6D 48 73  68 5A 48 39 50 38 37 64  h5dIkmHshZH9P87d
00000090: 71 4F 33 67 44 67 78 46  77 75 4A 36 53 59 43 36  qO3gDgxFwuJ6SYC6
000000A0: 53 61 38 33 61 74 56 6B  43 79 46 7A 57 76 43 50  Sa83atVkCyFzWvCP
000000B0: 48 42 6C 35 4C 52 48 72  46 42 5A 73 62 76 56 59  HBl5LRHrFBZsbvVY
000000C0: 34 48 67 79 57 55 36 6E  4D 47 4C 4E 32 4E 55 65  4HgyWU6nMGLN2NUe
000000D0: 59 47 6A 32 77 42 73 52  68 55 63 67 6A 6C 70 36  YGj2wBsRhUcgjlp6
000000E0: 56 78 67 38 34 74 62 75  44 36 7A 53 6B 62 75 75  Vxg84tbuD6zSkbuu
000000F0: 36 57 66 6C 76 42 45 69  41 55 4E 30 59 48 76 65  6WflvBEiAUN0YHve
00000100: 53 64 35 46 57 31 32 58  6E 35 47 6B 64 6A 67 32  Sd5FW12Xn5Gkdjg2
00000110: 53 6E 36 6B 56 44 61 42  37 54 59 58 66 6D 77 32  Sn6kVDaB7TYXfmw2
00000120: 43 4D 4A 79 30 4B 48 41  4F 67 41 4E 34 6D 67 63  CMJy0KHAOgAN4mgc
00000130: 31 4E 6D 68 55 73 4B 72  71 66 4C 4C 6E 57 32 45  1NmhUsKrqfLLnW2E
00000140: 47 53 6D 63 4A 20 40 75  73 65 72 6E 61 6D 65 5F  GSmcJ @username_
00000150: 34 31 36 20 40 75 73 65  72 6E 61 6D 65 5F 38 34  416 @username_84
00000160: 33 20 40 75 73 65 72 6E  61 6D 65 5F 32 30 20 68  3 @username_20 h
00000170: 74 74 70 3A 2F 2F 46 39  6C 68 79 44 42 66 50 61  ttp://F9lhyDBfPa
00000180: 36 4B 77 67 34 71 31 6D  6A 6A 30 32 32 70 76 42  6Kwg4q1mjj022pvB
00000190: 38 79 57 50 4B 6F 55 71  46 4A 5A 76 34 45 54 41  8yWPKoUqFJZv4ETA
000001A0: 61 68 41 51 6E 64 79 6C  32 67 43 37 51 37 7A 51  ahAQndyl2gC7Q7zQ
000001B0: 58 63 62 33 4D 68 20 68  74 74 70 3A 2F 2F 53 39  Xcb3Mh http://S9
000001C0: 66 52 51 6C 61 51 6E 37  6A 55 72 62 72 55 48 33  fRQlaQn7jUrbrUH3
000001D0: 4E 58 37 71 34 37 61 65  64 68 66 7A 6E 78 46 77  NX7q47aedhfznxFw
000001E0: 31 67 68 41 30 4F 6D 43  49 47 31 54 5A 6F 51 49  1ghA0OmCIG1TZoQI
000001F0: 6F 6F 75 33 70 73 6A 58  4C 41 38 56 50 4B 20 68  oou3psjXLA8VPK h
00000200: 74 74 70 3A 2F 2F 6F 67  42 4B 69 76 6A 38 6F 38  ttp://ogBKivj8o8
00000210: 63 6D 50 71 6E 79 71 34  50 56 5A 77 76 6A 67 56  cmPqnyq4PVZwvjgV
00000220: 73 65 4E 64 54 35 72 64  57 57 57 37 76 73 50 43  seNdT5rdWWW7vsPC
00000230: 41 76 70 71 36 69 36 34  66 56 78 41 6A 56 71 66  Avpq6i64fVxAjVqf
00000240: 30 34 59 76 43 67 20 68  74 74 70 3A 2F 2F 6B 39  04YvCg http://k9
00000250: 7A 72 30 47 67 53 63 76  42 73 4D 6A 73 7A 4F 39  zr0GgScvBsMjszO9
00000260: 75 47 70 33 72 52 4D 48  64 35 63 31 44 42 63 79  uGp3rRMHd5c1DBcy
00000270: 58 70 45 65 68 46 5A 57  45 65 4C 72 43 46 30 52  XpEehFZWEeLrCF0R
00000280: 67 6A 4E 43 34 46 31 6D  49 6A 35 47 4B 46 22 7D  gjNC4F1mIj5GKF"}
00000290: 2C 22 33 22 3A 7B 22 6D  61 70 22 3A 5B 22 73 74  ,"3":{"map":["st
000002A0: 72 22 2C 22 73 74 72 22  2C 30 2C 7B 7D 5D 7D 7D  r","str",0,{}]}}
000002B0: 5D                                                ]
====
STREAM PID 60554.0xffff9482de657e00 (S) > 60589.0xffff9482d7141200 (C), length 1029
command[60554]: b'./cmake-build/src/TextService/TextService'
command[60589]: b'./src/ComposePostService/ComposePostService'
----
00000000: 00 00 04 01 5B 31 2C 22  43 6F 6D 70 6F 73 65 54  ....[1,"ComposeT
00000010: 65 78 74 22 2C 32 2C 30  2C 7B 22 30 22 3A 7B 22  ext",2,0,{"0":{"
00000020: 72 65 63 22 3A 7B 22 31  22 3A 7B 22 73 74 72 22  rec":{"1":{"str"
00000030: 3A 22 48 6C 4E 4F 33 4A  63 6F 37 6D 54 61 4A 79  :"HlNO3Jco7mTaJy
00000040: 6C 31 31 75 6C 66 50 43  4C 65 6A 52 53 42 38 47  l11ulfPCLejRSB8G
00000050: 49 6E 79 39 67 69 64 6F  6E 35 30 34 75 67 35 61  Iny9gidon504ug5a
00000060: 48 79 50 32 43 73 67 7A  54 47 46 78 54 68 35 64  HyP2CsgzTGFxTh5d
00000070: 49 6B 6D 48 73 68 5A 48  39 50 38 37 64 71 4F 33  IkmHshZH9P87dqO3
00000080: 67 44 67 78 46 77 75 4A  36 53 59 43 36 53 61 38  gDgxFwuJ6SYC6Sa8
00000090: 33 61 74 56 6B 43 79 46  7A 57 76 43 50 48 42 6C  3atVkCyFzWvCPHBl
000000A0: 35 4C 52 48 72 46 42 5A  73 62 76 56 59 34 48 67  5LRHrFBZsbvVY4Hg
000000B0: 79 57 55 36 6E 4D 47 4C  4E 32 4E 55 65 59 47 6A  yWU6nMGLN2NUeYGj
000000C0: 32 77 42 73 52 68 55 63  67 6A 6C 70 36 56 78 67  2wBsRhUcgjlp6Vxg
000000D0: 38 34 74 62 75 44 36 7A  53 6B 62 75 75 36 57 66  84tbuD6zSkbuu6Wf
000000E0: 6C 76 42 45 69 41 55 4E  30 59 48 76 65 53 64 35  lvBEiAUN0YHveSd5
000000F0: 46 57 31 32 58 6E 35 47  6B 64 6A 67 32 53 6E 36  FW12Xn5Gkdjg2Sn6
00000100: 6B 56 44 61 42 37 54 59  58 66 6D 77 32 43 4D 4A  kVDaB7TYXfmw2CMJ
00000110: 79 30 4B 48 41 4F 67 41  4E 34 6D 67 63 31 4E 6D  y0KHAOgAN4mgc1Nm
00000120: 68 55 73 4B 72 71 66 4C  4C 6E 57 32 45 47 53 6D  hUsKrqfLLnW2EGSm
00000130: 63 4A 20 40 75 73 65 72  6E 61 6D 65 5F 34 31 36  cJ @username_416
00000140: 20 40 75 73 65 72 6E 61  6D 65 5F 38 34 33 20 40   @username_843 @
00000150: 75 73 65 72 6E 61 6D 65  5F 32 30 20 68 74 74 70  username_20 http
00000160: 3A 2F 2F 73 68 6F 72 74  2D 75 72 6C 2F 45 62 4D  ://short-url/EbM
00000170: 79 47 66 65 42 79 58 20  68 74 74 70 3A 2F 2F 73  yGfeByX http://s
00000180: 68 6F 72 74 2D 75 72 6C  2F 65 41 52 55 6A 34 36  hort-url/eARUj46
00000190: 44 33 49 20 68 74 74 70  3A 2F 2F 73 68 6F 72 74  D3I http://short
000001A0: 2D 75 72 6C 2F 79 4E 54  62 48 41 45 33 50 73 20  -url/yNTbHAE3Ps 
000001B0: 68 74 74 70 3A 2F 2F 73  68 6F 72 74 2D 75 72 6C  http://short-url
000001C0: 2F 47 70 4C 6F 76 31 71  4C 6D 79 22 7D 2C 22 32  /GpLov1qLmy"},"2
000001D0: 22 3A 7B 22 6C 73 74 22  3A 5B 22 72 65 63 22 2C  ":{"lst":["rec",
000001E0: 30 5D 7D 2C 22 33 22 3A  7B 22 6C 73 74 22 3A 5B  0]},"3":{"lst":[
000001F0: 22 72 65 63 22 2C 34 2C  7B 22 31 22 3A 7B 22 73  "rec",4,{"1":{"s
00000200: 74 72 22 3A 22 68 74 74  70 3A 2F 2F 73 68 6F 72  tr":"http://shor
00000210: 74 2D 75 72 6C 2F 45 62  4D 79 47 66 65 42 79 58  t-url/EbMyGfeByX
00000220: 22 7D 2C 22 32 22 3A 7B  22 73 74 72 22 3A 22 68  "},"2":{"str":"h
00000230: 74 74 70 3A 2F 2F 46 39  6C 68 79 44 42 66 50 61  ttp://F9lhyDBfPa
00000240: 36 4B 77 67 34 71 31 6D  6A 6A 30 32 32 70 76 42  6Kwg4q1mjj022pvB
00000250: 38 79 57 50 4B 6F 55 71  46 4A 5A 76 34 45 54 41  8yWPKoUqFJZv4ETA
00000260: 61 68 41 51 6E 64 79 6C  32 67 43 37 51 37 7A 51  ahAQndyl2gC7Q7zQ
00000270: 58 63 62 33 4D 68 22 7D  7D 2C 7B 22 31 22 3A 7B  Xcb3Mh"}},{"1":{
00000280: 22 73 74 72 22 3A 22 68  74 74 70 3A 2F 2F 73 68  "str":"http://sh
00000290: 6F 72 74 2D 75 72 6C 2F  65 41 52 55 6A 34 36 44  ort-url/eARUj46D
000002A0: 33 49 22 7D 2C 22 32 22  3A 7B 22 73 74 72 22 3A  3I"},"2":{"str":
000002B0: 22 68 74 74 70 3A 2F 2F  53 39 66 52 51 6C 61 51  "http://S9fRQlaQ
000002C0: 6E 37 6A 55 72 62 72 55  48 33 4E 58 37 71 34 37  n7jUrbrUH3NX7q47
000002D0: 61 65 64 68 66 7A 6E 78  46 77 31 67 68 41 30 4F  aedhfznxFw1ghA0O
000002E0: 6D 43 49 47 31 54 5A 6F  51 49 6F 6F 75 33 70 73  mCIG1TZoQIoou3ps
000002F0: 6A 58 4C 41 38 56 50 4B  22 7D 7D 2C 7B 22 31 22  jXLA8VPK"}},{"1"
00000300: 3A 7B 22 73 74 72 22 3A  22 68 74 74 70 3A 2F 2F  :{"str":"http://
00000310: 73 68 6F 72 74 2D 75 72  6C 2F 79 4E 54 62 48 41  short-url/yNTbHA
00000320: 45 33 50 73 22 7D 2C 22  32 22 3A 7B 22 73 74 72  E3Ps"},"2":{"str
00000330: 22 3A 22 68 74 74 70 3A  2F 2F 6F 67 42 4B 69 76  ":"http://ogBKiv
00000340: 6A 38 6F 38 63 6D 50 71  6E 79 71 34 50 56 5A 77  j8o8cmPqnyq4PVZw
00000350: 76 6A 67 56 73 65 4E 64  54 35 72 64 57 57 57 37  vjgVseNdT5rdWWW7
00000360: 76 73 50 43 41 76 70 71  36 69 36 34 66 56 78 41  vsPCAvpq6i64fVxA
00000370: 6A 56 71 66 30 34 59 76  43 67 22 7D 7D 2C 7B 22  jVqf04YvCg"}},{"
00000380: 31 22 3A 7B 22 73 74 72  22 3A 22 68 74 74 70 3A  1":{"str":"http:
00000390: 2F 2F 73 68 6F 72 74 2D  75 72 6C 2F 47 70 4C 6F  //short-url/GpLo
000003A0: 76 31 71 4C 6D 79 22 7D  2C 22 32 22 3A 7B 22 73  v1qLmy"},"2":{"s
000003B0: 74 72 22 3A 22 68 74 74  70 3A 2F 2F 6B 39 7A 72  tr":"http://k9zr
000003C0: 30 47 67 53 63 76 42 73  4D 6A 73 7A 4F 39 75 47  0GgScvBsMjszO9uG
000003D0: 70 33 72 52 4D 48 64 35  63 31 44 42 63 79 58 70  p3rRMHd5c1DBcyXp
000003E0: 45 65 68 46 5A 57 45 65  4C 72 43 46 30 52 67 6A  EehFZWEeLrCF0Rgj
000003F0: 4E 43 34 46 31 6D 49 6A  35 47 4B 46 22 7D 7D 5D  NC4F1mIj5GKF"}}]
00000400: 7D 7D 7D 7D 5D                                    }}}}]
====
STREAM PID 60589.0xffff9482d7141200 (C) > 60554.0xffff9482de657e00 (S), length 401
command[60589]: b'./src/ComposePostService/ComposePostService'
command[60554]: b'./cmake-build/src/TextService/TextService'
----
00000000: 00 00 01 8D 5B 31 2C 22  43 6F 6D 70 6F 73 65 54  ....[1,"ComposeT
00000010: 65 78 74 22 2C 31 2C 30  2C 7B 22 31 22 3A 7B 22  ext",1,0,{"1":{"
00000020: 69 36 34 22 3A 37 38 31  32 32 34 30 33 34 37 36  i64":78122403476
00000030: 39 39 32 34 38 36 34 7D  2C 22 32 22 3A 7B 22 73  9924864},"2":{"s
00000040: 74 72 22 3A 22 70 6B 53  5A 48 75 49 6C 30 32 54  tr":"pkSZHuIl02T
00000050: 71 43 68 6C 6D 39 79 34  32 34 4B 43 48 6E 4F 65  qChlm9y424KCHnOe
00000060: 69 41 6A 71 69 6B 6C 39  61 54 31 76 4D 6B 52 73  iAjqikl9aT1vMkRs
00000070: 4A 4B 6E 4E 6B 69 39 77  6A 45 46 6A 44 39 4B 62  JKnNki9wjEFjD9Kb
00000080: 75 4D 49 63 47 6B 51 41  53 44 4B 74 46 7A 69 42  uMIcGkQASDKtFziB
00000090: 47 56 56 59 54 42 7A 54  67 76 57 6E 72 62 4A 7A  GVVYTBzTgvWnrbJz
000000A0: 4D 76 58 61 4C 4E 56 4B  6E 73 4C 68 4C 45 76 70  MvXaLNVKnsLhLEvp
000000B0: 30 34 50 77 35 6C 6D 52  78 61 58 70 4D 64 46 39  04Pw5lmRxaXpMdF9
000000C0: 74 37 72 6E 4A 69 43 30  36 44 70 55 61 6A 33 70  t7rnJiC06DpUaj3p
000000D0: 52 44 6F 64 74 74 5A 71  38 58 69 65 44 71 43 39  RDodttZq8XieDqC9
000000E0: 73 32 43 71 55 35 47 52  54 53 6E 4D 50 6A 32 65  s2CqU5GRTSnMPj2e
000000F0: 6C 72 70 4F 42 79 70 37  78 77 38 74 78 35 79 4E  lrpOByp7xw8tx5yN
00000100: 74 73 5A 46 59 4A 4C 37  79 34 38 54 6D 4C 53 4B  tsZFYJL7y48TmLSK
00000110: 36 63 6C 78 45 4D 79 59  4D 35 6E 51 53 64 35 69  6clxEMyYM5nQSd5i
00000120: 52 4F 76 73 70 65 4B 51  64 6E 56 50 49 36 37 61  ROvspeKQdnVPI67a
00000130: 39 6F 4C 50 44 32 4F 57  4E 50 54 4B 61 67 78 31  9oLPD2OWNPTKagx1
00000140: 6D 6A 54 31 77 20 40 75  73 65 72 6E 61 6D 65 5F  mjT1w @username_
00000150: 36 32 20 40 75 73 65 72  6E 61 6D 65 5F 34 35 34  62 @username_454
00000160: 20 40 75 73 65 72 6E 61  6D 65 5F 38 36 37 22 7D   @username_867"}
00000170: 2C 22 33 22 3A 7B 22 6D  61 70 22 3A 5B 22 73 74  ,"3":{"map":["st
00000180: 72 22 2C 22 73 74 72 22  2C 30 2C 7B 7D 5D 7D 7D  r","str",0,{}]}}
00000190: 5D                                                ]
====
STREAM PID 60554.0xffff9482de657e00 (S) > 60589.0xffff9482d7141200 (C), length 397
command[60554]: b'./cmake-build/src/TextService/TextService'
command[60589]: b'./src/ComposePostService/ComposePostService'
----
00000000: 00 00 01 89 5B 31 2C 22  43 6F 6D 70 6F 73 65 54  ....[1,"ComposeT
00000010: 65 78 74 22 2C 32 2C 30  2C 7B 22 30 22 3A 7B 22  ext",2,0,{"0":{"
00000020: 72 65 63 22 3A 7B 22 31  22 3A 7B 22 73 74 72 22  rec":{"1":{"str"
00000030: 3A 22 70 6B 53 5A 48 75  49 6C 30 32 54 71 43 68  :"pkSZHuIl02TqCh
00000040: 6C 6D 39 79 34 32 34 4B  43 48 6E 4F 65 69 41 6A  lm9y424KCHnOeiAj
00000050: 71 69 6B 6C 39 61 54 31  76 4D 6B 52 73 4A 4B 6E  qikl9aT1vMkRsJKn
00000060: 4E 6B 69 39 77 6A 45 46  6A 44 39 4B 62 75 4D 49  Nki9wjEFjD9KbuMI
00000070: 63 47 6B 51 41 53 44 4B  74 46 7A 69 42 47 56 56  cGkQASDKtFziBGVV
00000080: 59 54 42 7A 54 67 76 57  6E 72 62 4A 7A 4D 76 58  YTBzTgvWnrbJzMvX
00000090: 61 4C 4E 56 4B 6E 73 4C  68 4C 45 76 70 30 34 50  aLNVKnsLhLEvp04P
000000A0: 77 35 6C 6D 52 78 61 58  70 4D 64 46 39 74 37 72  w5lmRxaXpMdF9t7r
000000B0: 6E 4A 69 43 30 36 44 70  55 61 6A 33 70 52 44 6F  nJiC06DpUaj3pRDo
000000C0: 64 74 74 5A 71 38 58 69  65 44 71 43 39 73 32 43  dttZq8XieDqC9s2C
000000D0: 71 55 35 47 52 54 53 6E  4D 50 6A 32 65 6C 72 70  qU5GRTSnMPj2elrp
000000E0: 4F 42 79 70 37 78 77 38  74 78 35 79 4E 74 73 5A  OByp7xw8tx5yNtsZ
000000F0: 46 59 4A 4C 37 79 34 38  54 6D 4C 53 4B 36 63 6C  FYJL7y48TmLSK6cl
00000100: 78 45 4D 79 59 4D 35 6E  51 53 64 35 69 52 4F 76  xEMyYM5nQSd5iROv
00000110: 73 70 65 4B 51 64 6E 56  50 49 36 37 61 39 6F 4C  speKQdnVPI67a9oL
00000120: 50 44 32 4F 57 4E 50 54  4B 61 67 78 31 6D 6A 54  PD2OWNPTKagx1mjT
00000130: 31 77 20 40 75 73 65 72  6E 61 6D 65 5F 36 32 20  1w @username_62 
00000140: 40 75 73 65 72 6E 61 6D  65 5F 34 35 34 20 40 75  @username_454 @u
00000150: 73 65 72 6E 61 6D 65 5F  38 36 37 22 7D 2C 22 32  sername_867"},"2
00000160: 22 3A 7B 22 6C 73 74 22  3A 5B 22 72 65 63 22 2C  ":{"lst":["rec",
00000170: 30 5D 7D 2C 22 33 22 3A  7B 22 6C 73 74 22 3A 5B  0]},"3":{"lst":[
00000180: 22 72 65 63 22 2C 30 5D  7D 7D 7D 7D 5D           "rec",0]}}}}]
====
STREAM PID 60589.0xffff9482d7141200 (C) > 60554.0xffff9482de657e00 (S), length 574
command[60589]: b'./src/ComposePostService/ComposePostService'
command[60554]: b'./cmake-build/src/TextService/TextService'
----
00000000: 00 00 02 3A 5B 31 2C 22  43 6F 6D 70 6F 73 65 54  ...:[1,"ComposeT
00000010: 65 78 74 22 2C 31 2C 30  2C 7B 22 31 22 3A 7B 22  ext",1,0,{"1":{"
00000020: 69 36 34 22 3A 35 33 33  34 33 39 36 38 36 37 32  i64":53343968672
00000030: 35 32 38 36 35 39 32 7D  2C 22 32 22 3A 7B 22 73  5286592},"2":{"s
00000040: 74 72 22 3A 22 48 39 39  44 44 51 41 4E 4F 35 43  tr":"H99DDQANO5C
00000050: 66 48 58 63 34 51 31 33  66 6B 76 37 44 4A 4E 6C  fHXc4Q13fkv7DJNl
00000060: 75 4F 67 62 31 54 44 72  41 72 38 56 32 79 46 64  uOgb1TDrAr8V2yFd
00000070: 6C 61 4B 62 35 53 76 50  49 4A 48 66 35 6C 35 6D  laKb5SvPIJHf5l5m
00000080: 6D 36 6E 31 6A 77 6D 56  38 61 64 35 33 73 56 49  m6n1jwmV8ad53sVI
00000090: 50 44 4A 71 47 48 6B 36  33 6F 5A 6F 48 31 76 78  PDJqGHk63oZoH1vx
000000A0: 76 7A 56 48 38 4C 30 31  6B 76 32 55 58 30 35 35  vzVH8L01kv2UX055
000000B0: 6B 4C 71 65 41 57 43 50  50 64 6B 56 56 6F 72 45  kLqeAWCPPdkVVorE
000000C0: 37 32 4A 5A 72 5A 75 36  72 70 34 43 6D 75 6F 4F  72JZrZu6rp4CmuoO
000000D0: 35 7A 57 70 44 4A 45 68  49 6D 55 73 43 54 42 66  5zWpDJEhImUsCTBf
000000E0: 6B 32 69 31 65 6F 79 48  59 71 36 58 49 36 67 49  k2i1eoyHYq6XI6gI
000000F0: 46 69 59 62 79 50 68 75  45 37 4C 49 75 63 54 41  FiYbyPhuE7LIucTA
00000100: 39 64 55 56 50 6B 4E 36  5A 48 6C 7A 4D 39 69 43  9dUVPkN6ZHlzM9iC
00000110: 49 68 6F 4E 71 5A 5A 35  56 64 67 61 4B 61 79 47  IhoNqZZ5VdgaKayG
00000120: 7A 53 4B 50 52 77 6A 6C  30 43 6D 49 35 4A 78 51  zSKPRwjl0CmI5JxQ
00000130: 6A 59 42 47 46 38 41 77  79 48 32 47 45 47 67 6C  jYBGF8AwyH2GEGgl
00000140: 55 30 4C 45 33 20 40 75  73 65 72 6E 61 6D 65 5F  U0LE3 @username_
00000150: 37 32 33 20 40 75 73 65  72 6E 61 6D 65 5F 34 30  723 @username_40
00000160: 30 20 40 75 73 65 72 6E  61 6D 65 5F 39 31 38 20  0 @username_918 
00000170: 40 75 73 65 72 6E 61 6D  65 5F 36 34 39 20 40 75  @username_649 @u
00000180: 73 65 72 6E 61 6D 65 5F  34 36 30 20 68 74 74 70  sername_460 http
00000190: 3A 2F 2F 6B 6A 77 75 4F  6F 73 61 4D 79 50 66 34  ://kjwuOosaMyPf4
000001A0: 30 67 63 6D 69 48 32 75  62 47 6E 4A 5A 6E 66 62  0gcmiH2ubGnJZnfb
000001B0: 61 53 68 66 7A 4B 55 73  61 45 61 4F 38 48 76 4F  aShfzKUsaEaO8HvO
000001C0: 31 46 61 70 45 33 44 71  31 79 6D 61 71 67 4A 39  1FapE3Dq1ymaqgJ9
000001D0: 56 6F 71 20 68 74 74 70  3A 2F 2F 54 49 44 42 4C  Voq http://TIDBL
000001E0: 6B 43 34 53 52 46 72 76  50 48 7A 56 36 48 42 43  kC4SRFrvPHzV6HBC
000001F0: 75 69 72 43 68 49 62 6E  63 4C 58 65 4A 55 6B 4E  uirChIbncLXeJUkN
00000200: 43 68 4B 35 71 66 66 4C  33 78 39 30 63 53 6B 4E  ChK5qffL3x90cSkN
00000210: 71 6B 44 31 64 50 75 31  45 51 4B 22 7D 2C 22 33  qkD1dPu1EQK"},"3
00000220: 22 3A 7B 22 6D 61 70 22  3A 5B 22 73 74 72 22 2C  ":{"map":["str",
00000230: 22 73 74 72 22 2C 30 2C  7B 7D 5D 7D 7D 5D        "str",0,{}]}}]
====
STREAM PID 60554.0xffff9482de657e00 (S) > 60589.0xffff9482d7141200 (C), length 742
command[60554]: b'./cmake-build/src/TextService/TextService'
command[60589]: b'./src/ComposePostService/ComposePostService'
----
00000000: 00 00 02 E2 5B 31 2C 22  43 6F 6D 70 6F 73 65 54  ....[1,"ComposeT
00000010: 65 78 74 22 2C 32 2C 30  2C 7B 22 30 22 3A 7B 22  ext",2,0,{"0":{"
00000020: 72 65 63 22 3A 7B 22 31  22 3A 7B 22 73 74 72 22  rec":{"1":{"str"
00000030: 3A 22 48 39 39 44 44 51  41 4E 4F 35 43 66 48 58  :"H99DDQANO5CfHX
00000040: 63 34 51 31 33 66 6B 76  37 44 4A 4E 6C 75 4F 67  c4Q13fkv7DJNluOg
00000050: 62 31 54 44 72 41 72 38  56 32 79 46 64 6C 61 4B  b1TDrAr8V2yFdlaK
00000060: 62 35 53 76 50 49 4A 48  66 35 6C 35 6D 6D 36 6E  b5SvPIJHf5l5mm6n
00000070: 31 6A 77 6D 56 38 61 64  35 33 73 56 49 50 44 4A  1jwmV8ad53sVIPDJ
00000080: 71 47 48 6B 36 33 6F 5A  6F 48 31 76 78 76 7A 56  qGHk63oZoH1vxvzV
00000090: 48 38 4C 30 31 6B 76 32  55 58 30 35 35 6B 4C 71  H8L01kv2UX055kLq
000000A0: 65 41 57 43 50 50 64 6B  56 56 6F 72 45 37 32 4A  eAWCPPdkVVorE72J
000000B0: 5A 72 5A 75 36 72 70 34  43 6D 75 6F 4F 35 7A 57  ZrZu6rp4CmuoO5zW
000000C0: 70 44 4A 45 68 49 6D 55  73 43 54 42 66 6B 32 69  pDJEhImUsCTBfk2i
000000D0: 31 65 6F 79 48 59 71 36  58 49 36 67 49 46 69 59  1eoyHYq6XI6gIFiY
000000E0: 62 79 50 68 75 45 37 4C  49 75 63 54 41 39 64 55  byPhuE7LIucTA9dU
000000F0: 56 50 6B 4E 36 5A 48 6C  7A 4D 39 69 43 49 68 6F  VPkN6ZHlzM9iCIho
00000100: 4E 71 5A 5A 35 56 64 67  61 4B 61 79 47 7A 53 4B  NqZZ5VdgaKayGzSK
00000110: 50 52 77 6A 6C 30 43 6D  49 35 4A 78 51 6A 59 42  PRwjl0CmI5JxQjYB
00000120: 47 46 38 41 77 79 48 32  47 45 47 67 6C 55 30 4C  GF8AwyH2GEGglU0L
00000130: 45 33 20 40 75 73 65 72  6E 61 6D 65 5F 37 32 33  E3 @username_723
00000140: 20 40 75 73 65 72 6E 61  6D 65 5F 34 30 30 20 40   @username_400 @
00000150: 75 73 65 72 6E 61 6D 65  5F 39 31 38 20 40 75 73  username_918 @us
00000160: 65 72 6E 61 6D 65 5F 36  34 39 20 40 75 73 65 72  ername_649 @user
00000170: 6E 61 6D 65 5F 34 36 30  20 68 74 74 70 3A 2F 2F  name_460 http://
00000180: 73 68 6F 72 74 2D 75 72  6C 2F 70 6C 70 74 47 75  short-url/plptGu
00000190: 4D 71 77 6D 20 68 74 74  70 3A 2F 2F 73 68 6F 72  Mqwm http://shor
000001A0: 74 2D 75 72 6C 2F 48 6A  6A 63 4D 44 41 70 34 52  t-url/HjjcMDAp4R
000001B0: 22 7D 2C 22 32 22 3A 7B  22 6C 73 74 22 3A 5B 22  "},"2":{"lst":["
000001C0: 72 65 63 22 2C 30 5D 7D  2C 22 33 22 3A 7B 22 6C  rec",0]},"3":{"l
000001D0: 73 74 22 3A 5B 22 72 65  63 22 2C 32 2C 7B 22 31  st":["rec",2,{"1
000001E0: 22 3A 7B 22 73 74 72 22  3A 22 68 74 74 70 3A 2F  ":{"str":"http:/
000001F0: 2F 73 68 6F 72 74 2D 75  72 6C 2F 70 6C 70 74 47  /short-url/plptG
00000200: 75 4D 71 77 6D 22 7D 2C  22 32 22 3A 7B 22 73 74  uMqwm"},"2":{"st
00000210: 72 22 3A 22 68 74 74 70  3A 2F 2F 6B 6A 77 75 4F  r":"http://kjwuO
00000220: 6F 73 61 4D 79 50 66 34  30 67 63 6D 69 48 32 75  osaMyPf40gcmiH2u
00000230: 62 47 6E 4A 5A 6E 66 62  61 53 68 66 7A 4B 55 73  bGnJZnfbaShfzKUs
00000240: 61 45 61 4F 38 48 76 4F  31 46 61 70 45 33 44 71  aEaO8HvO1FapE3Dq
00000250: 31 79 6D 61 71 67 4A 39  56 6F 71 22 7D 7D 2C 7B  1ymaqgJ9Voq"}},{
00000260: 22 31 22 3A 7B 22 73 74  72 22 3A 22 68 74 74 70  "1":{"str":"http
00000270: 3A 2F 2F 73 68 6F 72 74  2D 75 72 6C 2F 48 6A 6A  ://short-url/Hjj
00000280: 63 4D 44 41 70 34 52 22  7D 2C 22 32 22 3A 7B 22  cMDAp4R"},"2":{"
00000290: 73 74 72 22 3A 22 68 74  74 70 3A 2F 2F 54 49 44  str":"http://TID
000002A0: 42 4C 6B 43 34 53 52 46  72 76 50 48 7A 56 36 48  BLkC4SRFrvPHzV6H
000002B0: 42 43 75 69 72 43 68 49  62 6E 63 4C 58 65 4A 55  BCuirChIbncLXeJU
000002C0: 6B 4E 43 68 4B 35 71 66  66 4C 33 78 39 30 63 53  kNChK5qffL3x90cS
000002D0: 6B 4E 71 6B 44 31 64 50  75 31 45 51 4B 22 7D 7D  kNqkD1dPu1EQK"}}
000002E0: 5D 7D 7D 7D 7D 5D                                 ]}}}}]
====
STREAM PID 60589.0xffff9482d7141200 (C) > 60554.0xffff9482de657e00 (S), length 446
command[60589]: b'./src/ComposePostService/ComposePostService'
command[60554]: b'./cmake-build/src/TextService/TextService'
----
00000000: 00 00 01 BA 5B 31 2C 22  43 6F 6D 70 6F 73 65 54  ....[1,"ComposeT
00000010: 65 78 74 22 2C 31 2C 30  2C 7B 22 31 22 3A 7B 22  ext",1,0,{"1":{"
00000020: 69 36 34 22 3A 39 34 39  31 36 39 31 33 35 33 33  i64":94916913533
00000030: 34 36 32 36 36 38 38 7D  2C 22 32 22 3A 7B 22 73  4626688},"2":{"s
00000040: 74 72 22 3A 22 4B 7A 51  7A 78 56 46 67 37 64 78  tr":"KzQzxVFg7dx
00000050: 36 6B 54 31 69 35 4B 58  6A 51 53 39 6F 6D 7A 35  6kT1i5KXjQS9omz5
00000060: 38 46 41 6A 41 54 52 72  70 45 4C 42 37 43 43 64  8FAjATRrpELB7CCd
00000070: 62 4D 43 44 64 34 67 45  42 53 6E 6C 76 4F 54 74  bMCDd4gEBSnlvOTt
00000080: 4D 4C 78 35 6D 74 39 78  38 36 4D 68 58 42 31 50  MLx5mt9x86MhXB1P
00000090: 67 6B 57 52 42 32 42 7A  4A 52 67 79 36 38 58 57  gkWRB2BzJRgy68XW
000000A0: 38 50 67 4D 39 68 6D 51  78 66 43 65 39 44 7A 78  8PgM9hmQxfCe9Dzx
000000B0: 77 61 7A 4F 6F 61 78 71  77 4F 64 63 77 75 57 64  wazOoaxqwOdcwuWd
000000C0: 36 62 30 76 4E 71 78 58  42 37 70 55 49 6E 6C 68  6b0vNqxXB7pUInlh
000000D0: 77 63 4D 44 39 5A 6B 7A  59 49 59 74 6C 6E 4C 50  wcMD9ZkzYIYtlnLP
000000E0: 68 74 74 4A 55 37 4A 67  6B 4F 67 34 4A 55 59 65  httJU7JgkOg4JUYe
000000F0: 75 42 63 4F 63 63 4C 78  52 34 57 70 75 6E 49 53  uBcOccLxR4WpunIS
00000100: 61 67 6B 54 6D 44 6B 6E  45 49 4D 73 65 44 55 37  agkTmDknEIMseDU7
00000110: 31 39 37 69 31 54 34 48  61 4A 66 38 62 6D 5A 45  197i1T4HaJf8bmZE
00000120: 70 7A 4F 36 4A 7A 4B 57  51 57 55 72 78 39 45 35  pzO6JzKWQWUrx9E5
00000130: 54 41 33 7A 52 33 32 71  63 70 51 67 48 55 5A 78  TA3zR32qcpQgHUZx
00000140: 62 63 39 6D 32 20 40 75  73 65 72 6E 61 6D 65 5F  bc9m2 @username_
00000150: 31 36 38 20 68 74 74 70  3A 2F 2F 37 69 75 53 41  168 http://7iuSA
00000160: 43 70 46 45 6A 58 64 35  65 54 78 54 56 41 72 72  CpFEjXd5eTxTVArr
00000170: 78 36 46 53 59 5A 45 7A  6F 4B 6D 51 75 6A 38 56  x6FSYZEzoKmQuj8V
00000180: 4F 35 66 30 75 43 6B 77  32 76 7A 61 4D 5A 6B 61  O5f0uCkw2vzaMZka
00000190: 6B 69 6F 49 38 4A 50 45  4E 74 47 22 7D 2C 22 33  kioI8JPENtG"},"3
000001A0: 22 3A 7B 22 6D 61 70 22  3A 5B 22 73 74 72 22 2C  ":{"map":["str",
000001B0: 22 73 74 72 22 2C 30 2C  7B 7D 5D 7D 7D 5D        "str",0,{}]}}]
====
STREAM PID 60554.0xffff9482de657e00 (S) > 60589.0xffff9482d7141200 (C), length 528
command[60554]: b'./cmake-build/src/TextService/TextService'
command[60589]: b'./src/ComposePostService/ComposePostService'
----
00000000: 00 00 02 0C 5B 31 2C 22  43 6F 6D 70 6F 73 65 54  ....[1,"ComposeT
00000010: 65 78 74 22 2C 32 2C 30  2C 7B 22 30 22 3A 7B 22  ext",2,0,{"0":{"
00000020: 72 65 63 22 3A 7B 22 31  22 3A 7B 22 73 74 72 22  rec":{"1":{"str"
00000030: 3A 22 4B 7A 51 7A 78 56  46 67 37 64 78 36 6B 54  :"KzQzxVFg7dx6kT
00000040: 31 69 35 4B 58 6A 51 53  39 6F 6D 7A 35 38 46 41  1i5KXjQS9omz58FA
00000050: 6A 41 54 52 72 70 45 4C  42 37 43 43 64 62 4D 43  jATRrpELB7CCdbMC
00000060: 44 64 34 67 45 42 53 6E  6C 76 4F 54 74 4D 4C 78  Dd4gEBSnlvOTtMLx
00000070: 35 6D 74 39 78 38 36 4D  68 58 42 31 50 67 6B 57  5mt9x86MhXB1PgkW
00000080: 52 42 32 42 7A 4A 52 67  79 36 38 58 57 38 50 67  RB2BzJRgy68XW8Pg
00000090: 4D 39 68 6D 51 78 66 43  65 39 44 7A 78 77 61 7A  M9hmQxfCe9Dzxwaz
000000A0: 4F 6F 61 78 71 77 4F 64  63 77 75 57 64 36 62 30  OoaxqwOdcwuWd6b0
000000B0: 76 4E 71 78 58 42 37 70  55 49 6E 6C 68 77 63 4D  vNqxXB7pUInlhwcM
000000C0: 44 39 5A 6B 7A 59 49 59  74 6C 6E 4C 50 68 74 74  D9ZkzYIYtlnLPhtt
000000D0: 4A 55 37 4A 67 6B 4F 67  34 4A 55 59 65 75 42 63  JU7JgkOg4JUYeuBc
000000E0: 4F 63 63 4C 78 52 34 57  70 75 6E 49 53 61 67 6B  OccLxR4WpunISagk
000000F0: 54 6D 44 6B 6E 45 49 4D  73 65 44 55 37 31 39 37  TmDknEIMseDU7197
00000100: 69 31 54 34 48 61 4A 66  38 62 6D 5A 45 70 7A 4F  i1T4HaJf8bmZEpzO
00000110: 36 4A 7A 4B 57 51 57 55  72 78 39 45 35 54 41 33  6JzKWQWUrx9E5TA3
00000120: 7A 52 33 32 71 63 70 51  67 48 55 5A 78 62 63 39  zR32qcpQgHUZxbc9
00000130: 6D 32 20 40 75 73 65 72  6E 61 6D 65 5F 31 36 38  m2 @username_168
00000140: 20 68 74 74 70 3A 2F 2F  73 68 6F 72 74 2D 75 72   http://short-ur
00000150: 6C 2F 4A 34 4A 75 6A 6A  4A 61 4C 32 22 7D 2C 22  l/J4JujjJaL2"},"
00000160: 32 22 3A 7B 22 6C 73 74  22 3A 5B 22 72 65 63 22  2":{"lst":["rec"
00000170: 2C 30 5D 7D 2C 22 33 22  3A 7B 22 6C 73 74 22 3A  ,0]},"3":{"lst":
00000180: 5B 22 72 65 63 22 2C 31  2C 7B 22 31 22 3A 7B 22  ["rec",1,{"1":{"
00000190: 73 74 72 22 3A 22 68 74  74 70 3A 2F 2F 73 68 6F  str":"http://sho
000001A0: 72 74 2D 75 72 6C 2F 4A  34 4A 75 6A 6A 4A 61 4C  rt-url/J4JujjJaL
000001B0: 32 22 7D 2C 22 32 22 3A  7B 22 73 74 72 22 3A 22  2"},"2":{"str":"
000001C0: 68 74 74 70 3A 2F 2F 37  69 75 53 41 43 70 46 45  http://7iuSACpFE
000001D0: 6A 58 64 35 65 54 78 54  56 41 72 72 78 36 46 53  jXd5eTxTVArrx6FS
000001E0: 59 5A 45 7A 6F 4B 6D 51  75 6A 38 56 4F 35 66 30  YZEzoKmQuj8VO5f0
000001F0: 75 43 6B 77 32 76 7A 61  4D 5A 6B 61 6B 69 6F 49  uCkw2vzaMZkakioI
00000200: 38 4A 50 45 4E 74 47 22  7D 7D 5D 7D 7D 7D 7D 5D  8JPENtG"}}]}}}}]
====
STREAM PID 60589.0xffff9482d7141200 (C) > 60554.0xffff9482de657e00 (S), length 574
command[60589]: b'./src/ComposePostService/ComposePostService'
command[60554]: b'./cmake-build/src/TextService/TextService'
----
00000000: 00 00 02 3A 5B 31 2C 22  43 6F 6D 70 6F 73 65 54  ...:[1,"ComposeT
00000010: 65 78 74 22 2C 31 2C 30  2C 7B 22 31 22 3A 7B 22  ext",1,0,{"1":{"
00000020: 69 36 34 22 3A 31 30 33  30 34 32 38 31 33 36 34  i64":10304281364
00000030: 32 35 34 30 36 38 38 7D  2C 22 32 22 3A 7B 22 73  2540688},"2":{"s
00000040: 74 72 22 3A 22 77 61 58  49 36 74 45 53 63 33 57  tr":"waXI6tESc3W
00000050: 35 59 68 78 46 35 57 45  78 6E 54 43 31 43 37 4E  5YhxF5WExnTC1C7N
00000060: 6D 49 38 37 6F 59 30 36  6B 4F 56 36 32 43 78 67  mI87oY06kOV62Cxg
00000070: 72 35 50 4C 69 5A 4B 50  6F 6E 50 35 44 4B 74 68  r5PLiZKPonP5DKth
00000080: 43 6B 36 33 44 51 49 72  49 72 74 7A 49 51 63 64  Ck63DQIrIrtzIQcd
00000090: 35 38 30 65 38 39 59 4C  35 71 59 76 34 59 4B 34  580e89YL5qYv4YK4
000000A0: 76 43 48 4F 45 6E 34 6D  78 77 56 4D 77 43 6C 7A  vCHOEn4mxwVMwClz
000000B0: 69 41 6D 73 34 66 73 54  6E 6C 4E 6F 4B 46 69 59  iAms4fsTnlNoKFiY
000000C0: 78 4B 62 32 42 77 6F 56  6C 65 63 54 61 30 59 48  xKb2BwoVlecTa0YH
000000D0: 56 35 45 31 58 7A 32 46  4E 6E 66 31 66 4C 44 6A  V5E1Xz2FNnf1fLDj
000000E0: 55 52 43 32 79 75 49 6D  37 6E 6D 48 51 54 6B 68  URC2yuIm7nmHQTkh
000000F0: 32 53 67 78 6D 68 6F 63  6D 70 30 4B 67 75 77 63  2Sgxmhocmp0Kguwc
00000100: 72 4B 35 58 52 46 67 55  38 69 54 51 39 64 62 35  rK5XRFgU8iTQ9db5
00000110: 6C 51 52 41 36 71 49 35  65 7A 4A 61 73 33 4D 7A  lQRA6qI5ezJas3Mz
00000120: 35 68 76 30 76 6B 36 6C  64 78 45 34 63 34 57 30  5hv0vk6ldxE4c4W0
00000130: 33 4F 4C 6E 55 54 64 64  6C 47 72 68 35 50 44 79  3OLnUTddlGrh5PDy
00000140: 55 55 4A 4D 6B 20 40 75  73 65 72 6E 61 6D 65 5F  UUJMk @username_
00000150: 32 31 39 20 40 75 73 65  72 6E 61 6D 65 5F 36 36  219 @username_66
00000160: 30 20 40 75 73 65 72 6E  61 6D 65 5F 37 37 34 20  0 @username_774 
00000170: 40 75 73 65 72 6E 61 6D  65 5F 38 33 37 20 40 75  @username_837 @u
00000180: 73 65 72 6E 61 6D 65 5F  31 31 39 20 68 74 74 70  sername_119 http
00000190: 3A 2F 2F 59 71 42 33 43  4F 58 62 5A 62 62 76 75  ://YqB3COXbZbbvu
000001A0: 33 47 4B 79 77 6C 79 38  50 62 53 6A 6D 6C 48 5A  3GKywly8PbSjmlHZ
000001B0: 4C 42 38 45 48 79 68 5A  57 71 61 58 67 45 52 71  LB8EHyhZWqaXgERq
000001C0: 62 58 65 79 43 68 6B 79  75 7A 35 46 50 51 4A 75  bXeyChkyuz5FPQJu
000001D0: 71 57 67 20 68 74 74 70  3A 2F 2F 6D 79 30 35 4E  qWg http://my05N
000001E0: 70 73 58 33 6E 34 55 76  6C 33 51 37 52 41 6B 33  psX3n4Uvl3Q7RAk3
000001F0: 55 47 36 44 6D 46 38 4C  52 30 63 68 4F 50 31 52  UG6DmF8LR0chOP1R
00000200: 6F 53 77 54 65 43 37 4A  6F 4E 46 56 4B 55 33 71  oSwTeC7JoNFVKU3q
00000210: 56 74 6F 67 67 66 6D 4E  48 42 76 22 7D 2C 22 33  VtoggfmNHBv"},"3
00000220: 22 3A 7B 22 6D 61 70 22  3A 5B 22 73 74 72 22 2C  ":{"map":["str",
00000230: 22 73 74 72 22 2C 30 2C  7B 7D 5D 7D 7D 5D        "str",0,{}]}}]
====
STREAM PID 60554.0xffff9482de657e00 (S) > 60589.0xffff9482d7141200 (C), length 742
command[60554]: b'./cmake-build/src/TextService/TextService'
command[60589]: b'./src/ComposePostService/ComposePostService'
----
00000000: 00 00 02 E2 5B 31 2C 22  43 6F 6D 70 6F 73 65 54  ....[1,"ComposeT
00000010: 65 78 74 22 2C 32 2C 30  2C 7B 22 30 22 3A 7B 22  ext",2,0,{"0":{"
00000020: 72 65 63 22 3A 7B 22 31  22 3A 7B 22 73 74 72 22  rec":{"1":{"str"
00000030: 3A 22 77 61 58 49 36 74  45 53 63 33 57 35 59 68  :"waXI6tESc3W5Yh
00000040: 78 46 35 57 45 78 6E 54  43 31 43 37 4E 6D 49 38  xF5WExnTC1C7NmI8
00000050: 37 6F 59 30 36 6B 4F 56  36 32 43 78 67 72 35 50  7oY06kOV62Cxgr5P
00000060: 4C 69 5A 4B 50 6F 6E 50  35 44 4B 74 68 43 6B 36  LiZKPonP5DKthCk6
00000070: 33 44 51 49 72 49 72 74  7A 49 51 63 64 35 38 30  3DQIrIrtzIQcd580
00000080: 65 38 39 59 4C 35 71 59  76 34 59 4B 34 76 43 48  e89YL5qYv4YK4vCH
00000090: 4F 45 6E 34 6D 78 77 56  4D 77 43 6C 7A 69 41 6D  OEn4mxwVMwClziAm
000000A0: 73 34 66 73 54 6E 6C 4E  6F 4B 46 69 59 78 4B 62  s4fsTnlNoKFiYxKb
000000B0: 32 42 77 6F 56 6C 65 63  54 61 30 59 48 56 35 45  2BwoVlecTa0YHV5E
000000C0: 31 58 7A 32 46 4E 6E 66  31 66 4C 44 6A 55 52 43  1Xz2FNnf1fLDjURC
000000D0: 32 79 75 49 6D 37 6E 6D  48 51 54 6B 68 32 53 67  2yuIm7nmHQTkh2Sg
000000E0: 78 6D 68 6F 63 6D 70 30  4B 67 75 77 63 72 4B 35  xmhocmp0KguwcrK5
000000F0: 58 52 46 67 55 38 69 54  51 39 64 62 35 6C 51 52  XRFgU8iTQ9db5lQR
00000100: 41 36 71 49 35 65 7A 4A  61 73 33 4D 7A 35 68 76  A6qI5ezJas3Mz5hv
00000110: 30 76 6B 36 6C 64 78 45  34 63 34 57 30 33 4F 4C  0vk6ldxE4c4W03OL
00000120: 6E 55 54 64 64 6C 47 72  68 35 50 44 79 55 55 4A  nUTddlGrh5PDyUUJ
00000130: 4D 6B 20 40 75 73 65 72  6E 61 6D 65 5F 32 31 39  Mk @username_219
00000140: 20 40 75 73 65 72 6E 61  6D 65 5F 36 36 30 20 40   @username_660 @
00000150: 75 73 65 72 6E 61 6D 65  5F 37 37 34 20 40 75 73  username_774 @us
00000160: 65 72 6E 61 6D 65 5F 38  33 37 20 40 75 73 65 72  ername_837 @user
00000170: 6E 61 6D 65 5F 31 31 39  20 68 74 74 70 3A 2F 2F  name_119 http://
00000180: 73 68 6F 72 74 2D 75 72  6C 2F 4D 77 53 72 56 44  short-url/MwSrVD
00000190: 38 49 52 65 20 68 74 74  70 3A 2F 2F 73 68 6F 72  8IRe http://shor
000001A0: 74 2D 75 72 6C 2F 49 6A  6D 66 54 61 6D 74 56 72  t-url/IjmfTamtVr
000001B0: 22 7D 2C 22 32 22 3A 7B  22 6C 73 74 22 3A 5B 22  "},"2":{"lst":["
000001C0: 72 65 63 22 2C 30 5D 7D  2C 22 33 22 3A 7B 22 6C  rec",0]},"3":{"l
000001D0: 73 74 22 3A 5B 22 72 65  63 22 2C 32 2C 7B 22 31  st":["rec",2,{"1
000001E0: 22 3A 7B 22 73 74 72 22  3A 22 68 74 74 70 3A 2F  ":{"str":"http:/
000001F0: 2F 73 68 6F 72 74 2D 75  72 6C 2F 4D 77 53 72 56  /short-url/MwSrV
00000200: 44 38 49 52 65 22 7D 2C  22 32 22 3A 7B 22 73 74  D8IRe"},"2":{"st
00000210: 72 22 3A 22 68 74 74 70  3A 2F 2F 59 71 42 33 43  r":"http://YqB3C
00000220: 4F 58 62 5A 62 62 76 75  33 47 4B 79 77 6C 79 38  OXbZbbvu3GKywly8
00000230: 50 62 53 6A 6D 6C 48 5A  4C 42 38 45 48 79 68 5A  PbSjmlHZLB8EHyhZ
00000240: 57 71 61 58 67 45 52 71  62 58 65 79 43 68 6B 79  WqaXgERqbXeyChky
00000250: 75 7A 35 46 50 51 4A 75  71 57 67 22 7D 7D 2C 7B  uz5FPQJuqWg"}},{
00000260: 22 31 22 3A 7B 22 73 74  72 22 3A 22 68 74 74 70  "1":{"str":"http
00000270: 3A 2F 2F 73 68 6F 72 74  2D 75 72 6C 2F 49 6A 6D  ://short-url/Ijm
00000280: 66 54 61 6D 74 56 72 22  7D 2C 22 32 22 3A 7B 22  fTamtVr"},"2":{"
00000290: 73 74 72 22 3A 22 68 74  74 70 3A 2F 2F 6D 79 30  str":"http://my0
000002A0: 35 4E 70 73 58 33 6E 34  55 76 6C 33 51 37 52 41  5NpsX3n4Uvl3Q7RA
000002B0: 6B 33 55 47 36 44 6D 46  38 4C 52 30 63 68 4F 50  k3UG6DmF8LR0chOP
000002C0: 31 52 6F 53 77 54 65 43  37 4A 6F 4E 46 56 4B 55  1RoSwTeC7JoNFVKU
000002D0: 33 71 56 74 6F 67 67 66  6D 4E 48 42 76 22 7D 7D  3qVtoggfmNHBv"}}
000002E0: 5D 7D 7D 7D 7D 5D                                 ]}}}}]
====
STREAM PID 60589.0xffff9482d7141200 (C) > 60554.0xffff9482de657e00 (S), length 616
command[60589]: b'./src/ComposePostService/ComposePostService'
command[60554]: b'./cmake-build/src/TextService/TextService'
----
00000000: 00 00 02 64 5B 31 2C 22  43 6F 6D 70 6F 73 65 54  ...d[1,"ComposeT
00000010: 65 78 74 22 2C 31 2C 30  2C 7B 22 31 22 3A 7B 22  ext",1,0,{"1":{"
00000020: 69 36 34 22 3A 36 36 39  35 33 38 38 39 31 39 37  i64":66953889197
00000030: 35 31 30 39 38 7D 2C 22  32 22 3A 7B 22 73 74 72  51098},"2":{"str
00000040: 22 3A 22 31 48 37 43 4A  6A 57 4E 73 69 57 30 72  ":"1H7CJjWNsiW0r
00000050: 4E 4F 78 4F 6C 4E 50 37  53 77 45 4A 4D 67 70 30  NOxOlNP7SwEJMgp0
00000060: 6E 4A 48 36 6A 72 52 38  78 50 74 50 75 6B 72 47  nJH6jrR8xPtPukrG
00000070: 6F 6C 30 79 4C 56 74 64  61 35 41 71 78 68 6D 32  ol0yLVtda5Aqxhm2
00000080: 6C 54 32 54 70 33 46 58  6A 56 66 4E 52 77 4D 7A  lT2Tp3FXjVfNRwMz
00000090: 6B 34 55 65 70 4B 76 43  44 42 38 6B 77 79 6E 48  k4UepKvCDB8kwynH
000000A0: 55 76 66 42 71 79 56 44  57 5A 49 51 4E 33 53 39  UvfBqyVDWZIQN3S9
000000B0: 74 6B 45 32 6C 54 7A 52  41 74 62 53 5A 6F 53 67  tkE2lTzRAtbSZoSg
000000C0: 66 62 33 66 5A 4C 78 50  4D 4C 34 6B 38 4B 37 63  fb3fZLxPML4k8K7c
000000D0: 48 52 44 49 4A 76 63 37  69 4F 65 31 42 5A 48 45  HRDIJvc7iOe1BZHE
000000E0: 59 52 79 37 36 4F 57 68  77 6D 31 70 62 4F 6A 79  YRy76OWhwm1pbOjy
000000F0: 4A 54 30 4F 79 6D 47 68  4C 4A 75 33 59 75 50 45  JT0OymGhLJu3YuPE
00000100: 5A 38 34 75 58 49 74 34  76 33 45 70 64 77 70 4E  Z84uXIt4v3EpdwpN
00000110: 30 4C 31 31 35 46 63 35  6C 6D 44 4F 55 6C 6D 46  0L115Fc5lmDOUlmF
00000120: 45 63 58 74 74 33 73 65  56 58 65 58 51 49 30 6E  EcXtt3seVXeXQI0n
00000130: 72 37 46 76 58 46 75 68  6C 63 69 4B 31 4A 44 64  r7FvXFuhlciK1JDd
00000140: 34 65 6A 20 40 75 73 65  72 6E 61 6D 65 5F 34 39  4ej @username_49
00000150: 35 20 40 75 73 65 72 6E  61 6D 65 5F 31 31 35 20  5 @username_115 
00000160: 40 75 73 65 72 6E 61 6D  65 5F 39 31 30 20 68 74  @username_910 ht
00000170: 74 70 3A 2F 2F 73 56 58  34 6B 50 4D 38 5A 72 72  tp://sVX4kPM8Zrr
00000180: 6A 6D 30 46 6C 31 70 70  4F 68 6C 76 4A 70 7A 76  jm0Fl1ppOhlvJpzv
00000190: 43 77 31 32 75 63 76 68  36 33 6A 32 69 36 34 66  Cw12ucvh63j2i64f
000001A0: 34 45 5A 38 6B 41 6D 62  79 74 72 35 37 67 39 7A  4EZ8kAmbytr57g9z
000001B0: 6E 47 7A 38 79 20 68 74  74 70 3A 2F 2F 6E 6D 32  nGz8y http://nm2
000001C0: 74 72 73 50 54 70 33 55  67 35 59 67 50 38 4E 76  trsPTp3Ug5YgP8Nv
000001D0: 61 7A 54 6F 30 57 4E 59  64 49 64 63 4A 70 65 4E  azTo0WNYdIdcJpeN
000001E0: 6D 42 48 47 73 4F 37 48  4B 4A 54 64 67 45 7A 69  mBHGsO7HKJTdgEzi
000001F0: 79 61 73 41 30 41 71 46  79 32 63 6E 6C 20 68 74  yasA0AqFy2cnl ht
00000200: 74 70 3A 2F 2F 4F 45 69  4D 57 6C 53 79 70 4E 4F  tp://OEiMWlSypNO
00000210: 39 67 41 50 34 61 59 54  76 4D 58 73 32 69 54 44  9gAP4aYTvMXs2iTD
00000220: 36 44 50 73 46 35 50 76  47 36 79 7A 61 54 41 48  6DPsF5PvG6yzaTAH
00000230: 41 66 35 73 4E 45 70 65  38 64 6B 72 68 51 56 52  Af5sNEpe8dkrhQVR
00000240: 4C 6D 71 39 46 22 7D 2C  22 33 22 3A 7B 22 6D 61  Lmq9F"},"3":{"ma
00000250: 70 22 3A 5B 22 73 74 72  22 2C 22 73 74 72 22 2C  p":["str","str",
00000260: 30 2C 7B 7D 5D 7D 7D 5D                           0,{}]}}]
====
STREAM PID 60554.0xffff9482de657e00 (S) > 60589.0xffff9482d7141200 (C), length 872
command[60554]: b'./cmake-build/src/TextService/TextService'
command[60589]: b'./src/ComposePostService/ComposePostService'
----
00000000: 00 00 03 64 5B 31 2C 22  43 6F 6D 70 6F 73 65 54  ...d[1,"ComposeT
00000010: 65 78 74 22 2C 32 2C 30  2C 7B 22 30 22 3A 7B 22  ext",2,0,{"0":{"
00000020: 72 65 63 22 3A 7B 22 31  22 3A 7B 22 73 74 72 22  rec":{"1":{"str"
00000030: 3A 22 31 48 37 43 4A 6A  57 4E 73 69 57 30 72 4E  :"1H7CJjWNsiW0rN
00000040: 4F 78 4F 6C 4E 50 37 53  77 45 4A 4D 67 70 30 6E  OxOlNP7SwEJMgp0n
00000050: 4A 48 36 6A 72 52 38 78  50 74 50 75 6B 72 47 6F  JH6jrR8xPtPukrGo
00000060: 6C 30 79 4C 56 74 64 61  35 41 71 78 68 6D 32 6C  l0yLVtda5Aqxhm2l
00000070: 54 32 54 70 33 46 58 6A  56 66 4E 52 77 4D 7A 6B  T2Tp3FXjVfNRwMzk
00000080: 34 55 65 70 4B 76 43 44  42 38 6B 77 79 6E 48 55  4UepKvCDB8kwynHU
00000090: 76 66 42 71 79 56 44 57  5A 49 51 4E 33 53 39 74  vfBqyVDWZIQN3S9t
000000A0: 6B 45 32 6C 54 7A 52 41  74 62 53 5A 6F 53 67 66  kE2lTzRAtbSZoSgf
000000B0: 62 33 66 5A 4C 78 50 4D  4C 34 6B 38 4B 37 63 48  b3fZLxPML4k8K7cH
000000C0: 52 44 49 4A 76 63 37 69  4F 65 31 42 5A 48 45 59  RDIJvc7iOe1BZHEY
000000D0: 52 79 37 36 4F 57 68 77  6D 31 70 62 4F 6A 79 4A  Ry76OWhwm1pbOjyJ
000000E0: 54 30 4F 79 6D 47 68 4C  4A 75 33 59 75 50 45 5A  T0OymGhLJu3YuPEZ
000000F0: 38 34 75 58 49 74 34 76  33 45 70 64 77 70 4E 30  84uXIt4v3EpdwpN0
00000100: 4C 31 31 35 46 63 35 6C  6D 44 4F 55 6C 6D 46 45  L115Fc5lmDOUlmFE
00000110: 63 58 74 74 33 73 65 56  58 65 58 51 49 30 6E 72  cXtt3seVXeXQI0nr
00000120: 37 46 76 58 46 75 68 6C  63 69 4B 31 4A 44 64 34  7FvXFuhlciK1JDd4
00000130: 65 6A 20 40 75 73 65 72  6E 61 6D 65 5F 34 39 35  ej @username_495
00000140: 20 40 75 73 65 72 6E 61  6D 65 5F 31 31 35 20 40   @username_115 @
00000150: 75 73 65 72 6E 61 6D 65  5F 39 31 30 20 68 74 74  username_910 htt
00000160: 70 3A 2F 2F 73 68 6F 72  74 2D 75 72 6C 2F 4C 30  p://short-url/L0
00000170: 7A 56 61 57 44 5A 34 54  20 68 74 74 70 3A 2F 2F  zVaWDZ4T http://
00000180: 73 68 6F 72 74 2D 75 72  6C 2F 61 52 39 6A 69 31  short-url/aR9ji1
00000190: 49 77 67 6F 20 68 74 74  70 3A 2F 2F 73 68 6F 72  Iwgo http://shor
000001A0: 74 2D 75 72 6C 2F 4A 4B  55 48 37 43 68 4B 38 57  t-url/JKUH7ChK8W
000001B0: 22 7D 2C 22 32 22 3A 7B  22 6C 73 74 22 3A 5B 22  "},"2":{"lst":["
000001C0: 72 65 63 22 2C 30 5D 7D  2C 22 33 22 3A 7B 22 6C  rec",0]},"3":{"l
000001D0: 73 74 22 3A 5B 22 72 65  63 22 2C 33 2C 7B 22 31  st":["rec",3,{"1
000001E0: 22 3A 7B 22 73 74 72 22  3A 22 68 74 74 70 3A 2F  ":{"str":"http:/
000001F0: 2F 73 68 6F 72 74 2D 75  72 6C 2F 4C 30 7A 56 61  /short-url/L0zVa
00000200: 57 44 5A 34 54 22 7D 2C  22 32 22 3A 7B 22 73 74  WDZ4T"},"2":{"st
00000210: 72 22 3A 22 68 74 74 70  3A 2F 2F 73 56 58 34 6B  r":"http://sVX4k
00000220: 50 4D 38 5A 72 72 6A 6D  30 46 6C 31 70 70 4F 68  PM8Zrrjm0Fl1ppOh
00000230: 6C 76 4A 70 7A 76 43 77  31 32 75 63 76 68 36 33  lvJpzvCw12ucvh63
00000240: 6A 32 69 36 34 66 34 45  5A 38 6B 41 6D 62 79 74  j2i64f4EZ8kAmbyt
00000250: 72 35 37 67 39 7A 6E 47  7A 38 79 22 7D 7D 2C 7B  r57g9znGz8y"}},{
00000260: 22 31 22 3A 7B 22 73 74  72 22 3A 22 68 74 74 70  "1":{"str":"http
00000270: 3A 2F 2F 73 68 6F 72 74  2D 75 72 6C 2F 61 52 39  ://short-url/aR9
00000280: 6A 69 31 49 77 67 6F 22  7D 2C 22 32 22 3A 7B 22  ji1Iwgo"},"2":{"
00000290: 73 74 72 22 3A 22 68 74  74 70 3A 2F 2F 6E 6D 32  str":"http://nm2
000002A0: 74 72 73 50 54 70 33 55  67 35 59 67 50 38 4E 76  trsPTp3Ug5YgP8Nv
000002B0: 61 7A 54 6F 30 57 4E 59  64 49 64 63 4A 70 65 4E  azTo0WNYdIdcJpeN
000002C0: 6D 42 48 47 73 4F 37 48  4B 4A 54 64 67 45 7A 69  mBHGsO7HKJTdgEzi
000002D0: 79 61 73 41 30 41 71 46  79 32 63 6E 6C 22 7D 7D  yasA0AqFy2cnl"}}
000002E0: 2C 7B 22 31 22 3A 7B 22  73 74 72 22 3A 22 68 74  ,{"1":{"str":"ht
000002F0: 74 70 3A 2F 2F 73 68 6F  72 74 2D 75 72 6C 2F 4A  tp://short-url/J
00000300: 4B 55 48 37 43 68 4B 38  57 22 7D 2C 22 32 22 3A  KUH7ChK8W"},"2":
00000310: 7B 22 73 74 72 22 3A 22  68 74 74 70 3A 2F 2F 4F  {"str":"http://O
00000320: 45 69 4D 57 6C 53 79 70  4E 4F 39 67 41 50 34 61  EiMWlSypNO9gAP4a
00000330: 59 54 76 4D 58 73 32 69  54 44 36 44 50 73 46 35  YTvMXs2iTD6DPsF5
00000340: 50 76 47 36 79 7A 61 54  41 48 41 66 35 73 4E 45  PvG6yzaTAHAf5sNE
00000350: 70 65 38 64 6B 72 68 51  56 52 4C 6D 71 39 46 22  pe8dkrhQVRLmq9F"
00000360: 7D 7D 5D 7D 7D 7D 7D 5D                           }}]}}}}]
====
STREAM PID 60589.0xffff9482d7141200 (C) > 60554.0xffff9482de657e00 (S), length 430
command[60589]: b'./src/ComposePostService/ComposePostService'
command[60554]: b'./cmake-build/src/TextService/TextService'
----
00000000: 00 00 01 AA 5B 31 2C 22  43 6F 6D 70 6F 73 65 54  ....[1,"ComposeT
00000010: 65 78 74 22 2C 31 2C 30  2C 7B 22 31 22 3A 7B 22  ext",1,0,{"1":{"
00000020: 69 36 34 22 3A 32 35 32  37 31 31 38 37 35 38 38  i64":25271187588
00000030: 31 33 35 34 31 34 34 7D  2C 22 32 22 3A 7B 22 73  1354144},"2":{"s
00000040: 74 72 22 3A 22 33 58 71  4A 78 38 78 45 46 72 6B  tr":"3XqJx8xEFrk
00000050: 38 33 37 36 6B 75 4C 69  68 77 46 45 41 6C 39 53  8376kuLihwFEAl9S
00000060: 6A 6A 51 6F 58 4B 6F 69  49 65 4C 36 37 53 6D 41  jjQoXKoiIeL67SmA
00000070: 48 4F 36 30 38 4F 6C 4A  44 30 68 36 51 6D 30 43  HO608OlJD0h6Qm0C
00000080: 77 43 31 43 58 57 51 66  61 44 4E 6A 33 56 35 4A  wC1CXWQfaDNj3V5J
00000090: 6C 53 43 53 58 76 71 66  46 31 69 30 38 6C 44 74  lSCSXvqfF1i08lDt
000000A0: 58 63 34 43 78 32 6F 4D  53 35 51 6A 73 74 63 6E  Xc4Cx2oMS5Qjstcn
000000B0: 6F 75 4B 55 65 46 4A 46  74 34 58 48 32 72 4D 74  ouKUeFJFt4XH2rMt
000000C0: 64 57 52 6E 61 58 47 6E  4B 37 31 6F 4A 51 72 58  dWRnaXGnK71oJQrX
000000D0: 44 50 7A 52 6A 6A 64 66  61 6B 67 62 44 52 63 46  DPzRjjdfakgbDRcF
000000E0: 37 52 4E 61 74 6D 43 4C  68 52 54 69 61 45 69 37  7RNatmCLhRTiaEi7
000000F0: 64 52 32 57 6B 31 79 41  4E 6F 59 32 53 55 47 79  dR2Wk1yANoY2SUGy
00000100: 69 53 4A 31 4C 30 4E 4B  75 6D 31 48 63 50 44 76  iSJ1L0NKum1HcPDv
00000110: 62 46 4F 6C 41 71 38 73  72 79 78 53 64 62 54 5A  bFOlAq8sryxSdbTZ
00000120: 37 61 51 58 67 66 54 63  72 33 7A 61 30 37 56 67  7aQXgfTcr3za07Vg
00000130: 48 49 7A 4B 66 39 4E 75  31 71 4D 37 37 4A 5A 6C  HIzKf9Nu1qM77JZl
00000140: 36 4A 41 47 39 20 40 75  73 65 72 6E 61 6D 65 5F  6JAG9 @username_
00000150: 36 38 30 20 40 75 73 65  72 6E 61 6D 65 5F 36 31  680 @username_61
00000160: 33 20 40 75 73 65 72 6E  61 6D 65 5F 31 36 37 20  3 @username_167 
00000170: 40 75 73 65 72 6E 61 6D  65 5F 32 37 38 20 40 75  @username_278 @u
00000180: 73 65 72 6E 61 6D 65 5F  35 36 32 22 7D 2C 22 33  sername_562"},"3
00000190: 22 3A 7B 22 6D 61 70 22  3A 5B 22 73 74 72 22 2C  ":{"map":["str",
000001A0: 22 73 74 72 22 2C 30 2C  7B 7D 5D 7D 7D 5D        "str",0,{}]}}]
====
STREAM PID 60554.0xffff9482de657e00 (S) > 60589.0xffff9482d7141200 (C), length 426
command[60554]: b'./cmake-build/src/TextService/TextService'
command[60589]: b'./src/ComposePostService/ComposePostService'
----
00000000: 00 00 01 A6 5B 31 2C 22  43 6F 6D 70 6F 73 65 54  ....[1,"ComposeT
00000010: 65 78 74 22 2C 32 2C 30  2C 7B 22 30 22 3A 7B 22  ext",2,0,{"0":{"
00000020: 72 65 63 22 3A 7B 22 31  22 3A 7B 22 73 74 72 22  rec":{"1":{"str"
00000030: 3A 22 33 58 71 4A 78 38  78 45 46 72 6B 38 33 37  :"3XqJx8xEFrk837
00000040: 36 6B 75 4C 69 68 77 46  45 41 6C 39 53 6A 6A 51  6kuLihwFEAl9SjjQ
00000050: 6F 58 4B 6F 69 49 65 4C  36 37 53 6D 41 48 4F 36  oXKoiIeL67SmAHO6
00000060: 30 38 4F 6C 4A 44 30 68  36 51 6D 30 43 77 43 31  08OlJD0h6Qm0CwC1
00000070: 43 58 57 51 66 61 44 4E  6A 33 56 35 4A 6C 53 43  CXWQfaDNj3V5JlSC
00000080: 53 58 76 71 66 46 31 69  30 38 6C 44 74 58 63 34  SXvqfF1i08lDtXc4
00000090: 43 78 32 6F 4D 53 35 51  6A 73 74 63 6E 6F 75 4B  Cx2oMS5QjstcnouK
000000A0: 55 65 46 4A 46 74 34 58  48 32 72 4D 74 64 57 52  UeFJFt4XH2rMtdWR
000000B0: 6E 61 58 47 6E 4B 37 31  6F 4A 51 72 58 44 50 7A  naXGnK71oJQrXDPz
000000C0: 52 6A 6A 64 66 61 6B 67  62 44 52 63 46 37 52 4E  RjjdfakgbDRcF7RN
000000D0: 61 74 6D 43 4C 68 52 54  69 61 45 69 37 64 52 32  atmCLhRTiaEi7dR2
000000E0: 57 6B 31 79 41 4E 6F 59  32 53 55 47 79 69 53 4A  Wk1yANoY2SUGyiSJ
000000F0: 31 4C 30 4E 4B 75 6D 31  48 63 50 44 76 62 46 4F  1L0NKum1HcPDvbFO
00000100: 6C 41 71 38 73 72 79 78  53 64 62 54 5A 37 61 51  lAq8sryxSdbTZ7aQ
00000110: 58 67 66 54 63 72 33 7A  61 30 37 56 67 48 49 7A  XgfTcr3za07VgHIz
00000120: 4B 66 39 4E 75 31 71 4D  37 37 4A 5A 6C 36 4A 41  Kf9Nu1qM77JZl6JA
00000130: 47 39 20 40 75 73 65 72  6E 61 6D 65 5F 36 38 30  G9 @username_680
00000140: 20 40 75 73 65 72 6E 61  6D 65 5F 36 31 33 20 40   @username_613 @
00000150: 75 73 65 72 6E 61 6D 65  5F 31 36 37 20 40 75 73  username_167 @us
00000160: 65 72 6E 61 6D 65 5F 32  37 38 20 40 75 73 65 72  ername_278 @user
00000170: 6E 61 6D 65 5F 35 36 32  22 7D 2C 22 32 22 3A 7B  name_562"},"2":{
00000180: 22 6C 73 74 22 3A 5B 22  72 65 63 22 2C 30 5D 7D  "lst":["rec",0]}
00000190: 2C 22 33 22 3A 7B 22 6C  73 74 22 3A 5B 22 72 65  ,"3":{"lst":["re
000001A0: 63 22 2C 30 5D 7D 7D 7D  7D 5D                    c",0]}}}}]
====
STREAM PID 60589.0xffff9482d7141200 (C) > 60554.0xffff9482de657e00 (S), length 648
command[60589]: b'./src/ComposePostService/ComposePostService'
command[60554]: b'./cmake-build/src/TextService/TextService'
----
00000000: 00 00 02 84 5B 31 2C 22  43 6F 6D 70 6F 73 65 54  ....[1,"ComposeT
00000010: 65 78 74 22 2C 31 2C 30  2C 7B 22 31 22 3A 7B 22  ext",1,0,{"1":{"
00000020: 69 36 34 22 3A 37 33 35  39 35 33 35 37 38 34 34  i64":73595357844
00000030: 39 38 38 32 33 36 38 7D  2C 22 32 22 3A 7B 22 73  9882368},"2":{"s
00000040: 74 72 22 3A 22 43 39 74  6A 33 4E 6A 4B 77 46 47  tr":"C9tj3NjKwFG
00000050: 4F 4D 70 6A 4B 78 4B 4E  6C 30 4E 31 72 4F 38 38  OMpjKxKNl0N1rO88
00000060: 63 45 7A 64 59 51 38 6B  67 36 69 4F 6E 72 36 6A  cEzdYQ8kg6iOnr6j
00000070: 62 63 33 69 72 79 6F 71  6C 68 52 56 59 58 4E 4A  bc3iryoqlhRVYXNJ
00000080: 4D 74 6D 5A 56 42 46 58  31 49 30 38 64 72 42 62  MtmZVBFX1I08drBb
00000090: 6E 6A 45 61 4A 4B 6B 70  74 51 56 4B 32 6C 4A 41  njEaJKkptQVK2lJA
000000A0: 42 4B 36 6E 30 39 30 43  4F 49 70 49 73 52 30 62  BK6n090COIpIsR0b
000000B0: 6A 47 4F 52 78 55 59 68  54 66 4E 34 65 79 57 6D  jGORxUYhTfN4eyWm
000000C0: 30 62 33 50 59 57 76 78  6A 58 68 6E 71 75 70 4F  0b3PYWvxjXhnqupO
000000D0: 70 6A 45 36 51 44 72 35  63 30 67 73 34 7A 32 45  pjE6QDr5c0gs4z2E
000000E0: 31 34 50 6E 4D 70 68 4B  44 43 38 6C 6D 6E 65 53  14PnMphKDC8lmneS
000000F0: 35 38 46 44 6A 77 55 31  63 36 4D 56 59 36 62 4E  58FDjwU1c6MVY6bN
00000100: 4A 45 6F 4C 67 64 6E 55  45 53 37 35 41 74 6B 34  JEoLgdnUES75Atk4
00000110: 79 45 36 78 4C 67 30 62  48 5A 71 55 73 75 45 75  yE6xLg0bHZqUsuEu
00000120: 38 71 56 67 35 50 51 67  7A 44 61 59 68 70 61 69  8qVg5PQgzDaYhpai
00000130: 57 39 35 4C 6D 49 31 41  37 68 4F 51 65 67 41 4C  W95LmI1A7hOQegAL
00000140: 65 77 4A 44 53 20 68 74  74 70 3A 2F 2F 49 50 45  ewJDS http://IPE
00000150: 62 37 73 73 6F 4C 36 63  4C 36 6A 54 58 38 6A 79  b7ssoL6cL6jTX8jy
00000160: 52 62 4F 45 74 45 37 62  36 38 52 4E 46 72 6C 69  RbOEtE7b68RNFrli
00000170: 74 34 48 77 76 39 30 4D  44 59 69 6E 54 64 49 39  t4Hwv90MDYinTdI9
00000180: 67 30 5A 43 72 58 52 46  5A 30 51 76 52 20 68 74  g0ZCrXRFZ0QvR ht
00000190: 74 70 3A 2F 2F 72 54 34  6A 50 71 47 7A 52 49 77  tp://rT4jPqGzRIw
000001A0: 52 72 76 4F 4D 39 4E 33  7A 6C 39 49 74 4B 6D 6C  RrvOM9N3zl9ItKml
000001B0: 6F 6E 63 57 66 56 55 63  78 5A 7A 32 48 6A 47 53  oncWfVUcxZz2HjGS
000001C0: 56 4C 38 33 7A 33 4C 4F  7A 35 33 76 6F 4F 36 71  VL83z3LOz53voO6q
000001D0: 47 50 6C 54 32 20 68 74  74 70 3A 2F 2F 6D 4B 56  GPlT2 http://mKV
000001E0: 54 49 41 4F 67 63 4A 46  34 43 4D 41 4B 4F 65 7A  TIAOgcJF4CMAKOez
000001F0: 59 30 30 4F 54 4E 42 30  6F 4C 61 75 50 4C 6B 45  Y00OTNB0oLauPLkE
00000200: 66 54 61 7A 34 6E 44 4D  52 4F 75 70 48 42 52 7A  fTaz4nDMROupHBRz
00000210: 77 47 4A 32 4B 43 65 31  7A 6D 6E 46 59 20 68 74  wGJ2KCe1zmnFY ht
00000220: 74 70 3A 2F 2F 6E 57 4D  6F 52 55 37 70 7A 37 67  tp://nWMoRU7pz7g
00000230: 71 4D 31 4E 31 4A 73 37  75 64 44 30 58 32 65 54  qM1N1Js7udD0X2eT
00000240: 62 45 71 64 58 49 4E 44  45 6D 66 70 6B 59 4C 55  bEqdXINDEmfpkYLU
00000250: 4B 35 79 31 78 4C 6B 6C  47 61 4B 78 75 39 57 46  K5y1xLklGaKxu9WF
00000260: 4D 6F 72 58 45 22 7D 2C  22 33 22 3A 7B 22 6D 61  MorXE"},"3":{"ma
00000270: 70 22 3A 5B 22 73 74 72  22 2C 22 73 74 72 22 2C  p":["str","str",
00000280: 30 2C 7B 7D 5D 7D 7D 5D                           0,{}]}}]
====
STREAM PID 60554.0xffff9482de657e00 (S) > 60589.0xffff9482d7141200 (C), length 988
command[60554]: b'./cmake-build/src/TextService/TextService'
command[60589]: b'./src/ComposePostService/ComposePostService'
----
00000000: 00 00 03 D8 5B 31 2C 22  43 6F 6D 70 6F 73 65 54  ....[1,"ComposeT
00000010: 65 78 74 22 2C 32 2C 30  2C 7B 22 30 22 3A 7B 22  ext",2,0,{"0":{"
00000020: 72 65 63 22 3A 7B 22 31  22 3A 7B 22 73 74 72 22  rec":{"1":{"str"
00000030: 3A 22 43 39 74 6A 33 4E  6A 4B 77 46 47 4F 4D 70  :"C9tj3NjKwFGOMp
00000040: 6A 4B 78 4B 4E 6C 30 4E  31 72 4F 38 38 63 45 7A  jKxKNl0N1rO88cEz
00000050: 64 59 51 38 6B 67 36 69  4F 6E 72 36 6A 62 63 33  dYQ8kg6iOnr6jbc3
00000060: 69 72 79 6F 71 6C 68 52  56 59 58 4E 4A 4D 74 6D  iryoqlhRVYXNJMtm
00000070: 5A 56 42 46 58 31 49 30  38 64 72 42 62 6E 6A 45  ZVBFX1I08drBbnjE
00000080: 61 4A 4B 6B 70 74 51 56  4B 32 6C 4A 41 42 4B 36  aJKkptQVK2lJABK6
00000090: 6E 30 39 30 43 4F 49 70  49 73 52 30 62 6A 47 4F  n090COIpIsR0bjGO
000000A0: 52 78 55 59 68 54 66 4E  34 65 79 57 6D 30 62 33  RxUYhTfN4eyWm0b3
000000B0: 50 59 57 76 78 6A 58 68  6E 71 75 70 4F 70 6A 45  PYWvxjXhnqupOpjE
000000C0: 36 51 44 72 35 63 30 67  73 34 7A 32 45 31 34 50  6QDr5c0gs4z2E14P
000000D0: 6E 4D 70 68 4B 44 43 38  6C 6D 6E 65 53 35 38 46  nMphKDC8lmneS58F
000000E0: 44 6A 77 55 31 63 36 4D  56 59 36 62 4E 4A 45 6F  DjwU1c6MVY6bNJEo
000000F0: 4C 67 64 6E 55 45 53 37  35 41 74 6B 34 79 45 36  LgdnUES75Atk4yE6
00000100: 78 4C 67 30 62 48 5A 71  55 73 75 45 75 38 71 56  xLg0bHZqUsuEu8qV
00000110: 67 35 50 51 67 7A 44 61  59 68 70 61 69 57 39 35  g5PQgzDaYhpaiW95
00000120: 4C 6D 49 31 41 37 68 4F  51 65 67 41 4C 65 77 4A  LmI1A7hOQegALewJ
00000130: 44 53 20 68 74 74 70 3A  2F 2F 73 68 6F 72 74 2D  DS http://short-
00000140: 75 72 6C 2F 76 6E 68 33  4D 75 48 75 32 77 20 68  url/vnh3MuHu2w h
00000150: 74 74 70 3A 2F 2F 73 68  6F 72 74 2D 75 72 6C 2F  ttp://short-url/
00000160: 41 71 38 67 4C 7A 54 79  39 30 20 68 74 74 70 3A  Aq8gLzTy90 http:
00000170: 2F 2F 73 68 6F 72 74 2D  75 72 6C 2F 6A 62 52 49  //short-url/jbRI
00000180: 48 61 4B 57 57 33 20 68  74 74 70 3A 2F 2F 73 68  HaKWW3 http://sh
00000190: 6F 72 74 2D 75 72 6C 2F  63 68 5A 79 64 6E 48 74  ort-url/chZydnHt
000001A0: 41 6B 22 7D 2C 22 32 22  3A 7B 22 6C 73 74 22 3A  Ak"},"2":{"lst":
000001B0: 5B 22 72 65 63 22 2C 30  5D 7D 2C 22 33 22 3A 7B  ["rec",0]},"3":{
000001C0: 22 6C 73 74 22 3A 5B 22  72 65 63 22 2C 34 2C 7B  "lst":["rec",4,{
000001D0: 22 31 22 3A 7B 22 73 74  72 22 3A 22 68 74 74 70  "1":{"str":"http
000001E0: 3A 2F 2F 73 68 6F 72 74  2D 75 72 6C 2F 76 6E 68  ://short-url/vnh
000001F0: 33 4D 75 48 75 32 77 22  7D 2C 22 32 22 3A 7B 22  3MuHu2w"},"2":{"
00000200: 73 74 72 22 3A 22 68 74  74 70 3A 2F 2F 49 50 45  str":"http://IPE
00000210: 62 37 73 73 6F 4C 36 63  4C 36 6A 54 58 38 6A 79  b7ssoL6cL6jTX8jy
00000220: 52 62 4F 45 74 45 37 62  36 38 52 4E 46 72 6C 69  RbOEtE7b68RNFrli
00000230: 74 34 48 77 76 39 30 4D  44 59 69 6E 54 64 49 39  t4Hwv90MDYinTdI9
00000240: 67 30 5A 43 72 58 52 46  5A 30 51 76 52 22 7D 7D  g0ZCrXRFZ0QvR"}}
00000250: 2C 7B 22 31 22 3A 7B 22  73 74 72 22 3A 22 68 74  ,{"1":{"str":"ht
00000260: 74 70 3A 2F 2F 73 68 6F  72 74 2D 75 72 6C 2F 41  tp://short-url/A
00000270: 71 38 67 4C 7A 54 79 39  30 22 7D 2C 22 32 22 3A  q8gLzTy90"},"2":
00000280: 7B 22 73 74 72 22 3A 22  68 74 74 70 3A 2F 2F 72  {"str":"http://r
00000290: 54 34 6A 50 71 47 7A 52  49 77 52 72 76 4F 4D 39  T4jPqGzRIwRrvOM9
000002A0: 4E 33 7A 6C 39 49 74 4B  6D 6C 6F 6E 63 57 66 56  N3zl9ItKmloncWfV
000002B0: 55 63 78 5A 7A 32 48 6A  47 53 56 4C 38 33 7A 33  UcxZz2HjGSVL83z3
000002C0: 4C 4F 7A 35 33 76 6F 4F  36 71 47 50 6C 54 32 22  LOz53voO6qGPlT2"
000002D0: 7D 7D 2C 7B 22 31 22 3A  7B 22 73 74 72 22 3A 22  }},{"1":{"str":"
000002E0: 68 74 74 70 3A 2F 2F 73  68 6F 72 74 2D 75 72 6C  http://short-url
000002F0: 2F 6A 62 52 49 48 61 4B  57 57 33 22 7D 2C 22 32  /jbRIHaKWW3"},"2
00000300: 22 3A 7B 22 73 74 72 22  3A 22 68 74 74 70 3A 2F  ":{"str":"http:/
00000310: 2F 6D 4B 56 54 49 41 4F  67 63 4A 46 34 43 4D 41  /mKVTIAOgcJF4CMA
00000320: 4B 4F 65 7A 59 30 30 4F  54 4E 42 30 6F 4C 61 75  KOezY00OTNB0oLau
00000330: 50 4C 6B 45 66 54 61 7A  34 6E 44 4D 52 4F 75 70  PLkEfTaz4nDMROup
00000340: 48 42 52 7A 77 47 4A 32  4B 43 65 31 7A 6D 6E 46  HBRzwGJ2KCe1zmnF
00000350: 59 22 7D 7D 2C 7B 22 31  22 3A 7B 22 73 74 72 22  Y"}},{"1":{"str"
00000360: 3A 22 68 74 74 70 3A 2F  2F 73 68 6F 72 74 2D 75  :"http://short-u
00000370: 72 6C 2F 63 68 5A 79 64  6E 48 74 41 6B 22 7D 2C  rl/chZydnHtAk"},
00000380: 22 32 22 3A 7B 22 73 74  72 22 3A 22 68 74 74 70  "2":{"str":"http
00000390: 3A 2F 2F 6E 57 4D 6F 52  55 37 70 7A 37 67 71 4D  ://nWMoRU7pz7gqM
000003A0: 31 4E 31 4A 73 37 75 64  44 30 58 32 65 54 62 45  1N1Js7udD0X2eTbE
000003B0: 71 64 58 49 4E 44 45 6D  66 70 6B 59 4C 55 4B 35  qdXINDEmfpkYLUK5
000003C0: 79 31 78 4C 6B 6C 47 61  4B 78 75 39 57 46 4D 6F  y1xLklGaKxu9WFMo
000003D0: 72 58 45 22 7D 7D 5D 7D  7D 7D 7D 5D              rXE"}}]}}}}]
====
STREAM PID 60589.0xffff9482d7141200 (C) > 60554.0xffff9482de657e00 (S), length 775
command[60589]: b'./src/ComposePostService/ComposePostService'
command[60554]: b'./cmake-build/src/TextService/TextService'
----
00000000: 00 00 03 03 5B 31 2C 22  43 6F 6D 70 6F 73 65 54  ....[1,"ComposeT
00000010: 65 78 74 22 2C 31 2C 30  2C 7B 22 31 22 3A 7B 22  ext",1,0,{"1":{"
00000020: 69 36 34 22 3A 38 34 32  34 38 37 33 36 30 39 38  i64":84248736098
00000030: 34 36 38 36 34 36 34 7D  2C 22 32 22 3A 7B 22 73  4686464},"2":{"s
00000040: 74 72 22 3A 22 70 6A 32  6E 30 74 72 4F 39 44 56  tr":"pj2n0trO9DV
00000050: 30 6E 76 56 33 76 6D 71  35 4B 67 35 6E 46 39 65  0nvV3vmq5Kg5nF9e
00000060: 73 31 53 6A 7A 37 63 64  4F 37 61 58 49 45 37 57  s1Sjz7cdO7aXIE7W
00000070: 37 72 35 66 4C 61 57 79  74 4E 63 42 53 34 76 71  7r5fLaWytNcBS4vq
00000080: 4E 34 63 54 4F 38 44 72  54 6B 52 44 44 54 76 35  N4cTO8DrTkRDDTv5
00000090: 6E 42 66 48 6D 44 39 74  68 67 43 6E 32 7A 65 64  nBfHmD9thgCn2zed
000000A0: 6F 31 72 4D 34 53 61 73  66 61 41 75 30 55 30 63  o1rM4SasfaAu0U0c
000000B0: 4B 74 46 30 53 4D 34 79  56 76 38 48 33 30 35 68  KtF0SM4yVv8H305h
000000C0: 35 6F 77 4F 4B 44 30 50  57 4A 58 32 56 77 36 6D  5owOKD0PWJX2Vw6m
000000D0: 43 30 6C 68 49 7A 70 62  31 36 61 49 4D 65 4A 58  C0lhIzpb16aIMeJX
000000E0: 68 4C 5A 6B 74 33 78 56  48 39 54 62 61 56 66 6D  hLZkt3xVH9TbaVfm
000000F0: 65 36 36 49 38 46 34 68  51 45 43 46 36 54 57 56  e66I8F4hQECF6TWV
00000100: 31 38 7A 66 33 68 50 65  77 46 73 6A 7A 61 70 5A  18zf3hPewFsjzapZ
00000110: 31 72 76 4F 4A 61 53 79  73 62 35 6A 45 72 4B 69  1rvOJaSysb5jErKi
00000120: 44 6B 75 66 7A 62 62 38  5A 55 6B 58 6C 48 50 6E  Dkufzbb8ZUkXlHPn
00000130: 50 38 49 38 74 56 52 7A  73 33 76 6E 78 33 73 51  P8I8tVRzs3vnx3sQ
00000140: 51 70 32 45 67 20 40 75  73 65 72 6E 61 6D 65 5F  Qp2Eg @username_
00000150: 38 35 31 20 40 75 73 65  72 6E 61 6D 65 5F 32 30  851 @username_20
00000160: 39 20 40 75 73 65 72 6E  61 6D 65 5F 31 39 20 40  9 @username_19 @
00000170: 75 73 65 72 6E 61 6D 65  5F 33 32 31 20 68 74 74  username_321 htt
00000180: 70 3A 2F 2F 4E 57 78 77  68 56 36 54 51 59 78 6A  p://NWxwhV6TQYxj
00000190: 55 58 7A 59 76 30 48 77  73 75 66 39 67 6E 63 73  UXzYv0Hwsuf9gncs
000001A0: 4F 31 4F 70 59 68 68 45  65 62 31 57 65 6C 61 6A  O1OpYhhEeb1Welaj
000001B0: 44 31 35 6E 47 37 4A 56  7A 33 73 61 78 74 55 4C  D15nG7JVz3saxtUL
000001C0: 51 67 68 41 20 68 74 74  70 3A 2F 2F 4C 58 6E 68  QghA http://LXnh
000001D0: 61 52 45 6F 59 6B 41 57  6E 42 66 47 68 35 46 7A  aREoYkAWnBfGh5Fz
000001E0: 4B 47 36 32 65 61 68 32  33 69 31 32 35 4F 54 74  KG62eah23i125OTt
000001F0: 53 6A 5A 42 6F 57 44 6F  4E 4E 73 73 31 41 5A 31  SjZBoWDoNNss1AZ1
00000200: 56 53 61 4F 42 42 65 69  6E 41 78 49 20 68 74 74  VSaOBBeinAxI htt
00000210: 70 3A 2F 2F 61 63 78 57  6D 44 72 52 56 55 59 54  p://acxWmDrRVUYT
00000220: 65 42 4D 38 7A 41 57 79  45 45 44 64 69 5A 47 41  eBM8zAWyEEDdiZGA
00000230: 44 33 62 66 58 67 41 53  39 43 4F 56 57 49 65 4E  D3bfXgAS9COVWIeN
00000240: 78 68 53 5A 45 71 44 73  33 69 6C 6C 31 4B 52 6F  xhSZEqDs3ill1KRo
00000250: 67 38 4C 33 20 68 74 74  70 3A 2F 2F 79 6E 57 7A  g8L3 http://ynWz
00000260: 76 6F 6E 7A 76 69 6E 52  67 33 71 71 6C 79 36 65  vonzvinRg3qqly6e
00000270: 4F 67 79 51 49 48 44 43  6A 44 53 66 31 67 65 4F  OgyQIHDCjDSf1geO
00000280: 6C 69 53 44 7A 79 65 68  57 74 55 32 47 4D 46 67  liSDzyehWtU2GMFg
00000290: 53 4D 4C 55 47 4A 56 41  54 41 42 74 20 68 74 74  SMLUGJVATABt htt
000002A0: 70 3A 2F 2F 5A 6F 61 6C  38 66 56 7A 37 4B 70 44  p://Zoal8fVz7KpD
000002B0: 51 37 42 30 56 4E 45 6B  4B 52 4F 51 53 59 32 46  Q7B0VNEkKROQSY2F
000002C0: 71 58 74 46 6B 6E 76 32  41 6B 7A 56 35 54 47 36  qXtFknv2AkzV5TG6
000002D0: 54 32 49 48 32 35 75 65  37 73 76 7A 58 74 45 6F  T2IH25ue7svzXtEo
000002E0: 65 70 35 36 22 7D 2C 22  33 22 3A 7B 22 6D 61 70  ep56"},"3":{"map
000002F0: 22 3A 5B 22 73 74 72 22  2C 22 73 74 72 22 2C 30  ":["str","str",0
00000300: 2C 7B 7D 5D 7D 7D 5D                              ,{}]}}]
====
STREAM PID 60554.0xffff9482de657e00 (S) > 60589.0xffff9482d7141200 (C), length 1201
command[60554]: b'./cmake-build/src/TextService/TextService'
command[60589]: b'./src/ComposePostService/ComposePostService'
----
00000000: 00 00 04 AD 5B 31 2C 22  43 6F 6D 70 6F 73 65 54  ....[1,"ComposeT
00000010: 65 78 74 22 2C 32 2C 30  2C 7B 22 30 22 3A 7B 22  ext",2,0,{"0":{"
00000020: 72 65 63 22 3A 7B 22 31  22 3A 7B 22 73 74 72 22  rec":{"1":{"str"
00000030: 3A 22 70 6A 32 6E 30 74  72 4F 39 44 56 30 6E 76  :"pj2n0trO9DV0nv
00000040: 56 33 76 6D 71 35 4B 67  35 6E 46 39 65 73 31 53  V3vmq5Kg5nF9es1S
00000050: 6A 7A 37 63 64 4F 37 61  58 49 45 37 57 37 72 35  jz7cdO7aXIE7W7r5
00000060: 66 4C 61 57 79 74 4E 63  42 53 34 76 71 4E 34 63  fLaWytNcBS4vqN4c
00000070: 54 4F 38 44 72 54 6B 52  44 44 54 76 35 6E 42 66  TO8DrTkRDDTv5nBf
00000080: 48 6D 44 39 74 68 67 43  6E 32 7A 65 64 6F 31 72  HmD9thgCn2zedo1r
00000090: 4D 34 53 61 73 66 61 41  75 30 55 30 63 4B 74 46  M4SasfaAu0U0cKtF
000000A0: 30 53 4D 34 79 56 76 38  48 33 30 35 68 35 6F 77  0SM4yVv8H305h5ow
000000B0: 4F 4B 44 30 50 57 4A 58  32 56 77 36 6D 43 30 6C  OKD0PWJX2Vw6mC0l
000000C0: 68 49 7A 70 62 31 36 61  49 4D 65 4A 58 68 4C 5A  hIzpb16aIMeJXhLZ
000000D0: 6B 74 33 78 56 48 39 54  62 61 56 66 6D 65 36 36  kt3xVH9TbaVfme66
000000E0: 49 38 46 34 68 51 45 43  46 36 54 57 56 31 38 7A  I8F4hQECF6TWV18z
000000F0: 66 33 68 50 65 77 46 73  6A 7A 61 70 5A 31 72 76  f3hPewFsjzapZ1rv
00000100: 4F 4A 61 53 79 73 62 35  6A 45 72 4B 69 44 6B 75  OJaSysb5jErKiDku
00000110: 66 7A 62 62 38 5A 55 6B  58 6C 48 50 6E 50 38 49  fzbb8ZUkXlHPnP8I
00000120: 38 74 56 52 7A 73 33 76  6E 78 33 73 51 51 70 32  8tVRzs3vnx3sQQp2
00000130: 45 67 20 40 75 73 65 72  6E 61 6D 65 5F 38 35 31  Eg @username_851
00000140: 20 40 75 73 65 72 6E 61  6D 65 5F 32 30 39 20 40   @username_209 @
00000150: 75 73 65 72 6E 61 6D 65  5F 31 39 20 40 75 73 65  username_19 @use
00000160: 72 6E 61 6D 65 5F 33 32  31 20 68 74 74 70 3A 2F  rname_321 http:/
00000170: 2F 73 68 6F 72 74 2D 75  72 6C 2F 77 79 66 5A 65  /short-url/wyfZe
00000180: 4C 32 77 32 50 20 68 74  74 70 3A 2F 2F 73 68 6F  L2w2P http://sho
00000190: 72 74 2D 75 72 6C 2F 65  51 4A 79 43 36 6A 67 4C  rt-url/eQJyC6jgL
000001A0: 59 20 68 74 74 70 3A 2F  2F 73 68 6F 72 74 2D 75  Y http://short-u
000001B0: 72 6C 2F 6F 74 76 31 73  33 35 6F 35 4A 20 68 74  rl/otv1s35o5J ht
000001C0: 74 70 3A 2F 2F 73 68 6F  72 74 2D 75 72 6C 2F 37  tp://short-url/7
000001D0: 45 72 74 37 67 43 44 57  78 20 68 74 74 70 3A 2F  Ert7gCDWx http:/
000001E0: 2F 73 68 6F 72 74 2D 75  72 6C 2F 38 47 62 43 44  /short-url/8GbCD
000001F0: 71 63 31 4C 79 22 7D 2C  22 32 22 3A 7B 22 6C 73  qc1Ly"},"2":{"ls
00000200: 74 22 3A 5B 22 72 65 63  22 2C 30 5D 7D 2C 22 33  t":["rec",0]},"3
00000210: 22 3A 7B 22 6C 73 74 22  3A 5B 22 72 65 63 22 2C  ":{"lst":["rec",
00000220: 35 2C 7B 22 31 22 3A 7B  22 73 74 72 22 3A 22 68  5,{"1":{"str":"h
00000230: 74 74 70 3A 2F 2F 73 68  6F 72 74 2D 75 72 6C 2F  ttp://short-url/
00000240: 77 79 66 5A 65 4C 32 77  32 50 22 7D 2C 22 32 22  wyfZeL2w2P"},"2"
00000250: 3A 7B 22 73 74 72 22 3A  22 68 74 74 70 3A 2F 2F  :{"str":"http://
00000260: 4E 57 78 77 68 56 36 54  51 59 78 6A 55 58 7A 59  NWxwhV6TQYxjUXzY
00000270: 76 30 48 77 73 75 66 39  67 6E 63 73 4F 31 4F 70  v0Hwsuf9gncsO1Op
00000280: 59 68 68 45 65 62 31 57  65 6C 61 6A 44 31 35 6E  YhhEeb1WelajD15n
00000290: 47 37 4A 56 7A 33 73 61  78 74 55 4C 51 67 68 41  G7JVz3saxtULQghA
000002A0: 22 7D 7D 2C 7B 22 31 22  3A 7B 22 73 74 72 22 3A  "}},{"1":{"str":
000002B0: 22 68 74 74 70 3A 2F 2F  73 68 6F 72 74 2D 75 72  "http://short-ur
000002C0: 6C 2F 65 51 4A 79 43 36  6A 67 4C 59 22 7D 2C 22  l/eQJyC6jgLY"},"
000002D0: 32 22 3A 7B 22 73 74 72  22 3A 22 68 74 74 70 3A  2":{"str":"http:
000002E0: 2F 2F 4C 58 6E 68 61 52  45 6F 59 6B 41 57 6E 42  //LXnhaREoYkAWnB
000002F0: 66 47 68 35 46 7A 4B 47  36 32 65 61 68 32 33 69  fGh5FzKG62eah23i
00000300: 31 32 35 4F 54 74 53 6A  5A 42 6F 57 44 6F 4E 4E  125OTtSjZBoWDoNN
00000310: 73 73 31 41 5A 31 56 53  61 4F 42 42 65 69 6E 41  ss1AZ1VSaOBBeinA
00000320: 78 49 22 7D 7D 2C 7B 22  31 22 3A 7B 22 73 74 72  xI"}},{"1":{"str
00000330: 22 3A 22 68 74 74 70 3A  2F 2F 73 68 6F 72 74 2D  ":"http://short-
00000340: 75 72 6C 2F 6F 74 76 31  73 33 35 6F 35 4A 22 7D  url/otv1s35o5J"}
00000350: 2C 22 32 22 3A 7B 22 73  74 72 22 3A 22 68 74 74  ,"2":{"str":"htt
00000360: 70 3A 2F 2F 61 63 78 57  6D 44 72 52 56 55 59 54  p://acxWmDrRVUYT
00000370: 65 42 4D 38 7A 41 57 79  45 45 44 64 69 5A 47 41  eBM8zAWyEEDdiZGA
00000380: 44 33 62 66 58 67 41 53  39 43 4F 56 57 49 65 4E  D3bfXgAS9COVWIeN
00000390: 78 68 53 5A 45 71 44 73  33 69 6C 6C 31 4B 52 6F  xhSZEqDs3ill1KRo
000003A0: 67 38 4C 33 22 7D 7D 2C  7B 22 31 22 3A 7B 22 73  g8L3"}},{"1":{"s
000003B0: 74 72 22 3A 22 68 74 74  70 3A 2F 2F 73 68 6F 72  tr":"http://shor
000003C0: 74 2D 75 72 6C 2F 37 45  72 74 37 67 43 44 57 78  t-url/7Ert7gCDWx
000003D0: 22 7D 2C 22 32 22 3A 7B  22 73 74 72 22 3A 22 68  "},"2":{"str":"h
000003E0: 74 74 70 3A 2F 2F 79 6E  57 7A 76 6F 6E 7A 76 69  ttp://ynWzvonzvi
000003F0: 6E 52 67 33 71 71 6C 79  36 65 4F 67 79 51 49 48  nRg3qqly6eOgyQIH
00000400: 44 43 6A 44 53 66 31 67  65 4F 6C 69 53 44 7A 79  DCjDSf1geOliSDzy
00000410: 65 68 57 74 55 32 47 4D  46 67 53 4D 4C 55 47 4A  ehWtU2GMFgSMLUGJ
00000420: 56 41 54 41 42 74 22 7D  7D 2C 7B 22 31 22 3A 7B  VATABt"}},{"1":{
00000430: 22 73 74 72 22 3A 22 68  74 74 70 3A 2F 2F 73 68  "str":"http://sh
00000440: 6F 72 74 2D 75 72 6C 2F  38 47 62 43 44 71 63 31  ort-url/8GbCDqc1
00000450: 4C 79 22 7D 2C 22 32 22  3A 7B 22 73 74 72 22 3A  Ly"},"2":{"str":
00000460: 22 68 74 74 70 3A 2F 2F  5A 6F 61 6C 38 66 56 7A  "http://Zoal8fVz
00000470: 37 4B 70 44 51 37 42 30  56 4E 45 6B 4B 52 4F 51  7KpDQ7B0VNEkKROQ
00000480: 53 59 32 46 71 58 74 46  6B 6E 76 32 41 6B 7A 56  SY2FqXtFknv2AkzV
00000490: 35 54 47 36 54 32 49 48  32 35 75 65 37 73 76 7A  5TG6T2IH25ue7svz
000004A0: 58 74 45 6F 65 70 35 36  22 7D 7D 5D 7D 7D 7D 7D  XtEoep56"}}]}}}}
000004B0: 5D                                                ]
====
STREAM PID 60589.0xffff9482d7141200 (C) > 60554.0xffff9482de657e00 (S), length 432
command[60589]: b'./src/ComposePostService/ComposePostService'
command[60554]: b'./cmake-build/src/TextService/TextService'
----
00000000: 00 00 01 AC 5B 31 2C 22  43 6F 6D 70 6F 73 65 54  ....[1,"ComposeT
00000010: 65 78 74 22 2C 31 2C 30  2C 7B 22 31 22 3A 7B 22  ext",1,0,{"1":{"
00000020: 69 36 34 22 3A 36 34 36  30 34 33 39 34 32 38 38  i64":64604394288
00000030: 34 32 39 39 31 33 36 7D  2C 22 32 22 3A 7B 22 73  4299136},"2":{"s
00000040: 74 72 22 3A 22 45 4F 6B  71 33 49 76 61 55 5A 61  tr":"EOkq3IvaUZa
00000050: 53 6D 70 75 66 57 68 32  4C 57 6F 45 64 46 74 77  SmpufWh2LWoEdFtw
00000060: 53 33 64 55 56 76 76 4C  30 69 6C 56 74 45 6E 53  S3dUVvvL0ilVtEnS
00000070: 77 4A 73 42 45 79 53 59  31 4F 44 37 48 35 74 6D  wJsBEySY1OD7H5tm
00000080: 35 37 68 6F 45 34 69 52  38 62 71 79 51 36 73 59  57hoE4iR8bqyQ6sY
00000090: 51 78 38 47 74 78 4F 33  45 75 38 6A 49 44 33 78  Qx8GtxO3Eu8jID3x
000000A0: 69 62 6C 64 71 33 4E 42  55 4C 31 59 57 47 4B 47  ibldq3NBUL1YWGKG
000000B0: 4C 6B 39 45 7A 55 77 45  71 62 7A 4C 6F 6C 72 62  Lk9EzUwEqbzLolrb
000000C0: 77 38 74 54 77 46 52 50  50 52 69 53 6E 69 4F 6E  w8tTwFRPPRiSniOn
000000D0: 64 63 4C 63 51 32 6D 67  74 64 72 34 51 6F 6E 49  dcLcQ2mgtdr4QonI
000000E0: 6E 63 75 57 4B 32 4B 58  4A 4F 38 58 59 4D 59 36  ncuWK2KXJO8XYMY6
000000F0: 69 30 44 63 47 73 78 71  54 64 77 4A 63 4D 75 4C  i0DcGsxqTdwJcMuL
00000100: 56 73 4C 6C 39 70 4F 4C  63 49 6D 6B 55 6A 54 52  VsLl9pOLcImkUjTR
00000110: 4C 41 4E 75 56 72 70 35  4E 31 70 53 64 6D 4F 54  LANuVrp5N1pSdmOT
00000120: 6F 69 77 58 78 55 4E 59  48 65 74 6A 43 43 5A 78  oiwXxUNYHetjCCZx
00000130: 75 6E 69 53 79 6C 63 47  50 62 42 49 6E 46 61 73  uniSylcGPbBInFas
00000140: 72 76 36 7A 61 20 68 74  74 70 3A 2F 2F 61 7A 44  rv6za http://azD
00000150: 35 62 70 43 48 55 5A 6B  4D 30 56 59 55 53 56 77  5bpCHUZkM0VYUSVw
00000160: 44 33 4A 71 73 70 52 73  63 53 6E 30 49 68 47 46  D3JqspRscSn0IhGF
00000170: 68 36 41 74 30 72 49 59  4C 35 79 32 79 49 74 76  h6At0rIYL5y2yItv
00000180: 42 76 31 62 65 31 4E 31  53 59 44 78 42 22 7D 2C  Bv1be1N1SYDxB"},
00000190: 22 33 22 3A 7B 22 6D 61  70 22 3A 5B 22 73 74 72  "3":{"map":["str
000001A0: 22 2C 22 73 74 72 22 2C  30 2C 7B 7D 5D 7D 7D 5D  ","str",0,{}]}}]
====
STREAM PID 60554.0xffff9482de657e00 (S) > 60589.0xffff9482d7141200 (C), length 514
command[60554]: b'./cmake-build/src/TextService/TextService'
command[60589]: b'./src/ComposePostService/ComposePostService'
----
00000000: 00 00 01 FE 5B 31 2C 22  43 6F 6D 70 6F 73 65 54  ....[1,"ComposeT
00000010: 65 78 74 22 2C 32 2C 30  2C 7B 22 30 22 3A 7B 22  ext",2,0,{"0":{"
00000020: 72 65 63 22 3A 7B 22 31  22 3A 7B 22 73 74 72 22  rec":{"1":{"str"
00000030: 3A 22 45 4F 6B 71 33 49  76 61 55 5A 61 53 6D 70  :"EOkq3IvaUZaSmp
00000040: 75 66 57 68 32 4C 57 6F  45 64 46 74 77 53 33 64  ufWh2LWoEdFtwS3d
00000050: 55 56 76 76 4C 30 69 6C  56 74 45 6E 53 77 4A 73  UVvvL0ilVtEnSwJs
00000060: 42 45 79 53 59 31 4F 44  37 48 35 74 6D 35 37 68  BEySY1OD7H5tm57h
00000070: 6F 45 34 69 52 38 62 71  79 51 36 73 59 51 78 38  oE4iR8bqyQ6sYQx8
00000080: 47 74 78 4F 33 45 75 38  6A 49 44 33 78 69 62 6C  GtxO3Eu8jID3xibl
00000090: 64 71 33 4E 42 55 4C 31  59 57 47 4B 47 4C 6B 39  dq3NBUL1YWGKGLk9
000000A0: 45 7A 55 77 45 71 62 7A  4C 6F 6C 72 62 77 38 74  EzUwEqbzLolrbw8t
000000B0: 54 77 46 52 50 50 52 69  53 6E 69 4F 6E 64 63 4C  TwFRPPRiSniOndcL
000000C0: 63 51 32 6D 67 74 64 72  34 51 6F 6E 49 6E 63 75  cQ2mgtdr4QonIncu
000000D0: 57 4B 32 4B 58 4A 4F 38  58 59 4D 59 36 69 30 44  WK2KXJO8XYMY6i0D
000000E0: 63 47 73 78 71 54 64 77  4A 63 4D 75 4C 56 73 4C  cGsxqTdwJcMuLVsL
000000F0: 6C 39 70 4F 4C 63 49 6D  6B 55 6A 54 52 4C 41 4E  l9pOLcImkUjTRLAN
00000100: 75 56 72 70 35 4E 31 70  53 64 6D 4F 54 6F 69 77  uVrp5N1pSdmOToiw
00000110: 58 78 55 4E 59 48 65 74  6A 43 43 5A 78 75 6E 69  XxUNYHetjCCZxuni
00000120: 53 79 6C 63 47 50 62 42  49 6E 46 61 73 72 76 36  SylcGPbBInFasrv6
00000130: 7A 61 20 68 74 74 70 3A  2F 2F 73 68 6F 72 74 2D  za http://short-
00000140: 75 72 6C 2F 5A 35 6F 4A  6C 5A 42 36 47 5A 22 7D  url/Z5oJlZB6GZ"}
00000150: 2C 22 32 22 3A 7B 22 6C  73 74 22 3A 5B 22 72 65  ,"2":{"lst":["re
00000160: 63 22 2C 30 5D 7D 2C 22  33 22 3A 7B 22 6C 73 74  c",0]},"3":{"lst
00000170: 22 3A 5B 22 72 65 63 22  2C 31 2C 7B 22 31 22 3A  ":["rec",1,{"1":
00000180: 7B 22 73 74 72 22 3A 22  68 74 74 70 3A 2F 2F 73  {"str":"http://s
00000190: 68 6F 72 74 2D 75 72 6C  2F 5A 35 6F 4A 6C 5A 42  hort-url/Z5oJlZB
000001A0: 36 47 5A 22 7D 2C 22 32  22 3A 7B 22 73 74 72 22  6GZ"},"2":{"str"
000001B0: 3A 22 68 74 74 70 3A 2F  2F 61 7A 44 35 62 70 43  :"http://azD5bpC
000001C0: 48 55 5A 6B 4D 30 56 59  55 53 56 77 44 33 4A 71  HUZkM0VYUSVwD3Jq
000001D0: 73 70 52 73 63 53 6E 30  49 68 47 46 68 36 41 74  spRscSn0IhGFh6At
000001E0: 30 72 49 59 4C 35 79 32  79 49 74 76 42 76 31 62  0rIYL5y2yItvBv1b
000001F0: 65 31 4E 31 53 59 44 78  42 22 7D 7D 5D 7D 7D 7D  e1N1SYDxB"}}]}}}
00000200: 7D 5D                                             }]
====
STREAM PID 60589.0xffff9482d7141200 (C) > 60554.0xffff9482de657e00 (S), length 631
command[60589]: b'./src/ComposePostService/ComposePostService'
command[60554]: b'./cmake-build/src/TextService/TextService'
----
00000000: 00 00 02 73 5B 31 2C 22  43 6F 6D 70 6F 73 65 54  ...s[1,"ComposeT
00000010: 65 78 74 22 2C 31 2C 30  2C 7B 22 31 22 3A 7B 22  ext",1,0,{"1":{"
00000020: 69 36 34 22 3A 32 35 39  37 30 39 33 32 34 38 30  i64":25970932480
00000030: 31 38 33 38 35 32 38 7D  2C 22 32 22 3A 7B 22 73  1838528},"2":{"s
00000040: 74 72 22 3A 22 39 54 48  45 53 71 42 65 4A 31 59  tr":"9THESqBeJ1Y
00000050: 4D 43 50 70 66 50 54 59  30 6D 4A 4E 79 6A 47 42  MCPpfPTY0mJNyjGB
00000060: 51 58 48 62 51 36 70 32  7A 65 6C 47 4A 78 79 49  QXHbQ6p2zelGJxyI
00000070: 37 62 79 4F 65 75 78 5A  36 45 36 77 59 70 7A 32  7byOeuxZ6E6wYpz2
00000080: 6C 59 66 47 5A 4C 37 71  51 35 58 7A 63 4B 65 43  lYfGZL7qQ5XzcKeC
00000090: 43 70 6E 57 35 36 59 6C  6C 61 56 54 65 77 41 71  CpnW56YllaVTewAq
000000A0: 46 4D 32 6F 62 66 32 61  6A 65 44 38 68 61 4F 5A  FM2obf2ajeD8haOZ
000000B0: 71 74 63 39 30 43 4B 46  4D 4C 62 58 69 71 7A 6C  qtc90CKFMLbXiqzl
000000C0: 4B 4B 64 38 50 46 7A 46  51 46 65 33 33 57 30 35  KKd8PFzFQFe33W05
000000D0: 53 6A 6C 73 53 44 5A 55  68 72 52 6B 32 50 61 36  SjlsSDZUhrRk2Pa6
000000E0: 4C 62 32 55 35 4D 38 5A  51 38 6A 36 53 72 32 4D  Lb2U5M8ZQ8j6Sr2M
000000F0: 50 6F 66 65 53 43 4A 63  65 64 34 45 67 51 74 4E  PofeSCJced4EgQtN
00000100: 36 76 59 78 6E 4D 57 66  70 43 42 76 56 74 4D 48  6vYxnMWfpCBvVtMH
00000110: 4D 62 6C 34 54 6D 67 64  77 36 4C 53 38 6D 42 79  Mbl4Tmgdw6LS8mBy
00000120: 4B 5A 7A 52 4C 58 67 6A  57 73 31 59 6C 6B 78 7A  KZzRLXgjWs1Ylkxz
00000130: 69 37 34 65 78 62 4E 61  70 30 33 68 49 72 61 34  i74exbNap03hIra4
00000140: 57 56 51 62 33 20 40 75  73 65 72 6E 61 6D 65 5F  WVQb3 @username_
00000150: 31 36 30 20 40 75 73 65  72 6E 61 6D 65 5F 31 30  160 @username_10
00000160: 35 20 40 75 73 65 72 6E  61 6D 65 5F 37 37 20 40  5 @username_77 @
00000170: 75 73 65 72 6E 61 6D 65  5F 32 38 37 20 68 74 74  username_287 htt
00000180: 70 3A 2F 2F 67 62 64 6A  63 72 69 47 44 31 4B 65  p://gbdjcriGD1Ke
00000190: 43 5A 74 68 56 54 33 68  77 43 49 42 78 77 6B 79  CZthVT3hwCIBxwky
000001A0: 71 56 43 30 7A 4B 67 71  44 51 37 52 32 38 51 51  qVC0zKgqDQ7R28QQ
000001B0: 77 51 43 6C 49 63 4F 39  66 48 6A 73 5A 62 37 38  wQClIcO9fHjsZb78
000001C0: 33 59 45 44 20 68 74 74  70 3A 2F 2F 56 51 76 7A  3YED http://VQvz
000001D0: 4D 55 62 42 32 34 68 67  41 59 68 33 39 61 4C 69  MUbB24hgAYh39aLi
000001E0: 49 38 4A 6C 6E 52 42 68  63 70 34 74 6D 51 4E 55  I8JlnRBhcp4tmQNU
000001F0: 33 53 65 62 59 7A 6E 77  34 61 58 77 77 65 52 35  3SebYznw4aXwweR5
00000200: 79 52 43 48 69 79 36 6C  51 39 4A 53 20 68 74 74  yRCHiy6lQ9JS htt
00000210: 70 3A 2F 2F 4C 6A 46 4A  4B 30 33 67 41 47 4E 48  p://LjFJK03gAGNH
00000220: 73 5A 4C 33 54 6B 42 72  73 4A 67 30 42 50 6F 70  sZL3TkBrsJg0BPop
00000230: 70 71 53 41 4E 54 73 55  68 72 51 70 72 72 73 72  pqSANTsUhrQprrsr
00000240: 4E 38 57 79 38 34 41 42  58 66 36 37 68 51 6E 6B  N8Wy84ABXf67hQnk
00000250: 54 49 37 41 22 7D 2C 22  33 22 3A 7B 22 6D 61 70  TI7A"},"3":{"map
00000260: 22 3A 5B 22 73 74 72 22  2C 22 73 74 72 22 2C 30  ":["str","str",0
00000270: 2C 7B 7D 5D 7D 7D 5D                              ,{}]}}]
====
STREAM PID 60554.0xffff9482de657e00 (S) > 60589.0xffff9482d7141200 (C), length 885
command[60554]: b'./cmake-build/src/TextService/TextService'
command[60589]: b'./src/ComposePostService/ComposePostService'
----
00000000: 00 00 03 71 5B 31 2C 22  43 6F 6D 70 6F 73 65 54  ...q[1,"ComposeT
00000010: 65 78 74 22 2C 32 2C 30  2C 7B 22 30 22 3A 7B 22  ext",2,0,{"0":{"
00000020: 72 65 63 22 3A 7B 22 31  22 3A 7B 22 73 74 72 22  rec":{"1":{"str"
00000030: 3A 22 39 54 48 45 53 71  42 65 4A 31 59 4D 43 50  :"9THESqBeJ1YMCP
00000040: 70 66 50 54 59 30 6D 4A  4E 79 6A 47 42 51 58 48  pfPTY0mJNyjGBQXH
00000050: 62 51 36 70 32 7A 65 6C  47 4A 78 79 49 37 62 79  bQ6p2zelGJxyI7by
00000060: 4F 65 75 78 5A 36 45 36  77 59 70 7A 32 6C 59 66  OeuxZ6E6wYpz2lYf
00000070: 47 5A 4C 37 71 51 35 58  7A 63 4B 65 43 43 70 6E  GZL7qQ5XzcKeCCpn
00000080: 57 35 36 59 6C 6C 61 56  54 65 77 41 71 46 4D 32  W56YllaVTewAqFM2
00000090: 6F 62 66 32 61 6A 65 44  38 68 61 4F 5A 71 74 63  obf2ajeD8haOZqtc
000000A0: 39 30 43 4B 46 4D 4C 62  58 69 71 7A 6C 4B 4B 64  90CKFMLbXiqzlKKd
000000B0: 38 50 46 7A 46 51 46 65  33 33 57 30 35 53 6A 6C  8PFzFQFe33W05Sjl
000000C0: 73 53 44 5A 55 68 72 52  6B 32 50 61 36 4C 62 32  sSDZUhrRk2Pa6Lb2
000000D0: 55 35 4D 38 5A 51 38 6A  36 53 72 32 4D 50 6F 66  U5M8ZQ8j6Sr2MPof
000000E0: 65 53 43 4A 63 65 64 34  45 67 51 74 4E 36 76 59  eSCJced4EgQtN6vY
000000F0: 78 6E 4D 57 66 70 43 42  76 56 74 4D 48 4D 62 6C  xnMWfpCBvVtMHMbl
00000100: 34 54 6D 67 64 77 36 4C  53 38 6D 42 79 4B 5A 7A  4Tmgdw6LS8mByKZz
00000110: 52 4C 58 67 6A 57 73 31  59 6C 6B 78 7A 69 37 34  RLXgjWs1Ylkxzi74
00000120: 65 78 62 4E 61 70 30 33  68 49 72 61 34 57 56 51  exbNap03hIra4WVQ
00000130: 62 33 20 40 75 73 65 72  6E 61 6D 65 5F 31 36 30  b3 @username_160
00000140: 20 40 75 73 65 72 6E 61  6D 65 5F 31 30 35 20 40   @username_105 @
00000150: 75 73 65 72 6E 61 6D 65  5F 37 37 20 40 75 73 65  username_77 @use
00000160: 72 6E 61 6D 65 5F 32 38  37 20 68 74 74 70 3A 2F  rname_287 http:/
00000170: 2F 73 68 6F 72 74 2D 75  72 6C 2F 47 78 79 55 6B  /short-url/GxyUk
00000180: 43 77 77 56 41 20 68 74  74 70 3A 2F 2F 73 68 6F  CwwVA http://sho
00000190: 72 74 2D 75 72 6C 2F 6F  6F 79 69 75 41 46 56 70  rt-url/ooyiuAFVp
000001A0: 6C 20 68 74 74 70 3A 2F  2F 73 68 6F 72 74 2D 75  l http://short-u
000001B0: 72 6C 2F 43 55 4F 55 61  44 4F 56 4F 66 22 7D 2C  rl/CUOUaDOVOf"},
000001C0: 22 32 22 3A 7B 22 6C 73  74 22 3A 5B 22 72 65 63  "2":{"lst":["rec
000001D0: 22 2C 30 5D 7D 2C 22 33  22 3A 7B 22 6C 73 74 22  ",0]},"3":{"lst"
000001E0: 3A 5B 22 72 65 63 22 2C  33 2C 7B 22 31 22 3A 7B  :["rec",3,{"1":{
000001F0: 22 73 74 72 22 3A 22 68  74 74 70 3A 2F 2F 73 68  "str":"http://sh
00000200: 6F 72 74 2D 75 72 6C 2F  47 78 79 55 6B 43 77 77  ort-url/GxyUkCww
00000210: 56 41 22 7D 2C 22 32 22  3A 7B 22 73 74 72 22 3A  VA"},"2":{"str":
00000220: 22 68 74 74 70 3A 2F 2F  67 62 64 6A 63 72 69 47  "http://gbdjcriG
00000230: 44 31 4B 65 43 5A 74 68  56 54 33 68 77 43 49 42  D1KeCZthVT3hwCIB
00000240: 78 77 6B 79 71 56 43 30  7A 4B 67 71 44 51 37 52  xwkyqVC0zKgqDQ7R
00000250: 32 38 51 51 77 51 43 6C  49 63 4F 39 66 48 6A 73  28QQwQClIcO9fHjs
00000260: 5A 62 37 38 33 59 45 44  22 7D 7D 2C 7B 22 31 22  Zb783YED"}},{"1"
00000270: 3A 7B 22 73 74 72 22 3A  22 68 74 74 70 3A 2F 2F  :{"str":"http://
00000280: 73 68 6F 72 74 2D 75 72  6C 2F 6F 6F 79 69 75 41  short-url/ooyiuA
00000290: 46 56 70 6C 22 7D 2C 22  32 22 3A 7B 22 73 74 72  FVpl"},"2":{"str
000002A0: 22 3A 22 68 74 74 70 3A  2F 2F 56 51 76 7A 4D 55  ":"http://VQvzMU
000002B0: 62 42 32 34 68 67 41 59  68 33 39 61 4C 69 49 38  bB24hgAYh39aLiI8
000002C0: 4A 6C 6E 52 42 68 63 70  34 74 6D 51 4E 55 33 53  JlnRBhcp4tmQNU3S
000002D0: 65 62 59 7A 6E 77 34 61  58 77 77 65 52 35 79 52  ebYznw4aXwweR5yR
000002E0: 43 48 69 79 36 6C 51 39  4A 53 22 7D 7D 2C 7B 22  CHiy6lQ9JS"}},{"
000002F0: 31 22 3A 7B 22 73 74 72  22 3A 22 68 74 74 70 3A  1":{"str":"http:
00000300: 2F 2F 73 68 6F 72 74 2D  75 72 6C 2F 43 55 4F 55  //short-url/CUOU
00000310: 61 44 4F 56 4F 66 22 7D  2C 22 32 22 3A 7B 22 73  aDOVOf"},"2":{"s
00000320: 74 72 22 3A 22 68 74 74  70 3A 2F 2F 4C 6A 46 4A  tr":"http://LjFJ
00000330: 4B 30 33 67 41 47 4E 48  73 5A 4C 33 54 6B 42 72  K03gAGNHsZL3TkBr
00000340: 73 4A 67 30 42 50 6F 70  70 71 53 41 4E 54 73 55  sJg0BPoppqSANTsU
00000350: 68 72 51 70 72 72 73 72  4E 38 57 79 38 34 41 42  hrQprrsrN8Wy84AB
00000360: 58 66 36 37 68 51 6E 6B  54 49 37 41 22 7D 7D 5D  Xf67hQnkTI7A"}}]
00000370: 7D 7D 7D 7D 5D                                    }}}}]
====
STREAM PID 60589.0xffff9482d7141200 (C) > 60554.0xffff9482de657e00 (S), length 373
command[60589]: b'./src/ComposePostService/ComposePostService'
command[60554]: b'./cmake-build/src/TextService/TextService'
----
00000000: 00 00 01 71 5B 31 2C 22  43 6F 6D 70 6F 73 65 54  ...q[1,"ComposeT
00000010: 65 78 74 22 2C 31 2C 30  2C 7B 22 31 22 3A 7B 22  ext",1,0,{"1":{"
00000020: 69 36 34 22 3A 33 36 33  39 35 35 33 30 39 32 31  i64":36395530921
00000030: 31 33 36 37 30 34 7D 2C  22 32 22 3A 7B 22 73 74  136704},"2":{"st
00000040: 72 22 3A 22 59 6C 39 55  70 6D 7A 48 73 57 70 76  r":"Yl9UpmzHsWpv
00000050: 34 38 35 5A 36 72 41 53  5A 58 57 51 45 58 4F 38  485Z6rASZXWQEXO8
00000060: 4C 45 36 64 49 53 66 51  62 48 70 6B 6B 6D 70 32  LE6dISfQbHpkkmp2
00000070: 6E 30 58 4C 50 36 69 68  43 37 6D 7A 74 58 57 51  n0XLP6ihC7mztXWQ
00000080: 57 70 30 57 39 30 7A 63  6B 45 44 6B 42 32 65 55  Wp0W90zckEDkB2eU
00000090: 41 6F 32 76 41 71 39 7A  35 37 59 66 41 65 73 77  Ao2vAq9z57YfAesw
000000A0: 4A 44 31 51 34 74 48 52  54 37 6D 66 47 78 56 6C  JD1Q4tHRT7mfGxVl
000000B0: 54 43 51 37 56 45 58 34  37 6C 37 72 4D 44 7A 68  TCQ7VEX47l7rMDzh
000000C0: 46 56 43 53 53 51 68 55  47 38 56 61 55 6B 69 31  FVCSSQhUG8VaUki1
000000D0: 46 61 67 5A 64 64 54 38  6A 79 57 30 42 76 33 7A  FagZddT8jyW0Bv3z
000000E0: 31 44 74 32 63 62 75 41  34 6A 46 4F 62 64 33 44  1Dt2cbuA4jFObd3D
000000F0: 75 67 4E 58 70 64 72 50  58 4C 65 48 44 65 56 71  ugNXpdrPXLeHDeVq
00000100: 37 75 33 56 54 55 6A 4F  56 6E 4B 52 5A 35 59 38  7u3VTUjOVnKRZ5Y8
00000110: 6E 76 72 4D 51 70 6C 59  44 68 41 49 54 43 78 4E  nvrMQplYDhAITCxN
00000120: 51 33 58 64 73 55 62 58  45 77 57 62 44 72 67 78  Q3XdsUbXEwWbDrgx
00000130: 79 62 32 7A 6C 6F 73 43  79 6D 54 4E 4E 66 36 30  yb2zlosCymTNNf60
00000140: 78 48 54 56 20 40 75 73  65 72 6E 61 6D 65 5F 32  xHTV @username_2
00000150: 30 39 22 7D 2C 22 33 22  3A 7B 22 6D 61 70 22 3A  09"},"3":{"map":
00000160: 5B 22 73 74 72 22 2C 22  73 74 72 22 2C 30 2C 7B  ["str","str",0,{
00000170: 7D 5D 7D 7D 5D                                    }]}}]
====
STREAM PID 60554.0xffff9482de657e00 (S) > 60589.0xffff9482d7141200 (C), length 370
command[60554]: b'./cmake-build/src/TextService/TextService'
command[60589]: b'./src/ComposePostService/ComposePostService'
----
00000000: 00 00 01 6E 5B 31 2C 22  43 6F 6D 70 6F 73 65 54  ...n[1,"ComposeT
00000010: 65 78 74 22 2C 32 2C 30  2C 7B 22 30 22 3A 7B 22  ext",2,0,{"0":{"
00000020: 72 65 63 22 3A 7B 22 31  22 3A 7B 22 73 74 72 22  rec":{"1":{"str"
00000030: 3A 22 59 6C 39 55 70 6D  7A 48 73 57 70 76 34 38  :"Yl9UpmzHsWpv48
00000040: 35 5A 36 72 41 53 5A 58  57 51 45 58 4F 38 4C 45  5Z6rASZXWQEXO8LE
00000050: 36 64 49 53 66 51 62 48  70 6B 6B 6D 70 32 6E 30  6dISfQbHpkkmp2n0
00000060: 58 4C 50 36 69 68 43 37  6D 7A 74 58 57 51 57 70  XLP6ihC7mztXWQWp
00000070: 30 57 39 30 7A 63 6B 45  44 6B 42 32 65 55 41 6F  0W90zckEDkB2eUAo
00000080: 32 76 41 71 39 7A 35 37  59 66 41 65 73 77 4A 44  2vAq9z57YfAeswJD
00000090: 31 51 34 74 48 52 54 37  6D 66 47 78 56 6C 54 43  1Q4tHRT7mfGxVlTC
000000A0: 51 37 56 45 58 34 37 6C  37 72 4D 44 7A 68 46 56  Q7VEX47l7rMDzhFV
000000B0: 43 53 53 51 68 55 47 38  56 61 55 6B 69 31 46 61  CSSQhUG8VaUki1Fa
000000C0: 67 5A 64 64 54 38 6A 79  57 30 42 76 33 7A 31 44  gZddT8jyW0Bv3z1D
000000D0: 74 32 63 62 75 41 34 6A  46 4F 62 64 33 44 75 67  t2cbuA4jFObd3Dug
000000E0: 4E 58 70 64 72 50 58 4C  65 48 44 65 56 71 37 75  NXpdrPXLeHDeVq7u
000000F0: 33 56 54 55 6A 4F 56 6E  4B 52 5A 35 59 38 6E 76  3VTUjOVnKRZ5Y8nv
00000100: 72 4D 51 70 6C 59 44 68  41 49 54 43 78 4E 51 33  rMQplYDhAITCxNQ3
00000110: 58 64 73 55 62 58 45 77  57 62 44 72 67 78 79 62  XdsUbXEwWbDrgxyb
00000120: 32 7A 6C 6F 73 43 79 6D  54 4E 4E 66 36 30 78 48  2zlosCymTNNf60xH
00000130: 54 56 20 40 75 73 65 72  6E 61 6D 65 5F 32 30 39  TV @username_209
00000140: 22 7D 2C 22 32 22 3A 7B  22 6C 73 74 22 3A 5B 22  "},"2":{"lst":["
00000150: 72 65 63 22 2C 30 5D 7D  2C 22 33 22 3A 7B 22 6C  rec",0]},"3":{"l
00000160: 73 74 22 3A 5B 22 72 65  63 22 2C 30 5D 7D 7D 7D  st":["rec",0]}}}
00000170: 7D 5D                                             }]
====
STREAM PID 60589.0xffff9482d7141200 (C) > 60554.0xffff9482de657e00 (S), length 430
command[60589]: b'./src/ComposePostService/ComposePostService'
command[60554]: b'./cmake-build/src/TextService/TextService'
----
00000000: 00 00 01 AA 5B 31 2C 22  43 6F 6D 70 6F 73 65 54  ....[1,"ComposeT
00000010: 65 78 74 22 2C 31 2C 30  2C 7B 22 31 22 3A 7B 22  ext",1,0,{"1":{"
00000020: 69 36 34 22 3A 33 35 39  34 33 36 30 34 31 39 37  i64":35943604197
00000030: 37 39 31 37 35 36 38 7D  2C 22 32 22 3A 7B 22 73  7917568},"2":{"s
00000040: 74 72 22 3A 22 4E 49 61  58 4A 50 7A 49 61 38 62  tr":"NIaXJPzIa8b
00000050: 63 33 6F 72 50 42 6E 32  4A 78 39 33 4D 4B 63 49  c3orPBn2Jx93MKcI
00000060: 33 45 58 55 46 30 38 33  71 30 51 43 4B 66 55 35  3EXUF083q0QCKfU5
00000070: 5A 34 30 59 44 74 75 5A  76 56 58 48 43 70 31 45  Z40YDtuZvVXHCp1E
00000080: 42 61 4E 76 55 32 41 6F  66 4E 72 51 4F 77 76 5A  BaNvU2AofNrQOwvZ
00000090: 38 46 31 4B 71 63 69 42  71 4A 56 43 30 58 58 74  8F1KqciBqJVC0XXt
000000A0: 61 6D 36 41 73 4C 62 44  45 34 42 7A 55 33 62 54  am6AsLbDE4BzU3bT
000000B0: 6F 4F 65 78 6C 78 76 43  56 55 58 31 65 43 62 50  oOexlxvCVUX1eCbP
000000C0: 49 6F 63 59 69 78 55 32  47 58 67 33 70 7A 52 73  IocYixU2GXg3pzRs
000000D0: 74 46 77 42 7A 36 32 71  6D 37 54 59 4A 73 47 30  tFwBz62qm7TYJsG0
000000E0: 58 52 38 7A 58 6C 6B 4C  70 4C 57 61 4D 52 39 5A  XR8zXlkLpLWaMR9Z
000000F0: 53 66 7A 63 6C 69 47 70  53 37 4B 6E 38 67 57 4B  SfzcliGpS7Kn8gWK
00000100: 5A 65 7A 6D 6A 4D 6E 73  5A 4F 34 53 37 54 74 50  ZezmjMnsZO4S7TtP
00000110: 44 74 58 4E 7A 6D 4E 4A  41 74 4B 74 68 54 65 37  DtXNzmNJAtKthTe7
00000120: 37 42 35 53 49 62 38 73  30 55 6A 67 57 49 49 56  7B5SIb8s0UjgWIIV
00000130: 4E 53 6E 4C 45 79 46 43  48 44 39 65 51 38 59 61  NSnLEyFCHD9eQ8Ya
00000140: 41 4B 70 41 7A 20 40 75  73 65 72 6E 61 6D 65 5F  AKpAz @username_
00000150: 31 35 36 20 40 75 73 65  72 6E 61 6D 65 5F 37 37  156 @username_77
00000160: 34 20 40 75 73 65 72 6E  61 6D 65 5F 36 36 39 20  4 @username_669 
00000170: 40 75 73 65 72 6E 61 6D  65 5F 36 34 32 20 40 75  @username_642 @u
00000180: 73 65 72 6E 61 6D 65 5F  35 38 30 22 7D 2C 22 33  sername_580"},"3
00000190: 22 3A 7B 22 6D 61 70 22  3A 5B 22 73 74 72 22 2C  ":{"map":["str",
000001A0: 22 73 74 72 22 2C 30 2C  7B 7D 5D 7D 7D 5D        "str",0,{}]}}]
====
STREAM PID 60554.0xffff9482de657e00 (S) > 60589.0xffff9482d7141200 (C), length 426
command[60554]: b'./cmake-build/src/TextService/TextService'
command[60589]: b'./src/ComposePostService/ComposePostService'
----
00000000: 00 00 01 A6 5B 31 2C 22  43 6F 6D 70 6F 73 65 54  ....[1,"ComposeT
00000010: 65 78 74 22 2C 32 2C 30  2C 7B 22 30 22 3A 7B 22  ext",2,0,{"0":{"
00000020: 72 65 63 22 3A 7B 22 31  22 3A 7B 22 73 74 72 22  rec":{"1":{"str"
00000030: 3A 22 4E 49 61 58 4A 50  7A 49 61 38 62 63 33 6F  :"NIaXJPzIa8bc3o
00000040: 72 50 42 6E 32 4A 78 39  33 4D 4B 63 49 33 45 58  rPBn2Jx93MKcI3EX
00000050: 55 46 30 38 33 71 30 51  43 4B 66 55 35 5A 34 30  UF083q0QCKfU5Z40
00000060: 59 44 74 75 5A 76 56 58  48 43 70 31 45 42 61 4E  YDtuZvVXHCp1EBaN
00000070: 76 55 32 41 6F 66 4E 72  51 4F 77 76 5A 38 46 31  vU2AofNrQOwvZ8F1
00000080: 4B 71 63 69 42 71 4A 56  43 30 58 58 74 61 6D 36  KqciBqJVC0XXtam6
00000090: 41 73 4C 62 44 45 34 42  7A 55 33 62 54 6F 4F 65  AsLbDE4BzU3bToOe
000000A0: 78 6C 78 76 43 56 55 58  31 65 43 62 50 49 6F 63  xlxvCVUX1eCbPIoc
000000B0: 59 69 78 55 32 47 58 67  33 70 7A 52 73 74 46 77  YixU2GXg3pzRstFw
000000C0: 42 7A 36 32 71 6D 37 54  59 4A 73 47 30 58 52 38  Bz62qm7TYJsG0XR8
000000D0: 7A 58 6C 6B 4C 70 4C 57  61 4D 52 39 5A 53 66 7A  zXlkLpLWaMR9ZSfz
000000E0: 63 6C 69 47 70 53 37 4B  6E 38 67 57 4B 5A 65 7A  cliGpS7Kn8gWKZez
000000F0: 6D 6A 4D 6E 73 5A 4F 34  53 37 54 74 50 44 74 58  mjMnsZO4S7TtPDtX
00000100: 4E 7A 6D 4E 4A 41 74 4B  74 68 54 65 37 37 42 35  NzmNJAtKthTe77B5
00000110: 53 49 62 38 73 30 55 6A  67 57 49 49 56 4E 53 6E  SIb8s0UjgWIIVNSn
00000120: 4C 45 79 46 43 48 44 39  65 51 38 59 61 41 4B 70  LEyFCHD9eQ8YaAKp
00000130: 41 7A 20 40 75 73 65 72  6E 61 6D 65 5F 31 35 36  Az @username_156
00000140: 20 40 75 73 65 72 6E 61  6D 65 5F 37 37 34 20 40   @username_774 @
00000150: 75 73 65 72 6E 61 6D 65  5F 36 36 39 20 40 75 73  username_669 @us
00000160: 65 72 6E 61 6D 65 5F 36  34 32 20 40 75 73 65 72  ername_642 @user
00000170: 6E 61 6D 65 5F 35 38 30  22 7D 2C 22 32 22 3A 7B  name_580"},"2":{
00000180: 22 6C 73 74 22 3A 5B 22  72 65 63 22 2C 30 5D 7D  "lst":["rec",0]}
00000190: 2C 22 33 22 3A 7B 22 6C  73 74 22 3A 5B 22 72 65  ,"3":{"lst":["re
000001A0: 63 22 2C 30 5D 7D 7D 7D  7D 5D                    c",0]}}}}]
====
STREAM PID 60589.0xffff9482d7141200 (C) > 60554.0xffff9482de657e00 (S), length 760
command[60589]: b'./src/ComposePostService/ComposePostService'
command[60554]: b'./cmake-build/src/TextService/TextService'
----
00000000: 00 00 02 F4 5B 31 2C 22  43 6F 6D 70 6F 73 65 54  ....[1,"ComposeT
00000010: 65 78 74 22 2C 31 2C 30  2C 7B 22 31 22 3A 7B 22  ext",1,0,{"1":{"
00000020: 69 36 34 22 3A 31 30 34  39 30 32 30 35 37 35 32  i64":10490205752
00000030: 30 36 31 30 32 34 30 30  7D 2C 22 32 22 3A 7B 22  06102400},"2":{"
00000040: 73 74 72 22 3A 22 73 39  74 61 43 43 4F 51 55 59  str":"s9taCCOQUY
00000050: 65 74 52 54 6E 6A 35 44  6A 61 6E 6A 59 68 4F 48  etRTnj5DjanjYhOH
00000060: 4F 68 53 6C 6F 64 56 77  72 51 79 74 67 4F 71 4B  OhSlodVwrQytgOqK
00000070: 6F 42 30 38 54 37 4B 6A  34 41 65 74 50 47 51 70  oB08T7Kj4AetPGQp
00000080: 73 64 75 34 62 58 44 6C  6F 79 52 76 52 6F 4F 35  sdu4bXDloyRvRoO5
00000090: 36 71 76 4C 32 66 65 54  48 32 46 50 75 71 55 78  6qvL2feTH2FPuqUx
000000A0: 4C 32 43 4E 4D 71 58 44  4C 63 59 61 74 56 34 70  L2CNMqXDLcYatV4p
000000B0: 57 76 66 66 74 61 76 56  6C 32 4D 67 72 33 38 78  WvfftavVl2Mgr38x
000000C0: 6E 75 71 52 73 35 66 4F  6D 45 56 78 76 79 78 37  nuqRs5fOmEVxvyx7
000000D0: 45 30 44 42 6C 4F 67 66  38 6D 38 49 6A 38 54 47  E0DBlOgf8m8Ij8TG
000000E0: 36 42 4F 63 43 52 5A 51  46 68 75 70 63 36 43 67  6BOcCRZQFhupc6Cg
000000F0: 30 4B 37 75 44 76 74 33  5A 59 45 55 45 63 66 62  0K7uDvt3ZYEUEcfb
00000100: 62 75 4A 4F 64 68 6C 4D  76 64 4D 34 4F 39 51 46  buJOdhlMvdM4O9QF
00000110: 6E 68 6C 6F 38 45 52 6C  53 73 58 39 53 68 47 39  nhlo8ERlSsX9ShG9
00000120: 6D 6B 43 67 61 53 74 56  56 6A 36 39 6A 7A 55 50  mkCgaStVVj69jzUP
00000130: 38 52 6B 75 30 5A 32 65  4A 45 68 62 69 34 46 6B  8Rku0Z2eJEhbi4Fk
00000140: 79 50 47 45 51 46 20 40  75 73 65 72 6E 61 6D 65  yPGEQF @username
00000150: 5F 35 35 30 20 40 75 73  65 72 6E 61 6D 65 5F 30  _550 @username_0
00000160: 20 40 75 73 65 72 6E 61  6D 65 5F 37 33 20 68 74   @username_73 ht
00000170: 74 70 3A 2F 2F 66 6B 45  7A 76 65 64 6C 33 77 67  tp://fkEzvedl3wg
00000180: 72 70 76 77 59 52 35 42  51 6B 36 4B 37 6F 78 48  rpvwYR5BQk6K7oxH
00000190: 78 6E 66 42 4D 6D 68 47  47 73 64 42 69 37 75 66  xnfBMmhGGsdBi7uf
000001A0: 58 78 64 49 75 68 6A 51  74 39 64 33 35 56 35 57  XxdIuhjQt9d35V5W
000001B0: 32 54 64 6E 69 20 68 74  74 70 3A 2F 2F 4D 74 61  2Tdni http://Mta
000001C0: 55 37 77 39 69 64 43 30  42 48 71 52 69 66 69 78  U7w9idC0BHqRifix
000001D0: 64 6C 74 52 78 39 61 76  4D 6D 43 6C 41 46 67 47  dltRx9avMmClAFgG
000001E0: 74 32 4A 46 76 44 6C 33  74 6D 32 66 75 37 4B 58  t2JFvDl3tm2fu7KX
000001F0: 4F 4E 6F 39 55 76 45 42  35 6E 69 43 6F 20 68 74  ONo9UvEB5niCo ht
00000200: 74 70 3A 2F 2F 74 44 64  57 48 33 6C 59 41 6D 7A  tp://tDdWH3lYAmz
00000210: 42 41 77 4A 68 4F 39 6D  36 37 55 62 4E 4C 38 4D  BAwJhO9m67UbNL8M
00000220: 46 75 4D 63 55 49 42 47  59 69 5A 72 4C 49 68 77  FuMcUIBGYiZrLIhw
00000230: 51 73 63 33 6F 37 5A 30  48 54 6A 55 4B 58 69 6F  Qsc3o7Z0HTjUKXio
00000240: 4D 7A 36 5A 65 20 68 74  74 70 3A 2F 2F 39 4D 6C  Mz6Ze http://9Ml
00000250: 6E 4F 53 4E 36 32 48 37  59 49 6E 42 4F 77 4B 44  nOSN62H7YInBOwKD
00000260: 65 42 47 6A 52 56 72 50  50 39 6E 6B 5A 50 59 5A  eBGjRVrPP9nkZPYZ
00000270: 74 61 54 63 42 6D 58 52  39 75 4C 68 75 76 35 30  taTcBmXR9uLhuv50
00000280: 70 7A 31 5A 30 73 4B 6A  74 78 61 4B 58 20 68 74  pz1Z0sKjtxaKX ht
00000290: 74 70 3A 2F 2F 49 69 51  66 35 69 4E 6F 61 67 6E  tp://IiQf5iNoagn
000002A0: 6E 6D 4C 4B 48 65 35 6F  66 63 6E 73 48 75 4C 4E  nmLKHe5ofcnsHuLN
000002B0: 34 50 4A 68 68 6E 39 39  5A 74 47 64 6A 46 78 44  4PJhhn99ZtGdjFxD
000002C0: 36 52 4F 6B 4E 35 6C 33  62 63 49 6E 7A 6E 52 72  6ROkN5l3bcInznRr
000002D0: 4A 39 66 61 58 22 7D 2C  22 33 22 3A 7B 22 6D 61  J9faX"},"3":{"ma
000002E0: 70 22 3A 5B 22 73 74 72  22 2C 22 73 74 72 22 2C  p":["str","str",
000002F0: 30 2C 7B 7D 5D 7D 7D 5D                           0,{}]}}]
====
STREAM PID 60554.0xffff9482de657e00 (S) > 60589.0xffff9482d7141200 (C), length 1185
command[60554]: b'./cmake-build/src/TextService/TextService'
command[60589]: b'./src/ComposePostService/ComposePostService'
----
00000000: 00 00 04 9D 5B 31 2C 22  43 6F 6D 70 6F 73 65 54  ....[1,"ComposeT
00000010: 65 78 74 22 2C 32 2C 30  2C 7B 22 30 22 3A 7B 22  ext",2,0,{"0":{"
00000020: 72 65 63 22 3A 7B 22 31  22 3A 7B 22 73 74 72 22  rec":{"1":{"str"
00000030: 3A 22 73 39 74 61 43 43  4F 51 55 59 65 74 52 54  :"s9taCCOQUYetRT
00000040: 6E 6A 35 44 6A 61 6E 6A  59 68 4F 48 4F 68 53 6C  nj5DjanjYhOHOhSl
00000050: 6F 64 56 77 72 51 79 74  67 4F 71 4B 6F 42 30 38  odVwrQytgOqKoB08
00000060: 54 37 4B 6A 34 41 65 74  50 47 51 70 73 64 75 34  T7Kj4AetPGQpsdu4
00000070: 62 58 44 6C 6F 79 52 76  52 6F 4F 35 36 71 76 4C  bXDloyRvRoO56qvL
00000080: 32 66 65 54 48 32 46 50  75 71 55 78 4C 32 43 4E  2feTH2FPuqUxL2CN
00000090: 4D 71 58 44 4C 63 59 61  74 56 34 70 57 76 66 66  MqXDLcYatV4pWvff
000000A0: 74 61 76 56 6C 32 4D 67  72 33 38 78 6E 75 71 52  tavVl2Mgr38xnuqR
000000B0: 73 35 66 4F 6D 45 56 78  76 79 78 37 45 30 44 42  s5fOmEVxvyx7E0DB
000000C0: 6C 4F 67 66 38 6D 38 49  6A 38 54 47 36 42 4F 63  lOgf8m8Ij8TG6BOc
000000D0: 43 52 5A 51 46 68 75 70  63 36 43 67 30 4B 37 75  CRZQFhupc6Cg0K7u
000000E0: 44 76 74 33 5A 59 45 55  45 63 66 62 62 75 4A 4F  Dvt3ZYEUEcfbbuJO
000000F0: 64 68 6C 4D 76 64 4D 34  4F 39 51 46 6E 68 6C 6F  dhlMvdM4O9QFnhlo
00000100: 38 45 52 6C 53 73 58 39  53 68 47 39 6D 6B 43 67  8ERlSsX9ShG9mkCg
00000110: 61 53 74 56 56 6A 36 39  6A 7A 55 50 38 52 6B 75  aStVVj69jzUP8Rku
00000120: 30 5A 32 65 4A 45 68 62  69 34 46 6B 79 50 47 45  0Z2eJEhbi4FkyPGE
00000130: 51 46 20 40 75 73 65 72  6E 61 6D 65 5F 35 35 30  QF @username_550
00000140: 20 40 75 73 65 72 6E 61  6D 65 5F 30 20 40 75 73   @username_0 @us
00000150: 65 72 6E 61 6D 65 5F 37  33 20 68 74 74 70 3A 2F  ername_73 http:/
00000160: 2F 73 68 6F 72 74 2D 75  72 6C 2F 5A 59 56 32 73  /short-url/ZYV2s
00000170: 37 55 4F 6D 45 20 68 74  74 70 3A 2F 2F 73 68 6F  7UOmE http://sho
00000180: 72 74 2D 75 72 6C 2F 53  66 70 48 77 78 7A 4B 75  rt-url/SfpHwxzKu
00000190: 73 20 68 74 74 70 3A 2F  2F 73 68 6F 72 74 2D 75  s http://short-u
000001A0: 72 6C 2F 6B 34 34 4E 57  62 4D 4C 5A 59 20 68 74  rl/k44NWbMLZY ht
000001B0: 74 70 3A 2F 2F 73 68 6F  72 74 2D 75 72 6C 2F 6B  tp://short-url/k
000001C0: 69 43 7A 77 6C 4E 71 54  69 20 68 74 74 70 3A 2F  iCzwlNqTi http:/
000001D0: 2F 73 68 6F 72 74 2D 75  72 6C 2F 73 34 68 74 78  /short-url/s4htx
000001E0: 53 67 42 77 30 22 7D 2C  22 32 22 3A 7B 22 6C 73  SgBw0"},"2":{"ls
000001F0: 74 22 3A 5B 22 72 65 63  22 2C 30 5D 7D 2C 22 33  t":["rec",0]},"3
00000200: 22 3A 7B 22 6C 73 74 22  3A 5B 22 72 65 63 22 2C  ":{"lst":["rec",
00000210: 35 2C 7B 22 31 22 3A 7B  22 73 74 72 22 3A 22 68  5,{"1":{"str":"h
00000220: 74 74 70 3A 2F 2F 73 68  6F 72 74 2D 75 72 6C 2F  ttp://short-url/
00000230: 5A 59 56 32 73 37 55 4F  6D 45 22 7D 2C 22 32 22  ZYV2s7UOmE"},"2"
00000240: 3A 7B 22 73 74 72 22 3A  22 68 74 74 70 3A 2F 2F  :{"str":"http://
00000250: 66 6B 45 7A 76 65 64 6C  33 77 67 72 70 76 77 59  fkEzvedl3wgrpvwY
00000260: 52 35 42 51 6B 36 4B 37  6F 78 48 78 6E 66 42 4D  R5BQk6K7oxHxnfBM
00000270: 6D 68 47 47 73 64 42 69  37 75 66 58 78 64 49 75  mhGGsdBi7ufXxdIu
00000280: 68 6A 51 74 39 64 33 35  56 35 57 32 54 64 6E 69  hjQt9d35V5W2Tdni
00000290: 22 7D 7D 2C 7B 22 31 22  3A 7B 22 73 74 72 22 3A  "}},{"1":{"str":
000002A0: 22 68 74 74 70 3A 2F 2F  73 68 6F 72 74 2D 75 72  "http://short-ur
000002B0: 6C 2F 53 66 70 48 77 78  7A 4B 75 73 22 7D 2C 22  l/SfpHwxzKus"},"
000002C0: 32 22 3A 7B 22 73 74 72  22 3A 22 68 74 74 70 3A  2":{"str":"http:
000002D0: 2F 2F 4D 74 61 55 37 77  39 69 64 43 30 42 48 71  //MtaU7w9idC0BHq
000002E0: 52 69 66 69 78 64 6C 74  52 78 39 61 76 4D 6D 43  RifixdltRx9avMmC
000002F0: 6C 41 46 67 47 74 32 4A  46 76 44 6C 33 74 6D 32  lAFgGt2JFvDl3tm2
00000300: 66 75 37 4B 58 4F 4E 6F  39 55 76 45 42 35 6E 69  fu7KXONo9UvEB5ni
00000310: 43 6F 22 7D 7D 2C 7B 22  31 22 3A 7B 22 73 74 72  Co"}},{"1":{"str
00000320: 22 3A 22 68 74 74 70 3A  2F 2F 73 68 6F 72 74 2D  ":"http://short-
00000330: 75 72 6C 2F 6B 34 34 4E  57 62 4D 4C 5A 59 22 7D  url/k44NWbMLZY"}
00000340: 2C 22 32 22 3A 7B 22 73  74 72 22 3A 22 68 74 74  ,"2":{"str":"htt
00000350: 70 3A 2F 2F 74 44 64 57  48 33 6C 59 41 6D 7A 42  p://tDdWH3lYAmzB
00000360: 41 77 4A 68 4F 39 6D 36  37 55 62 4E 4C 38 4D 46  AwJhO9m67UbNL8MF
00000370: 75 4D 63 55 49 42 47 59  69 5A 72 4C 49 68 77 51  uMcUIBGYiZrLIhwQ
00000380: 73 63 33 6F 37 5A 30 48  54 6A 55 4B 58 69 6F 4D  sc3o7Z0HTjUKXioM
00000390: 7A 36 5A 65 22 7D 7D 2C  7B 22 31 22 3A 7B 22 73  z6Ze"}},{"1":{"s
000003A0: 74 72 22 3A 22 68 74 74  70 3A 2F 2F 73 68 6F 72  tr":"http://shor
000003B0: 74 2D 75 72 6C 2F 6B 69  43 7A 77 6C 4E 71 54 69  t-url/kiCzwlNqTi
000003C0: 22 7D 2C 22 32 22 3A 7B  22 73 74 72 22 3A 22 68  "},"2":{"str":"h
000003D0: 74 74 70 3A 2F 2F 39 4D  6C 6E 4F 53 4E 36 32 48  ttp://9MlnOSN62H
000003E0: 37 59 49 6E 42 4F 77 4B  44 65 42 47 6A 52 56 72  7YInBOwKDeBGjRVr
000003F0: 50 50 39 6E 6B 5A 50 59  5A 74 61 54 63 42 6D 58  PP9nkZPYZtaTcBmX
00000400: 52 39 75 4C 68 75 76 35  30 70 7A 31 5A 30 73 4B  R9uLhuv50pz1Z0sK
00000410: 6A 74 78 61 4B 58 22 7D  7D 2C 7B 22 31 22 3A 7B  jtxaKX"}},{"1":{
00000420: 22 73 74 72 22 3A 22 68  74 74 70 3A 2F 2F 73 68  "str":"http://sh
00000430: 6F 72 74 2D 75 72 6C 2F  73 34 68 74 78 53 67 42  ort-url/s4htxSgB
00000440: 77 30 22 7D 2C 22 32 22  3A 7B 22 73 74 72 22 3A  w0"},"2":{"str":
00000450: 22 68 74 74 70 3A 2F 2F  49 69 51 66 35 69 4E 6F  "http://IiQf5iNo
00000460: 61 67 6E 6E 6D 4C 4B 48  65 35 6F 66 63 6E 73 48  agnnmLKHe5ofcnsH
00000470: 75 4C 4E 34 50 4A 68 68  6E 39 39 5A 74 47 64 6A  uLN4PJhhn99ZtGdj
00000480: 46 78 44 36 52 4F 6B 4E  35 6C 33 62 63 49 6E 7A  FxD6ROkN5l3bcInz
00000490: 6E 52 72 4A 39 66 61 58  22 7D 7D 5D 7D 7D 7D 7D  nRrJ9faX"}}]}}}}
000004A0: 5D                                                ]
====
STREAM PID 60589.0xffff9482d7141200 (C) > 60554.0xffff9482de657e00 (S), length 648
command[60589]: b'./src/ComposePostService/ComposePostService'
command[60554]: b'./cmake-build/src/TextService/TextService'
----
00000000: 00 00 02 84 5B 31 2C 22  43 6F 6D 70 6F 73 65 54  ....[1,"ComposeT
00000010: 65 78 74 22 2C 31 2C 30  2C 7B 22 31 22 3A 7B 22  ext",1,0,{"1":{"
00000020: 69 36 34 22 3A 32 38 39  30 37 31 36 30 36 32 34  i64":28907160624
00000030: 35 32 30 32 31 37 36 7D  2C 22 32 22 3A 7B 22 73  5202176},"2":{"s
00000040: 74 72 22 3A 22 49 76 66  64 58 64 38 76 74 41 33  tr":"IvfdXd8vtA3
00000050: 68 59 79 6B 6A 6D 71 33  73 6D 46 34 62 6F 48 6C  hYykjmq3smF4boHl
00000060: 7A 75 43 6D 70 63 55 50  48 71 44 30 45 43 37 4A  zuCmpcUPHqD0EC7J
00000070: 5A 79 32 73 34 31 49 67  5A 42 6C 34 31 51 67 62  Zy2s41IgZBl41Qgb
00000080: 45 62 37 6F 31 69 38 38  45 36 33 46 37 58 68 30  Eb7o1i88E63F7Xh0
00000090: 42 53 75 36 66 77 4A 4B  66 4F 6C 69 37 31 70 48  BSu6fwJKfOli71pH
000000A0: 45 34 71 61 6F 72 5A 48  55 64 6E 64 73 52 6A 52  E4qaorZHUdndsRjR
000000B0: 52 44 5A 46 35 4F 39 38  6E 35 70 7A 64 43 68 6E  RDZF5O98n5pzdChn
000000C0: 52 7A 49 73 71 52 49 69  34 6E 6D 37 66 73 37 76  RzIsqRIi4nm7fs7v
000000D0: 45 32 47 30 45 30 6F 43  67 73 77 68 35 38 51 62  E2G0E0oCgswh58Qb
000000E0: 6C 6F 35 45 46 74 51 36  70 6B 37 67 53 5A 4D 72  lo5EFtQ6pk7gSZMr
000000F0: 38 50 36 32 78 49 43 55  37 50 54 48 55 64 70 36  8P62xICU7PTHUdp6
00000100: 41 76 51 5A 67 72 31 70  65 53 70 35 51 51 6B 68  AvQZgr1peSp5QQkh
00000110: 58 7A 36 61 52 6F 52 54  44 73 62 4C 6E 55 62 35  Xz6aRoRTDsbLnUb5
00000120: 34 56 67 64 6C 65 68 35  36 4C 43 48 63 77 68 6B  4Vgdleh56LCHcwhk
00000130: 61 59 70 64 31 35 6A 64  5A 61 6D 41 4F 37 47 61  aYpd15jdZamAO7Ga
00000140: 4C 33 6B 67 6D 20 68 74  74 70 3A 2F 2F 65 57 75  L3kgm http://eWu
00000150: 6A 6B 79 6D 38 77 41 4D  57 4E 62 34 4C 41 6B 54  jkym8wAMWNb4LAkT
00000160: 6C 35 59 45 6D 47 33 5A  48 47 35 62 49 5A 41 66  l5YEmG3ZHG5bIZAf
00000170: 6F 30 6C 63 69 69 51 30  36 73 61 58 31 6B 37 4C  o0lciiQ06saX1k7L
00000180: 76 68 79 72 6D 55 71 51  44 41 58 37 71 20 68 74  vhyrmUqQDAX7q ht
00000190: 74 70 3A 2F 2F 51 72 57  38 49 77 72 50 4B 4F 42  tp://QrW8IwrPKOB
000001A0: 78 33 53 56 73 4E 4F 63  64 66 7A 36 6E 4F 68 55  x3SVsNOcdfz6nOhU
000001B0: 72 58 39 43 71 6D 6F 64  50 34 5A 6F 55 57 76 6C  rX9CqmodP4ZoUWvl
000001C0: 65 47 32 31 53 73 64 53  53 6D 47 37 77 77 32 6F  eG21SsdSSmG7ww2o
000001D0: 50 52 37 6A 67 20 68 74  74 70 3A 2F 2F 71 67 42  PR7jg http://qgB
000001E0: 4C 78 57 47 54 57 65 69  42 67 6D 59 6C 41 36 36  LxWGTWeiBgmYlA66
000001F0: 51 41 30 5A 55 42 38 51  43 39 78 7A 77 76 63 78  QA0ZUB8QC9xzwvcx
00000200: 45 41 4E 58 42 6F 6E 34  4F 6D 44 34 5A 56 50 4B  EANXBon4OmD4ZVPK
00000210: 73 66 6A 44 32 78 4E 62  37 41 72 71 4C 20 68 74  sfjD2xNb7ArqL ht
00000220: 74 70 3A 2F 2F 4D 33 45  71 47 44 6F 59 49 47 43  tp://M3EqGDoYIGC
00000230: 54 33 56 71 41 74 4B 51  51 32 64 46 30 79 6E 75  T3VqAtKQQ2dF0ynu
00000240: 6E 4D 39 34 74 35 76 57  65 61 68 6A 39 6E 30 55  nM94t5vWeahj9n0U
00000250: 78 41 45 6F 4A 49 78 4D  71 73 39 49 79 6E 36 61  xAEoJIxMqs9Iyn6a
00000260: 74 69 49 6E 7A 22 7D 2C  22 33 22 3A 7B 22 6D 61  tiInz"},"3":{"ma
00000270: 70 22 3A 5B 22 73 74 72  22 2C 22 73 74 72 22 2C  p":["str","str",
00000280: 30 2C 7B 7D 5D 7D 7D 5D                           0,{}]}}]
====
STREAM PID 60554.0xffff9482de657e00 (S) > 60589.0xffff9482d7141200 (C), length 988
command[60554]: b'./cmake-build/src/TextService/TextService'
command[60589]: b'./src/ComposePostService/ComposePostService'
----
00000000: 00 00 03 D8 5B 31 2C 22  43 6F 6D 70 6F 73 65 54  ....[1,"ComposeT
00000010: 65 78 74 22 2C 32 2C 30  2C 7B 22 30 22 3A 7B 22  ext",2,0,{"0":{"
00000020: 72 65 63 22 3A 7B 22 31  22 3A 7B 22 73 74 72 22  rec":{"1":{"str"
00000030: 3A 22 49 76 66 64 58 64  38 76 74 41 33 68 59 79  :"IvfdXd8vtA3hYy
00000040: 6B 6A 6D 71 33 73 6D 46  34 62 6F 48 6C 7A 75 43  kjmq3smF4boHlzuC
00000050: 6D 70 63 55 50 48 71 44  30 45 43 37 4A 5A 79 32  mpcUPHqD0EC7JZy2
00000060: 73 34 31 49 67 5A 42 6C  34 31 51 67 62 45 62 37  s41IgZBl41QgbEb7
00000070: 6F 31 69 38 38 45 36 33  46 37 58 68 30 42 53 75  o1i88E63F7Xh0BSu
00000080: 36 66 77 4A 4B 66 4F 6C  69 37 31 70 48 45 34 71  6fwJKfOli71pHE4q
00000090: 61 6F 72 5A 48 55 64 6E  64 73 52 6A 52 52 44 5A  aorZHUdndsRjRRDZ
000000A0: 46 35 4F 39 38 6E 35 70  7A 64 43 68 6E 52 7A 49  F5O98n5pzdChnRzI
000000B0: 73 71 52 49 69 34 6E 6D  37 66 73 37 76 45 32 47  sqRIi4nm7fs7vE2G
000000C0: 30 45 30 6F 43 67 73 77  68 35 38 51 62 6C 6F 35  0E0oCgswh58Qblo5
000000D0: 45 46 74 51 36 70 6B 37  67 53 5A 4D 72 38 50 36  EFtQ6pk7gSZMr8P6
000000E0: 32 78 49 43 55 37 50 54  48 55 64 70 36 41 76 51  2xICU7PTHUdp6AvQ
000000F0: 5A 67 72 31 70 65 53 70  35 51 51 6B 68 58 7A 36  Zgr1peSp5QQkhXz6
00000100: 61 52 6F 52 54 44 73 62  4C 6E 55 62 35 34 56 67  aRoRTDsbLnUb54Vg
00000110: 64 6C 65 68 35 36 4C 43  48 63 77 68 6B 61 59 70  dleh56LCHcwhkaYp
00000120: 64 31 35 6A 64 5A 61 6D  41 4F 37 47 61 4C 33 6B  d15jdZamAO7GaL3k
00000130: 67 6D 20 68 74 74 70 3A  2F 2F 73 68 6F 72 74 2D  gm http://short-
00000140: 75 72 6C 2F 53 31 43 45  6C 32 38 70 7A 6A 20 68  url/S1CEl28pzj h
00000150: 74 74 70 3A 2F 2F 73 68  6F 72 74 2D 75 72 6C 2F  ttp://short-url/
00000160: 69 4C 78 70 4B 4F 4C 38  47 49 20 68 74 74 70 3A  iLxpKOL8GI http:
00000170: 2F 2F 73 68 6F 72 74 2D  75 72 6C 2F 72 36 33 70  //short-url/r63p
00000180: 47 69 66 71 6C 4A 20 68  74 74 70 3A 2F 2F 73 68  GifqlJ http://sh
00000190: 6F 72 74 2D 75 72 6C 2F  35 43 70 7A 6A 69 6A 67  ort-url/5Cpzjijg
000001A0: 4E 6D 22 7D 2C 22 32 22  3A 7B 22 6C 73 74 22 3A  Nm"},"2":{"lst":
000001B0: 5B 22 72 65 63 22 2C 30  5D 7D 2C 22 33 22 3A 7B  ["rec",0]},"3":{
000001C0: 22 6C 73 74 22 3A 5B 22  72 65 63 22 2C 34 2C 7B  "lst":["rec",4,{
000001D0: 22 31 22 3A 7B 22 73 74  72 22 3A 22 68 74 74 70  "1":{"str":"http
000001E0: 3A 2F 2F 73 68 6F 72 74  2D 75 72 6C 2F 53 31 43  ://short-url/S1C
000001F0: 45 6C 32 38 70 7A 6A 22  7D 2C 22 32 22 3A 7B 22  El28pzj"},"2":{"
00000200: 73 74 72 22 3A 22 68 74  74 70 3A 2F 2F 65 57 75  str":"http://eWu
00000210: 6A 6B 79 6D 38 77 41 4D  57 4E 62 34 4C 41 6B 54  jkym8wAMWNb4LAkT
00000220: 6C 35 59 45 6D 47 33 5A  48 47 35 62 49 5A 41 66  l5YEmG3ZHG5bIZAf
00000230: 6F 30 6C 63 69 69 51 30  36 73 61 58 31 6B 37 4C  o0lciiQ06saX1k7L
00000240: 76 68 79 72 6D 55 71 51  44 41 58 37 71 22 7D 7D  vhyrmUqQDAX7q"}}
00000250: 2C 7B 22 31 22 3A 7B 22  73 74 72 22 3A 22 68 74  ,{"1":{"str":"ht
00000260: 74 70 3A 2F 2F 73 68 6F  72 74 2D 75 72 6C 2F 69  tp://short-url/i
00000270: 4C 78 70 4B 4F 4C 38 47  49 22 7D 2C 22 32 22 3A  LxpKOL8GI"},"2":
00000280: 7B 22 73 74 72 22 3A 22  68 74 74 70 3A 2F 2F 51  {"str":"http://Q
00000290: 72 57 38 49 77 72 50 4B  4F 42 78 33 53 56 73 4E  rW8IwrPKOBx3SVsN
000002A0: 4F 63 64 66 7A 36 6E 4F  68 55 72 58 39 43 71 6D  Ocdfz6nOhUrX9Cqm
000002B0: 6F 64 50 34 5A 6F 55 57  76 6C 65 47 32 31 53 73  odP4ZoUWvleG21Ss
000002C0: 64 53 53 6D 47 37 77 77  32 6F 50 52 37 6A 67 22  dSSmG7ww2oPR7jg"
000002D0: 7D 7D 2C 7B 22 31 22 3A  7B 22 73 74 72 22 3A 22  }},{"1":{"str":"
000002E0: 68 74 74 70 3A 2F 2F 73  68 6F 72 74 2D 75 72 6C  http://short-url
000002F0: 2F 72 36 33 70 47 69 66  71 6C 4A 22 7D 2C 22 32  /r63pGifqlJ"},"2
00000300: 22 3A 7B 22 73 74 72 22  3A 22 68 74 74 70 3A 2F  ":{"str":"http:/
00000310: 2F 71 67 42 4C 78 57 47  54 57 65 69 42 67 6D 59  /qgBLxWGTWeiBgmY
00000320: 6C 41 36 36 51 41 30 5A  55 42 38 51 43 39 78 7A  lA66QA0ZUB8QC9xz
00000330: 77 76 63 78 45 41 4E 58  42 6F 6E 34 4F 6D 44 34  wvcxEANXBon4OmD4
00000340: 5A 56 50 4B 73 66 6A 44  32 78 4E 62 37 41 72 71  ZVPKsfjD2xNb7Arq
00000350: 4C 22 7D 7D 2C 7B 22 31  22 3A 7B 22 73 74 72 22  L"}},{"1":{"str"
00000360: 3A 22 68 74 74 70 3A 2F  2F 73 68 6F 72 74 2D 75  :"http://short-u
00000370: 72 6C 2F 35 43 70 7A 6A  69 6A 67 4E 6D 22 7D 2C  rl/5CpzjijgNm"},
00000380: 22 32 22 3A 7B 22 73 74  72 22 3A 22 68 74 74 70  "2":{"str":"http
00000390: 3A 2F 2F 4D 33 45 71 47  44 6F 59 49 47 43 54 33  ://M3EqGDoYIGCT3
000003A0: 56 71 41 74 4B 51 51 32  64 46 30 79 6E 75 6E 4D  VqAtKQQ2dF0ynunM
000003B0: 39 34 74 35 76 57 65 61  68 6A 39 6E 30 55 78 41  94t5vWeahj9n0UxA
000003C0: 45 6F 4A 49 78 4D 71 73  39 49 79 6E 36 61 74 69  EoJIxMqs9Iyn6ati
000003D0: 49 6E 7A 22 7D 7D 5D 7D  7D 7D 7D 5D              Inz"}}]}}}}]
====
STREAM PID 60589.0xffff9482d7141200 (C) > 60554.0xffff9482de657e00 (S), length 603
command[60589]: b'./src/ComposePostService/ComposePostService'
command[60554]: b'./cmake-build/src/TextService/TextService'
----
00000000: 00 00 02 57 5B 31 2C 22  43 6F 6D 70 6F 73 65 54  ...W[1,"ComposeT
00000010: 65 78 74 22 2C 31 2C 30  2C 7B 22 31 22 3A 7B 22  ext",1,0,{"1":{"
00000020: 69 36 34 22 3A 31 30 37  36 37 33 30 31 34 32 31  i64":10767301421
00000030: 36 33 31 33 39 32 30 30  7D 2C 22 32 22 3A 7B 22  63139200},"2":{"
00000040: 73 74 72 22 3A 22 68 31  50 4E 48 63 77 6A 31 49  str":"h1PNHcwj1I
00000050: 6D 68 49 43 41 46 43 47  65 6E 46 49 48 57 78 74  mhICAFCGenFIHWxt
00000060: 74 38 48 73 35 48 59 56  35 41 41 44 70 37 4D 34  t8Hs5HYV5AADp7M4
00000070: 6C 38 57 67 50 6F 52 5A  50 6F 53 43 69 49 78 51  l8WgPoRZPoSCiIxQ
00000080: 77 6B 76 55 33 62 55 5A  4B 6A 32 57 36 39 4B 58  wkvU3bUZKj2W69KX
00000090: 6C 73 36 77 6D 32 71 56  30 4B 54 6D 72 6B 39 57  ls6wm2qV0KTmrk9W
000000A0: 68 6E 65 6F 75 71 53 54  52 52 67 38 49 41 47 4A  hneouqSTRRg8IAGJ
000000B0: 78 4A 4A 31 78 55 33 56  70 46 52 47 55 62 46 77  xJJ1xU3VpFRGUbFw
000000C0: 74 53 76 63 6B 53 78 66  46 33 6D 4F 59 66 6B 50  tSvckSxfF3mOYfkP
000000D0: 73 68 66 51 4C 6F 37 50  46 42 66 57 37 45 74 68  shfQLo7PFBfW7Eth
000000E0: 39 44 5A 53 45 58 42 44  44 68 78 7A 63 41 62 54  9DZSEXBDDhxzcAbT
000000F0: 4E 70 36 45 53 43 32 5A  4A 7A 6B 42 7A 49 59 4D  Np6ESC2ZJzkBzIYM
00000100: 4E 32 36 6D 4A 57 51 41  33 6E 5A 58 56 5A 42 5A  N26mJWQA3nZXVZBZ
00000110: 31 56 41 59 52 75 4A 70  68 55 78 59 62 73 4A 4C  1VAYRuJphUxYbsJL
00000120: 74 53 79 53 44 64 33 7A  54 31 66 6A 30 6D 6C 70  tSySDd3zT1fj0mlp
00000130: 47 6E 34 55 7A 74 78 66  6C 78 76 48 43 79 4E 71  Gn4UztxflxvHCyNq
00000140: 58 53 49 31 6E 64 20 40  75 73 65 72 6E 61 6D 65  XSI1nd @username
00000150: 5F 37 38 30 20 40 75 73  65 72 6E 61 6D 65 5F 32  _780 @username_2
00000160: 20 68 74 74 70 3A 2F 2F  69 4E 55 38 62 41 66 68   http://iNU8bAfh
00000170: 46 37 4F 6B 78 31 78 6B  61 52 64 6A 4B 45 59 57  F7Okx1xkaRdjKEYW
00000180: 76 72 52 72 77 70 31 35  4E 50 52 32 69 64 61 64  vrRrwp15NPR2idad
00000190: 62 57 52 47 6B 71 79 41  75 69 64 46 76 59 45 43  bWRGkqyAuidFvYEC
000001A0: 4E 49 5A 44 62 74 6C 38  20 68 74 74 70 3A 2F 2F  NIZDbtl8 http://
000001B0: 66 6A 68 79 54 66 41 78  6A 42 6E 56 41 45 62 47  fjhyTfAxjBnVAEbG
000001C0: 51 52 38 41 6A 63 6F 33  4C 77 4F 41 6A 71 54 67  QR8Ajco3LwOAjqTg
000001D0: 4F 67 49 55 35 67 75 73  58 4F 52 66 47 63 35 45  OgIU5gusXORfGc5E
000001E0: 66 36 6B 4A 70 50 34 50  64 65 74 50 38 46 4B 4A  f6kJpP4PdetP8FKJ
000001F0: 20 68 74 74 70 3A 2F 2F  33 51 39 49 6B 43 65 70   http://3Q9IkCep
00000200: 6A 53 45 33 77 4A 6D 66  79 44 6E 72 44 7A 65 48  jSE3wJmfyDnrDzeH
00000210: 76 69 6E 32 6B 33 42 71  61 66 74 37 59 51 35 57  vin2k3Bqaft7YQ5W
00000220: 59 71 32 6B 68 53 63 54  44 49 59 35 48 30 66 72  Yq2khScTDIY5H0fr
00000230: 50 62 43 41 33 4F 5A 48  22 7D 2C 22 33 22 3A 7B  PbCA3OZH"},"3":{
00000240: 22 6D 61 70 22 3A 5B 22  73 74 72 22 2C 22 73 74  "map":["str","st
00000250: 72 22 2C 30 2C 7B 7D 5D  7D 7D 5D                 r",0,{}]}}]
====
STREAM PID 60554.0xffff9482de657e00 (S) > 60589.0xffff9482d7141200 (C), length 856
command[60554]: b'./cmake-build/src/TextService/TextService'
command[60589]: b'./src/ComposePostService/ComposePostService'
----
00000000: 00 00 03 54 5B 31 2C 22  43 6F 6D 70 6F 73 65 54  ...T[1,"ComposeT
00000010: 65 78 74 22 2C 32 2C 30  2C 7B 22 30 22 3A 7B 22  ext",2,0,{"0":{"
00000020: 72 65 63 22 3A 7B 22 31  22 3A 7B 22 73 74 72 22  rec":{"1":{"str"
00000030: 3A 22 68 31 50 4E 48 63  77 6A 31 49 6D 68 49 43  :"h1PNHcwj1ImhIC
00000040: 41 46 43 47 65 6E 46 49  48 57 78 74 74 38 48 73  AFCGenFIHWxtt8Hs
00000050: 35 48 59 56 35 41 41 44  70 37 4D 34 6C 38 57 67  5HYV5AADp7M4l8Wg
00000060: 50 6F 52 5A 50 6F 53 43  69 49 78 51 77 6B 76 55  PoRZPoSCiIxQwkvU
00000070: 33 62 55 5A 4B 6A 32 57  36 39 4B 58 6C 73 36 77  3bUZKj2W69KXls6w
00000080: 6D 32 71 56 30 4B 54 6D  72 6B 39 57 68 6E 65 6F  m2qV0KTmrk9Whneo
00000090: 75 71 53 54 52 52 67 38  49 41 47 4A 78 4A 4A 31  uqSTRRg8IAGJxJJ1
000000A0: 78 55 33 56 70 46 52 47  55 62 46 77 74 53 76 63  xU3VpFRGUbFwtSvc
000000B0: 6B 53 78 66 46 33 6D 4F  59 66 6B 50 73 68 66 51  kSxfF3mOYfkPshfQ
000000C0: 4C 6F 37 50 46 42 66 57  37 45 74 68 39 44 5A 53  Lo7PFBfW7Eth9DZS
000000D0: 45 58 42 44 44 68 78 7A  63 41 62 54 4E 70 36 45  EXBDDhxzcAbTNp6E
000000E0: 53 43 32 5A 4A 7A 6B 42  7A 49 59 4D 4E 32 36 6D  SC2ZJzkBzIYMN26m
000000F0: 4A 57 51 41 33 6E 5A 58  56 5A 42 5A 31 56 41 59  JWQA3nZXVZBZ1VAY
00000100: 52 75 4A 70 68 55 78 59  62 73 4A 4C 74 53 79 53  RuJphUxYbsJLtSyS
00000110: 44 64 33 7A 54 31 66 6A  30 6D 6C 70 47 6E 34 55  Dd3zT1fj0mlpGn4U
00000120: 7A 74 78 66 6C 78 76 48  43 79 4E 71 58 53 49 31  ztxflxvHCyNqXSI1
00000130: 6E 64 20 40 75 73 65 72  6E 61 6D 65 5F 37 38 30  nd @username_780
00000140: 20 40 75 73 65 72 6E 61  6D 65 5F 32 20 68 74 74   @username_2 htt
00000150: 70 3A 2F 2F 73 68 6F 72  74 2D 75 72 6C 2F 31 52  p://short-url/1R
00000160: 41 61 57 52 57 74 32 54  20 68 74 74 70 3A 2F 2F  AaWRWt2T http://
00000170: 73 68 6F 72 74 2D 75 72  6C 2F 4A 74 55 55 30 66  short-url/JtUU0f
00000180: 43 71 54 53 20 68 74 74  70 3A 2F 2F 73 68 6F 72  CqTS http://shor
00000190: 74 2D 75 72 6C 2F 34 38  57 6F 6E 32 5A 6F 42 62  t-url/48Won2ZoBb
000001A0: 22 7D 2C 22 32 22 3A 7B  22 6C 73 74 22 3A 5B 22  "},"2":{"lst":["
000001B0: 72 65 63 22 2C 30 5D 7D  2C 22 33 22 3A 7B 22 6C  rec",0]},"3":{"l
000001C0: 73 74 22 3A 5B 22 72 65  63 22 2C 33 2C 7B 22 31  st":["rec",3,{"1
000001D0: 22 3A 7B 22 73 74 72 22  3A 22 68 74 74 70 3A 2F  ":{"str":"http:/
000001E0: 2F 73 68 6F 72 74 2D 75  72 6C 2F 31 52 41 61 57  /short-url/1RAaW
000001F0: 52 57 74 32 54 22 7D 2C  22 32 22 3A 7B 22 73 74  RWt2T"},"2":{"st
00000200: 72 22 3A 22 68 74 74 70  3A 2F 2F 69 4E 55 38 62  r":"http://iNU8b
00000210: 41 66 68 46 37 4F 6B 78  31 78 6B 61 52 64 6A 4B  AfhF7Okx1xkaRdjK
00000220: 45 59 57 76 72 52 72 77  70 31 35 4E 50 52 32 69  EYWvrRrwp15NPR2i
00000230: 64 61 64 62 57 52 47 6B  71 79 41 75 69 64 46 76  dadbWRGkqyAuidFv
00000240: 59 45 43 4E 49 5A 44 62  74 6C 38 22 7D 7D 2C 7B  YECNIZDbtl8"}},{
00000250: 22 31 22 3A 7B 22 73 74  72 22 3A 22 68 74 74 70  "1":{"str":"http
00000260: 3A 2F 2F 73 68 6F 72 74  2D 75 72 6C 2F 4A 74 55  ://short-url/JtU
00000270: 55 30 66 43 71 54 53 22  7D 2C 22 32 22 3A 7B 22  U0fCqTS"},"2":{"
00000280: 73 74 72 22 3A 22 68 74  74 70 3A 2F 2F 66 6A 68  str":"http://fjh
00000290: 79 54 66 41 78 6A 42 6E  56 41 45 62 47 51 52 38  yTfAxjBnVAEbGQR8
000002A0: 41 6A 63 6F 33 4C 77 4F  41 6A 71 54 67 4F 67 49  Ajco3LwOAjqTgOgI
000002B0: 55 35 67 75 73 58 4F 52  66 47 63 35 45 66 36 6B  U5gusXORfGc5Ef6k
000002C0: 4A 70 50 34 50 64 65 74  50 38 46 4B 4A 22 7D 7D  JpP4PdetP8FKJ"}}
000002D0: 2C 7B 22 31 22 3A 7B 22  73 74 72 22 3A 22 68 74  ,{"1":{"str":"ht
000002E0: 74 70 3A 2F 2F 73 68 6F  72 74 2D 75 72 6C 2F 34  tp://short-url/4
000002F0: 38 57 6F 6E 32 5A 6F 42  62 22 7D 2C 22 32 22 3A  8Won2ZoBb"},"2":
00000300: 7B 22 73 74 72 22 3A 22  68 74 74 70 3A 2F 2F 33  {"str":"http://3
00000310: 51 39 49 6B 43 65 70 6A  53 45 33 77 4A 6D 66 79  Q9IkCepjSE3wJmfy
00000320: 44 6E 72 44 7A 65 48 76  69 6E 32 6B 33 42 71 61  DnrDzeHvin2k3Bqa
00000330: 66 74 37 59 51 35 57 59  71 32 6B 68 53 63 54 44  ft7YQ5WYq2khScTD
00000340: 49 59 35 48 30 66 72 50  62 43 41 33 4F 5A 48 22  IY5H0frPbCA3OZH"
00000350: 7D 7D 5D 7D 7D 7D 7D 5D                           }}]}}}}]
====
STREAM PID 60589.0xffff9482d7141200 (C) > 60554.0xffff9482de657e00 (S), length 546
command[60589]: b'./src/ComposePostService/ComposePostService'
command[60554]: b'./cmake-build/src/TextService/TextService'
----
00000000: 00 00 02 1E 5B 31 2C 22  43 6F 6D 70 6F 73 65 54  ....[1,"ComposeT
00000010: 65 78 74 22 2C 31 2C 30  2C 7B 22 31 22 3A 7B 22  ext",1,0,{"1":{"
00000020: 69 36 34 22 3A 39 30 36  32 31 36 30 35 37 32 33  i64":90621605723
00000030: 36 30 38 35 33 37 36 7D  2C 22 32 22 3A 7B 22 73  6085376},"2":{"s
00000040: 74 72 22 3A 22 76 4A 58  5A 32 30 78 56 52 53 56  tr":"vJXZ20xVRSV
00000050: 4E 53 45 67 38 68 67 4E  56 73 4C 77 51 67 32 61  NSEg8hgNVsLwQg2a
00000060: 4F 63 71 48 78 78 73 67  42 32 58 54 32 56 70 42  OcqHxxsgB2XT2VpB
00000070: 48 46 48 51 4F 4F 39 64  4D 39 59 75 68 55 5A 59  HFHQOO9dM9YuhUZY
00000080: 64 78 6C 50 75 37 66 64  6B 66 49 5A 38 32 4E 37  dxlPu7fdkfIZ82N7
00000090: 72 32 76 65 45 47 65 36  6E 4B 47 47 6C 57 33 75  r2veEGe6nKGGlW3u
000000A0: 6E 79 55 6F 51 49 43 6E  6E 35 57 58 67 58 50 45  nyUoQICnn5WXgXPE
000000B0: 42 34 50 36 39 68 79 68  78 44 6B 6F 30 61 72 6E  B4P69hyhxDko0arn
000000C0: 68 76 31 52 39 52 44 38  41 49 68 52 33 54 44 55  hv1R9RD8AIhR3TDU
000000D0: 4E 55 79 75 58 43 55 73  45 71 53 63 4F 77 68 4A  NUyuXCUsEqScOwhJ
000000E0: 46 53 43 43 4B 6E 73 77  6B 6F 6C 33 37 6C 50 66  FSCCKnswkol37lPf
000000F0: 6F 39 34 4A 34 6C 41 73  65 53 5A 41 53 4F 61 45  o94J4lAseSZASOaE
00000100: 4F 69 73 46 6D 6A 6D 4F  54 4D 50 50 41 6B 6A 53  OisFmjmOTMPPAkjS
00000110: 7A 43 6C 31 55 77 67 78  47 38 6A 6E 59 73 74 47  zCl1UwgxG8jnYstG
00000120: 71 4E 54 79 65 39 38 6E  46 4F 4E 43 42 51 64 31  qNTye98nFONCBQd1
00000130: 35 33 71 68 75 58 39 6F  34 62 7A 35 67 51 4A 72  53qhuX9o4bz5gQJr
00000140: 4E 55 71 59 4A 20 40 75  73 65 72 6E 61 6D 65 5F  NUqYJ @username_
00000150: 36 30 31 20 40 75 73 65  72 6E 61 6D 65 5F 36 38  601 @username_68
00000160: 30 20 40 75 73 65 72 6E  61 6D 65 5F 39 31 38 20  0 @username_918 
00000170: 68 74 74 70 3A 2F 2F 50  66 64 61 61 6C 33 70 45  http://Pfdaal3pE
00000180: 31 7A 75 38 4F 4E 35 4A  74 52 55 49 7A 51 69 41  1zu8ON5JtRUIzQiA
00000190: 70 54 53 45 4B 6F 72 71  4E 55 4B 72 4F 41 4B 64  pTSEKorqNUKrOAKd
000001A0: 68 49 43 36 33 47 56 79  36 43 34 48 68 58 35 64  hIC63GVy6C4HhX5d
000001B0: 76 64 61 54 65 6C 42 20  68 74 74 70 3A 2F 2F 47  vdaTelB http://G
000001C0: 45 45 58 76 62 79 73 62  77 51 76 7A 48 67 6B 47  EEXvbysbwQvzHgkG
000001D0: 34 31 67 58 76 30 64 43  64 36 36 67 46 4C 50 69  41gXv0dCd66gFLPi
000001E0: 39 6C 50 75 6B 68 77 33  33 5A 56 59 38 49 6E 47  9lPukhw33ZVY8InG
000001F0: 34 63 50 34 4A 73 7A 52  31 52 45 54 73 66 69 22  4cP4JszR1RETsfi"
00000200: 7D 2C 22 33 22 3A 7B 22  6D 61 70 22 3A 5B 22 73  },"3":{"map":["s
00000210: 74 72 22 2C 22 73 74 72  22 2C 30 2C 7B 7D 5D 7D  tr","str",0,{}]}
00000220: 7D 5D                                             }]
====
STREAM PID 60554.0xffff9482de657e00 (S) > 60589.0xffff9482d7141200 (C), length 714
command[60554]: b'./cmake-build/src/TextService/TextService'
command[60589]: b'./src/ComposePostService/ComposePostService'
----
00000000: 00 00 02 C6 5B 31 2C 22  43 6F 6D 70 6F 73 65 54  ....[1,"ComposeT
00000010: 65 78 74 22 2C 32 2C 30  2C 7B 22 30 22 3A 7B 22  ext",2,0,{"0":{"
00000020: 72 65 63 22 3A 7B 22 31  22 3A 7B 22 73 74 72 22  rec":{"1":{"str"
00000030: 3A 22 76 4A 58 5A 32 30  78 56 52 53 56 4E 53 45  :"vJXZ20xVRSVNSE
00000040: 67 38 68 67 4E 56 73 4C  77 51 67 32 61 4F 63 71  g8hgNVsLwQg2aOcq
00000050: 48 78 78 73 67 42 32 58  54 32 56 70 42 48 46 48  HxxsgB2XT2VpBHFH
00000060: 51 4F 4F 39 64 4D 39 59  75 68 55 5A 59 64 78 6C  QOO9dM9YuhUZYdxl
00000070: 50 75 37 66 64 6B 66 49  5A 38 32 4E 37 72 32 76  Pu7fdkfIZ82N7r2v
00000080: 65 45 47 65 36 6E 4B 47  47 6C 57 33 75 6E 79 55  eEGe6nKGGlW3unyU
00000090: 6F 51 49 43 6E 6E 35 57  58 67 58 50 45 42 34 50  oQICnn5WXgXPEB4P
000000A0: 36 39 68 79 68 78 44 6B  6F 30 61 72 6E 68 76 31  69hyhxDko0arnhv1
000000B0: 52 39 52 44 38 41 49 68  52 33 54 44 55 4E 55 79  R9RD8AIhR3TDUNUy
000000C0: 75 58 43 55 73 45 71 53  63 4F 77 68 4A 46 53 43  uXCUsEqScOwhJFSC
000000D0: 43 4B 6E 73 77 6B 6F 6C  33 37 6C 50 66 6F 39 34  CKnswkol37lPfo94
000000E0: 4A 34 6C 41 73 65 53 5A  41 53 4F 61 45 4F 69 73  J4lAseSZASOaEOis
000000F0: 46 6D 6A 6D 4F 54 4D 50  50 41 6B 6A 53 7A 43 6C  FmjmOTMPPAkjSzCl
00000100: 31 55 77 67 78 47 38 6A  6E 59 73 74 47 71 4E 54  1UwgxG8jnYstGqNT
00000110: 79 65 39 38 6E 46 4F 4E  43 42 51 64 31 35 33 71  ye98nFONCBQd153q
00000120: 68 75 58 39 6F 34 62 7A  35 67 51 4A 72 4E 55 71  huX9o4bz5gQJrNUq
00000130: 59 4A 20 40 75 73 65 72  6E 61 6D 65 5F 36 30 31  YJ @username_601
00000140: 20 40 75 73 65 72 6E 61  6D 65 5F 36 38 30 20 40   @username_680 @
00000150: 75 73 65 72 6E 61 6D 65  5F 39 31 38 20 68 74 74  username_918 htt
00000160: 70 3A 2F 2F 73 68 6F 72  74 2D 75 72 6C 2F 78 76  p://short-url/xv
00000170: 6D 39 65 34 6B 75 52 31  20 68 74 74 70 3A 2F 2F  m9e4kuR1 http://
00000180: 73 68 6F 72 74 2D 75 72  6C 2F 66 61 50 65 54 67  short-url/faPeTg
00000190: 6A 39 79 4B 22 7D 2C 22  32 22 3A 7B 22 6C 73 74  j9yK"},"2":{"lst
000001A0: 22 3A 5B 22 72 65 63 22  2C 30 5D 7D 2C 22 33 22  ":["rec",0]},"3"
000001B0: 3A 7B 22 6C 73 74 22 3A  5B 22 72 65 63 22 2C 32  :{"lst":["rec",2
000001C0: 2C 7B 22 31 22 3A 7B 22  73 74 72 22 3A 22 68 74  ,{"1":{"str":"ht
000001D0: 74 70 3A 2F 2F 73 68 6F  72 74 2D 75 72 6C 2F 78  tp://short-url/x
000001E0: 76 6D 39 65 34 6B 75 52  31 22 7D 2C 22 32 22 3A  vm9e4kuR1"},"2":
000001F0: 7B 22 73 74 72 22 3A 22  68 74 74 70 3A 2F 2F 50  {"str":"http://P
00000200: 66 64 61 61 6C 33 70 45  31 7A 75 38 4F 4E 35 4A  fdaal3pE1zu8ON5J
00000210: 74 52 55 49 7A 51 69 41  70 54 53 45 4B 6F 72 71  tRUIzQiApTSEKorq
00000220: 4E 55 4B 72 4F 41 4B 64  68 49 43 36 33 47 56 79  NUKrOAKdhIC63GVy
00000230: 36 43 34 48 68 58 35 64  76 64 61 54 65 6C 42 22  6C4HhX5dvdaTelB"
00000240: 7D 7D 2C 7B 22 31 22 3A  7B 22 73 74 72 22 3A 22  }},{"1":{"str":"
00000250: 68 74 74 70 3A 2F 2F 73  68 6F 72 74 2D 75 72 6C  http://short-url
00000260: 2F 66 61 50 65 54 67 6A  39 79 4B 22 7D 2C 22 32  /faPeTgj9yK"},"2
00000270: 22 3A 7B 22 73 74 72 22  3A 22 68 74 74 70 3A 2F  ":{"str":"http:/
00000280: 2F 47 45 45 58 76 62 79  73 62 77 51 76 7A 48 67  /GEEXvbysbwQvzHg
00000290: 6B 47 34 31 67 58 76 30  64 43 64 36 36 67 46 4C  kG41gXv0dCd66gFL
000002A0: 50 69 39 6C 50 75 6B 68  77 33 33 5A 56 59 38 49  Pi9lPukhw33ZVY8I
000002B0: 6E 47 34 63 50 34 4A 73  7A 52 31 52 45 54 73 66  nG4cP4JszR1RETsf
000002C0: 69 22 7D 7D 5D 7D 7D 7D  7D 5D                    i"}}]}}}}]
====
STREAM PID 60589.0xffff9482d7141200 (C) > 60554.0xffff9482de657e00 (S), length 501
command[60589]: b'./src/ComposePostService/ComposePostService'
command[60554]: b'./cmake-build/src/TextService/TextService'
----
00000000: 00 00 01 F1 5B 31 2C 22  43 6F 6D 70 6F 73 65 54  ....[1,"ComposeT
00000010: 65 78 74 22 2C 31 2C 30  2C 7B 22 31 22 3A 7B 22  ext",1,0,{"1":{"
00000020: 69 36 34 22 3A 38 30 30  30 34 30 32 33 33 34 36  i64":80004023346
00000030: 34 32 39 32 36 30 38 7D  2C 22 32 22 3A 7B 22 73  4292608},"2":{"s
00000040: 74 72 22 3A 22 61 37 71  74 64 62 6C 67 44 30 73  tr":"a7qtdblgD0s
00000050: 4C 58 32 49 54 4E 4B 77  53 41 78 56 50 50 65 51  LX2ITNKwSAxVPPeQ
00000060: 4E 77 52 68 71 6E 71 32  65 31 43 39 38 76 67 30  NwRhqnq2e1C98vg0
00000070: 41 64 78 66 57 76 53 36  62 35 32 39 6D 72 44 64  AdxfWvS6b529mrDd
00000080: 39 33 52 64 42 47 37 51  57 50 75 6C 6B 35 6B 41  93RdBG7QWPulk5kA
00000090: 57 5A 41 79 43 73 4D 51  38 54 69 6B 65 51 64 66  WZAyCsMQ8TikeQdf
000000A0: 59 74 4B 47 66 62 6C 34  64 71 74 56 48 7A 76 6B  YtKGfbl4dqtVHzvk
000000B0: 71 59 7A 38 51 43 74 75  4D 69 4D 31 41 58 65 75  qYz8QCtuMiM1AXeu
000000C0: 35 6F 74 70 74 6E 47 62  4C 4F 69 70 47 46 4D 49  5otptnGbLOipGFMI
000000D0: 6B 63 39 53 4D 34 53 61  35 4D 72 6B 70 4E 64 67  kc9SM4Sa5MrkpNdg
000000E0: 33 71 31 7A 79 75 45 74  47 31 63 65 66 6D 39 6A  3q1zyuEtG1cefm9j
000000F0: 51 7A 49 41 79 50 69 59  42 66 50 31 73 4E 54 74  QzIAyPiYBfP1sNTt
00000100: 61 6C 30 76 79 52 46 6F  75 5A 37 74 73 4F 39 5A  al0vyRFouZ7tsO9Z
00000110: 4F 6F 73 51 78 57 70 30  78 30 52 6A 78 58 66 79  OosQxWp0x0RjxXfy
00000120: 6A 37 75 33 74 49 36 68  6D 77 4D 47 56 68 33 6A  j7u3tI6hmwMGVh3j
00000130: 75 6B 33 43 53 6A 35 39  38 6F 35 64 31 42 6D 67  uk3CSj598o5d1Bmg
00000140: 4D 32 5A 5A 75 20 40 75  73 65 72 6E 61 6D 65 5F  M2ZZu @username_
00000150: 33 35 20 40 75 73 65 72  6E 61 6D 65 5F 35 36 37  35 @username_567
00000160: 20 40 75 73 65 72 6E 61  6D 65 5F 36 31 30 20 40   @username_610 @
00000170: 75 73 65 72 6E 61 6D 65  5F 37 37 31 20 40 75 73  username_771 @us
00000180: 65 72 6E 61 6D 65 5F 37  33 30 20 68 74 74 70 3A  ername_730 http:
00000190: 2F 2F 41 4A 46 56 55 6E  35 73 4B 35 66 52 52 64  //AJFVUn5sK5fRRd
000001A0: 6B 36 58 73 69 67 75 6C  71 4A 58 61 73 6C 30 78  k6XsigulqJXasl0x
000001B0: 51 4B 68 77 78 61 6D 57  76 54 73 70 46 69 4E 4D  QKhwxamWvTspFiNM
000001C0: 59 58 73 44 76 57 6F 78  7A 62 45 35 52 38 66 4E  YXsDvWoxzbE5R8fN
000001D0: 30 73 22 7D 2C 22 33 22  3A 7B 22 6D 61 70 22 3A  0s"},"3":{"map":
000001E0: 5B 22 73 74 72 22 2C 22  73 74 72 22 2C 30 2C 7B  ["str","str",0,{
000001F0: 7D 5D 7D 7D 5D                                    }]}}]
====
STREAM PID 60554.0xffff9482de657e00 (S) > 60589.0xffff9482d7141200 (C), length 583
command[60554]: b'./cmake-build/src/TextService/TextService'
command[60589]: b'./src/ComposePostService/ComposePostService'
----
00000000: 00 00 02 43 5B 31 2C 22  43 6F 6D 70 6F 73 65 54  ...C[1,"ComposeT
00000010: 65 78 74 22 2C 32 2C 30  2C 7B 22 30 22 3A 7B 22  ext",2,0,{"0":{"
00000020: 72 65 63 22 3A 7B 22 31  22 3A 7B 22 73 74 72 22  rec":{"1":{"str"
00000030: 3A 22 61 37 71 74 64 62  6C 67 44 30 73 4C 58 32  :"a7qtdblgD0sLX2
00000040: 49 54 4E 4B 77 53 41 78  56 50 50 65 51 4E 77 52  ITNKwSAxVPPeQNwR
00000050: 68 71 6E 71 32 65 31 43  39 38 76 67 30 41 64 78  hqnq2e1C98vg0Adx
00000060: 66 57 76 53 36 62 35 32  39 6D 72 44 64 39 33 52  fWvS6b529mrDd93R
00000070: 64 42 47 37 51 57 50 75  6C 6B 35 6B 41 57 5A 41  dBG7QWPulk5kAWZA
00000080: 79 43 73 4D 51 38 54 69  6B 65 51 64 66 59 74 4B  yCsMQ8TikeQdfYtK
00000090: 47 66 62 6C 34 64 71 74  56 48 7A 76 6B 71 59 7A  Gfbl4dqtVHzvkqYz
000000A0: 38 51 43 74 75 4D 69 4D  31 41 58 65 75 35 6F 74  8QCtuMiM1AXeu5ot
000000B0: 70 74 6E 47 62 4C 4F 69  70 47 46 4D 49 6B 63 39  ptnGbLOipGFMIkc9
000000C0: 53 4D 34 53 61 35 4D 72  6B 70 4E 64 67 33 71 31  SM4Sa5MrkpNdg3q1
000000D0: 7A 79 75 45 74 47 31 63  65 66 6D 39 6A 51 7A 49  zyuEtG1cefm9jQzI
000000E0: 41 79 50 69 59 42 66 50  31 73 4E 54 74 61 6C 30  AyPiYBfP1sNTtal0
000000F0: 76 79 52 46 6F 75 5A 37  74 73 4F 39 5A 4F 6F 73  vyRFouZ7tsO9ZOos
00000100: 51 78 57 70 30 78 30 52  6A 78 58 66 79 6A 37 75  QxWp0x0RjxXfyj7u
00000110: 33 74 49 36 68 6D 77 4D  47 56 68 33 6A 75 6B 33  3tI6hmwMGVh3juk3
00000120: 43 53 6A 35 39 38 6F 35  64 31 42 6D 67 4D 32 5A  CSj598o5d1BmgM2Z
00000130: 5A 75 20 40 75 73 65 72  6E 61 6D 65 5F 33 35 20  Zu @username_35 
00000140: 40 75 73 65 72 6E 61 6D  65 5F 35 36 37 20 40 75  @username_567 @u
00000150: 73 65 72 6E 61 6D 65 5F  36 31 30 20 40 75 73 65  sername_610 @use
00000160: 72 6E 61 6D 65 5F 37 37  31 20 40 75 73 65 72 6E  rname_771 @usern
00000170: 61 6D 65 5F 37 33 30 20  68 74 74 70 3A 2F 2F 73  ame_730 http://s
00000180: 68 6F 72 74 2D 75 72 6C  2F 48 39 71 38 4B 68 4B  hort-url/H9q8KhK
00000190: 5A 49 63 22 7D 2C 22 32  22 3A 7B 22 6C 73 74 22  ZIc"},"2":{"lst"
000001A0: 3A 5B 22 72 65 63 22 2C  30 5D 7D 2C 22 33 22 3A  :["rec",0]},"3":
000001B0: 7B 22 6C 73 74 22 3A 5B  22 72 65 63 22 2C 31 2C  {"lst":["rec",1,
000001C0: 7B 22 31 22 3A 7B 22 73  74 72 22 3A 22 68 74 74  {"1":{"str":"htt
000001D0: 70 3A 2F 2F 73 68 6F 72  74 2D 75 72 6C 2F 48 39  p://short-url/H9
000001E0: 71 38 4B 68 4B 5A 49 63  22 7D 2C 22 32 22 3A 7B  q8KhKZIc"},"2":{
000001F0: 22 73 74 72 22 3A 22 68  74 74 70 3A 2F 2F 41 4A  "str":"http://AJ
00000200: 46 56 55 6E 35 73 4B 35  66 52 52 64 6B 36 58 73  FVUn5sK5fRRdk6Xs
00000210: 69 67 75 6C 71 4A 58 61  73 6C 30 78 51 4B 68 77  igulqJXasl0xQKhw
00000220: 78 61 6D 57 76 54 73 70  46 69 4E 4D 59 58 73 44  xamWvTspFiNMYXsD
00000230: 76 57 6F 78 7A 62 45 35  52 38 66 4E 30 73 22 7D  vWoxzbE5R8fN0s"}
00000240: 7D 5D 7D 7D 7D 7D 5D                              }]}}}}]
====
STREAM PID 60589.0xffff9482d7141200 (C) > 60554.0xffff9482de657e00 (S), length 460
command[60589]: b'./src/ComposePostService/ComposePostService'
command[60554]: b'./cmake-build/src/TextService/TextService'
----
00000000: 00 00 01 C8 5B 31 2C 22  43 6F 6D 70 6F 73 65 54  ....[1,"ComposeT
00000010: 65 78 74 22 2C 31 2C 30  2C 7B 22 31 22 3A 7B 22  ext",1,0,{"1":{"
00000020: 69 36 34 22 3A 31 31 33  32 31 30 37 30 30 34 37  i64":11321070047
00000030: 34 39 37 39 33 32 38 7D  2C 22 32 22 3A 7B 22 73  4979328},"2":{"s
00000040: 74 72 22 3A 22 64 49 32  49 65 69 47 65 33 4D 54  tr":"dI2IeiGe3MT
00000050: 59 79 4B 45 72 73 73 49  39 36 30 4F 69 39 54 6B  YyKErssI960Oi9Tk
00000060: 5A 58 51 5A 78 49 4E 37  5A 37 46 5A 50 47 62 67  ZXQZxIN7Z7FZPGbg
00000070: 75 6F 6F 57 62 4E 72 62  4C 38 77 75 42 59 79 6B  uooWbNrbL8wuBYyk
00000080: 69 7A 6C 41 68 6B 42 51  75 65 78 67 62 79 56 6F  izlAhkBQuexgbyVo
00000090: 70 6A 45 47 69 76 61 53  58 4C 32 79 30 6D 37 31  pjEGivaSXL2y0m71
000000A0: 46 4B 75 51 36 63 46 74  4F 6F 6E 78 48 58 64 66  FKuQ6cFtOonxHXdf
000000B0: 67 68 6A 57 58 57 68 65  79 72 44 71 44 48 66 56  ghjWXWheyrDqDHfV
000000C0: 7A 35 63 67 63 71 4F 57  79 41 6A 32 43 4B 75 46  z5cgcqOWyAj2CKuF
000000D0: 6F 7A 47 6C 76 63 6C 32  79 5A 73 36 43 38 70 6B  ozGlvcl2yZs6C8pk
000000E0: 33 44 46 44 71 48 36 68  36 32 6D 30 51 35 66 30  3DFDqH6h62m0Q5f0
000000F0: 61 69 53 79 39 36 4A 43  59 75 55 4C 77 66 54 79  aiSy96JCYuULwfTy
00000100: 64 70 6C 58 4D 79 53 68  6F 6F 71 41 49 32 75 52  dplXMyShooqAI2uR
00000110: 64 30 70 52 4C 67 38 61  35 47 52 70 33 41 72 53  d0pRLg8a5GRp3ArS
00000120: 43 46 58 53 52 4D 4D 5A  68 68 6D 57 77 73 69 62  CFXSRMMZhhmWwsib
00000130: 70 47 6C 4E 52 76 51 61  31 52 41 43 30 7A 46 75  pGlNRvQa1RAC0zFu
00000140: 49 53 46 49 43 20 40 75  73 65 72 6E 61 6D 65 5F  ISFIC @username_
00000150: 32 38 31 20 40 75 73 65  72 6E 61 6D 65 5F 36 35  281 @username_65
00000160: 36 20 68 74 74 70 3A 2F  2F 58 78 4C 70 38 78 59  6 http://XxLp8xY
00000170: 48 33 65 4C 6D 30 7A 78  6C 51 37 6B 6E 47 46 4A  H3eLm0zxlQ7knGFJ
00000180: 55 78 52 55 42 53 72 6F  68 70 62 7A 4C 74 63 38  UxRUBSrohpbzLtc8
00000190: 76 54 6A 33 4A 32 61 79  54 4B 35 77 37 57 75 6E  vTj3J2ayTK5w7Wun
000001A0: 67 34 6F 75 66 46 59 39  31 22 7D 2C 22 33 22 3A  g4oufFY91"},"3":
000001B0: 7B 22 6D 61 70 22 3A 5B  22 73 74 72 22 2C 22 73  {"map":["str","s
000001C0: 74 72 22 2C 30 2C 7B 7D  5D 7D 7D 5D              tr",0,{}]}}]
====
STREAM PID 60554.0xffff9482de657e00 (S) > 60589.0xffff9482d7141200 (C), length 542
command[60554]: b'./cmake-build/src/TextService/TextService'
command[60589]: b'./src/ComposePostService/ComposePostService'
----
00000000: 00 00 02 1A 5B 31 2C 22  43 6F 6D 70 6F 73 65 54  ....[1,"ComposeT
00000010: 65 78 74 22 2C 32 2C 30  2C 7B 22 30 22 3A 7B 22  ext",2,0,{"0":{"
00000020: 72 65 63 22 3A 7B 22 31  22 3A 7B 22 73 74 72 22  rec":{"1":{"str"
00000030: 3A 22 64 49 32 49 65 69  47 65 33 4D 54 59 79 4B  :"dI2IeiGe3MTYyK
00000040: 45 72 73 73 49 39 36 30  4F 69 39 54 6B 5A 58 51  ErssI960Oi9TkZXQ
00000050: 5A 78 49 4E 37 5A 37 46  5A 50 47 62 67 75 6F 6F  ZxIN7Z7FZPGbguoo
00000060: 57 62 4E 72 62 4C 38 77  75 42 59 79 6B 69 7A 6C  WbNrbL8wuBYykizl
00000070: 41 68 6B 42 51 75 65 78  67 62 79 56 6F 70 6A 45  AhkBQuexgbyVopjE
00000080: 47 69 76 61 53 58 4C 32  79 30 6D 37 31 46 4B 75  GivaSXL2y0m71FKu
00000090: 51 36 63 46 74 4F 6F 6E  78 48 58 64 66 67 68 6A  Q6cFtOonxHXdfghj
000000A0: 57 58 57 68 65 79 72 44  71 44 48 66 56 7A 35 63  WXWheyrDqDHfVz5c
000000B0: 67 63 71 4F 57 79 41 6A  32 43 4B 75 46 6F 7A 47  gcqOWyAj2CKuFozG
000000C0: 6C 76 63 6C 32 79 5A 73  36 43 38 70 6B 33 44 46  lvcl2yZs6C8pk3DF
000000D0: 44 71 48 36 68 36 32 6D  30 51 35 66 30 61 69 53  DqH6h62m0Q5f0aiS
000000E0: 79 39 36 4A 43 59 75 55  4C 77 66 54 79 64 70 6C  y96JCYuULwfTydpl
000000F0: 58 4D 79 53 68 6F 6F 71  41 49 32 75 52 64 30 70  XMyShooqAI2uRd0p
00000100: 52 4C 67 38 61 35 47 52  70 33 41 72 53 43 46 58  RLg8a5GRp3ArSCFX
00000110: 53 52 4D 4D 5A 68 68 6D  57 77 73 69 62 70 47 6C  SRMMZhhmWwsibpGl
00000120: 4E 52 76 51 61 31 52 41  43 30 7A 46 75 49 53 46  NRvQa1RAC0zFuISF
00000130: 49 43 20 40 75 73 65 72  6E 61 6D 65 5F 32 38 31  IC @username_281
00000140: 20 40 75 73 65 72 6E 61  6D 65 5F 36 35 36 20 68   @username_656 h
00000150: 74 74 70 3A 2F 2F 73 68  6F 72 74 2D 75 72 6C 2F  ttp://short-url/
00000160: 30 35 31 37 4E 54 38 34  62 61 22 7D 2C 22 32 22  0517NT84ba"},"2"
00000170: 3A 7B 22 6C 73 74 22 3A  5B 22 72 65 63 22 2C 30  :{"lst":["rec",0
00000180: 5D 7D 2C 22 33 22 3A 7B  22 6C 73 74 22 3A 5B 22  ]},"3":{"lst":["
00000190: 72 65 63 22 2C 31 2C 7B  22 31 22 3A 7B 22 73 74  rec",1,{"1":{"st
000001A0: 72 22 3A 22 68 74 74 70  3A 2F 2F 73 68 6F 72 74  r":"http://short
000001B0: 2D 75 72 6C 2F 30 35 31  37 4E 54 38 34 62 61 22  -url/0517NT84ba"
000001C0: 7D 2C 22 32 22 3A 7B 22  73 74 72 22 3A 22 68 74  },"2":{"str":"ht
000001D0: 74 70 3A 2F 2F 58 78 4C  70 38 78 59 48 33 65 4C  tp://XxLp8xYH3eL
000001E0: 6D 30 7A 78 6C 51 37 6B  6E 47 46 4A 55 78 52 55  m0zxlQ7knGFJUxRU
000001F0: 42 53 72 6F 68 70 62 7A  4C 74 63 38 76 54 6A 33  BSrohpbzLtc8vTj3
00000200: 4A 32 61 79 54 4B 35 77  37 57 75 6E 67 34 6F 75  J2ayTK5w7Wung4ou
00000210: 66 46 59 39 31 22 7D 7D  5D 7D 7D 7D 7D 5D        fFY91"}}]}}}}]
