Listening...
====
STREAM PID 40027.0xffff948328f80b00 (C) > 40016.0xffff9482c72c0b00 (S), length 627
command[40027]: b'./src/ComposePostService/ComposePostService'
command[40016]: b'./cmake-build/src/TextService/TextService'
----
00000000: 00 00 02 6F 80 01 00 01  00 00 00 0B 43 6F 6D 70  ...o........Comp
00000010: 6F 73 65 54 65 78 74 00  00 00 00 0A 00 01 09 78  oseText........x
00000020: 34 ED 54 CA C9 00 0B 00  02 00 00 02 3C 32 38 6C  4.T.........<28l
00000030: 54 51 4D 4A 4F 42 51 76  39 37 4B 41 71 41 75 51  TQMJOBQv97KAqAuQ
00000040: 62 42 61 4A 30 61 57 41  49 6A 59 6A 72 4F 67 78  bBaJ0aWAIjYjrOgx
00000050: 35 6C 45 35 31 76 64 42  62 61 48 39 6F 79 31 71  5lE51vdBbaH9oy1q
00000060: 72 58 42 56 4E 5A 48 79  72 55 66 4E 50 33 74 79  rXBVNZHyrUfNP3ty
00000070: 68 43 49 4B 57 66 43 50  76 76 61 72 47 63 64 69  hCIKWfCPvvarGcdi
00000080: 75 73 62 36 4F 4D 56 6E  32 79 32 6C 77 5A 73 76  usb6OMVn2y2lwZsv
00000090: 7A 32 38 54 34 39 48 31  33 74 36 65 44 4F 76 65  z28T49H13t6eDOve
000000A0: 30 72 30 48 33 36 32 47  5A 51 39 73 74 63 4D 62  0r0H362GZQ9stcMb
000000B0: 70 52 6D 32 6A 71 36 61  53 43 6E 54 51 43 71 50  pRm2jq6aSCnTQCqP
000000C0: 35 49 73 4E 38 36 6F 6C  56 76 48 6F 6E 49 31 61  5IsN86olVvHonI1a
000000D0: 64 36 6A 58 46 63 30 78  63 34 52 6D 39 36 34 71  d6jXFc0xc4Rm964q
000000E0: 69 52 66 6E 6B 30 4F 62  67 47 7A 58 33 4B 35 6E  iRfnk0ObgGzX3K5n
000000F0: 51 47 57 50 53 58 63 31  49 56 6E 38 39 47 43 4B  QGWPSXc1IVn89GCK
00000100: 69 7A 7A 35 78 63 53 68  44 42 70 67 59 69 30 48  izz5xcShDBpgYi0H
00000110: 62 35 7A 77 70 39 76 66  34 41 50 4B 6B 37 74 37  b5zwp9vf4APKk7t7
00000120: 5A 55 41 77 70 52 66 58  54 56 46 77 72 20 40 75  ZUAwpRfXTVFwr @u
00000130: 73 65 72 6E 61 6D 65 5F  33 32 37 20 40 75 73 65  sername_327 @use
00000140: 72 6E 61 6D 65 5F 32 34  31 20 68 74 74 70 3A 2F  rname_241 http:/
00000150: 2F 4C 70 71 44 4C 30 6F  55 6F 38 71 76 72 32 66  /LpqDL0oUo8qvr2f
00000160: 4C 44 4B 38 52 6C 65 6C  32 44 42 77 6C 71 37 58  LDK8Rlel2DBwlq7X
00000170: 47 6A 6A 52 6C 41 50 77  62 38 50 5A 44 67 37 73  GjjRlAPwb8PZDg7s
00000180: 74 33 69 6E 63 37 6D 49  69 78 42 52 73 4B 41 41  t3inc7mIixBRsKAA
00000190: 48 20 68 74 74 70 3A 2F  2F 4C 76 36 44 51 62 41  H http://Lv6DQbA
000001A0: 4D 4A 64 69 4C 67 50 72  63 6C 6A 4C 62 6C 79 44  MJdiLgPrcljLblyD
000001B0: 4B 55 36 5A 76 6F 6C 32  69 43 39 4D 43 78 79 4C  KU6Zvol2iC9MCxyL
000001C0: 76 68 65 4C 63 6F 6B 74  56 78 4A 63 35 53 56 62  vheLcoktVxJc5SVb
000001D0: 5A 78 45 56 62 6E 74 75  4C 20 68 74 74 70 3A 2F  ZxEVbntuL http:/
000001E0: 2F 33 54 33 69 58 62 78  4E 44 45 56 61 49 39 66  /3T3iXbxNDEVaI9f
000001F0: 55 53 70 79 72 6A 68 30  49 48 61 79 78 43 38 4E  USpyrjh0IHayxC8N
00000200: 4D 51 58 7A 4A 68 35 34  69 44 77 6B 69 37 34 65  MQXzJh54iDwki74e
00000210: 71 43 47 30 46 32 69 54  4D 6A 4A 79 75 74 6B 42  qCG0F2iTMjJyutkB
00000220: 5A 20 68 74 74 70 3A 2F  2F 5A 77 53 77 6D 57 47  Z http://ZwSwmWG
00000230: 5A 49 45 6B 34 37 36 63  6C 4D 64 56 67 64 33 43  ZIEk476clMdVgd3C
00000240: 6B 78 4A 5A 34 77 61 30  69 48 56 30 4B 6D 48 72  kxJZ4wa0iHV0KmHr
00000250: 61 45 6F 79 4D 59 61 71  6D 41 54 66 54 43 69 73  aEoyMYaqmATfTCis
00000260: 54 74 50 58 65 45 6C 4A  33 0D 00 03 0B 0B 00 00  TtPXeElJ3.......
00000270: 00 00 00                                          ...
====
STREAM PID 40027.0xffff948328f80b00 (C) > 40016.0xffff9482c72c0b00 (S), length 311
command[40027]: b'./src/ComposePostService/ComposePostService'
command[40016]: b'./cmake-build/src/TextService/TextService'
----
00000000: 00 00 01 33 80 01 00 01  00 00 00 0B 43 6F 6D 70  ...3........Comp
00000010: 6F 73 65 54 65 78 74 00  00 00 00 0A 00 01 03 68  oseText........h
00000020: A0 53 57 6A 75 20 0B 00  02 00 00 01 00 72 41 38  .SWju .......rA8
00000030: 7A 4F 4D 45 39 48 57 68  50 62 72 35 53 65 7A 49  zOME9HWhPbr5SezI
00000040: 79 46 31 61 47 61 36 6F  61 46 51 36 69 67 58 37  yF1aGa6oaFQ6igX7
00000050: 73 46 67 70 76 73 53 36  67 51 71 37 46 49 45 68  sFgpvsS6gQq7FIEh
00000060: 42 32 45 31 44 35 63 52  76 78 51 70 50 43 72 6B  B2E1D5cRvxQpPCrk
00000070: 30 45 75 42 44 50 67 57  75 38 6E 6D 75 64 45 44  0EuBDPgWu8nmudED
00000080: 30 71 47 57 48 75 6C 69  75 53 72 35 72 4A 44 78  0qGWHuliuSr5rJDx
00000090: 42 6C 53 30 62 54 65 69  53 76 32 33 4C 66 35 71  BlS0bTeiSv23Lf5q
000000A0: 78 71 50 4A 44 75 55 54  65 36 70 71 4A 71 4D 74  xqPJDuUTe6pqJqMt
000000B0: 74 6D 6B 30 36 42 67 31  73 48 6C 57 6A 55 67 37  tmk06Bg1sHlWjUg7
000000C0: 4C 67 32 77 46 4D 73 71  45 50 4C 31 65 49 4D 58  Lg2wFMsqEPL1eIMX
000000D0: 35 30 70 33 49 70 39 50  31 6A 4D 48 53 7A 34 66  50p3Ip9P1jMHSz4f
000000E0: 65 38 75 63 6B 51 6D 4C  66 53 6B 76 75 66 69 54  e8uckQmLfSkvufiT
000000F0: 55 30 50 58 69 75 75 6B  4B 51 54 43 4D 66 69 4D  U0PXiuukKQTCMfiM
00000100: 6A 57 31 48 55 66 42 39  4E 48 6C 37 47 6E 31 42  jW1HUfB9NHl7Gn1B
00000110: 73 78 55 77 54 58 7A 4D  4E 6B 50 44 6B 36 68 43  sxUwTXzMNkPDk6hC
00000120: 75 76 72 4C 6D 34 59 6C  62 45 71 6C 67 0D 00 03  uvrLm4YlbEqlg...
00000130: 0B 0B 00 00 00 00 00                              .......
====
STREAM PID 40027.0xffff948328f80b00 (C) > 40016.0xffff9482c72c0b00 (S), length 511
command[40027]: b'./src/ComposePostService/ComposePostService'
command[40016]: b'./cmake-build/src/TextService/TextService'
----
00000000: 00 00 01 FB 80 01 00 01  00 00 00 0B 43 6F 6D 70  ............Comp
00000010: 6F 73 65 54 65 78 74 00  00 00 00 0A 00 01 00 D4  oseText.........
00000020: 93 84 BE 86 0F 80 0B 00  02 00 00 01 C8 67 42 69  .............gBi
00000030: 4F 33 48 49 6C 6F 45 61  73 35 33 63 4A 7A 58 4B  O3HIloEas53cJzXK
00000040: 4D 6A 4D 6E 76 31 6B 55  73 76 41 78 46 38 34 53  MjMnv1kUsvAxF84S
00000050: 71 41 59 71 36 6E 48 59  70 79 35 30 37 34 51 44  qAYq6nHYpy5074QD
00000060: 31 59 4B 38 51 5A 56 36  62 4B 57 4E 44 59 78 53  1YK8QZV6bKWNDYxS
00000070: 49 4E 72 43 6C 4E 51 61  74 65 67 6B 56 4F 33 61  INrClNQategkVO3a
00000080: 73 63 71 4E 6A 58 32 63  4A 74 64 6D 4D 34 65 36  scqNjX2cJtdmM4e6
00000090: 68 33 67 5A 77 33 38 49  76 36 68 42 76 6F 6B 5A  h3gZw38Iv6hBvokZ
000000A0: 6A 6B 62 35 38 36 42 35  76 38 77 66 47 45 42 58  jkb586B5v8wfGEBX
000000B0: 74 6E 62 54 4E 44 36 4F  70 64 77 75 5A 45 55 68  tnbTND6OpdwuZEUh
000000C0: 36 74 4A 7A 6E 34 34 34  54 6E 76 7A 42 67 76 6E  6tJzn444TnvzBgvn
000000D0: 70 48 73 30 4E 32 4A 6F  4F 69 61 73 47 31 59 73  pHs0N2JoOiasG1Ys
000000E0: 63 75 75 4B 46 55 50 51  66 34 79 55 58 51 6F 67  cuuKFUPQf4yUXQog
000000F0: 33 78 59 78 31 57 77 30  78 62 71 54 52 74 4C 68  3xYx1Ww0xbqTRtLh
00000100: 62 70 51 6D 77 4D 50 78  78 72 61 55 79 66 76 48  bpQmwMPxxraUyfvH
00000110: 55 6D 63 71 42 32 68 43  6E 4E 59 70 6A 31 76 42  UmcqB2hCnNYpj1vB
00000120: 62 55 35 6B 4B 45 6B 48  67 78 65 4C 68 20 40 75  bU5kKEkHgxeLh @u
00000130: 73 65 72 6E 61 6D 65 5F  38 37 33 20 40 75 73 65  sername_873 @use
00000140: 72 6E 61 6D 65 5F 39 30  36 20 40 75 73 65 72 6E  rname_906 @usern
00000150: 61 6D 65 5F 33 37 30 20  40 75 73 65 72 6E 61 6D  ame_370 @usernam
00000160: 65 5F 35 31 31 20 68 74  74 70 3A 2F 2F 4E 4B 6F  e_511 http://NKo
00000170: 44 6B 39 53 65 31 41 43  77 41 42 65 6C 67 47 63  Dk9Se1ACwABelgGc
00000180: 6E 73 43 43 63 30 35 58  36 7A 31 53 34 50 4A 43  nsCCc05X6z1S4PJC
00000190: 71 43 4A 74 76 76 70 6F  55 6B 35 46 53 6D 53 5A  qCJtvvpoUk5FSmSZ
000001A0: 4D 71 4F 4F 50 5A 66 59  76 41 30 51 57 20 68 74  MqOOPZfYvA0QW ht
000001B0: 74 70 3A 2F 2F 5A 32 77  47 69 45 74 62 55 63 36  tp://Z2wGiEtbUc6
000001C0: 46 44 32 49 64 70 37 55  54 6B 52 64 35 42 76 34  FD2Idp7UTkRd5Bv4
000001D0: 4D 44 65 62 53 75 59 61  4F 50 49 33 37 73 34 39  MDebSuYaOPI37s49
000001E0: 34 4A 58 76 62 4D 37 30  36 44 4A 66 77 35 73 70  4JXvbM706DJfw5sp
000001F0: 68 52 47 65 53 0D 00 03  0B 0B 00 00 00 00 00     hRGeS..........
====
STREAM PID 40027.0xffff948328f80b00 (C) > 40016.0xffff9482c72c0b00 (S), length 655
command[40027]: b'./src/ComposePostService/ComposePostService'
command[40016]: b'./cmake-build/src/TextService/TextService'
----
00000000: 00 00 02 8B 80 01 00 01  00 00 00 0B 43 6F 6D 70  ............Comp
00000010: 6F 73 65 54 65 78 74 00  00 00 00 0A 00 01 09 E9  oseText.........
00000020: 53 4B 82 45 99 80 0B 00  02 00 00 02 58 30 30 6A  SK.E........X00j
00000030: 67 6F 6B 39 55 36 57 66  33 6C 61 5A 6B 61 34 58  gok9U6Wf3laZka4X
00000040: 33 55 58 48 54 57 46 6D  4C 70 55 52 33 38 32 4D  3UXHTWFmLpUR382M
00000050: 48 61 53 4B 6A 45 38 5A  35 64 33 73 65 77 77 6E  HaSKjE8Z5d3sewwn
00000060: 65 41 58 4E 66 59 64 6B  62 6C 59 68 65 34 5A 4A  eAXNfYdkblYhe4ZJ
00000070: 78 61 7A 78 4D 4D 32 54  65 30 74 4B 61 74 4B 4A  xazxMM2Te0tKatKJ
00000080: 62 47 4B 41 37 49 59 51  4E 57 4E 34 6C 4F 47 41  bGKA7IYQNWN4lOGA
00000090: 39 54 54 39 36 43 69 57  73 70 42 4E 69 6C 4E 36  9TT96CiWspBNilN6
000000A0: 6D 66 55 4D 37 31 74 57  43 4B 64 76 53 77 74 46  mfUM71tWCKdvSwtF
000000B0: 31 62 33 59 36 44 54 38  66 7A 7A 76 44 50 4F 5A  1b3Y6DT8fzzvDPOZ
000000C0: 73 30 52 4D 4C 37 6F 58  63 54 78 51 4B 78 71 4D  s0RML7oXcTxQKxqM
000000D0: 5A 4A 37 62 53 70 73 43  39 4F 4A 4F 52 56 71 6E  ZJ7bSpsC9OJORVqn
000000E0: 33 6A 69 75 33 4A 66 57  47 4E 6A 4B 4A 54 51 39  3jiu3JfWGNjKJTQ9
000000F0: 52 65 43 42 32 62 59 74  37 6B 4E 42 43 74 35 7A  ReCB2bYt7kNBCt5z
00000100: 56 55 31 4C 5A 6D 31 51  6E 56 66 51 69 55 6D 46  VU1LZm1QnVfQiUmF
00000110: 39 6C 4B 45 67 6D 73 55  57 76 62 68 6A 34 77 67  9lKEgmsUWvbhj4wg
00000120: 48 6E 4C 6F 43 36 51 45  45 7A 7A 75 77 20 40 75  HnLoC6QEEzzuw @u
00000130: 73 65 72 6E 61 6D 65 5F  31 35 30 20 40 75 73 65  sername_150 @use
00000140: 72 6E 61 6D 65 5F 35 36  32 20 40 75 73 65 72 6E  rname_562 @usern
00000150: 61 6D 65 5F 35 31 35 20  40 75 73 65 72 6E 61 6D  ame_515 @usernam
00000160: 65 5F 35 32 31 20 68 74  74 70 3A 2F 2F 77 4D 4D  e_521 http://wMM
00000170: 75 48 68 34 32 63 67 47  6A 53 4E 64 73 49 31 66  uHh42cgGjSNdsI1f
00000180: 41 76 7A 53 69 30 6D 64  47 74 74 57 6C 57 61 63  AvzSi0mdGttWlWac
00000190: 71 4F 73 67 6E 74 67 34  75 55 62 31 4F 44 6E 75  qOsgntg4uUb1ODnu
000001A0: 58 30 34 37 41 31 6F 4F  7A 79 46 41 50 20 68 74  X047A1oOzyFAP ht
000001B0: 74 70 3A 2F 2F 62 55 72  78 48 5A 58 73 59 30 6F  tp://bUrxHZXsY0o
000001C0: 4A 33 73 71 56 69 72 76  47 64 7A 47 70 33 46 36  J3sqVirvGdzGp3F6
000001D0: 53 55 49 71 70 75 70 47  6C 4A 33 70 62 44 30 4D  SUIqpupGlJ3pbD0M
000001E0: 6B 58 6B 67 34 57 6B 4E  66 72 43 53 65 50 6F 49  kXkg4WkNfrCSePoI
000001F0: 56 56 52 51 41 20 68 74  74 70 3A 2F 2F 67 67 58  VVRQA http://ggX
00000200: 74 35 55 57 64 72 78 4D  6E 69 31 44 63 62 36 69  t5UWdrxMni1Dcb6i
00000210: 68 64 43 4C 69 6C 49 41  4B 69 32 6F 36 34 39 4B  hdCLilIAKi2o649K
00000220: 62 57 6C 6A 53 58 7A 38  57 6B 52 66 50 39 75 6B  bWljSXz8WkRfP9uk
00000230: 77 30 32 78 38 4F 67 56  77 58 61 32 4F 20 68 74  w02x8OgVwXa2O ht
00000240: 74 70 3A 2F 2F 6B 36 35  43 63 57 41 4F 47 48 4A  tp://k65CcWAOGHJ
00000250: 72 4F 32 6B 6A 79 50 6E  74 43 66 55 73 43 6F 4A  rO2kjyPntCfUsCoJ
00000260: 74 6A 42 4A 50 45 53 74  6C 46 54 53 74 52 74 4C  tjBJPEStlFTStRtL
00000270: 36 6C 45 6E 6C 6B 53 75  6B 6B 51 72 7A 42 39 49  6lEnlkSukkQrzB9I
00000280: 31 49 4A 52 38 0D 00 03  0B 0B 00 00 00 00 00     1IJR8..........
====
STREAM PID 40027.0xffff948328f80b00 (C) > 40016.0xffff9482c72c0b00 (S), length 741
command[40027]: b'./src/ComposePostService/ComposePostService'
command[40016]: b'./cmake-build/src/TextService/TextService'
----
00000000: 00 00 02 E1 80 01 00 01  00 00 00 0B 43 6F 6D 70  ............Comp
00000010: 6F 73 65 54 65 78 74 00  00 00 00 0A 00 01 0F 2A  oseText........*
00000020: 4F 2B F9 4B 43 80 0B 00  02 00 00 02 AE 59 6E 47  O+.KC........YnG
00000030: 64 57 71 76 35 74 46 75  39 43 76 62 71 51 45 62  dWqv5tFu9CvbqQEb
00000040: 78 56 75 32 64 71 75 54  58 34 42 6D 4A 37 6F 58  xVu2dquTX4BmJ7oX
00000050: 75 57 4C 75 64 31 78 64  32 6D 7A 59 4F 64 73 55  uWLud1xd2mzYOdsU
00000060: 52 30 47 4C 50 69 50 66  69 67 68 5A 59 52 4A 7A  R0GLPiPfighZYRJz
00000070: 77 75 7A 79 61 6D 76 31  6D 6F 72 71 6E 68 64 70  wuzyamv1morqnhdp
00000080: 4B 76 78 54 55 52 6E 4B  70 30 6D 55 65 63 62 4B  KvxTURnKp0mUecbK
00000090: 4E 6F 76 50 74 51 4B 6F  58 50 36 6C 33 4F 75 6A  NovPtQKoXP6l3Ouj
000000A0: 45 39 6E 6B 4B 44 43 65  61 51 56 66 47 78 71 58  E9nkKDCeaQVfGxqX
000000B0: 43 32 4F 4A 69 52 34 73  4D 4F 7A 49 51 58 68 67  C2OJiR4sMOzIQXhg
000000C0: 4F 38 62 6C 72 56 4E 76  62 58 45 33 48 6C 68 4F  O8blrVNvbXE3HlhO
000000D0: 52 4F 75 49 48 5A 49 68  62 6D 78 67 7A 50 43 75  ROuIHZIhbmxgzPCu
000000E0: 43 78 65 44 78 50 43 4E  73 51 36 4D 65 72 30 6B  CxeDxPCNsQ6Mer0k
000000F0: 47 57 6A 68 7A 54 7A 46  33 33 34 58 33 31 36 34  GWjhzTzF334X3164
00000100: 30 4E 39 47 35 55 52 73  6E 36 36 54 31 59 62 47  0N9G5URsn66T1YbG
00000110: 4C 36 56 79 41 5A 62 76  50 6D 4F 32 75 65 74 62  L6VyAZbvPmO2uetb
00000120: 61 61 64 43 57 48 35 66  74 37 44 70 4A 20 40 75  aadCWH5ft7DpJ @u
00000130: 73 65 72 6E 61 6D 65 5F  38 31 30 20 40 75 73 65  sername_810 @use
00000140: 72 6E 61 6D 65 5F 38 37  39 20 40 75 73 65 72 6E  rname_879 @usern
00000150: 61 6D 65 5F 31 32 37 20  40 75 73 65 72 6E 61 6D  ame_127 @usernam
00000160: 65 5F 38 33 35 20 40 75  73 65 72 6E 61 6D 65 5F  e_835 @username_
00000170: 36 32 33 20 68 74 74 70  3A 2F 2F 43 68 58 7A 73  623 http://ChXzs
00000180: 36 42 45 4B 42 33 59 37  44 49 56 49 70 4E 4A 76  6BEKB3Y7DIVIpNJv
00000190: 38 6C 6B 54 74 6E 52 74  54 59 4B 35 66 51 64 68  8lkTtnRtTYK5fQdh
000001A0: 6D 4D 31 78 61 33 52 4F  6D 42 48 48 33 44 4B 4D  mM1xa3ROmBHH3DKM
000001B0: 65 42 44 51 38 35 50 4C  49 33 62 20 68 74 74 70  eBDQ85PLI3b http
000001C0: 3A 2F 2F 6F 36 56 64 51  52 76 38 76 48 69 4D 43  ://o6VdQRv8vHiMC
000001D0: 6A 41 70 72 64 47 45 55  38 68 5A 76 38 79 50 6E  jAprdGEU8hZv8yPn
000001E0: 4A 32 30 6D 34 4C 52 39  74 53 73 32 62 6C 41 43  J20m4LR9tSs2blAC
000001F0: 37 6B 37 36 39 6D 43 61  38 45 75 59 57 65 76 32  7k769mCa8EuYWev2
00000200: 55 57 48 20 68 74 74 70  3A 2F 2F 34 61 4B 48 62  UWH http://4aKHb
00000210: 47 55 42 48 35 79 6B 72  62 37 42 79 33 6A 72 6C  GUBH5ykrb7By3jrl
00000220: 66 56 76 79 54 68 70 6A  41 4C 49 58 6D 58 6F 36  fVvyThpjALIXmXo6
00000230: 43 35 59 71 38 37 55 37  34 75 66 47 59 6C 65 78  C5Yq87U74ufGYlex
00000240: 49 38 6C 7A 70 6E 51 54  6E 36 72 20 68 74 74 70  I8lzpnQTn6r http
00000250: 3A 2F 2F 45 5A 79 7A 6F  33 57 66 57 66 37 53 5A  ://EZyzo3WfWf7SZ
00000260: 30 37 66 47 6A 53 62 77  7A 6A 6F 6F 30 5A 62 33  07fGjSbwzjoo0Zb3
00000270: 50 62 42 4C 6C 35 49 41  6B 55 75 5A 72 70 53 73  PbBLl5IAkUuZrpSs
00000280: 68 74 6D 58 53 55 31 49  35 77 4B 4F 65 71 4F 47  htmXSU1I5wKOeqOG
00000290: 7A 5A 49 20 68 74 74 70  3A 2F 2F 68 33 4D 6C 7A  zZI http://h3Mlz
000002A0: 47 43 49 50 53 36 5A 5A  38 68 77 33 54 35 39 34  GCIPS6ZZ8hw3T594
000002B0: 53 6B 72 77 53 6E 5A 39  57 4A 51 55 70 4D 46 50  SkrwSnZ9WJQUpMFP
000002C0: 47 6D 68 45 4C 6C 69 5A  35 76 65 5A 64 74 6B 59  GmhELliZ5veZdtkY
000002D0: 6F 54 32 75 44 78 42 51  52 50 41 0D 00 03 0B 0B  oT2uDxBQRPA.....
000002E0: 00 00 00 00 00                                    .....
====
STREAM PID 40027.0xffff948328f80b00 (C) > 40016.0xffff9482c72c0b00 (S), length 452
command[40027]: b'./src/ComposePostService/ComposePostService'
command[40016]: b'./cmake-build/src/TextService/TextService'
----
00000000: 00 00 01 C0 80 01 00 01  00 00 00 0B 43 6F 6D 70  ............Comp
00000010: 6F 73 65 54 65 78 74 00  00 00 00 0A 00 01 0B 2F  oseText......../
00000020: E8 BC 69 4F E9 80 0B 00  02 00 00 01 8D 4A 78 4F  ..iO.........JxO
00000030: 46 4E 46 75 48 71 6F 33  6E 4A 36 61 56 53 79 6D  FNFuHqo3nJ6aVSym
00000040: 59 4E 62 73 36 48 4E 71  48 76 58 46 35 73 4E 64  YNbs6HNqHvXF5sNd
00000050: 51 61 4B 72 45 76 37 42  57 49 4A 62 59 34 67 61  QaKrEv7BWIJbY4ga
00000060: 33 4C 76 6B 6C 76 7A 53  68 5A 37 38 77 50 72 69  3LvklvzShZ78wPri
00000070: 70 72 46 52 67 32 6A 6E  46 4D 6A 74 6A 6D 73 41  prFRg2jnFMjtjmsA
00000080: 6D 55 4E 7A 75 44 66 48  63 35 54 65 72 72 4E 32  mUNzuDfHc5TerrN2
00000090: 71 68 4E 59 39 64 35 34  39 4F 32 6C 56 7A 54 42  qhNY9d549O2lVzTB
000000A0: 75 30 6B 51 45 44 50 79  30 48 6C 6A 69 51 6E 4B  u0kQEDPy0HljiQnK
000000B0: 4E 75 7A 30 58 79 6B 46  65 6E 58 51 46 37 64 53  Nuz0XykFenXQF7dS
000000C0: 71 6D 63 49 4D 6C 71 59  78 36 63 54 32 42 4D 77  qmcIMlqYx6cT2BMw
000000D0: 68 79 65 57 67 72 74 4B  65 59 5A 39 73 61 50 79  hyeWgrtKeYZ9saPy
000000E0: 5A 49 61 34 35 6A 77 32  65 55 4A 45 46 4C 71 33  ZIa45jw2eUJEFLq3
000000F0: 31 41 6E 72 64 47 34 64  51 65 42 67 69 59 73 62  1AnrdG4dQeBgiYsb
00000100: 66 67 6E 46 58 77 79 6A  63 7A 6B 76 52 35 4F 77  fgnFXwyjczkvR5Ow
00000110: 58 54 77 4D 77 43 58 35  42 49 4C 48 66 30 32 65  XTwMwCX5BILHf02e
00000120: 62 45 59 62 6E 50 7A 50  75 56 32 45 77 20 40 75  bEYbnPzPuV2Ew @u
00000130: 73 65 72 6E 61 6D 65 5F  33 32 20 40 75 73 65 72  sername_32 @user
00000140: 6E 61 6D 65 5F 36 32 33  20 40 75 73 65 72 6E 61  name_623 @userna
00000150: 6D 65 5F 34 30 38 20 40  75 73 65 72 6E 61 6D 65  me_408 @username
00000160: 5F 34 33 30 20 40 75 73  65 72 6E 61 6D 65 5F 39  _430 @username_9
00000170: 35 37 20 68 74 74 70 3A  2F 2F 46 42 73 6B 7A 4F  57 http://FBskzO
00000180: 53 42 65 39 38 69 35 46  71 51 77 68 48 46 7A 36  SBe98i5FqQwhHFz6
00000190: 51 43 6E 79 4A 34 30 32  5A 4B 38 69 74 51 6E 4E  QCnyJ402ZK8itQnN
000001A0: 6D 36 67 41 6F 72 73 6A  52 49 34 4E 4F 32 6F 50  m6gAorsjRI4NO2oP
000001B0: 46 53 43 30 62 66 54 7A  34 34 0D 00 03 0B 0B 00  FSC0bfTz44......
000001C0: 00 00 00 00                                       ....
====
STREAM PID 40016.0xffff9482c72c0b00 (S) > 40027.0xffff948328f80b00 (C), length 521
command[40016]: b'./cmake-build/src/TextService/TextService'
command[40027]: b'./src/ComposePostService/ComposePostService'
----
00000000: 00 00 02 05 80 01 00 02  00 00 00 0B 43 6F 6D 70  ............Comp
00000010: 6F 73 65 54 65 78 74 00  00 00 00 0C 00 00 0B 00  oseText.........
00000020: 01 00 00 01 61 4A 78 4F  46 4E 46 75 48 71 6F 33  ....aJxOFNFuHqo3
00000030: 6E 4A 36 61 56 53 79 6D  59 4E 62 73 36 48 4E 71  nJ6aVSymYNbs6HNq
00000040: 48 76 58 46 35 73 4E 64  51 61 4B 72 45 76 37 42  HvXF5sNdQaKrEv7B
00000050: 57 49 4A 62 59 34 67 61  33 4C 76 6B 6C 76 7A 53  WIJbY4ga3LvklvzS
00000060: 68 5A 37 38 77 50 72 69  70 72 46 52 67 32 6A 6E  hZ78wPriprFRg2jn
00000070: 46 4D 6A 74 6A 6D 73 41  6D 55 4E 7A 75 44 66 48  FMjtjmsAmUNzuDfH
00000080: 63 35 54 65 72 72 4E 32  71 68 4E 59 39 64 35 34  c5TerrN2qhNY9d54
00000090: 39 4F 32 6C 56 7A 54 42  75 30 6B 51 45 44 50 79  9O2lVzTBu0kQEDPy
000000A0: 30 48 6C 6A 69 51 6E 4B  4E 75 7A 30 58 79 6B 46  0HljiQnKNuz0XykF
000000B0: 65 6E 58 51 46 37 64 53  71 6D 63 49 4D 6C 71 59  enXQF7dSqmcIMlqY
000000C0: 78 36 63 54 32 42 4D 77  68 79 65 57 67 72 74 4B  x6cT2BMwhyeWgrtK
000000D0: 65 59 5A 39 73 61 50 79  5A 49 61 34 35 6A 77 32  eYZ9saPyZIa45jw2
000000E0: 65 55 4A 45 46 4C 71 33  31 41 6E 72 64 47 34 64  eUJEFLq31AnrdG4d
000000F0: 51 65 42 67 69 59 73 62  66 67 6E 46 58 77 79 6A  QeBgiYsbfgnFXwyj
00000100: 63 7A 6B 76 52 35 4F 77  58 54 77 4D 77 43 58 35  czkvR5OwXTwMwCX5
00000110: 42 49 4C 48 66 30 32 65  62 45 59 62 6E 50 7A 50  BILHf02ebEYbnPzP
00000120: 75 56 32 45 77 20 40 75  73 65 72 6E 61 6D 65 5F  uV2Ew @username_
00000130: 33 32 20 40 75 73 65 72  6E 61 6D 65 5F 36 32 33  32 @username_623
00000140: 20 40 75 73 65 72 6E 61  6D 65 5F 34 30 38 20 40   @username_408 @
00000150: 75 73 65 72 6E 61 6D 65  5F 34 33 30 20 40 75 73  username_430 @us
00000160: 65 72 6E 61 6D 65 5F 39  35 37 20 68 74 74 70 3A  ername_957 http:
00000170: 2F 2F 73 68 6F 72 74 2D  75 72 6C 2F 33 38 53 50  //short-url/38SP
00000180: 38 77 6F 69 62 65 0F 00  02 0C 00 00 00 00 0F 00  8woibe..........
00000190: 03 0C 00 00 00 01 0B 00  01 00 00 00 1B 68 74 74  .............htt
000001A0: 70 3A 2F 2F 73 68 6F 72  74 2D 75 72 6C 2F 33 38  p://short-url/38
000001B0: 53 50 38 77 6F 69 62 65  0B 00 02 00 00 00 47 68  SP8woibe......Gh
000001C0: 74 74 70 3A 2F 2F 46 42  73 6B 7A 4F 53 42 65 39  ttp://FBskzOSBe9
000001D0: 38 69 35 46 71 51 77 68  48 46 7A 36 51 43 6E 79  8i5FqQwhHFz6QCny
000001E0: 4A 34 30 32 5A 4B 38 69  74 51 6E 4E 6D 36 67 41  J402ZK8itQnNm6gA
000001F0: 6F 72 73 6A 52 49 34 4E  4F 32 6F 50 46 53 43 30  orsjRI4NO2oPFSC0
00000200: 62 66 54 7A 34 34 00 00  00                       bfTz44...
====
STREAM PID 40027.0xffff948328f80b00 (C) > 40016.0xffff9482c72c0b00 (S), length 727
command[40027]: b'./src/ComposePostService/ComposePostService'
command[40016]: b'./cmake-build/src/TextService/TextService'
----
00000000: 00 00 02 D3 80 01 00 01  00 00 00 0B 43 6F 6D 70  ............Comp
00000010: 6F 73 65 54 65 78 74 00  00 00 00 0A 00 01 02 44  oseText........D
00000020: A2 E3 41 0B 66 E0 0B 00  02 00 00 02 A0 70 7A 67  ..A.f........pzg
00000030: 54 51 59 6A 43 42 69 44  6D 59 44 53 79 66 51 69  TQYjCBiDmYDSyfQi
00000040: 69 4F 79 36 4E 77 61 48  39 37 6C 61 4A 36 6B 7A  iOy6NwaH97laJ6kz
00000050: 46 48 47 31 74 58 76 41  62 78 47 5A 63 41 4C 70  FHG1tXvAbxGZcALp
00000060: 4D 77 6E 43 41 43 4E 75  30 6E 34 6E 59 48 73 68  MwnCACNu0n4nYHsh
00000070: 45 41 65 5A 69 45 36 39  5A 75 47 67 63 46 6D 72  EAeZiE69ZuGgcFmr
00000080: 47 63 31 6B 47 6D 47 7A  79 4C 79 71 4D 71 71 5A  Gc1kGmGzyLyqMqqZ
00000090: 46 49 5A 46 52 46 58 70  6F 63 61 57 59 6D 63 4A  FIZFRFXpocaWYmcJ
000000A0: 55 69 5A 31 4A 66 57 76  6B 67 43 77 4D 65 52 47  UiZ1JfWvkgCwMeRG
000000B0: 42 51 77 6A 64 45 77 41  51 75 35 79 6D 57 32 71  BQwjdEwAQu5ymW2q
000000C0: 62 42 66 6A 6D 4E 32 58  69 62 74 35 6B 64 39 4F  bBfjmN2Xibt5kd9O
000000D0: 50 44 46 31 71 33 74 57  51 35 46 78 4E 54 41 50  PDF1q3tWQ5FxNTAP
000000E0: 51 37 71 30 39 68 50 58  36 42 51 33 46 47 58 46  Q7q09hPX6BQ3FGXF
000000F0: 43 33 31 55 67 61 4E 69  62 34 62 36 6C 78 4E 75  C31UgaNib4b6lxNu
00000100: 70 6D 45 6B 74 38 49 66  66 65 53 45 46 4C 50 67  pmEkt8IffeSEFLPg
00000110: 46 39 58 35 45 66 35 6A  52 33 48 6B 6A 75 33 76  F9X5Ef5jR3Hkju3v
00000120: 37 58 46 55 72 59 46 58  39 5A 44 42 65 20 40 75  7XFUrYFX9ZDBe @u
00000130: 73 65 72 6E 61 6D 65 5F  39 31 39 20 40 75 73 65  sername_919 @use
00000140: 72 6E 61 6D 65 5F 34 33  33 20 40 75 73 65 72 6E  rname_433 @usern
00000150: 61 6D 65 5F 35 39 37 20  40 75 73 65 72 6E 61 6D  ame_597 @usernam
00000160: 65 5F 33 34 38 20 68 74  74 70 3A 2F 2F 63 47 48  e_348 http://cGH
00000170: 62 77 30 74 48 55 74 6D  58 36 6B 75 30 50 79 33  bw0tHUtmX6ku0Py3
00000180: 73 50 34 66 42 65 6F 38  63 4A 30 68 4E 69 5A 74  sP4fBeo8cJ0hNiZt
00000190: 64 68 71 45 50 5A 41 39  35 42 6F 58 31 61 30 30  dhqEPZA95BoX1a00
000001A0: 44 6C 50 67 4E 33 34 62  6B 58 63 56 31 20 68 74  DlPgN34bkXcV1 ht
000001B0: 74 70 3A 2F 2F 52 47 69  33 65 4C 7A 4E 77 76 61  tp://RGi3eLzNwva
000001C0: 58 6D 77 4C 6D 35 56 63  53 54 49 77 73 6D 43 39  XmwLm5VcSTIwsmC9
000001D0: 63 66 4D 31 4D 71 63 4E  66 57 4E 39 46 63 72 61  cfM1MqcNfWN9Fcra
000001E0: 38 4D 71 32 45 79 58 46  44 75 56 4F 34 66 73 51  8Mq2EyXFDuVO4fsQ
000001F0: 39 4B 42 54 41 20 68 74  74 70 3A 2F 2F 65 63 78  9KBTA http://ecx
00000200: 39 45 6D 57 72 7A 48 76  45 69 6A 73 61 36 59 41  9EmWrzHvEijsa6YA
00000210: 69 33 38 32 70 38 70 79  62 57 75 69 53 59 75 41  i382p8pybWuiSYuA
00000220: 30 43 34 49 46 65 7A 4C  4C 34 63 6F 54 51 51 4E  0C4IFezLL4coTQQN
00000230: 6F 51 65 6D 54 32 76 31  35 72 53 5A 68 20 68 74  oQemT2v15rSZh ht
00000240: 74 70 3A 2F 2F 64 42 42  33 56 67 54 4C 47 63 75  tp://dBB3VgTLGcu
00000250: 4E 55 30 64 55 4E 70 69  73 30 45 49 73 30 76 4B  NU0dUNpis0EIs0vK
00000260: 4B 64 77 34 49 6C 67 36  4D 37 63 31 52 51 58 55  Kdw4Ilg6M7c1RQXU
00000270: 6F 30 65 76 68 62 43 6D  30 62 46 53 4A 42 62 59  o0evhbCm0bFSJBbY
00000280: 35 51 67 32 73 20 68 74  74 70 3A 2F 2F 52 4A 63  5Qg2s http://RJc
00000290: 33 6E 6A 6A 70 59 59 51  73 58 37 77 64 59 70 50  3njjpYYQsX7wdYpP
000002A0: 53 35 53 77 76 46 77 5A  46 63 50 51 34 50 63 31  S5SwvFwZFcPQ4Pc1
000002B0: 52 4C 4E 5A 63 4E 6E 70  4C 30 72 45 70 36 43 74  RLNZcNnpL0rEp6Ct
000002C0: 61 69 57 31 44 73 34 6A  30 55 57 77 62 0D 00 03  aiW1Ds4j0UWwb...
000002D0: 0B 0B 00 00 00 00 00                              .......
====
STREAM PID 40016.0xffff9482c72c0b00 (S) > 40027.0xffff948328f80b00 (C), length 1072
command[40016]: b'./cmake-build/src/TextService/TextService'
command[40027]: b'./src/ComposePostService/ComposePostService'
----
00000000: 00 00 04 2C 80 01 00 02  00 00 00 0B 43 6F 6D 70  ...,........Comp
00000010: 6F 73 65 54 65 78 74 00  00 00 00 0C 00 00 0B 00  oseText.........
00000020: 01 00 00 01 C4 70 7A 67  54 51 59 6A 43 42 69 44  .....pzgTQYjCBiD
00000030: 6D 59 44 53 79 66 51 69  69 4F 79 36 4E 77 61 48  mYDSyfQiiOy6NwaH
00000040: 39 37 6C 61 4A 36 6B 7A  46 48 47 31 74 58 76 41  97laJ6kzFHG1tXvA
00000050: 62 78 47 5A 63 41 4C 70  4D 77 6E 43 41 43 4E 75  bxGZcALpMwnCACNu
00000060: 30 6E 34 6E 59 48 73 68  45 41 65 5A 69 45 36 39  0n4nYHshEAeZiE69
00000070: 5A 75 47 67 63 46 6D 72  47 63 31 6B 47 6D 47 7A  ZuGgcFmrGc1kGmGz
00000080: 79 4C 79 71 4D 71 71 5A  46 49 5A 46 52 46 58 70  yLyqMqqZFIZFRFXp
00000090: 6F 63 61 57 59 6D 63 4A  55 69 5A 31 4A 66 57 76  ocaWYmcJUiZ1JfWv
000000A0: 6B 67 43 77 4D 65 52 47  42 51 77 6A 64 45 77 41  kgCwMeRGBQwjdEwA
000000B0: 51 75 35 79 6D 57 32 71  62 42 66 6A 6D 4E 32 58  Qu5ymW2qbBfjmN2X
000000C0: 69 62 74 35 6B 64 39 4F  50 44 46 31 71 33 74 57  ibt5kd9OPDF1q3tW
000000D0: 51 35 46 78 4E 54 41 50  51 37 71 30 39 68 50 58  Q5FxNTAPQ7q09hPX
000000E0: 36 42 51 33 46 47 58 46  43 33 31 55 67 61 4E 69  6BQ3FGXFC31UgaNi
000000F0: 62 34 62 36 6C 78 4E 75  70 6D 45 6B 74 38 49 66  b4b6lxNupmEkt8If
00000100: 66 65 53 45 46 4C 50 67  46 39 58 35 45 66 35 6A  feSEFLPgF9X5Ef5j
00000110: 52 33 48 6B 6A 75 33 76  37 58 46 55 72 59 46 58  R3Hkju3v7XFUrYFX
00000120: 39 5A 44 42 65 20 40 75  73 65 72 6E 61 6D 65 5F  9ZDBe @username_
00000130: 39 31 39 20 40 75 73 65  72 6E 61 6D 65 5F 34 33  919 @username_43
00000140: 33 20 40 75 73 65 72 6E  61 6D 65 5F 35 39 37 20  3 @username_597 
00000150: 40 75 73 65 72 6E 61 6D  65 5F 33 34 38 20 68 74  @username_348 ht
00000160: 74 70 3A 2F 2F 73 68 6F  72 74 2D 75 72 6C 2F 69  tp://short-url/i
00000170: 56 50 4A 6A 55 72 63 67  72 20 68 74 74 70 3A 2F  VPJjUrcgr http:/
00000180: 2F 73 68 6F 72 74 2D 75  72 6C 2F 6B 73 64 66 54  /short-url/ksdfT
00000190: 4D 77 69 53 4B 20 68 74  74 70 3A 2F 2F 73 68 6F  MwiSK http://sho
000001A0: 72 74 2D 75 72 6C 2F 52  59 70 79 45 72 54 58 4F  rt-url/RYpyErTXO
000001B0: 57 20 68 74 74 70 3A 2F  2F 73 68 6F 72 74 2D 75  W http://short-u
000001C0: 72 6C 2F 55 47 63 4F 57  61 72 79 4D 6A 20 68 74  rl/UGcOWaryMj ht
000001D0: 74 70 3A 2F 2F 73 68 6F  72 74 2D 75 72 6C 2F 61  tp://short-url/a
000001E0: 41 4A 41 43 4C 4B 55 51  66 0F 00 02 0C 00 00 00  AJACLKUQf.......
000001F0: 00 0F 00 03 0C 00 00 00  05 0B 00 01 00 00 00 1B  ................
00000200: 68 74 74 70 3A 2F 2F 73  68 6F 72 74 2D 75 72 6C  http://short-url
00000210: 2F 69 56 50 4A 6A 55 72  63 67 72 0B 00 02 00 00  /iVPJjUrcgr.....
00000220: 00 47 68 74 74 70 3A 2F  2F 63 47 48 62 77 30 74  .Ghttp://cGHbw0t
00000230: 48 55 74 6D 58 36 6B 75  30 50 79 33 73 50 34 66  HUtmX6ku0Py3sP4f
00000240: 42 65 6F 38 63 4A 30 68  4E 69 5A 74 64 68 71 45  Beo8cJ0hNiZtdhqE
00000250: 50 5A 41 39 35 42 6F 58  31 61 30 30 44 6C 50 67  PZA95BoX1a00DlPg
00000260: 4E 33 34 62 6B 58 63 56  31 00 0B 00 01 00 00 00  N34bkXcV1.......
00000270: 1B 68 74 74 70 3A 2F 2F  73 68 6F 72 74 2D 75 72  .http://short-ur
00000280: 6C 2F 6B 73 64 66 54 4D  77 69 53 4B 0B 00 02 00  l/ksdfTMwiSK....
00000290: 00 00 47 68 74 74 70 3A  2F 2F 52 47 69 33 65 4C  ..Ghttp://RGi3eL
000002A0: 7A 4E 77 76 61 58 6D 77  4C 6D 35 56 63 53 54 49  zNwvaXmwLm5VcSTI
000002B0: 77 73 6D 43 39 63 66 4D  31 4D 71 63 4E 66 57 4E  wsmC9cfM1MqcNfWN
000002C0: 39 46 63 72 61 38 4D 71  32 45 79 58 46 44 75 56  9Fcra8Mq2EyXFDuV
000002D0: 4F 34 66 73 51 39 4B 42  54 41 00 0B 00 01 00 00  O4fsQ9KBTA......
000002E0: 00 1B 68 74 74 70 3A 2F  2F 73 68 6F 72 74 2D 75  ..http://short-u
000002F0: 72 6C 2F 52 59 70 79 45  72 54 58 4F 57 0B 00 02  rl/RYpyErTXOW...
00000300: 00 00 00 47 68 74 74 70  3A 2F 2F 65 63 78 39 45  ...Ghttp://ecx9E
00000310: 6D 57 72 7A 48 76 45 69  6A 73 61 36 59 41 69 33  mWrzHvEijsa6YAi3
00000320: 38 32 70 38 70 79 62 57  75 69 53 59 75 41 30 43  82p8pybWuiSYuA0C
00000330: 34 49 46 65 7A 4C 4C 34  63 6F 54 51 51 4E 6F 51  4IFezLL4coTQQNoQ
00000340: 65 6D 54 32 76 31 35 72  53 5A 68 00 0B 00 01 00  emT2v15rSZh.....
00000350: 00 00 1B 68 74 74 70 3A  2F 2F 73 68 6F 72 74 2D  ...http://short-
00000360: 75 72 6C 2F 55 47 63 4F  57 61 72 79 4D 6A 0B 00  url/UGcOWaryMj..
00000370: 02 00 00 00 47 68 74 74  70 3A 2F 2F 64 42 42 33  ....Ghttp://dBB3
00000380: 56 67 54 4C 47 63 75 4E  55 30 64 55 4E 70 69 73  VgTLGcuNU0dUNpis
00000390: 30 45 49 73 30 76 4B 4B  64 77 34 49 6C 67 36 4D  0EIs0vKKdw4Ilg6M
000003A0: 37 63 31 52 51 58 55 6F  30 65 76 68 62 43 6D 30  7c1RQXUo0evhbCm0
000003B0: 62 46 53 4A 42 62 59 35  51 67 32 73 00 0B 00 01  bFSJBbY5Qg2s....
000003C0: 00 00 00 1B 68 74 74 70  3A 2F 2F 73 68 6F 72 74  ....http://short
000003D0: 2D 75 72 6C 2F 61 41 4A  41 43 4C 4B 55 51 66 0B  -url/aAJACLKUQf.
000003E0: 00 02 00 00 00 47 68 74  74 70 3A 2F 2F 52 4A 63  .....Ghttp://RJc
000003F0: 33 6E 6A 6A 70 59 59 51  73 58 37 77 64 59 70 50  3njjpYYQsX7wdYpP
00000400: 53 35 53 77 76 46 77 5A  46 63 50 51 34 50 63 31  S5SwvFwZFcPQ4Pc1
00000410: 52 4C 4E 5A 63 4E 6E 70  4C 30 72 45 70 36 43 74  RLNZcNnpL0rEp6Ct
00000420: 61 69 57 31 44 73 34 6A  30 55 57 77 62 00 00 00  aiW1Ds4j0UWwb...
====
STREAM PID 40027.0xffff948328f80b00 (C) > 40016.0xffff9482c72c0b00 (S), length 469
command[40027]: b'./src/ComposePostService/ComposePostService'
command[40016]: b'./cmake-build/src/TextService/TextService'
----
00000000: 00 00 01 D1 80 01 00 01  00 00 00 0B 43 6F 6D 70  ............Comp
00000010: 6F 73 65 54 65 78 74 00  00 00 00 0A 00 01 0A 0A  oseText.........
00000020: 7A AD A2 BD DF 00 0B 00  02 00 00 01 9E 79 65 52  z............yeR
00000030: 4C 62 71 47 4F 45 33 34  6F 43 6F 57 34 68 4A 6D  LbqGOE34oCoW4hJm
00000040: 49 30 6D 4A 34 63 6C 70  44 48 30 54 39 39 4A 4E  I0mJ4clpDH0T99JN
00000050: 63 4F 70 5A 6B 4A 78 73  41 55 47 31 6F 58 39 7A  cOpZkJxsAUG1oX9z
00000060: 37 32 4F 70 6D 46 4B 6C  4B 69 45 79 43 51 58 4F  72OpmFKlKiEyCQXO
00000070: 6A 37 34 65 7A 53 48 38  4C 57 6F 55 4D 6A 52 5A  j74ezSH8LWoUMjRZ
00000080: 63 56 45 4C 77 6C 38 79  42 5A 67 56 67 75 39 62  cVELwl8yBZgVgu9b
00000090: 53 41 6B 73 43 72 51 69  30 6C 57 36 70 48 70 39  SAksCrQi0lW6pHp9
000000A0: 70 46 7A 53 30 51 42 6B  47 38 79 4E 50 47 6C 61  pFzS0QBkG8yNPGla
000000B0: 76 4E 58 4C 77 42 4C 4B  6C 71 33 75 78 33 56 68  vNXLwBLKlq3ux3Vh
000000C0: 56 6A 54 74 57 34 72 50  56 73 57 41 73 69 37 71  VjTtW4rPVsWAsi7q
000000D0: 47 6F 34 61 62 7A 6C 4F  49 69 32 55 72 47 62 4C  Go4abzlOIi2UrGbL
000000E0: 71 47 63 6F 4E 38 6A 31  6B 32 7A 4A 47 58 75 7A  qGcoN8j1k2zJGXuz
000000F0: 76 70 75 38 70 5A 50 38  62 68 72 31 48 4B 41 47  vpu8pZP8bhr1HKAG
00000100: 6D 51 62 79 65 45 4A 42  46 76 6C 77 58 6E 5A 44  mQbyeEJBFvlwXnZD
00000110: 69 35 58 65 58 5A 74 74  44 69 67 58 44 50 42 4C  i5XeXZttDigXDPBL
00000120: 74 71 34 44 66 47 43 4F  4C 77 50 36 36 20 40 75  tq4DfGCOLwP66 @u
00000130: 73 65 72 6E 61 6D 65 5F  38 36 39 20 68 74 74 70  sername_869 http
00000140: 3A 2F 2F 56 65 53 51 78  4B 33 47 52 76 45 75 37  ://VeSQxK3GRvEu7
00000150: 6C 34 51 34 49 42 30 68  76 32 4E 54 77 78 44 73  l4Q4IB0hv2NTwxDs
00000160: 75 7A 6D 43 67 45 4D 66  5A 68 33 6F 54 7A 58 6E  uzmCgEMfZh3oTzXn
00000170: 36 72 61 45 57 6C 72 75  6D 53 52 55 66 45 42 72  6raEWlrumSRUfEBr
00000180: 33 33 52 20 68 74 74 70  3A 2F 2F 79 4E 32 48 34  33R http://yN2H4
00000190: 64 6E 6F 59 6E 63 44 68  63 43 4C 52 6E 6D 47 64  dnoYncDhcCLRnmGd
000001A0: 37 4A 71 57 4F 72 57 76  76 66 58 69 6D 43 4B 30  7JqWOrWvvfXimCK0
000001B0: 77 4A 56 38 53 75 64 6B  6F 52 75 43 57 49 5A 45  wJV8SudkoRuCWIZE
000001C0: 4C 79 35 41 77 4F 58 76  4C 31 57 0D 00 03 0B 0B  Ly5AwOXvL1W.....
000001D0: 00 00 00 00 00                                    .....
====
STREAM PID 40016.0xffff9482c72c0b00 (S) > 40027.0xffff948328f80b00 (C), length 607
command[40016]: b'./cmake-build/src/TextService/TextService'
command[40027]: b'./src/ComposePostService/ComposePostService'
----
00000000: 00 00 02 5B 80 01 00 02  00 00 00 0B 43 6F 6D 70  ...[........Comp
00000010: 6F 73 65 54 65 78 74 00  00 00 00 0C 00 00 0B 00  oseText.........
00000020: 01 00 00 01 46 79 65 52  4C 62 71 47 4F 45 33 34  ....FyeRLbqGOE34
00000030: 6F 43 6F 57 34 68 4A 6D  49 30 6D 4A 34 63 6C 70  oCoW4hJmI0mJ4clp
00000040: 44 48 30 54 39 39 4A 4E  63 4F 70 5A 6B 4A 78 73  DH0T99JNcOpZkJxs
00000050: 41 55 47 31 6F 58 39 7A  37 32 4F 70 6D 46 4B 6C  AUG1oX9z72OpmFKl
00000060: 4B 69 45 79 43 51 58 4F  6A 37 34 65 7A 53 48 38  KiEyCQXOj74ezSH8
00000070: 4C 57 6F 55 4D 6A 52 5A  63 56 45 4C 77 6C 38 79  LWoUMjRZcVELwl8y
00000080: 42 5A 67 56 67 75 39 62  53 41 6B 73 43 72 51 69  BZgVgu9bSAksCrQi
00000090: 30 6C 57 36 70 48 70 39  70 46 7A 53 30 51 42 6B  0lW6pHp9pFzS0QBk
000000A0: 47 38 79 4E 50 47 6C 61  76 4E 58 4C 77 42 4C 4B  G8yNPGlavNXLwBLK
000000B0: 6C 71 33 75 78 33 56 68  56 6A 54 74 57 34 72 50  lq3ux3VhVjTtW4rP
000000C0: 56 73 57 41 73 69 37 71  47 6F 34 61 62 7A 6C 4F  VsWAsi7qGo4abzlO
000000D0: 49 69 32 55 72 47 62 4C  71 47 63 6F 4E 38 6A 31  Ii2UrGbLqGcoN8j1
000000E0: 6B 32 7A 4A 47 58 75 7A  76 70 75 38 70 5A 50 38  k2zJGXuzvpu8pZP8
000000F0: 62 68 72 31 48 4B 41 47  6D 51 62 79 65 45 4A 42  bhr1HKAGmQbyeEJB
00000100: 46 76 6C 77 58 6E 5A 44  69 35 58 65 58 5A 74 74  FvlwXnZDi5XeXZtt
00000110: 44 69 67 58 44 50 42 4C  74 71 34 44 66 47 43 4F  DigXDPBLtq4DfGCO
00000120: 4C 77 50 36 36 20 40 75  73 65 72 6E 61 6D 65 5F  LwP66 @username_
00000130: 38 36 39 20 68 74 74 70  3A 2F 2F 73 68 6F 72 74  869 http://short
00000140: 2D 75 72 6C 2F 4D 33 65  7A 37 61 30 68 79 79 20  -url/M3ez7a0hyy 
00000150: 68 74 74 70 3A 2F 2F 73  68 6F 72 74 2D 75 72 6C  http://short-url
00000160: 2F 61 33 4F 73 48 48 75  38 61 59 0F 00 02 0C 00  /a3OsHHu8aY.....
00000170: 00 00 00 0F 00 03 0C 00  00 00 02 0B 00 01 00 00  ................
00000180: 00 1B 68 74 74 70 3A 2F  2F 73 68 6F 72 74 2D 75  ..http://short-u
00000190: 72 6C 2F 4D 33 65 7A 37  61 30 68 79 79 0B 00 02  rl/M3ez7a0hyy...
000001A0: 00 00 00 47 68 74 74 70  3A 2F 2F 56 65 53 51 78  ...Ghttp://VeSQx
000001B0: 4B 33 47 52 76 45 75 37  6C 34 51 34 49 42 30 68  K3GRvEu7l4Q4IB0h
000001C0: 76 32 4E 54 77 78 44 73  75 7A 6D 43 67 45 4D 66  v2NTwxDsuzmCgEMf
000001D0: 5A 68 33 6F 54 7A 58 6E  36 72 61 45 57 6C 72 75  Zh3oTzXn6raEWlru
000001E0: 6D 53 52 55 66 45 42 72  33 33 52 00 0B 00 01 00  mSRUfEBr33R.....
000001F0: 00 00 1B 68 74 74 70 3A  2F 2F 73 68 6F 72 74 2D  ...http://short-
00000200: 75 72 6C 2F 61 33 4F 73  48 48 75 38 61 59 0B 00  url/a3OsHHu8aY..
00000210: 02 00 00 00 47 68 74 74  70 3A 2F 2F 79 4E 32 48  ....Ghttp://yN2H
00000220: 34 64 6E 6F 59 6E 63 44  68 63 43 4C 52 6E 6D 47  4dnoYncDhcCLRnmG
00000230: 64 37 4A 71 57 4F 72 57  76 76 66 58 69 6D 43 4B  d7JqWOrWvvfXimCK
00000240: 30 77 4A 56 38 53 75 64  6B 6F 52 75 43 57 49 5A  0wJV8SudkoRuCWIZ
00000250: 45 4C 79 35 41 77 4F 58  76 4C 31 57 00 00 00     ELy5AwOXvL1W...
====
STREAM PID 40027.0xffff948328f80b00 (C) > 40016.0xffff9482c72c0b00 (S), length 396
command[40027]: b'./src/ComposePostService/ComposePostService'
command[40016]: b'./cmake-build/src/TextService/TextService'
----
00000000: 00 00 01 88 80 01 00 01  00 00 00 0B 43 6F 6D 70  ............Comp
00000010: 6F 73 65 54 65 78 74 00  00 00 00 0A 00 01 09 19  oseText.........
00000020: 0E 8E 19 34 52 00 0B 00  02 00 00 01 55 55 35 4B  ...4R.......UU5K
00000030: 61 47 68 4E 4F 73 48 32  30 6E 5A 72 34 69 69 36  aGhNOsH20nZr4ii6
00000040: 31 32 6A 68 67 35 50 70  42 78 31 54 4E 41 71 5A  12jhg5PpBx1TNAqZ
00000050: 78 58 55 4E 4F 79 57 6C  43 78 5A 61 4A 30 62 55  xXUNOyWlCxZaJ0bU
00000060: 56 33 73 70 41 48 70 47  51 6F 74 66 65 75 78 43  V3spAHpGQotfeuxC
00000070: 43 6E 4C 55 48 51 36 67  39 74 5A 78 4C 6E 52 72  CnLUHQ6g9tZxLnRr
00000080: 31 63 48 4F 45 4E 61 4A  41 4E 43 72 53 58 66 46  1cHOENaJANCrSXfF
00000090: 54 6C 67 76 53 59 6B 62  35 67 66 6B 35 50 6E 42  TlgvSYkb5gfk5PnB
000000A0: 4D 53 4E 37 64 67 31 6B  65 64 55 62 73 55 62 71  MSN7dg1kedUbsUbq
000000B0: 73 61 4E 33 61 32 4E 65  48 59 44 63 7A 71 55 77  saN3a2NeHYDczqUw
000000C0: 61 70 43 65 6E 72 38 65  47 4D 64 66 39 59 44 49  apCenr8eGMdf9YDI
000000D0: 6F 59 73 5A 6B 50 39 37  44 6B 68 44 6F 78 46 4E  oYsZkP97DkhDoxFN
000000E0: 71 4F 64 72 66 42 48 78  69 44 47 79 32 52 63 4B  qOdrfBHxiDGy2RcK
000000F0: 4C 4B 4B 30 6C 63 6E 74  62 39 6A 56 45 72 6A 4E  LKK0lcntb9jVErjN
00000100: 35 6D 61 44 61 4F 4E 72  59 73 78 34 35 37 4A 6E  5maDaONrYsx457Jn
00000110: 55 67 58 75 54 64 66 4B  6B 70 35 62 33 34 31 73  UgXuTdfKkp5b341s
00000120: 6F 4C 54 75 65 73 34 48  4B 6C 56 58 62 20 40 75  oLTues4HKlVXb @u
00000130: 73 65 72 6E 61 6D 65 5F  38 31 20 68 74 74 70 3A  sername_81 http:
00000140: 2F 2F 68 43 71 4D 48 6B  62 47 72 68 4B 32 7A 66  //hCqMHkbGrhK2zf
00000150: 39 37 64 64 51 4A 57 66  53 74 32 6C 6A 6E 61 54  97ddQJWfSt2ljnaT
00000160: 7A 38 5A 64 43 46 4C 67  30 43 58 6D 76 43 34 39  z8ZdCFLg0CXmvC49
00000170: 42 46 6A 53 6A 30 79 4E  39 39 4B 71 75 74 39 4D  BFjSj0yN99Kqut9M
00000180: 44 69 0D 00 03 0B 0B 00  00 00 00 00              Di..........
====
STREAM PID 40016.0xffff9482c72c0b00 (S) > 40027.0xffff948328f80b00 (C), length 465
command[40016]: b'./cmake-build/src/TextService/TextService'
command[40027]: b'./src/ComposePostService/ComposePostService'
----
00000000: 00 00 01 CD 80 01 00 02  00 00 00 0B 43 6F 6D 70  ............Comp
00000010: 6F 73 65 54 65 78 74 00  00 00 00 0C 00 00 0B 00  oseText.........
00000020: 01 00 00 01 29 55 35 4B  61 47 68 4E 4F 73 48 32  ....)U5KaGhNOsH2
00000030: 30 6E 5A 72 34 69 69 36  31 32 6A 68 67 35 50 70  0nZr4ii612jhg5Pp
00000040: 42 78 31 54 4E 41 71 5A  78 58 55 4E 4F 79 57 6C  Bx1TNAqZxXUNOyWl
00000050: 43 78 5A 61 4A 30 62 55  56 33 73 70 41 48 70 47  CxZaJ0bUV3spAHpG
00000060: 51 6F 74 66 65 75 78 43  43 6E 4C 55 48 51 36 67  QotfeuxCCnLUHQ6g
00000070: 39 74 5A 78 4C 6E 52 72  31 63 48 4F 45 4E 61 4A  9tZxLnRr1cHOENaJ
00000080: 41 4E 43 72 53 58 66 46  54 6C 67 76 53 59 6B 62  ANCrSXfFTlgvSYkb
00000090: 35 67 66 6B 35 50 6E 42  4D 53 4E 37 64 67 31 6B  5gfk5PnBMSN7dg1k
000000A0: 65 64 55 62 73 55 62 71  73 61 4E 33 61 32 4E 65  edUbsUbqsaN3a2Ne
000000B0: 48 59 44 63 7A 71 55 77  61 70 43 65 6E 72 38 65  HYDczqUwapCenr8e
000000C0: 47 4D 64 66 39 59 44 49  6F 59 73 5A 6B 50 39 37  GMdf9YDIoYsZkP97
000000D0: 44 6B 68 44 6F 78 46 4E  71 4F 64 72 66 42 48 78  DkhDoxFNqOdrfBHx
000000E0: 69 44 47 79 32 52 63 4B  4C 4B 4B 30 6C 63 6E 74  iDGy2RcKLKK0lcnt
000000F0: 62 39 6A 56 45 72 6A 4E  35 6D 61 44 61 4F 4E 72  b9jVErjN5maDaONr
00000100: 59 73 78 34 35 37 4A 6E  55 67 58 75 54 64 66 4B  Ysx457JnUgXuTdfK
00000110: 6B 70 35 62 33 34 31 73  6F 4C 54 75 65 73 34 48  kp5b341soLTues4H
00000120: 4B 6C 56 58 62 20 40 75  73 65 72 6E 61 6D 65 5F  KlVXb @username_
00000130: 38 31 20 68 74 74 70 3A  2F 2F 73 68 6F 72 74 2D  81 http://short-
00000140: 75 72 6C 2F 52 6D 4A 55  4C 47 73 36 64 72 0F 00  url/RmJULGs6dr..
00000150: 02 0C 00 00 00 00 0F 00  03 0C 00 00 00 01 0B 00  ................
00000160: 01 00 00 00 1B 68 74 74  70 3A 2F 2F 73 68 6F 72  .....http://shor
00000170: 74 2D 75 72 6C 2F 52 6D  4A 55 4C 47 73 36 64 72  t-url/RmJULGs6dr
00000180: 0B 00 02 00 00 00 47 68  74 74 70 3A 2F 2F 68 43  ......Ghttp://hC
00000190: 71 4D 48 6B 62 47 72 68  4B 32 7A 66 39 37 64 64  qMHkbGrhK2zf97dd
000001A0: 51 4A 57 66 53 74 32 6C  6A 6E 61 54 7A 38 5A 64  QJWfSt2ljnaTz8Zd
000001B0: 43 46 4C 67 30 43 58 6D  76 43 34 39 42 46 6A 53  CFLg0CXmvC49BFjS
000001C0: 6A 30 79 4E 39 39 4B 71  75 74 39 4D 44 69 00 00  j0yN99Kqut9MDi..
000001D0: 00                                                .
====
STREAM PID 40027.0xffff948328f80b00 (C) > 40016.0xffff9482c72c0b00 (S), length 655
command[40027]: b'./src/ComposePostService/ComposePostService'
command[40016]: b'./cmake-build/src/TextService/TextService'
----
00000000: 00 00 02 8B 80 01 00 01  00 00 00 0B 43 6F 6D 70  ............Comp
00000010: 6F 73 65 54 65 78 74 00  00 00 00 0A 00 01 04 98  oseText.........
00000020: 9A 1A 8D 3C F4 80 0B 00  02 00 00 02 58 31 30 38  ...<........X108
00000030: 6B 46 35 55 47 78 56 71  66 71 70 75 79 31 55 54  kF5UGxVqfqpuy1UT
00000040: 68 35 41 34 6F 65 67 34  4D 67 71 7A 56 4D 52 33  h5A4oeg4MgqzVMR3
00000050: 75 32 4D 4B 4F 6E 62 6C  76 69 46 69 6D 53 45 37  u2MKOnblviFimSE7
00000060: 37 4D 47 49 4A 34 44 71  6E 32 50 70 6B 44 70 55  7MGIJ4Dqn2PpkDpU
00000070: 56 75 63 46 6F 68 74 55  58 6F 4F 69 68 4F 71 78  VucFohtUXoOihOqx
00000080: 74 65 58 34 73 64 7A 4E  51 7A 32 74 5A 44 33 59  teX4sdzNQz2tZD3Y
00000090: 38 52 63 71 61 54 77 62  44 46 4A 4C 43 53 73 70  8RcqaTwbDFJLCSsp
000000A0: 67 4C 6B 50 77 61 49 4E  53 53 6B 75 33 6B 43 57  gLkPwaINSSku3kCW
000000B0: 53 52 6B 54 42 65 46 66  47 33 70 73 66 78 38 6C  SRkTBeFfG3psfx8l
000000C0: 47 65 45 61 77 4F 4C 6A  69 72 6E 32 65 70 53 6F  GeEawOLjirn2epSo
000000D0: 63 39 72 73 37 67 35 70  57 66 39 6C 38 31 48 67  c9rs7g5pWf9l81Hg
000000E0: 51 71 65 53 51 47 31 4C  68 75 78 68 63 50 6E 6C  QqeSQG1LhuxhcPnl
000000F0: 62 6F 77 6D 79 5A 39 4B  69 59 6F 65 32 33 34 4B  bowmyZ9KiYoe234K
00000100: 6C 59 69 41 4B 30 44 71  72 45 59 63 78 57 38 46  lYiAK0DqrEYcxW8F
00000110: 37 4E 4E 45 74 37 6D 69  75 37 6F 54 4E 77 44 65  7NNEt7miu7oTNwDe
00000120: 45 58 48 37 4F 46 31 56  77 59 45 74 4F 20 40 75  EXH7OF1VwYEtO @u
00000130: 73 65 72 6E 61 6D 65 5F  37 31 35 20 40 75 73 65  sername_715 @use
00000140: 72 6E 61 6D 65 5F 33 30  30 20 40 75 73 65 72 6E  rname_300 @usern
00000150: 61 6D 65 5F 36 33 30 20  40 75 73 65 72 6E 61 6D  ame_630 @usernam
00000160: 65 5F 35 39 32 20 68 74  74 70 3A 2F 2F 51 73 67  e_592 http://Qsg
00000170: 35 72 71 43 54 63 37 52  4D 4D 67 52 57 63 75 70  5rqCTc7RMMgRWcup
00000180: 4F 30 71 30 4A 79 37 50  4C 75 36 64 78 61 52 43  O0q0Jy7PLu6dxaRC
00000190: 57 7A 44 74 58 74 43 48  73 30 6E 64 67 4D 39 57  WzDtXtCHs0ndgM9W
000001A0: 51 79 77 6B 66 4A 42 4F  4D 64 4B 44 6C 20 68 74  QywkfJBOMdKDl ht
000001B0: 74 70 3A 2F 2F 4D 73 6F  45 45 44 54 71 47 55 35  tp://MsoEEDTqGU5
000001C0: 30 42 67 70 39 4F 30 49  37 7A 4E 7A 36 34 49 48  0Bgp9O0I7zNz64IH
000001D0: 67 36 4A 4F 74 71 63 55  72 48 62 7A 66 47 53 52  g6JOtqcUrHbzfGSR
000001E0: 44 58 77 77 61 32 55 31  55 55 45 64 4F 46 79 76  DXwwa2U1UUEdOFyv
000001F0: 46 38 6D 54 57 20 68 74  74 70 3A 2F 2F 74 76 6C  F8mTW http://tvl
00000200: 47 59 54 48 73 54 48 70  52 41 46 64 53 45 66 49  GYTHsTHpRAFdSEfI
00000210: 69 6C 62 35 36 4E 58 5A  4A 58 63 4D 47 4E 36 50  ilb56NXZJXcMGN6P
00000220: 64 46 37 36 4D 44 36 54  5A 42 64 78 72 55 46 45  dF76MD6TZBdxrUFE
00000230: 4E 79 6A 51 56 53 43 49  45 56 4F 51 6C 20 68 74  NyjQVSCIEVOQl ht
00000240: 74 70 3A 2F 2F 6A 46 4F  39 48 54 68 43 6B 35 43  tp://jFO9HThCk5C
00000250: 45 65 53 72 4F 48 67 54  71 38 67 6A 44 55 62 42  EeSrOHgTq8gjDUbB
00000260: 4C 4F 4C 47 52 77 4B 6F  65 55 77 4E 71 62 6C 31  LOLGRwKoeUwNqbl1
00000270: 74 52 76 74 57 72 39 67  62 75 64 77 4D 69 70 6E  tRvtWr9gbudwMipn
00000280: 7A 4E 49 72 53 0D 00 03  0B 0B 00 00 00 00 00     zNIrS..........
====
STREAM PID 40016.0xffff9482c72c0b00 (S) > 40027.0xffff948328f80b00 (C), length 931
command[40016]: b'./cmake-build/src/TextService/TextService'
command[40027]: b'./src/ComposePostService/ComposePostService'
----
00000000: 00 00 03 9F 80 01 00 02  00 00 00 0B 43 6F 6D 70  ............Comp
00000010: 6F 73 65 54 65 78 74 00  00 00 00 0C 00 00 0B 00  oseText.........
00000020: 01 00 00 01 A8 31 30 38  6B 46 35 55 47 78 56 71  .....108kF5UGxVq
00000030: 66 71 70 75 79 31 55 54  68 35 41 34 6F 65 67 34  fqpuy1UTh5A4oeg4
00000040: 4D 67 71 7A 56 4D 52 33  75 32 4D 4B 4F 6E 62 6C  MgqzVMR3u2MKOnbl
00000050: 76 69 46 69 6D 53 45 37  37 4D 47 49 4A 34 44 71  viFimSE77MGIJ4Dq
00000060: 6E 32 50 70 6B 44 70 55  56 75 63 46 6F 68 74 55  n2PpkDpUVucFohtU
00000070: 58 6F 4F 69 68 4F 71 78  74 65 58 34 73 64 7A 4E  XoOihOqxteX4sdzN
00000080: 51 7A 32 74 5A 44 33 59  38 52 63 71 61 54 77 62  Qz2tZD3Y8RcqaTwb
00000090: 44 46 4A 4C 43 53 73 70  67 4C 6B 50 77 61 49 4E  DFJLCSspgLkPwaIN
000000A0: 53 53 6B 75 33 6B 43 57  53 52 6B 54 42 65 46 66  SSku3kCWSRkTBeFf
000000B0: 47 33 70 73 66 78 38 6C  47 65 45 61 77 4F 4C 6A  G3psfx8lGeEawOLj
000000C0: 69 72 6E 32 65 70 53 6F  63 39 72 73 37 67 35 70  irn2epSoc9rs7g5p
000000D0: 57 66 39 6C 38 31 48 67  51 71 65 53 51 47 31 4C  Wf9l81HgQqeSQG1L
000000E0: 68 75 78 68 63 50 6E 6C  62 6F 77 6D 79 5A 39 4B  huxhcPnlbowmyZ9K
000000F0: 69 59 6F 65 32 33 34 4B  6C 59 69 41 4B 30 44 71  iYoe234KlYiAK0Dq
00000100: 72 45 59 63 78 57 38 46  37 4E 4E 45 74 37 6D 69  rEYcxW8F7NNEt7mi
00000110: 75 37 6F 54 4E 77 44 65  45 58 48 37 4F 46 31 56  u7oTNwDeEXH7OF1V
00000120: 77 59 45 74 4F 20 40 75  73 65 72 6E 61 6D 65 5F  wYEtO @username_
00000130: 37 31 35 20 40 75 73 65  72 6E 61 6D 65 5F 33 30  715 @username_30
00000140: 30 20 40 75 73 65 72 6E  61 6D 65 5F 36 33 30 20  0 @username_630 
00000150: 40 75 73 65 72 6E 61 6D  65 5F 35 39 32 20 68 74  @username_592 ht
00000160: 74 70 3A 2F 2F 73 68 6F  72 74 2D 75 72 6C 2F 34  tp://short-url/4
00000170: 6B 49 57 75 4B 39 32 47  43 20 68 74 74 70 3A 2F  kIWuK92GC http:/
00000180: 2F 73 68 6F 72 74 2D 75  72 6C 2F 55 51 41 4F 49  /short-url/UQAOI
00000190: 4C 37 6D 62 30 20 68 74  74 70 3A 2F 2F 73 68 6F  L7mb0 http://sho
000001A0: 72 74 2D 75 72 6C 2F 77  78 77 71 4D 65 39 54 69  rt-url/wxwqMe9Ti
000001B0: 6C 20 68 74 74 70 3A 2F  2F 73 68 6F 72 74 2D 75  l http://short-u
000001C0: 72 6C 2F 6B 64 64 4F 65  39 6F 58 30 39 0F 00 02  rl/kddOe9oX09...
000001D0: 0C 00 00 00 00 0F 00 03  0C 00 00 00 04 0B 00 01  ................
000001E0: 00 00 00 1B 68 74 74 70  3A 2F 2F 73 68 6F 72 74  ....http://short
000001F0: 2D 75 72 6C 2F 34 6B 49  57 75 4B 39 32 47 43 0B  -url/4kIWuK92GC.
00000200: 00 02 00 00 00 47 68 74  74 70 3A 2F 2F 51 73 67  .....Ghttp://Qsg
00000210: 35 72 71 43 54 63 37 52  4D 4D 67 52 57 63 75 70  5rqCTc7RMMgRWcup
00000220: 4F 30 71 30 4A 79 37 50  4C 75 36 64 78 61 52 43  O0q0Jy7PLu6dxaRC
00000230: 57 7A 44 74 58 74 43 48  73 30 6E 64 67 4D 39 57  WzDtXtCHs0ndgM9W
00000240: 51 79 77 6B 66 4A 42 4F  4D 64 4B 44 6C 00 0B 00  QywkfJBOMdKDl...
00000250: 01 00 00 00 1B 68 74 74  70 3A 2F 2F 73 68 6F 72  .....http://shor
00000260: 74 2D 75 72 6C 2F 55 51  41 4F 49 4C 37 6D 62 30  t-url/UQAOIL7mb0
00000270: 0B 00 02 00 00 00 47 68  74 74 70 3A 2F 2F 4D 73  ......Ghttp://Ms
00000280: 6F 45 45 44 54 71 47 55  35 30 42 67 70 39 4F 30  oEEDTqGU50Bgp9O0
00000290: 49 37 7A 4E 7A 36 34 49  48 67 36 4A 4F 74 71 63  I7zNz64IHg6JOtqc
000002A0: 55 72 48 62 7A 66 47 53  52 44 58 77 77 61 32 55  UrHbzfGSRDXwwa2U
000002B0: 31 55 55 45 64 4F 46 79  76 46 38 6D 54 57 00 0B  1UUEdOFyvF8mTW..
000002C0: 00 01 00 00 00 1B 68 74  74 70 3A 2F 2F 73 68 6F  ......http://sho
000002D0: 72 74 2D 75 72 6C 2F 77  78 77 71 4D 65 39 54 69  rt-url/wxwqMe9Ti
000002E0: 6C 0B 00 02 00 00 00 47  68 74 74 70 3A 2F 2F 74  l......Ghttp://t
000002F0: 76 6C 47 59 54 48 73 54  48 70 52 41 46 64 53 45  vlGYTHsTHpRAFdSE
00000300: 66 49 69 6C 62 35 36 4E  58 5A 4A 58 63 4D 47 4E  fIilb56NXZJXcMGN
00000310: 36 50 64 46 37 36 4D 44  36 54 5A 42 64 78 72 55  6PdF76MD6TZBdxrU
00000320: 46 45 4E 79 6A 51 56 53  43 49 45 56 4F 51 6C 00  FENyjQVSCIEVOQl.
00000330: 0B 00 01 00 00 00 1B 68  74 74 70 3A 2F 2F 73 68  .......http://sh
00000340: 6F 72 74 2D 75 72 6C 2F  6B 64 64 4F 65 39 6F 58  ort-url/kddOe9oX
00000350: 30 39 0B 00 02 00 00 00  47 68 74 74 70 3A 2F 2F  09......Ghttp://
00000360: 6A 46 4F 39 48 54 68 43  6B 35 43 45 65 53 72 4F  jFO9HThCk5CEeSrO
00000370: 48 67 54 71 38 67 6A 44  55 62 42 4C 4F 4C 47 52  HgTq8gjDUbBLOLGR
00000380: 77 4B 6F 65 55 77 4E 71  62 6C 31 74 52 76 74 57  wKoeUwNqbl1tRvtW
00000390: 72 39 67 62 75 64 77 4D  69 70 6E 7A 4E 49 72 53  r9gbudwMipnzNIrS
000003A0: 00 00 00                                          ...
====
STREAM PID 40027.0xffff948328f80b00 (C) > 40016.0xffff9482c72c0b00 (S), length 555
command[40027]: b'./src/ComposePostService/ComposePostService'
command[40016]: b'./cmake-build/src/TextService/TextService'
----
00000000: 00 00 02 27 80 01 00 01  00 00 00 0B 43 6F 6D 70  ...'........Comp
00000010: 6F 73 65 54 65 78 74 00  00 00 00 0A 00 01 07 C7  oseText.........
00000020: BA 10 22 C3 73 40 0B 00  02 00 00 01 F4 48 43 69  ..".s@.......HCi
00000030: 50 48 5A 78 42 6E 4D 39  50 54 68 44 32 6A 6D 71  PHZxBnM9PThD2jmq
00000040: 6E 4C 47 4E 75 57 55 38  41 43 37 48 5A 56 48 4B  nLGNuWU8AC7HZVHK
00000050: 6E 59 43 45 6D 30 66 42  53 52 77 78 39 75 54 7A  nYCEm0fBSRwx9uTz
00000060: 78 32 55 52 53 42 71 39  7A 4C 54 58 78 76 30 78  x2URSBq9zLTXxv0x
00000070: 39 36 77 4F 44 41 56 75  4F 45 48 4B 35 42 49 35  96wODAVuOEHK5BI5
00000080: 4A 62 69 50 4D 4F 44 75  30 44 74 39 36 72 58 4D  JbiPMODu0Dt96rXM
00000090: 49 4C 49 4A 59 68 34 69  56 64 34 32 65 42 48 59  ILIJYh4iVd42eBHY
000000A0: 69 4D 4E 58 45 51 42 6B  73 6E 4F 36 35 6F 4A 79  iMNXEQBksnO65oJy
000000B0: 47 6E 6E 69 44 6F 57 31  76 73 39 57 4B 49 75 4F  GnniDoW1vs9WKIuO
000000C0: 4B 6A 4F 5A 76 4B 56 62  58 31 74 62 48 4A 69 4F  KjOZvKVbX1tbHJiO
000000D0: 48 45 6C 52 37 64 38 64  64 52 64 74 68 37 4E 70  HElR7d8ddRdth7Np
000000E0: 65 75 4A 64 73 52 31 57  33 53 51 5A 6D 67 6A 78  euJdsR1W3SQZmgjx
000000F0: 61 51 37 7A 41 74 71 4C  37 55 4A 61 64 39 4B 6A  aQ7zAtqL7UJad9Kj
00000100: 6A 55 56 30 37 4D 6F 61  6B 41 78 34 48 57 61 54  jUV07MoakAx4HWaT
00000110: 6D 76 51 74 4A 59 43 76  65 52 4A 41 34 43 4F 32  mvQtJYCveRJA4CO2
00000120: 33 72 56 37 39 6E 45 6D  68 55 6E 63 4E 20 40 75  3rV79nEmhUncN @u
00000130: 73 65 72 6E 61 6D 65 5F  32 30 30 20 40 75 73 65  sername_200 @use
00000140: 72 6E 61 6D 65 5F 31 31  31 20 68 74 74 70 3A 2F  rname_111 http:/
00000150: 2F 76 50 51 73 35 42 33  79 42 44 6A 39 43 65 62  /vPQs5B3yBDj9Ceb
00000160: 43 4A 31 4B 4E 32 77 35  4E 54 77 4B 59 52 50 34  CJ1KN2w5NTwKYRP4
00000170: 51 6A 71 6F 54 51 39 67  39 73 4A 50 55 49 7A 6F  QjqoTQ9g9sJPUIzo
00000180: 31 42 53 4C 6B 73 76 36  64 50 58 53 36 45 51 48  1BSLksv6dPXS6EQH
00000190: 47 20 68 74 74 70 3A 2F  2F 65 48 6D 78 4C 4F 7A  G http://eHmxLOz
000001A0: 70 52 69 73 5A 43 54 6E  50 6E 54 75 39 7A 48 59  pRisZCTnPnTu9zHY
000001B0: 30 43 66 70 55 55 74 55  4F 51 4C 49 69 49 50 71  0CfpUUtUOQLIiIPq
000001C0: 36 6E 4A 65 75 4F 5A 68  30 76 4A 54 32 4C 42 48  6nJeuOZh0vJT2LBH
000001D0: 50 42 6E 51 48 36 41 7A  57 20 68 74 74 70 3A 2F  PBnQH6AzW http:/
000001E0: 2F 35 34 55 63 79 44 33  31 6A 32 39 54 71 58 6E  /54UcyD31j29TqXn
000001F0: 73 30 47 76 43 36 41 6B  39 39 4D 64 69 4C 44 74  s0GvC6Ak99MdiLDt
00000200: 55 49 59 68 74 73 64 32  7A 61 64 59 71 66 64 78  UIYhtsd2zadYqfdx
00000210: 48 33 43 41 74 36 62 33  30 66 45 70 45 74 4C 41  H3CAt6b30fEpEtLA
00000220: 30 0D 00 03 0B 0B 00 00  00 00 00                 0..........
====
STREAM PID 40016.0xffff9482c72c0b00 (S) > 40027.0xffff948328f80b00 (C), length 762
command[40016]: b'./cmake-build/src/TextService/TextService'
command[40027]: b'./src/ComposePostService/ComposePostService'
----
00000000: 00 00 02 F6 80 01 00 02  00 00 00 0B 43 6F 6D 70  ............Comp
00000010: 6F 73 65 54 65 78 74 00  00 00 00 0C 00 00 0B 00  oseText.........
00000020: 01 00 00 01 70 48 43 69  50 48 5A 78 42 6E 4D 39  ....pHCiPHZxBnM9
00000030: 50 54 68 44 32 6A 6D 71  6E 4C 47 4E 75 57 55 38  PThD2jmqnLGNuWU8
00000040: 41 43 37 48 5A 56 48 4B  6E 59 43 45 6D 30 66 42  AC7HZVHKnYCEm0fB
00000050: 53 52 77 78 39 75 54 7A  78 32 55 52 53 42 71 39  SRwx9uTzx2URSBq9
00000060: 7A 4C 54 58 78 76 30 78  39 36 77 4F 44 41 56 75  zLTXxv0x96wODAVu
00000070: 4F 45 48 4B 35 42 49 35  4A 62 69 50 4D 4F 44 75  OEHK5BI5JbiPMODu
00000080: 30 44 74 39 36 72 58 4D  49 4C 49 4A 59 68 34 69  0Dt96rXMILIJYh4i
00000090: 56 64 34 32 65 42 48 59  69 4D 4E 58 45 51 42 6B  Vd42eBHYiMNXEQBk
000000A0: 73 6E 4F 36 35 6F 4A 79  47 6E 6E 69 44 6F 57 31  snO65oJyGnniDoW1
000000B0: 76 73 39 57 4B 49 75 4F  4B 6A 4F 5A 76 4B 56 62  vs9WKIuOKjOZvKVb
000000C0: 58 31 74 62 48 4A 69 4F  48 45 6C 52 37 64 38 64  X1tbHJiOHElR7d8d
000000D0: 64 52 64 74 68 37 4E 70  65 75 4A 64 73 52 31 57  dRdth7NpeuJdsR1W
000000E0: 33 53 51 5A 6D 67 6A 78  61 51 37 7A 41 74 71 4C  3SQZmgjxaQ7zAtqL
000000F0: 37 55 4A 61 64 39 4B 6A  6A 55 56 30 37 4D 6F 61  7UJad9KjjUV07Moa
00000100: 6B 41 78 34 48 57 61 54  6D 76 51 74 4A 59 43 76  kAx4HWaTmvQtJYCv
00000110: 65 52 4A 41 34 43 4F 32  33 72 56 37 39 6E 45 6D  eRJA4CO23rV79nEm
00000120: 68 55 6E 63 4E 20 40 75  73 65 72 6E 61 6D 65 5F  hUncN @username_
00000130: 32 30 30 20 40 75 73 65  72 6E 61 6D 65 5F 31 31  200 @username_11
00000140: 31 20 68 74 74 70 3A 2F  2F 73 68 6F 72 74 2D 75  1 http://short-u
00000150: 72 6C 2F 79 76 4B 68 4C  4E 36 45 38 56 20 68 74  rl/yvKhLN6E8V ht
00000160: 74 70 3A 2F 2F 73 68 6F  72 74 2D 75 72 6C 2F 4C  tp://short-url/L
00000170: 75 54 71 63 68 65 35 46  52 20 68 74 74 70 3A 2F  uTqche5FR http:/
00000180: 2F 73 68 6F 72 74 2D 75  72 6C 2F 6D 71 69 66 67  /short-url/mqifg
00000190: 70 6E 43 69 6E 0F 00 02  0C 00 00 00 00 0F 00 03  pnCin...........
000001A0: 0C 00 00 00 03 0B 00 01  00 00 00 1B 68 74 74 70  ............http
000001B0: 3A 2F 2F 73 68 6F 72 74  2D 75 72 6C 2F 79 76 4B  ://short-url/yvK
000001C0: 68 4C 4E 36 45 38 56 0B  00 02 00 00 00 47 68 74  hLN6E8V......Ght
000001D0: 74 70 3A 2F 2F 76 50 51  73 35 42 33 79 42 44 6A  tp://vPQs5B3yBDj
000001E0: 39 43 65 62 43 4A 31 4B  4E 32 77 35 4E 54 77 4B  9CebCJ1KN2w5NTwK
000001F0: 59 52 50 34 51 6A 71 6F  54 51 39 67 39 73 4A 50  YRP4QjqoTQ9g9sJP
00000200: 55 49 7A 6F 31 42 53 4C  6B 73 76 36 64 50 58 53  UIzo1BSLksv6dPXS
00000210: 36 45 51 48 47 00 0B 00  01 00 00 00 1B 68 74 74  6EQHG........htt
00000220: 70 3A 2F 2F 73 68 6F 72  74 2D 75 72 6C 2F 4C 75  p://short-url/Lu
00000230: 54 71 63 68 65 35 46 52  0B 00 02 00 00 00 47 68  Tqche5FR......Gh
00000240: 74 74 70 3A 2F 2F 65 48  6D 78 4C 4F 7A 70 52 69  ttp://eHmxLOzpRi
00000250: 73 5A 43 54 6E 50 6E 54  75 39 7A 48 59 30 43 66  sZCTnPnTu9zHY0Cf
00000260: 70 55 55 74 55 4F 51 4C  49 69 49 50 71 36 6E 4A  pUUtUOQLIiIPq6nJ
00000270: 65 75 4F 5A 68 30 76 4A  54 32 4C 42 48 50 42 6E  euOZh0vJT2LBHPBn
00000280: 51 48 36 41 7A 57 00 0B  00 01 00 00 00 1B 68 74  QH6AzW........ht
00000290: 74 70 3A 2F 2F 73 68 6F  72 74 2D 75 72 6C 2F 6D  tp://short-url/m
000002A0: 71 69 66 67 70 6E 43 69  6E 0B 00 02 00 00 00 47  qifgpnCin......G
000002B0: 68 74 74 70 3A 2F 2F 35  34 55 63 79 44 33 31 6A  http://54UcyD31j
000002C0: 32 39 54 71 58 6E 73 30  47 76 43 36 41 6B 39 39  29TqXns0GvC6Ak99
000002D0: 4D 64 69 4C 44 74 55 49  59 68 74 73 64 32 7A 61  MdiLDtUIYhtsd2za
000002E0: 64 59 71 66 64 78 48 33  43 41 74 36 62 33 30 66  dYqfdxH3CAt6b30f
000002F0: 45 70 45 74 4C 41 30 00  00 00                    EpEtLA0...
====
STREAM PID 40027.0xffff948328f80b00 (C) > 40016.0xffff9482c72c0b00 (S), length 727
command[40027]: b'./src/ComposePostService/ComposePostService'
command[40016]: b'./cmake-build/src/TextService/TextService'
----
00000000: 00 00 02 D3 80 01 00 01  00 00 00 0B 43 6F 6D 70  ............Comp
00000010: 6F 73 65 54 65 78 74 00  00 00 00 0A 00 01 09 19  oseText.........
00000020: 9E 24 6C 6E 7B 00 0B 00  02 00 00 02 A0 4D 4F 67  .$ln{........MOg
00000030: 41 59 6F 31 4B 34 74 71  43 71 4D 51 66 66 64 65  AYo1K4tqCqMQffde
00000040: 34 30 72 61 72 64 61 78  76 69 77 45 34 31 75 66  40rardaxviwE41uf
00000050: 4F 78 75 4B 74 67 36 64  41 4D 51 5A 7A 67 30 76  OxuKtg6dAMQZzg0v
00000060: 4E 48 64 39 56 74 5A 37  69 6A 38 47 65 42 59 77  NHd9VtZ7ij8GeBYw
00000070: 37 39 72 48 55 69 59 37  56 6C 43 30 77 52 63 6B  79rHUiY7VlC0wRck
00000080: 6E 43 37 4E 4B 6F 63 50  4E 6C 56 65 35 33 62 75  nC7NKocPNlVe53bu
00000090: 47 58 6B 73 49 75 4B 63  47 35 45 52 4A 46 69 44  GXksIuKcG5ERJFiD
000000A0: 64 73 59 38 47 46 55 4F  64 75 75 5A 6C 77 64 4F  dsY8GFUOduuZlwdO
000000B0: 57 4F 35 43 49 52 7A 5A  30 76 4F 72 47 55 43 61  WO5CIRzZ0vOrGUCa
000000C0: 51 6A 34 50 74 46 33 70  79 67 6A 52 36 50 4A 76  Qj4PtF3pygjR6PJv
000000D0: 4B 70 47 42 53 36 41 5A  56 41 50 57 46 70 38 4D  KpGBS6AZVAPWFp8M
000000E0: 6D 46 4F 58 36 57 32 63  63 62 71 4C 31 79 69 66  mFOX6W2ccbqL1yif
000000F0: 34 47 56 6E 34 4C 53 50  44 70 36 4E 33 47 30 6D  4GVn4LSPDp6N3G0m
00000100: 50 68 41 6C 49 4C 73 6C  56 44 79 45 34 46 59 50  PhAlILslVDyE4FYP
00000110: 6C 39 52 70 68 76 76 4A  66 41 76 4D 70 67 6D 56  l9RphvvJfAvMpgmV
00000120: 33 4C 35 67 54 31 74 57  56 4A 41 46 33 20 40 75  3L5gT1tWVJAF3 @u
00000130: 73 65 72 6E 61 6D 65 5F  35 36 30 20 40 75 73 65  sername_560 @use
00000140: 72 6E 61 6D 65 5F 31 30  38 20 40 75 73 65 72 6E  rname_108 @usern
00000150: 61 6D 65 5F 37 38 36 20  40 75 73 65 72 6E 61 6D  ame_786 @usernam
00000160: 65 5F 36 34 39 20 68 74  74 70 3A 2F 2F 68 33 31  e_649 http://h31
00000170: 39 4D 4C 54 42 69 44 77  34 67 78 58 62 45 4A 42  9MLTBiDw4gxXbEJB
00000180: 46 50 78 67 74 6F 39 39  78 55 42 6F 66 6A 6B 6D  FPxgto99xUBofjkm
00000190: 38 57 36 53 6A 4B 31 66  4F 75 38 63 47 33 48 35  8W6SjK1fOu8cG3H5
000001A0: 62 64 63 79 56 43 78 6A  33 43 51 63 41 20 68 74  bdcyVCxj3CQcA ht
000001B0: 74 70 3A 2F 2F 37 36 39  64 32 71 38 71 51 74 38  tp://769d2q8qQt8
000001C0: 78 55 68 4B 76 51 35 70  52 34 38 43 33 77 57 7A  xUhKvQ5pR48C3wWz
000001D0: 38 5A 7A 39 6C 71 46 4B  68 44 4C 5A 62 57 44 61  8Zz9lqFKhDLZbWDa
000001E0: 72 45 63 48 6C 78 74 46  52 44 49 50 59 4B 68 63  rEcHlxtFRDIPYKhc
000001F0: 66 31 42 6D 6D 20 68 74  74 70 3A 2F 2F 47 66 73  f1Bmm http://Gfs
00000200: 49 64 58 4C 59 77 64 67  41 51 34 58 31 43 39 72  IdXLYwdgAQ4X1C9r
00000210: 76 7A 6D 54 77 59 68 66  71 56 6B 45 4A 73 63 37  vzmTwYhfqVkEJsc7
00000220: 73 65 6F 39 72 48 79 52  41 59 6E 64 4D 66 38 74  seo9rHyRAYndMf8t
00000230: 65 70 43 64 64 53 75 45  69 70 4C 5A 4E 20 68 74  epCddSuEipLZN ht
00000240: 74 70 3A 2F 2F 7A 43 42  62 57 55 56 46 4F 76 38  tp://zCBbWUVFOv8
00000250: 41 37 47 63 42 6F 46 6C  77 59 74 43 54 4A 48 78  A7GcBoFlwYtCTJHx
00000260: 36 4E 58 34 30 71 6D 65  37 42 44 65 50 67 46 30  6NX40qme7BDePgF0
00000270: 74 55 35 6F 77 47 4A 42  4D 4A 49 79 64 61 5A 4D  tU5owGJBMJIydaZM
00000280: 73 7A 6D 42 6C 20 68 74  74 70 3A 2F 2F 36 51 38  szmBl http://6Q8
00000290: 43 6E 76 6E 47 6A 69 55  4A 30 42 57 68 65 56 36  CnvnGjiUJ0BWheV6
000002A0: 68 78 50 57 69 58 4E 41  4E 69 61 48 6B 62 7A 59  hxPWiXNANiaHkbzY
000002B0: 65 4B 4D 4C 69 56 64 54  35 73 58 4C 4B 59 68 43  eKMLiVdT5sXLKYhC
000002C0: 55 35 42 67 37 34 53 51  77 53 30 58 6A 0D 00 03  U5Bg74SQwS0Xj...
000002D0: 0B 0B 00 00 00 00 00                              .......
====
STREAM PID 40027.0xffff948328f80b00 (C) > 40016.0xffff9482c72c0b00 (S), length 541
command[40027]: b'./src/ComposePostService/ComposePostService'
command[40016]: b'./cmake-build/src/TextService/TextService'
----
00000000: 00 00 02 19 80 01 00 01  00 00 00 0B 43 6F 6D 70  ............Comp
00000010: 6F 73 65 54 65 78 74 00  00 00 00 0A 00 01 05 E4  oseText.........
00000020: 85 CB 9D 4B CF C0 0B 00  02 00 00 01 E6 68 38 6A  ...K.........h8j
00000030: 54 58 43 6B 36 54 46 38  73 51 4A 54 46 79 43 31  TXCk6TF8sQJTFyC1
00000040: 6F 62 39 77 78 70 68 4E  59 70 45 51 44 4A 4D 33  ob9wxphNYpEQDJM3
00000050: 31 4D 77 47 4F 59 56 31  4A 5A 78 4E 72 76 7A 38  1MwGOYV1JZxNrvz8
00000060: 53 4E 31 6C 58 4E 38 45  6E 31 51 78 61 6C 57 45  SN1lXN8En1QxalWE
00000070: 49 4D 76 41 5A 5A 6F 69  32 65 4E 53 59 68 61 52  IMvAZZoi2eNSYhaR
00000080: 62 42 53 57 5A 46 61 74  75 43 36 77 4B 64 33 64  bBSWZFatuC6wKd3d
00000090: 58 55 4A 6C 36 55 59 70  39 58 67 58 52 6E 74 74  XUJl6UYp9XgXRntt
000000A0: 36 30 56 52 4D 4B 4C 51  58 7A 62 7A 58 64 70 69  60VRMKLQXzbzXdpi
000000B0: 6C 74 57 67 50 4B 79 4F  37 78 76 79 38 6B 6F 5A  ltWgPKyO7xvy8koZ
000000C0: 59 37 39 36 7A 4C 53 68  6B 37 46 30 42 47 30 4C  Y796zLShk7F0BG0L
000000D0: 49 73 74 48 38 62 48 65  56 32 48 4D 48 6B 39 79  IstH8bHeV2HMHk9y
000000E0: 79 6A 46 74 53 66 67 78  76 50 69 79 69 50 74 65  yjFtSfgxvPiyiPte
000000F0: 64 5A 44 32 58 36 31 72  58 30 4C 7A 61 66 4E 41  dZD2X61rX0LzafNA
00000100: 35 64 4E 6D 49 68 79 70  4C 4D 47 37 6F 48 46 41  5dNmIhypLMG7oHFA
00000110: 46 36 4C 4A 67 61 34 6B  4E 73 6B 58 6F 4B 58 59  F6LJga4kNskXoKXY
00000120: 64 6F 36 75 69 75 76 31  36 54 6A 55 6A 20 40 75  do6uiuv16TjUj @u
00000130: 73 65 72 6E 61 6D 65 5F  39 35 38 20 68 74 74 70  sername_958 http
00000140: 3A 2F 2F 38 78 72 71 46  6B 4C 32 48 32 4A 73 51  ://8xrqFkL2H2JsQ
00000150: 6A 43 59 33 56 36 4B 59  46 7A 65 45 6A 30 6A 30  jCY3V6KYFzeEj0j0
00000160: 70 45 32 7A 51 4F 78 65  75 76 55 74 32 4B 64 77  pE2zQOxeuvUt2Kdw
00000170: 6E 45 4F 35 46 4A 67 6E  49 77 36 6A 30 6B 33 72  nEO5FJgnIw6j0k3r
00000180: 4A 64 32 20 68 74 74 70  3A 2F 2F 58 43 66 78 51  Jd2 http://XCfxQ
00000190: 52 43 4F 64 69 78 34 73  4D 7A 4F 67 6B 7A 4C 44  RCOdix4sMzOgkzLD
000001A0: 74 58 50 6F 4A 50 5A 55  35 5A 58 51 4C 34 47 63  tXPoJPZU5ZXQL4Gc
000001B0: 39 79 76 56 34 77 6B 4F  6A 76 66 6F 4A 64 4B 63  9yvV4wkOjvfoJdKc
000001C0: 35 30 79 64 72 51 31 69  31 50 41 20 68 74 74 70  50ydrQ1i1PA http
000001D0: 3A 2F 2F 37 66 52 32 70  66 47 68 50 34 37 75 4C  ://7fR2pfGhP47uL
000001E0: 33 34 6F 79 63 31 4E 68  79 64 76 7A 72 6C 4E 52  34oyc1NhydvzrlNR
000001F0: 73 65 43 4A 4E 41 53 56  4E 47 33 46 68 46 76 41  seCJNASVNG3FhFvA
00000200: 71 42 4F 31 45 6E 75 48  30 55 6C 77 31 5A 45 5A  qBO1EnuH0Ulw1ZEZ
00000210: 4D 6F 76 0D 00 03 0B 0B  00 00 00 00 00           Mov..........
====
STREAM PID 40016.0xffff9482c72c0b00 (S) > 40027.0xffff948328f80b00 (C), length 748
command[40016]: b'./cmake-build/src/TextService/TextService'
command[40027]: b'./src/ComposePostService/ComposePostService'
----
00000000: 00 00 02 E8 80 01 00 02  00 00 00 0B 43 6F 6D 70  ............Comp
00000010: 6F 73 65 54 65 78 74 00  00 00 00 0C 00 00 0B 00  oseText.........
00000020: 01 00 00 01 62 68 38 6A  54 58 43 6B 36 54 46 38  ....bh8jTXCk6TF8
00000030: 73 51 4A 54 46 79 43 31  6F 62 39 77 78 70 68 4E  sQJTFyC1ob9wxphN
00000040: 59 70 45 51 44 4A 4D 33  31 4D 77 47 4F 59 56 31  YpEQDJM31MwGOYV1
00000050: 4A 5A 78 4E 72 76 7A 38  53 4E 31 6C 58 4E 38 45  JZxNrvz8SN1lXN8E
00000060: 6E 31 51 78 61 6C 57 45  49 4D 76 41 5A 5A 6F 69  n1QxalWEIMvAZZoi
00000070: 32 65 4E 53 59 68 61 52  62 42 53 57 5A 46 61 74  2eNSYhaRbBSWZFat
00000080: 75 43 36 77 4B 64 33 64  58 55 4A 6C 36 55 59 70  uC6wKd3dXUJl6UYp
00000090: 39 58 67 58 52 6E 74 74  36 30 56 52 4D 4B 4C 51  9XgXRntt60VRMKLQ
000000A0: 58 7A 62 7A 58 64 70 69  6C 74 57 67 50 4B 79 4F  XzbzXdpiltWgPKyO
000000B0: 37 78 76 79 38 6B 6F 5A  59 37 39 36 7A 4C 53 68  7xvy8koZY796zLSh
000000C0: 6B 37 46 30 42 47 30 4C  49 73 74 48 38 62 48 65  k7F0BG0LIstH8bHe
000000D0: 56 32 48 4D 48 6B 39 79  79 6A 46 74 53 66 67 78  V2HMHk9yyjFtSfgx
000000E0: 76 50 69 79 69 50 74 65  64 5A 44 32 58 36 31 72  vPiyiPtedZD2X61r
000000F0: 58 30 4C 7A 61 66 4E 41  35 64 4E 6D 49 68 79 70  X0LzafNA5dNmIhyp
00000100: 4C 4D 47 37 6F 48 46 41  46 36 4C 4A 67 61 34 6B  LMG7oHFAF6LJga4k
00000110: 4E 73 6B 58 6F 4B 58 59  64 6F 36 75 69 75 76 31  NskXoKXYdo6uiuv1
00000120: 36 54 6A 55 6A 20 40 75  73 65 72 6E 61 6D 65 5F  6TjUj @username_
00000130: 39 35 38 20 68 74 74 70  3A 2F 2F 73 68 6F 72 74  958 http://short
00000140: 2D 75 72 6C 2F 58 67 4D  4F 66 37 4D 4E 4F 76 20  -url/XgMOf7MNOv 
00000150: 68 74 74 70 3A 2F 2F 73  68 6F 72 74 2D 75 72 6C  http://short-url
00000160: 2F 6C 55 74 6F 62 6E 33  72 30 42 20 68 74 74 70  /lUtobn3r0B http
00000170: 3A 2F 2F 73 68 6F 72 74  2D 75 72 6C 2F 75 66 4C  ://short-url/ufL
00000180: 37 74 6C 65 41 77 44 0F  00 02 0C 00 00 00 00 0F  7tleAwD.........
00000190: 00 03 0C 00 00 00 03 0B  00 01 00 00 00 1B 68 74  ..............ht
000001A0: 74 70 3A 2F 2F 73 68 6F  72 74 2D 75 72 6C 2F 58  tp://short-url/X
000001B0: 67 4D 4F 66 37 4D 4E 4F  76 0B 00 02 00 00 00 47  gMOf7MNOv......G
000001C0: 68 74 74 70 3A 2F 2F 38  78 72 71 46 6B 4C 32 48  http://8xrqFkL2H
000001D0: 32 4A 73 51 6A 43 59 33  56 36 4B 59 46 7A 65 45  2JsQjCY3V6KYFzeE
000001E0: 6A 30 6A 30 70 45 32 7A  51 4F 78 65 75 76 55 74  j0j0pE2zQOxeuvUt
000001F0: 32 4B 64 77 6E 45 4F 35  46 4A 67 6E 49 77 36 6A  2KdwnEO5FJgnIw6j
00000200: 30 6B 33 72 4A 64 32 00  0B 00 01 00 00 00 1B 68  0k3rJd2........h
00000210: 74 74 70 3A 2F 2F 73 68  6F 72 74 2D 75 72 6C 2F  ttp://short-url/
00000220: 6C 55 74 6F 62 6E 33 72  30 42 0B 00 02 00 00 00  lUtobn3r0B......
00000230: 47 68 74 74 70 3A 2F 2F  58 43 66 78 51 52 43 4F  Ghttp://XCfxQRCO
00000240: 64 69 78 34 73 4D 7A 4F  67 6B 7A 4C 44 74 58 50  dix4sMzOgkzLDtXP
00000250: 6F 4A 50 5A 55 35 5A 58  51 4C 34 47 63 39 79 76  oJPZU5ZXQL4Gc9yv
00000260: 56 34 77 6B 4F 6A 76 66  6F 4A 64 4B 63 35 30 79  V4wkOjvfoJdKc50y
00000270: 64 72 51 31 69 31 50 41  00 0B 00 01 00 00 00 1B  drQ1i1PA........
00000280: 68 74 74 70 3A 2F 2F 73  68 6F 72 74 2D 75 72 6C  http://short-url
00000290: 2F 75 66 4C 37 74 6C 65  41 77 44 0B 00 02 00 00  /ufL7tleAwD.....
000002A0: 00 47 68 74 74 70 3A 2F  2F 37 66 52 32 70 66 47  .Ghttp://7fR2pfG
000002B0: 68 50 34 37 75 4C 33 34  6F 79 63 31 4E 68 79 64  hP47uL34oyc1Nhyd
000002C0: 76 7A 72 6C 4E 52 73 65  43 4A 4E 41 53 56 4E 47  vzrlNRseCJNASVNG
000002D0: 33 46 68 46 76 41 71 42  4F 31 45 6E 75 48 30 55  3FhFvAqBO1EnuH0U
000002E0: 6C 77 31 5A 45 5A 4D 6F  76 00 00 00              lw1ZEZMov...
====
STREAM PID 40027.0xffff948328f80b00 (C) > 40016.0xffff9482c72c0b00 (S), length 698
command[40027]: b'./src/ComposePostService/ComposePostService'
command[40016]: b'./cmake-build/src/TextService/TextService'
----
00000000: 00 00 02 B6 80 01 00 01  00 00 00 0B 43 6F 6D 70  ............Comp
00000010: 6F 73 65 54 65 78 74 00  00 00 00 0A 00 01 07 55  oseText........U
00000020: 7A 64 95 FE F6 C0 0B 00  02 00 00 02 83 73 74 6A  zd...........stj
00000030: 66 46 74 31 51 4D 74 70  7A 51 70 35 67 5A 52 42  fFt1QMtpzQp5gZRB
00000040: 76 39 4B 73 6F 33 71 4A  4A 70 47 4D 54 57 41 5A  v9Kso3qJJpGMTWAZ
00000050: 6F 51 37 37 70 5A 30 53  33 4B 79 59 48 51 6E 58  oQ77pZ0S3KyYHQnX
00000060: 46 62 39 58 45 51 50 68  74 39 32 51 69 78 6A 6D  Fb9XEQPht92Qixjm
00000070: 75 69 49 45 71 41 30 58  54 34 6A 49 55 70 6D 46  uiIEqA0XT4jIUpmF
00000080: 79 59 66 6B 53 68 41 75  46 6E 37 7A 4E 71 51 5A  yYfkShAuFn7zNqQZ
00000090: 77 57 50 54 67 4C 4C 59  4F 56 35 31 6E 61 64 4D  wWPTgLLYOV51nadM
000000A0: 69 33 68 56 33 50 57 6A  6B 52 54 44 35 4B 69 49  i3hV3PWjkRTD5KiI
000000B0: 68 36 75 58 38 69 32 42  61 6D 4F 54 63 69 56 66  h6uX8i2BamOTciVf
000000C0: 32 45 48 33 45 36 76 6C  49 39 33 69 75 71 4C 63  2EH3E6vlI93iuqLc
000000D0: 77 39 77 79 4A 57 44 33  71 32 4E 79 45 4B 74 71  w9wyJWD3q2NyEKtq
000000E0: 65 6C 76 41 31 55 69 5A  6E 52 7A 47 4A 4A 42 46  elvA1UiZnRzGJJBF
000000F0: 6D 37 51 69 67 46 57 63  7A 77 4E 56 66 38 45 72  m7QigFWczwNVf8Er
00000100: 77 39 6C 56 4C 36 46 36  4D 53 68 6B 73 6A 77 47  w9lVL6F6MShksjwG
00000110: 4D 7A 69 57 55 31 63 4E  6E 49 32 50 7A 71 6C 74  MziWU1cNnI2Pzqlt
00000120: 38 79 6A 77 54 68 43 43  7A 4E 6E 43 66 20 40 75  8yjwThCCzNnCf @u
00000130: 73 65 72 6E 61 6D 65 5F  37 34 33 20 40 75 73 65  sername_743 @use
00000140: 72 6E 61 6D 65 5F 38 38  20 68 74 74 70 3A 2F 2F  rname_88 http://
00000150: 66 64 78 68 7A 4A 56 72  39 54 31 37 78 42 35 46  fdxhzJVr9T17xB5F
00000160: 63 4C 33 31 72 30 6C 32  58 45 59 74 69 43 4D 4F  cL31r0l2XEYtiCMO
00000170: 43 57 76 76 33 4F 51 7A  71 54 41 45 6F 58 76 6B  CWvv3OQzqTAEoXvk
00000180: 63 32 69 47 47 65 70 79  6A 59 37 61 4D 4E 63 4E  c2iGGepyjY7aMNcN
00000190: 20 68 74 74 70 3A 2F 2F  42 6A 58 4F 41 65 6E 76   http://BjXOAenv
000001A0: 6D 77 47 42 33 55 6A 5A  53 38 6C 36 37 76 35 7A  mwGB3UjZS8l67v5z
000001B0: 62 6B 70 64 32 4A 71 67  68 4A 6C 59 70 48 75 6A  bkpd2JqghJlYpHuj
000001C0: 7A 65 6C 55 47 63 4F 39  50 61 54 4B 6D 30 67 76  zelUGcO9PaTKm0gv
000001D0: 68 58 6F 74 35 4A 62 72  20 68 74 74 70 3A 2F 2F  hXot5Jbr http://
000001E0: 41 45 72 56 78 5A 56 54  6E 33 67 6E 6F 63 5A 4B  AErVxZVTn3gnocZK
000001F0: 65 61 62 58 4C 70 47 35  69 70 41 76 33 75 39 66  eabXLpG5ipAv3u9f
00000200: 71 46 74 4D 70 4C 4B 72  52 73 51 4F 44 6D 58 78  qFtMpLKrRsQODmXx
00000210: 4C 41 64 32 70 34 32 36  43 63 68 63 50 48 57 5A  LAd2p426CchcPHWZ
00000220: 20 68 74 74 70 3A 2F 2F  61 49 55 73 4F 36 7A 34   http://aIUsO6z4
00000230: 37 31 6D 48 50 4E 77 38  37 7A 31 4B 73 36 51 5A  71mHPNw87z1Ks6QZ
00000240: 41 4C 4E 6A 78 61 64 33  49 45 7A 6A 75 4E 62 49  ALNjxad3IEzjuNbI
00000250: 30 58 46 63 5A 58 45 71  57 76 5A 77 34 53 73 53  0XFcZXEqWvZw4SsS
00000260: 4F 57 76 6B 45 65 79 6E  20 68 74 74 70 3A 2F 2F  OWvkEeyn http://
00000270: 51 49 43 55 4B 75 59 4D  44 63 45 45 4E 6A 58 30  QICUKuYMDcEENjX0
00000280: 44 72 6D 4B 6A 4E 33 54  35 53 55 72 61 59 73 39  DrmKjN3T5SUraYs9
00000290: 33 35 49 71 4A 4C 71 44  35 53 36 56 63 4B 4E 71  35IqJLqD5S6VcKNq
000002A0: 74 61 75 4D 30 6A 73 78  31 68 4F 71 6A 59 45 6A  tauM0jsx1hOqjYEj
000002B0: 0D 00 03 0B 0B 00 00 00  00 00                    ..........
====
STREAM PID 40016.0xffff9482c72c0b00 (S) > 40027.0xffff948328f80b00 (C), length 1043
command[40016]: b'./cmake-build/src/TextService/TextService'
command[40027]: b'./src/ComposePostService/ComposePostService'
----
00000000: 00 00 04 0F 80 01 00 02  00 00 00 0B 43 6F 6D 70  ............Comp
00000010: 6F 73 65 54 65 78 74 00  00 00 00 0C 00 00 0B 00  oseText.........
00000020: 01 00 00 01 A7 73 74 6A  66 46 74 31 51 4D 74 70  .....stjfFt1QMtp
00000030: 7A 51 70 35 67 5A 52 42  76 39 4B 73 6F 33 71 4A  zQp5gZRBv9Kso3qJ
00000040: 4A 70 47 4D 54 57 41 5A  6F 51 37 37 70 5A 30 53  JpGMTWAZoQ77pZ0S
00000050: 33 4B 79 59 48 51 6E 58  46 62 39 58 45 51 50 68  3KyYHQnXFb9XEQPh
00000060: 74 39 32 51 69 78 6A 6D  75 69 49 45 71 41 30 58  t92QixjmuiIEqA0X
00000070: 54 34 6A 49 55 70 6D 46  79 59 66 6B 53 68 41 75  T4jIUpmFyYfkShAu
00000080: 46 6E 37 7A 4E 71 51 5A  77 57 50 54 67 4C 4C 59  Fn7zNqQZwWPTgLLY
00000090: 4F 56 35 31 6E 61 64 4D  69 33 68 56 33 50 57 6A  OV51nadMi3hV3PWj
000000A0: 6B 52 54 44 35 4B 69 49  68 36 75 58 38 69 32 42  kRTD5KiIh6uX8i2B
000000B0: 61 6D 4F 54 63 69 56 66  32 45 48 33 45 36 76 6C  amOTciVf2EH3E6vl
000000C0: 49 39 33 69 75 71 4C 63  77 39 77 79 4A 57 44 33  I93iuqLcw9wyJWD3
000000D0: 71 32 4E 79 45 4B 74 71  65 6C 76 41 31 55 69 5A  q2NyEKtqelvA1UiZ
000000E0: 6E 52 7A 47 4A 4A 42 46  6D 37 51 69 67 46 57 63  nRzGJJBFm7QigFWc
000000F0: 7A 77 4E 56 66 38 45 72  77 39 6C 56 4C 36 46 36  zwNVf8Erw9lVL6F6
00000100: 4D 53 68 6B 73 6A 77 47  4D 7A 69 57 55 31 63 4E  MShksjwGMziWU1cN
00000110: 6E 49 32 50 7A 71 6C 74  38 79 6A 77 54 68 43 43  nI2Pzqlt8yjwThCC
00000120: 7A 4E 6E 43 66 20 40 75  73 65 72 6E 61 6D 65 5F  zNnCf @username_
00000130: 37 34 33 20 40 75 73 65  72 6E 61 6D 65 5F 38 38  743 @username_88
00000140: 20 68 74 74 70 3A 2F 2F  73 68 6F 72 74 2D 75 72   http://short-ur
00000150: 6C 2F 6B 6B 49 56 68 77  6F 6D 50 59 20 68 74 74  l/kkIVhwomPY htt
00000160: 70 3A 2F 2F 73 68 6F 72  74 2D 75 72 6C 2F 43 4B  p://short-url/CK
00000170: 69 6F 4C 49 6D 79 67 57  20 68 74 74 70 3A 2F 2F  ioLImygW http://
00000180: 73 68 6F 72 74 2D 75 72  6C 2F 47 48 55 4E 55 48  short-url/GHUNUH
00000190: 57 32 57 43 20 68 74 74  70 3A 2F 2F 73 68 6F 72  W2WC http://shor
000001A0: 74 2D 75 72 6C 2F 62 34  62 59 54 55 31 75 43 75  t-url/b4bYTU1uCu
000001B0: 20 68 74 74 70 3A 2F 2F  73 68 6F 72 74 2D 75 72   http://short-ur
000001C0: 6C 2F 57 61 32 45 4D 6A  43 52 4A 58 0F 00 02 0C  l/Wa2EMjCRJX....
000001D0: 00 00 00 00 0F 00 03 0C  00 00 00 05 0B 00 01 00  ................
000001E0: 00 00 1B 68 74 74 70 3A  2F 2F 73 68 6F 72 74 2D  ...http://short-
000001F0: 75 72 6C 2F 6B 6B 49 56  68 77 6F 6D 50 59 0B 00  url/kkIVhwomPY..
00000200: 02 00 00 00 47 68 74 74  70 3A 2F 2F 66 64 78 68  ....Ghttp://fdxh
00000210: 7A 4A 56 72 39 54 31 37  78 42 35 46 63 4C 33 31  zJVr9T17xB5FcL31
00000220: 72 30 6C 32 58 45 59 74  69 43 4D 4F 43 57 76 76  r0l2XEYtiCMOCWvv
00000230: 33 4F 51 7A 71 54 41 45  6F 58 76 6B 63 32 69 47  3OQzqTAEoXvkc2iG
00000240: 47 65 70 79 6A 59 37 61  4D 4E 63 4E 00 0B 00 01  GepyjY7aMNcN....
00000250: 00 00 00 1B 68 74 74 70  3A 2F 2F 73 68 6F 72 74  ....http://short
00000260: 2D 75 72 6C 2F 43 4B 69  6F 4C 49 6D 79 67 57 0B  -url/CKioLImygW.
00000270: 00 02 00 00 00 47 68 74  74 70 3A 2F 2F 42 6A 58  .....Ghttp://BjX
00000280: 4F 41 65 6E 76 6D 77 47  42 33 55 6A 5A 53 38 6C  OAenvmwGB3UjZS8l
00000290: 36 37 76 35 7A 62 6B 70  64 32 4A 71 67 68 4A 6C  67v5zbkpd2JqghJl
000002A0: 59 70 48 75 6A 7A 65 6C  55 47 63 4F 39 50 61 54  YpHujzelUGcO9PaT
000002B0: 4B 6D 30 67 76 68 58 6F  74 35 4A 62 72 00 0B 00  Km0gvhXot5Jbr...
000002C0: 01 00 00 00 1B 68 74 74  70 3A 2F 2F 73 68 6F 72  .....http://shor
000002D0: 74 2D 75 72 6C 2F 47 48  55 4E 55 48 57 32 57 43  t-url/GHUNUHW2WC
000002E0: 0B 00 02 00 00 00 47 68  74 74 70 3A 2F 2F 41 45  ......Ghttp://AE
000002F0: 72 56 78 5A 56 54 6E 33  67 6E 6F 63 5A 4B 65 61  rVxZVTn3gnocZKea
00000300: 62 58 4C 70 47 35 69 70  41 76 33 75 39 66 71 46  bXLpG5ipAv3u9fqF
00000310: 74 4D 70 4C 4B 72 52 73  51 4F 44 6D 58 78 4C 41  tMpLKrRsQODmXxLA
00000320: 64 32 70 34 32 36 43 63  68 63 50 48 57 5A 00 0B  d2p426CchcPHWZ..
00000330: 00 01 00 00 00 1B 68 74  74 70 3A 2F 2F 73 68 6F  ......http://sho
00000340: 72 74 2D 75 72 6C 2F 62  34 62 59 54 55 31 75 43  rt-url/b4bYTU1uC
00000350: 75 0B 00 02 00 00 00 47  68 74 74 70 3A 2F 2F 61  u......Ghttp://a
00000360: 49 55 73 4F 36 7A 34 37  31 6D 48 50 4E 77 38 37  IUsO6z471mHPNw87
00000370: 7A 31 4B 73 36 51 5A 41  4C 4E 6A 78 61 64 33 49  z1Ks6QZALNjxad3I
00000380: 45 7A 6A 75 4E 62 49 30  58 46 63 5A 58 45 71 57  EzjuNbI0XFcZXEqW
00000390: 76 5A 77 34 53 73 53 4F  57 76 6B 45 65 79 6E 00  vZw4SsSOWvkEeyn.
000003A0: 0B 00 01 00 00 00 1B 68  74 74 70 3A 2F 2F 73 68  .......http://sh
000003B0: 6F 72 74 2D 75 72 6C 2F  57 61 32 45 4D 6A 43 52  ort-url/Wa2EMjCR
000003C0: 4A 58 0B 00 02 00 00 00  47 68 74 74 70 3A 2F 2F  JX......Ghttp://
000003D0: 51 49 43 55 4B 75 59 4D  44 63 45 45 4E 6A 58 30  QICUKuYMDcEENjX0
000003E0: 44 72 6D 4B 6A 4E 33 54  35 53 55 72 61 59 73 39  DrmKjN3T5SUraYs9
000003F0: 33 35 49 71 4A 4C 71 44  35 53 36 56 63 4B 4E 71  35IqJLqD5S6VcKNq
00000400: 74 61 75 4D 30 6A 73 78  31 68 4F 71 6A 59 45 6A  tauM0jsx1hOqjYEj
00000410: 00 00 00                                          ...
====
STREAM PID 40027.0xffff948328f80b00 (C) > 40016.0xffff9482c72c0b00 (S), length 641
command[40027]: b'./src/ComposePostService/ComposePostService'
command[40016]: b'./cmake-build/src/TextService/TextService'
----
00000000: 00 00 02 7D 80 01 00 01  00 00 00 0B 43 6F 6D 70  ...}........Comp
00000010: 6F 73 65 54 65 78 74 00  00 00 00 0A 00 01 0F 17  oseText.........
00000020: A0 2E 4E 5E 7F 80 0B 00  02 00 00 02 4A 74 30 54  ..N^........Jt0T
00000030: 71 66 78 56 66 55 48 47  52 58 48 36 5A 7A 53 54  qfxVfUHGRXH6ZzST
00000040: 51 6E 64 63 6F 46 69 78  43 53 41 6A 39 5A 46 78  QndcoFixCSAj9ZFx
00000050: 71 4D 77 7A 67 37 36 4A  75 6E 6D 4D 63 74 36 49  qMwzg76JunmMct6I
00000060: 46 4D 57 45 68 50 71 79  6F 59 36 45 76 6F 31 30  FMWEhPqyoY6Evo10
00000070: 64 77 65 70 6E 65 44 6B  78 36 54 4D 41 6C 42 72  dwepneDkx6TMAlBr
00000080: 30 35 50 72 43 51 6F 4E  64 43 38 37 47 32 57 59  05PrCQoNdC87G2WY
00000090: 78 79 57 6B 4B 71 4C 6C  66 75 43 75 57 77 69 4B  xyWkKqLlfuCuWwiK
000000A0: 6F 4C 63 44 56 53 44 65  41 54 75 72 39 56 55 36  oLcDVSDeATur9VU6
000000B0: 79 34 6B 57 57 79 6E 6F  44 33 56 77 36 37 6B 42  y4kWWynoD3Vw67kB
000000C0: 44 34 53 72 61 64 35 59  36 77 5A 54 73 7A 55 37  D4Srad5Y6wZTszU7
000000D0: 39 42 52 6A 56 69 32 58  38 63 50 58 38 64 78 64  9BRjVi2X8cPX8dxd
000000E0: 4C 7A 70 6F 6E 61 47 72  69 79 34 63 52 35 78 61  LzponaGriy4cR5xa
000000F0: 69 6F 37 68 73 33 4D 33  63 42 72 30 75 71 44 42  io7hs3M3cBr0uqDB
00000100: 30 46 61 34 43 71 38 68  48 42 6D 35 42 33 5A 77  0Fa4Cq8hHBm5B3Zw
00000110: 72 6A 59 54 67 54 59 55  61 31 76 69 67 45 46 50  rjYTgTYUa1vigEFP
00000120: 6B 32 49 66 62 6A 6E 30  4F 68 4F 36 5A 20 40 75  k2Ifbjn0OhO6Z @u
00000130: 73 65 72 6E 61 6D 65 5F  37 33 39 20 40 75 73 65  sername_739 @use
00000140: 72 6E 61 6D 65 5F 35 35  33 20 40 75 73 65 72 6E  rname_553 @usern
00000150: 61 6D 65 5F 32 30 39 20  68 74 74 70 3A 2F 2F 55  ame_209 http://U
00000160: 64 79 49 6D 76 48 51 35  6B 4B 30 77 35 79 4E 51  dyImvHQ5kK0w5yNQ
00000170: 49 45 6D 69 58 33 36 54  6B 45 62 6B 69 36 5A 77  IEmiX36TkEbki6Zw
00000180: 6F 79 67 37 6A 74 62 33  66 38 6C 72 6D 61 35 4D  oyg7jtb3f8lrma5M
00000190: 6D 49 4D 71 39 6B 47 54  70 42 34 36 39 35 69 20  mIMq9kGTpB4695i 
000001A0: 68 74 74 70 3A 2F 2F 56  71 36 48 46 35 70 64 66  http://Vq6HF5pdf
000001B0: 61 54 67 35 4C 65 6D 43  47 6C 66 4A 54 5A 77 59  aTg5LemCGlfJTZwY
000001C0: 75 77 53 41 6E 51 7A 55  75 55 6A 67 45 69 59 47  uwSAnQzUuUjgEiYG
000001D0: 7A 59 46 78 4E 42 30 43  66 37 51 56 58 34 69 39  zYFxNB0Cf7QVX4i9
000001E0: 77 67 42 35 70 4C 48 20  68 74 74 70 3A 2F 2F 4A  wgB5pLH http://J
000001F0: 61 68 6D 43 61 4E 51 4C  66 69 30 71 64 68 51 68  ahmCaNQLfi0qdhQh
00000200: 32 56 38 6D 73 76 50 52  64 38 78 6F 64 37 56 48  2V8msvPRd8xod7VH
00000210: 71 79 67 68 42 5A 4B 43  75 77 47 58 4E 61 51 4B  qyghBZKCuwGXNaQK
00000220: 45 41 74 6F 51 43 41 77  50 65 75 54 73 4B 30 20  EAtoQCAwPeuTsK0 
00000230: 68 74 74 70 3A 2F 2F 6C  30 50 6E 63 44 62 67 4D  http://l0PncDbgM
00000240: 39 49 62 6C 70 37 6B 57  48 52 6F 33 61 43 69 4D  9Iblp7kWHRo3aCiM
00000250: 64 42 4A 67 47 68 48 43  6A 4D 47 56 36 6F 4A 45  dBJgGhHCjMGV6oJE
00000260: 34 53 71 49 4B 49 49 4A  62 72 35 66 42 70 36 57  4SqIKIIJbr5fBp6W
00000270: 4B 6D 55 58 7A 61 53 0D  00 03 0B 0B 00 00 00 00  KmUXzaS.........
00000280: 00                                                .
====
STREAM PID 40016.0xffff9482c72c0b00 (S) > 40027.0xffff948328f80b00 (C), length 917
command[40016]: b'./cmake-build/src/TextService/TextService'
command[40027]: b'./src/ComposePostService/ComposePostService'
----
00000000: 00 00 03 91 80 01 00 02  00 00 00 0B 43 6F 6D 70  ............Comp
00000010: 6F 73 65 54 65 78 74 00  00 00 00 0C 00 00 0B 00  oseText.........
00000020: 01 00 00 01 9A 74 30 54  71 66 78 56 66 55 48 47  .....t0TqfxVfUHG
00000030: 52 58 48 36 5A 7A 53 54  51 6E 64 63 6F 46 69 78  RXH6ZzSTQndcoFix
00000040: 43 53 41 6A 39 5A 46 78  71 4D 77 7A 67 37 36 4A  CSAj9ZFxqMwzg76J
00000050: 75 6E 6D 4D 63 74 36 49  46 4D 57 45 68 50 71 79  unmMct6IFMWEhPqy
00000060: 6F 59 36 45 76 6F 31 30  64 77 65 70 6E 65 44 6B  oY6Evo10dwepneDk
00000070: 78 36 54 4D 41 6C 42 72  30 35 50 72 43 51 6F 4E  x6TMAlBr05PrCQoN
00000080: 64 43 38 37 47 32 57 59  78 79 57 6B 4B 71 4C 6C  dC87G2WYxyWkKqLl
00000090: 66 75 43 75 57 77 69 4B  6F 4C 63 44 56 53 44 65  fuCuWwiKoLcDVSDe
000000A0: 41 54 75 72 39 56 55 36  79 34 6B 57 57 79 6E 6F  ATur9VU6y4kWWyno
000000B0: 44 33 56 77 36 37 6B 42  44 34 53 72 61 64 35 59  D3Vw67kBD4Srad5Y
000000C0: 36 77 5A 54 73 7A 55 37  39 42 52 6A 56 69 32 58  6wZTszU79BRjVi2X
000000D0: 38 63 50 58 38 64 78 64  4C 7A 70 6F 6E 61 47 72  8cPX8dxdLzponaGr
000000E0: 69 79 34 63 52 35 78 61  69 6F 37 68 73 33 4D 33  iy4cR5xaio7hs3M3
000000F0: 63 42 72 30 75 71 44 42  30 46 61 34 43 71 38 68  cBr0uqDB0Fa4Cq8h
00000100: 48 42 6D 35 42 33 5A 77  72 6A 59 54 67 54 59 55  HBm5B3ZwrjYTgTYU
00000110: 61 31 76 69 67 45 46 50  6B 32 49 66 62 6A 6E 30  a1vigEFPk2Ifbjn0
00000120: 4F 68 4F 36 5A 20 40 75  73 65 72 6E 61 6D 65 5F  OhO6Z @username_
00000130: 37 33 39 20 40 75 73 65  72 6E 61 6D 65 5F 35 35  739 @username_55
00000140: 33 20 40 75 73 65 72 6E  61 6D 65 5F 32 30 39 20  3 @username_209 
00000150: 68 74 74 70 3A 2F 2F 73  68 6F 72 74 2D 75 72 6C  http://short-url
00000160: 2F 75 79 5A 6A 6A 75 79  41 5A 48 20 68 74 74 70  /uyZjjuyAZH http
00000170: 3A 2F 2F 73 68 6F 72 74  2D 75 72 6C 2F 49 4B 72  ://short-url/IKr
00000180: 6D 79 6C 65 34 43 64 20  68 74 74 70 3A 2F 2F 73  myle4Cd http://s
00000190: 68 6F 72 74 2D 75 72 6C  2F 70 62 6D 49 4F 6E 6A  hort-url/pbmIOnj
000001A0: 36 79 4F 20 68 74 74 70  3A 2F 2F 73 68 6F 72 74  6yO http://short
000001B0: 2D 75 72 6C 2F 4D 6C 70  62 34 67 74 74 4E 62 0F  -url/Mlpb4gttNb.
000001C0: 00 02 0C 00 00 00 00 0F  00 03 0C 00 00 00 04 0B  ................
000001D0: 00 01 00 00 00 1B 68 74  74 70 3A 2F 2F 73 68 6F  ......http://sho
000001E0: 72 74 2D 75 72 6C 2F 75  79 5A 6A 6A 75 79 41 5A  rt-url/uyZjjuyAZ
000001F0: 48 0B 00 02 00 00 00 47  68 74 74 70 3A 2F 2F 55  H......Ghttp://U
00000200: 64 79 49 6D 76 48 51 35  6B 4B 30 77 35 79 4E 51  dyImvHQ5kK0w5yNQ
00000210: 49 45 6D 69 58 33 36 54  6B 45 62 6B 69 36 5A 77  IEmiX36TkEbki6Zw
00000220: 6F 79 67 37 6A 74 62 33  66 38 6C 72 6D 61 35 4D  oyg7jtb3f8lrma5M
00000230: 6D 49 4D 71 39 6B 47 54  70 42 34 36 39 35 69 00  mIMq9kGTpB4695i.
00000240: 0B 00 01 00 00 00 1B 68  74 74 70 3A 2F 2F 73 68  .......http://sh
00000250: 6F 72 74 2D 75 72 6C 2F  49 4B 72 6D 79 6C 65 34  ort-url/IKrmyle4
00000260: 43 64 0B 00 02 00 00 00  47 68 74 74 70 3A 2F 2F  Cd......Ghttp://
00000270: 56 71 36 48 46 35 70 64  66 61 54 67 35 4C 65 6D  Vq6HF5pdfaTg5Lem
00000280: 43 47 6C 66 4A 54 5A 77  59 75 77 53 41 6E 51 7A  CGlfJTZwYuwSAnQz
00000290: 55 75 55 6A 67 45 69 59  47 7A 59 46 78 4E 42 30  UuUjgEiYGzYFxNB0
000002A0: 43 66 37 51 56 58 34 69  39 77 67 42 35 70 4C 48  Cf7QVX4i9wgB5pLH
000002B0: 00 0B 00 01 00 00 00 1B  68 74 74 70 3A 2F 2F 73  ........http://s
000002C0: 68 6F 72 74 2D 75 72 6C  2F 70 62 6D 49 4F 6E 6A  hort-url/pbmIOnj
000002D0: 36 79 4F 0B 00 02 00 00  00 47 68 74 74 70 3A 2F  6yO......Ghttp:/
000002E0: 2F 4A 61 68 6D 43 61 4E  51 4C 66 69 30 71 64 68  /JahmCaNQLfi0qdh
000002F0: 51 68 32 56 38 6D 73 76  50 52 64 38 78 6F 64 37  Qh2V8msvPRd8xod7
00000300: 56 48 71 79 67 68 42 5A  4B 43 75 77 47 58 4E 61  VHqyghBZKCuwGXNa
00000310: 51 4B 45 41 74 6F 51 43  41 77 50 65 75 54 73 4B  QKEAtoQCAwPeuTsK
00000320: 30 00 0B 00 01 00 00 00  1B 68 74 74 70 3A 2F 2F  0........http://
00000330: 73 68 6F 72 74 2D 75 72  6C 2F 4D 6C 70 62 34 67  short-url/Mlpb4g
00000340: 74 74 4E 62 0B 00 02 00  00 00 47 68 74 74 70 3A  ttNb......Ghttp:
00000350: 2F 2F 6C 30 50 6E 63 44  62 67 4D 39 49 62 6C 70  //l0PncDbgM9Iblp
00000360: 37 6B 57 48 52 6F 33 61  43 69 4D 64 42 4A 67 47  7kWHRo3aCiMdBJgG
00000370: 68 48 43 6A 4D 47 56 36  6F 4A 45 34 53 71 49 4B  hHCjMGV6oJE4SqIK
00000380: 49 49 4A 62 72 35 66 42  70 36 57 4B 6D 55 58 7A  IIJbr5fBp6WKmUXz
00000390: 61 53 00 00 00                                    aS...
====
STREAM PID 40027.0xffff948328f80b00 (C) > 40016.0xffff9482c72c0b00 (S), length 397
command[40027]: b'./src/ComposePostService/ComposePostService'
command[40016]: b'./cmake-build/src/TextService/TextService'
----
00000000: 00 00 01 89 80 01 00 01  00 00 00 0B 43 6F 6D 70  ............Comp
00000010: 6F 73 65 54 65 78 74 00  00 00 00 0A 00 01 0F 16  oseText.........
00000020: 22 60 9E D5 C2 00 0B 00  02 00 00 01 56 34 36 50  "`..........V46P
00000030: 41 5A 67 5A 31 77 6D 4F  69 50 57 45 78 6B 36 51  AZgZ1wmOiPWExk6Q
00000040: 34 75 33 68 42 48 43 30  67 6A 66 56 52 6A 50 6E  4u3hBHC0gjfVRjPn
00000050: 78 6A 78 77 7A 74 65 51  67 55 35 6B 66 71 37 48  xjxwzteQgU5kfq7H
00000060: 76 6F 73 52 73 6B 47 62  57 68 37 6F 59 71 4C 31  vosRskGbWh7oYqL1
00000070: 75 77 73 44 33 38 76 30  66 61 66 38 47 38 39 75  uwsD38v0faf8G89u
00000080: 53 43 4E 77 6F 31 74 75  67 31 69 51 55 6D 31 4F  SCNwo1tug1iQUm1O
00000090: 4B 76 39 71 69 76 33 4F  48 54 4E 4D 52 43 4D 46  Kv9qiv3OHTNMRCMF
000000A0: 71 37 5A 49 57 54 79 51  77 4C 69 57 41 66 7A 68  q7ZIWTyQwLiWAfzh
000000B0: 6D 70 6E 72 48 4C 4D 67  4A 39 39 44 79 7A 6C 6C  mpnrHLMgJ99Dyzll
000000C0: 6A 30 45 5A 37 49 43 6F  36 74 41 44 6E 58 52 73  j0EZ7ICo6tADnXRs
000000D0: 50 73 71 4B 47 38 31 6C  54 67 58 6C 72 73 64 49  PsqKG81lTgXlrsdI
000000E0: 69 64 59 35 53 4E 75 78  5A 39 33 4F 70 51 4F 4F  idY5SNuxZ93OpQOO
000000F0: 6F 41 37 61 68 5A 55 65  64 54 41 36 7A 4A 47 45  oA7ahZUedTA6zJGE
00000100: 39 62 6B 76 6A 50 45 68  73 62 4F 4F 39 68 4E 6E  9bkvjPEhsbOO9hNn
00000110: 33 30 59 75 67 46 59 35  30 53 53 46 42 51 4A 33  30YugFY50SSFBQJ3
00000120: 51 75 41 35 66 61 31 4F  37 43 54 54 65 20 40 75  QuA5fa1O7CTTe @u
00000130: 73 65 72 6E 61 6D 65 5F  36 37 39 20 68 74 74 70  sername_679 http
00000140: 3A 2F 2F 52 46 66 52 75  72 66 4D 6E 6C 68 38 54  ://RFfRurfMnlh8T
00000150: 61 46 43 56 6B 67 54 62  33 43 37 32 66 36 75 72  aFCVkgTb3C72f6ur
00000160: 31 6D 47 67 4F 75 6A 4F  54 77 35 42 31 47 6B 56  1mGgOujOTw5B1GkV
00000170: 52 67 51 35 45 57 76 77  53 79 62 30 70 52 34 58  RgQ5EWvwSyb0pR4X
00000180: 73 70 30 0D 00 03 0B 0B  00 00 00 00 00           sp0..........
====
STREAM PID 40016.0xffff9482c72c0b00 (S) > 40027.0xffff948328f80b00 (C), length 466
command[40016]: b'./cmake-build/src/TextService/TextService'
command[40027]: b'./src/ComposePostService/ComposePostService'
----
00000000: 00 00 01 CE 80 01 00 02  00 00 00 0B 43 6F 6D 70  ............Comp
00000010: 6F 73 65 54 65 78 74 00  00 00 00 0C 00 00 0B 00  oseText.........
00000020: 01 00 00 01 2A 34 36 50  41 5A 67 5A 31 77 6D 4F  ....*46PAZgZ1wmO
00000030: 69 50 57 45 78 6B 36 51  34 75 33 68 42 48 43 30  iPWExk6Q4u3hBHC0
00000040: 67 6A 66 56 52 6A 50 6E  78 6A 78 77 7A 74 65 51  gjfVRjPnxjxwzteQ
00000050: 67 55 35 6B 66 71 37 48  76 6F 73 52 73 6B 47 62  gU5kfq7HvosRskGb
00000060: 57 68 37 6F 59 71 4C 31  75 77 73 44 33 38 76 30  Wh7oYqL1uwsD38v0
00000070: 66 61 66 38 47 38 39 75  53 43 4E 77 6F 31 74 75  faf8G89uSCNwo1tu
00000080: 67 31 69 51 55 6D 31 4F  4B 76 39 71 69 76 33 4F  g1iQUm1OKv9qiv3O
00000090: 48 54 4E 4D 52 43 4D 46  71 37 5A 49 57 54 79 51  HTNMRCMFq7ZIWTyQ
000000A0: 77 4C 69 57 41 66 7A 68  6D 70 6E 72 48 4C 4D 67  wLiWAfzhmpnrHLMg
000000B0: 4A 39 39 44 79 7A 6C 6C  6A 30 45 5A 37 49 43 6F  J99Dyzllj0EZ7ICo
000000C0: 36 74 41 44 6E 58 52 73  50 73 71 4B 47 38 31 6C  6tADnXRsPsqKG81l
000000D0: 54 67 58 6C 72 73 64 49  69 64 59 35 53 4E 75 78  TgXlrsdIidY5SNux
000000E0: 5A 39 33 4F 70 51 4F 4F  6F 41 37 61 68 5A 55 65  Z93OpQOOoA7ahZUe
000000F0: 64 54 41 36 7A 4A 47 45  39 62 6B 76 6A 50 45 68  dTA6zJGE9bkvjPEh
00000100: 73 62 4F 4F 39 68 4E 6E  33 30 59 75 67 46 59 35  sbOO9hNn30YugFY5
00000110: 30 53 53 46 42 51 4A 33  51 75 41 35 66 61 31 4F  0SSFBQJ3QuA5fa1O
00000120: 37 43 54 54 65 20 40 75  73 65 72 6E 61 6D 65 5F  7CTTe @username_
00000130: 36 37 39 20 68 74 74 70  3A 2F 2F 73 68 6F 72 74  679 http://short
00000140: 2D 75 72 6C 2F 50 69 6E  77 51 70 4D 37 74 35 0F  -url/PinwQpM7t5.
00000150: 00 02 0C 00 00 00 00 0F  00 03 0C 00 00 00 01 0B  ................
00000160: 00 01 00 00 00 1B 68 74  74 70 3A 2F 2F 73 68 6F  ......http://sho
00000170: 72 74 2D 75 72 6C 2F 50  69 6E 77 51 70 4D 37 74  rt-url/PinwQpM7t
00000180: 35 0B 00 02 00 00 00 47  68 74 74 70 3A 2F 2F 52  5......Ghttp://R
00000190: 46 66 52 75 72 66 4D 6E  6C 68 38 54 61 46 43 56  FfRurfMnlh8TaFCV
000001A0: 6B 67 54 62 33 43 37 32  66 36 75 72 31 6D 47 67  kgTb3C72f6ur1mGg
000001B0: 4F 75 6A 4F 54 77 35 42  31 47 6B 56 52 67 51 35  OujOTw5B1GkVRgQ5
000001C0: 45 57 76 77 53 79 62 30  70 52 34 58 73 70 30 00  EWvwSyb0pR4Xsp0.
000001D0: 00 00                                             ..
====
STREAM PID 40027.0xffff948328f80b00 (C) > 40016.0xffff9482c72c0b00 (S), length 685
command[40027]: b'./src/ComposePostService/ComposePostService'
command[40016]: b'./cmake-build/src/TextService/TextService'
----
00000000: 00 00 02 A9 80 01 00 01  00 00 00 0B 43 6F 6D 70  ............Comp
00000010: 6F 73 65 54 65 78 74 00  00 00 00 0A 00 01 0E 98  oseText.........
00000020: 0E 0A 1F A7 CA 00 0B 00  02 00 00 02 76 69 6D 4D  ............vimM
00000030: 4C 64 39 59 71 6A 38 56  78 6E 38 38 41 52 6B 31  Ld9Yqj8Vxn88ARk1
00000040: 4B 6F 76 76 7A 73 68 55  63 4C 76 55 78 4F 4D 76  KovvzshUcLvUxOMv
00000050: 49 59 33 6B 79 34 4C 4F  32 4B 51 57 32 57 32 6D  IY3ky4LO2KQW2W2m
00000060: 6F 74 6D 79 4E 71 48 44  6A 63 43 6A 4A 38 55 53  otmyNqHDjcCjJ8US
00000070: 33 71 59 47 70 75 61 47  39 72 50 6D 72 36 43 50  3qYGpuaG9rPmr6CP
00000080: 54 65 66 64 59 41 32 39  36 4A 70 6B 6C 39 4D 61  TefdYA296Jpkl9Ma
00000090: 75 6F 6C 6F 55 77 78 48  43 33 6A 56 6C 69 64 78  uoloUwxHC3jVlidx
000000A0: 52 45 71 6C 4A 4E 48 33  4F 36 51 4F 6D 69 67 6F  REqlJNH3O6QOmigo
000000B0: 4F 70 56 39 78 73 64 50  74 42 31 66 48 4E 64 48  OpV9xsdPtB1fHNdH
000000C0: 75 4D 44 71 59 4E 33 66  4D 67 4A 42 68 6B 46 4C  uMDqYN3fMgJBhkFL
000000D0: 30 6D 70 30 43 4B 33 66  47 36 53 33 74 6E 76 51  0mp0CK3fG6S3tnvQ
000000E0: 63 48 69 48 68 42 4A 66  34 4E 4E 55 50 33 77 6E  cHiHhBJf4NNUP3wn
000000F0: 4E 68 53 59 35 50 49 35  33 4A 47 51 6F 4D 5A 4F  NhSY5PI53JGQoMZO
00000100: 53 39 33 30 6C 56 72 71  50 69 71 58 6A 58 50 73  S930lVrqPiqXjXPs
00000110: 77 6F 6D 48 7A 52 36 6D  42 4E 51 6A 79 37 6E 6A  womHzR6mBNQjy7nj
00000120: 75 6B 51 57 73 67 59 6C  46 77 6A 69 67 20 40 75  ukQWsgYlFwjig @u
00000130: 73 65 72 6E 61 6D 65 5F  33 32 36 20 68 74 74 70  sername_326 http
00000140: 3A 2F 2F 55 32 48 32 4F  45 64 57 58 78 41 65 53  ://U2H2OEdWXxAeS
00000150: 77 71 44 4D 78 6B 38 33  69 32 47 36 31 38 4E 70  wqDMxk83i2G618Np
00000160: 50 53 41 37 50 4A 4A 76  62 74 50 37 52 55 43 70  PSA7PJJvbtP7RUCp
00000170: 72 52 71 55 57 34 31 41  50 75 62 4B 59 43 53 6D  rRqUW41APubKYCSm
00000180: 6A 62 51 20 68 74 74 70  3A 2F 2F 56 58 58 4F 44  jbQ http://VXXOD
00000190: 70 6B 6B 61 4A 4C 57 71  76 47 55 6D 6D 57 4F 45  pkkaJLWqvGUmmWOE
000001A0: 4C 49 72 54 65 6D 42 37  4A 43 39 58 6D 4F 65 43  LIrTemB7JC9XmOeC
000001B0: 35 6D 75 35 6B 6B 38 73  37 65 4F 6D 77 7A 52 6F  5mu5kk8s7eOmwzRo
000001C0: 58 47 6C 43 45 6F 49 54  72 6C 6F 20 68 74 74 70  XGlCEoITrlo http
000001D0: 3A 2F 2F 73 6D 35 35 42  37 6E 56 33 4C 66 50 4F  ://sm55B7nV3LfPO
000001E0: 69 77 48 6B 58 4B 4A 79  6D 46 59 35 6C 4D 5A 42  iwHkXKJymFY5lMZB
000001F0: 77 6A 73 6B 7A 61 79 39  65 45 38 47 7A 47 4F 45  wjskzay9eE8GzGOE
00000200: 45 70 6D 66 58 49 31 4B  39 6E 42 34 65 78 48 39  EpmfXI1K9nB4exH9
00000210: 77 41 57 20 68 74 74 70  3A 2F 2F 32 38 49 63 74  wAW http://28Ict
00000220: 53 64 6F 39 31 57 31 37  75 41 72 69 69 6E 31 39  Sdo91W17uAriin19
00000230: 42 74 4F 68 64 67 75 6E  44 65 50 68 4E 32 51 68  BtOhdgunDePhN2Qh
00000240: 53 43 32 38 64 75 59 6F  69 7A 62 73 4D 73 57 42  SC28duYoizbsMsWB
00000250: 45 44 65 32 73 62 6E 6C  71 42 74 20 68 74 74 70  EDe2sbnlqBt http
00000260: 3A 2F 2F 4E 71 57 56 71  31 54 6F 4E 38 53 35 75  ://NqWVq1ToN8S5u
00000270: 32 71 6E 49 64 64 46 33  30 61 37 62 4E 58 36 32  2qnIddF30a7bNX62
00000280: 54 70 34 48 6E 77 4D 72  77 38 51 6C 46 46 67 62  Tp4HnwMrw8QlFFgb
00000290: 70 6A 51 4E 7A 66 76 78  6A 56 4A 32 71 49 4F 45  pjQNzfvxjVJ2qIOE
000002A0: 63 5A 5A 0D 00 03 0B 0B  00 00 00 00 00           cZZ..........
====
STREAM PID 40016.0xffff9482c72c0b00 (S) > 40027.0xffff948328f80b00 (C), length 1030
command[40016]: b'./cmake-build/src/TextService/TextService'
command[40027]: b'./src/ComposePostService/ComposePostService'
----
00000000: 00 00 04 02 80 01 00 02  00 00 00 0B 43 6F 6D 70  ............Comp
00000010: 6F 73 65 54 65 78 74 00  00 00 00 0C 00 00 0B 00  oseText.........
00000020: 01 00 00 01 9A 69 6D 4D  4C 64 39 59 71 6A 38 56  .....imMLd9Yqj8V
00000030: 78 6E 38 38 41 52 6B 31  4B 6F 76 76 7A 73 68 55  xn88ARk1KovvzshU
00000040: 63 4C 76 55 78 4F 4D 76  49 59 33 6B 79 34 4C 4F  cLvUxOMvIY3ky4LO
00000050: 32 4B 51 57 32 57 32 6D  6F 74 6D 79 4E 71 48 44  2KQW2W2motmyNqHD
00000060: 6A 63 43 6A 4A 38 55 53  33 71 59 47 70 75 61 47  jcCjJ8US3qYGpuaG
00000070: 39 72 50 6D 72 36 43 50  54 65 66 64 59 41 32 39  9rPmr6CPTefdYA29
00000080: 36 4A 70 6B 6C 39 4D 61  75 6F 6C 6F 55 77 78 48  6Jpkl9MauoloUwxH
00000090: 43 33 6A 56 6C 69 64 78  52 45 71 6C 4A 4E 48 33  C3jVlidxREqlJNH3
000000A0: 4F 36 51 4F 6D 69 67 6F  4F 70 56 39 78 73 64 50  O6QOmigoOpV9xsdP
000000B0: 74 42 31 66 48 4E 64 48  75 4D 44 71 59 4E 33 66  tB1fHNdHuMDqYN3f
000000C0: 4D 67 4A 42 68 6B 46 4C  30 6D 70 30 43 4B 33 66  MgJBhkFL0mp0CK3f
000000D0: 47 36 53 33 74 6E 76 51  63 48 69 48 68 42 4A 66  G6S3tnvQcHiHhBJf
000000E0: 34 4E 4E 55 50 33 77 6E  4E 68 53 59 35 50 49 35  4NNUP3wnNhSY5PI5
000000F0: 33 4A 47 51 6F 4D 5A 4F  53 39 33 30 6C 56 72 71  3JGQoMZOS930lVrq
00000100: 50 69 71 58 6A 58 50 73  77 6F 6D 48 7A 52 36 6D  PiqXjXPswomHzR6m
00000110: 42 4E 51 6A 79 37 6E 6A  75 6B 51 57 73 67 59 6C  BNQjy7njukQWsgYl
00000120: 46 77 6A 69 67 20 40 75  73 65 72 6E 61 6D 65 5F  Fwjig @username_
00000130: 33 32 36 20 68 74 74 70  3A 2F 2F 73 68 6F 72 74  326 http://short
00000140: 2D 75 72 6C 2F 71 64 65  6E 6B 37 5A 74 6C 6E 20  -url/qdenk7Ztln 
00000150: 68 74 74 70 3A 2F 2F 73  68 6F 72 74 2D 75 72 6C  http://short-url
00000160: 2F 30 70 54 68 73 62 66  78 4B 6C 20 68 74 74 70  /0pThsbfxKl http
00000170: 3A 2F 2F 73 68 6F 72 74  2D 75 72 6C 2F 56 4B 78  ://short-url/VKx
00000180: 49 4A 6F 42 65 62 4A 20  68 74 74 70 3A 2F 2F 73  IJoBebJ http://s
00000190: 68 6F 72 74 2D 75 72 6C  2F 78 32 53 55 4D 37 38  hort-url/x2SUM78
000001A0: 73 75 72 20 68 74 74 70  3A 2F 2F 73 68 6F 72 74  sur http://short
000001B0: 2D 75 72 6C 2F 51 6D 7A  38 41 6E 53 34 32 6F 0F  -url/Qmz8AnS42o.
000001C0: 00 02 0C 00 00 00 00 0F  00 03 0C 00 00 00 05 0B  ................
000001D0: 00 01 00 00 00 1B 68 74  74 70 3A 2F 2F 73 68 6F  ......http://sho
000001E0: 72 74 2D 75 72 6C 2F 71  64 65 6E 6B 37 5A 74 6C  rt-url/qdenk7Ztl
000001F0: 6E 0B 00 02 00 00 00 47  68 74 74 70 3A 2F 2F 55  n......Ghttp://U
00000200: 32 48 32 4F 45 64 57 58  78 41 65 53 77 71 44 4D  2H2OEdWXxAeSwqDM
00000210: 78 6B 38 33 69 32 47 36  31 38 4E 70 50 53 41 37  xk83i2G618NpPSA7
00000220: 50 4A 4A 76 62 74 50 37  52 55 43 70 72 52 71 55  PJJvbtP7RUCprRqU
00000230: 57 34 31 41 50 75 62 4B  59 43 53 6D 6A 62 51 00  W41APubKYCSmjbQ.
00000240: 0B 00 01 00 00 00 1B 68  74 74 70 3A 2F 2F 73 68  .......http://sh
00000250: 6F 72 74 2D 75 72 6C 2F  30 70 54 68 73 62 66 78  ort-url/0pThsbfx
00000260: 4B 6C 0B 00 02 00 00 00  47 68 74 74 70 3A 2F 2F  Kl......Ghttp://
00000270: 56 58 58 4F 44 70 6B 6B  61 4A 4C 57 71 76 47 55  VXXODpkkaJLWqvGU
00000280: 6D 6D 57 4F 45 4C 49 72  54 65 6D 42 37 4A 43 39  mmWOELIrTemB7JC9
00000290: 58 6D 4F 65 43 35 6D 75  35 6B 6B 38 73 37 65 4F  XmOeC5mu5kk8s7eO
000002A0: 6D 77 7A 52 6F 58 47 6C  43 45 6F 49 54 72 6C 6F  mwzRoXGlCEoITrlo
000002B0: 00 0B 00 01 00 00 00 1B  68 74 74 70 3A 2F 2F 73  ........http://s
000002C0: 68 6F 72 74 2D 75 72 6C  2F 56 4B 78 49 4A 6F 42  hort-url/VKxIJoB
000002D0: 65 62 4A 0B 00 02 00 00  00 47 68 74 74 70 3A 2F  ebJ......Ghttp:/
000002E0: 2F 73 6D 35 35 42 37 6E  56 33 4C 66 50 4F 69 77  /sm55B7nV3LfPOiw
000002F0: 48 6B 58 4B 4A 79 6D 46  59 35 6C 4D 5A 42 77 6A  HkXKJymFY5lMZBwj
00000300: 73 6B 7A 61 79 39 65 45  38 47 7A 47 4F 45 45 70  skzay9eE8GzGOEEp
00000310: 6D 66 58 49 31 4B 39 6E  42 34 65 78 48 39 77 41  mfXI1K9nB4exH9wA
00000320: 57 00 0B 00 01 00 00 00  1B 68 74 74 70 3A 2F 2F  W........http://
00000330: 73 68 6F 72 74 2D 75 72  6C 2F 78 32 53 55 4D 37  short-url/x2SUM7
00000340: 38 73 75 72 0B 00 02 00  00 00 47 68 74 74 70 3A  8sur......Ghttp:
00000350: 2F 2F 32 38 49 63 74 53  64 6F 39 31 57 31 37 75  //28IctSdo91W17u
00000360: 41 72 69 69 6E 31 39 42  74 4F 68 64 67 75 6E 44  Ariin19BtOhdgunD
00000370: 65 50 68 4E 32 51 68 53  43 32 38 64 75 59 6F 69  ePhN2QhSC28duYoi
00000380: 7A 62 73 4D 73 57 42 45  44 65 32 73 62 6E 6C 71  zbsMsWBEDe2sbnlq
00000390: 42 74 00 0B 00 01 00 00  00 1B 68 74 74 70 3A 2F  Bt........http:/
000003A0: 2F 73 68 6F 72 74 2D 75  72 6C 2F 51 6D 7A 38 41  /short-url/Qmz8A
000003B0: 6E 53 34 32 6F 0B 00 02  00 00 00 47 68 74 74 70  nS42o......Ghttp
000003C0: 3A 2F 2F 4E 71 57 56 71  31 54 6F 4E 38 53 35 75  ://NqWVq1ToN8S5u
000003D0: 32 71 6E 49 64 64 46 33  30 61 37 62 4E 58 36 32  2qnIddF30a7bNX62
000003E0: 54 70 34 48 6E 77 4D 72  77 38 51 6C 46 46 67 62  Tp4HnwMrw8QlFFgb
000003F0: 70 6A 51 4E 7A 66 76 78  6A 56 4A 32 71 49 4F 45  pjQNzfvxjVJ2qIOE
00000400: 63 5A 5A 00 00 00                                 cZZ...
====
STREAM PID 40027.0xffff948328f80b00 (C) > 40016.0xffff9482c72c0b00 (S), length 685
command[40027]: b'./src/ComposePostService/ComposePostService'
command[40016]: b'./cmake-build/src/TextService/TextService'
----
00000000: 00 00 02 A9 80 01 00 01  00 00 00 0B 43 6F 6D 70  ............Comp
00000010: 6F 73 65 54 65 78 74 00  00 00 00 0A 00 01 05 5B  oseText........[
00000020: E6 D8 3C 24 C3 40 0B 00  02 00 00 02 76 6E 47 4F  ..<$.@......vnGO
00000030: 73 58 73 79 50 55 48 69  72 61 6E 70 35 76 47 32  sXsyPUHiranp5vG2
00000040: 61 78 6E 74 51 78 42 57  72 33 34 34 59 38 67 73  axntQxBWr344Y8gs
00000050: 4C 6D 68 45 59 78 33 79  70 7A 39 70 33 51 51 4B  LmhEYx3ypz9p3QQK
00000060: 66 39 47 31 58 58 43 53  30 4A 77 70 35 6C 36 63  f9G1XXCS0Jwp5l6c
00000070: 4A 6D 63 6D 36 78 64 58  57 70 39 55 55 48 65 73  Jmcm6xdXWp9UUHes
00000080: 42 6B 6F 4D 56 32 64 43  31 64 72 4E 47 37 44 7A  BkoMV2dC1drNG7Dz
00000090: 4C 43 74 64 62 49 47 6F  50 78 73 52 58 43 57 70  LCtdbIGoPxsRXCWp
000000A0: 50 7A 62 47 52 35 31 57  43 48 6B 4D 34 70 49 51  PzbGR51WCHkM4pIQ
000000B0: 34 6A 77 52 30 4F 6B 69  71 58 76 6D 66 43 47 52  4jwR0OkiqXvmfCGR
000000C0: 4D 5A 4E 46 4E 78 4B 41  32 70 76 6B 68 6A 7A 6C  MZNFNxKA2pvkhjzl
000000D0: 4B 51 39 79 49 54 44 54  4D 57 52 30 67 56 67 4F  KQ9yITDTMWR0gVgO
000000E0: 71 37 64 4A 52 32 73 69  59 61 6E 6D 5A 5A 6E 49  q7dJR2siYanmZZnI
000000F0: 63 36 73 66 48 42 39 4B  44 39 6C 31 5A 38 7A 71  c6sfHB9KD9l1Z8zq
00000100: 46 52 58 77 74 4F 55 76  7A 31 4D 69 4D 48 70 79  FRXwtOUvz1MiMHpy
00000110: 6D 42 64 54 6F 70 61 7A  6B 48 77 6D 62 31 4D 56  mBdTopazkHwmb1MV
00000120: 62 72 45 73 48 6B 6B 78  54 5A 66 77 55 20 40 75  brEsHkkxTZfwU @u
00000130: 73 65 72 6E 61 6D 65 5F  31 39 30 20 68 74 74 70  sername_190 http
00000140: 3A 2F 2F 76 63 78 68 32  63 53 48 38 5A 44 50 4C  ://vcxh2cSH8ZDPL
00000150: 57 42 35 73 48 59 79 38  55 62 4A 52 4C 5A 48 4C  WB5sHYy8UbJRLZHL
00000160: 59 37 46 78 78 50 67 67  4E 53 35 41 63 39 54 70  Y7FxxPggNS5Ac9Tp
00000170: 58 50 4B 4B 59 64 4D 63  66 6F 31 38 33 54 6D 69  XPKKYdMcfo183Tmi
00000180: 76 74 6E 20 68 74 74 70  3A 2F 2F 74 33 4C 49 61  vtn http://t3LIa
00000190: 45 77 59 54 67 5A 4E 36  67 41 39 5A 77 62 63 30  EwYTgZN6gA9Zwbc0
000001A0: 66 45 31 5A 76 47 59 72  44 77 64 4B 37 42 37 48  fE1ZvGYrDwdK7B7H
000001B0: 50 45 48 50 6F 37 47 43  49 75 55 6F 45 62 39 4B  PEHPo7GCIuUoEb9K
000001C0: 47 70 61 64 48 4A 67 49  64 67 48 20 68 74 74 70  GpadHJgIdgH http
000001D0: 3A 2F 2F 48 7A 4E 6F 72  59 74 75 30 78 77 67 44  ://HzNorYtu0xwgD
000001E0: 36 72 6F 68 56 48 72 79  51 46 61 48 55 6F 75 45  6rohVHryQFaHUouE
000001F0: 52 35 39 68 39 50 50 32  47 65 7A 66 6B 66 59 75  R59h9PP2GezfkfYu
00000200: 4E 64 76 74 46 48 61 51  39 66 7A 30 6E 36 6C 43  NdvtFHaQ9fz0n6lC
00000210: 50 56 63 20 68 74 74 70  3A 2F 2F 38 49 4D 4C 76  PVc http://8IMLv
00000220: 52 73 50 77 79 57 5A 59  46 78 75 34 5A 63 66 7A  RsPwyWZYFxu4Zcfz
00000230: 77 48 4A 76 71 6A 36 52  46 45 6E 5A 30 38 4E 39  wHJvqj6RFEnZ08N9
00000240: 65 51 77 7A 71 37 6C 6F  4A 64 74 48 37 30 50 55  eQwzq7loJdtH70PU
00000250: 70 48 6B 75 37 49 4E 76  66 4C 51 20 68 74 74 70  pHku7INvfLQ http
00000260: 3A 2F 2F 30 67 6F 46 46  64 39 53 63 43 78 50 56  ://0goFFd9ScCxPV
00000270: 59 73 75 55 31 31 39 68  4F 62 43 56 54 37 50 54  YsuU119hObCVT7PT
00000280: 4A 74 64 74 54 51 5A 76  58 64 6B 67 30 57 53 72  JtdtTQZvXdkg0WSr
00000290: 37 75 6B 57 44 64 4A 6D  57 54 77 72 79 45 54 64  7ukWDdJmWTwryETd
000002A0: 70 64 6B 0D 00 03 0B 0B  00 00 00 00 00           pdk..........
====
STREAM PID 40016.0xffff9482c72c0b00 (S) > 40027.0xffff948328f80b00 (C), length 1030
command[40016]: b'./cmake-build/src/TextService/TextService'
command[40027]: b'./src/ComposePostService/ComposePostService'
----
00000000: 00 00 04 02 80 01 00 02  00 00 00 0B 43 6F 6D 70  ............Comp
00000010: 6F 73 65 54 65 78 74 00  00 00 00 0C 00 00 0B 00  oseText.........
00000020: 01 00 00 01 9A 6E 47 4F  73 58 73 79 50 55 48 69  .....nGOsXsyPUHi
00000030: 72 61 6E 70 35 76 47 32  61 78 6E 74 51 78 42 57  ranp5vG2axntQxBW
00000040: 72 33 34 34 59 38 67 73  4C 6D 68 45 59 78 33 79  r344Y8gsLmhEYx3y
00000050: 70 7A 39 70 33 51 51 4B  66 39 47 31 58 58 43 53  pz9p3QQKf9G1XXCS
00000060: 30 4A 77 70 35 6C 36 63  4A 6D 63 6D 36 78 64 58  0Jwp5l6cJmcm6xdX
00000070: 57 70 39 55 55 48 65 73  42 6B 6F 4D 56 32 64 43  Wp9UUHesBkoMV2dC
00000080: 31 64 72 4E 47 37 44 7A  4C 43 74 64 62 49 47 6F  1drNG7DzLCtdbIGo
00000090: 50 78 73 52 58 43 57 70  50 7A 62 47 52 35 31 57  PxsRXCWpPzbGR51W
000000A0: 43 48 6B 4D 34 70 49 51  34 6A 77 52 30 4F 6B 69  CHkM4pIQ4jwR0Oki
000000B0: 71 58 76 6D 66 43 47 52  4D 5A 4E 46 4E 78 4B 41  qXvmfCGRMZNFNxKA
000000C0: 32 70 76 6B 68 6A 7A 6C  4B 51 39 79 49 54 44 54  2pvkhjzlKQ9yITDT
000000D0: 4D 57 52 30 67 56 67 4F  71 37 64 4A 52 32 73 69  MWR0gVgOq7dJR2si
000000E0: 59 61 6E 6D 5A 5A 6E 49  63 36 73 66 48 42 39 4B  YanmZZnIc6sfHB9K
000000F0: 44 39 6C 31 5A 38 7A 71  46 52 58 77 74 4F 55 76  D9l1Z8zqFRXwtOUv
00000100: 7A 31 4D 69 4D 48 70 79  6D 42 64 54 6F 70 61 7A  z1MiMHpymBdTopaz
00000110: 6B 48 77 6D 62 31 4D 56  62 72 45 73 48 6B 6B 78  kHwmb1MVbrEsHkkx
00000120: 54 5A 66 77 55 20 40 75  73 65 72 6E 61 6D 65 5F  TZfwU @username_
00000130: 31 39 30 20 68 74 74 70  3A 2F 2F 73 68 6F 72 74  190 http://short
00000140: 2D 75 72 6C 2F 79 6F 73  4D 30 35 4E 57 63 48 20  -url/yosM05NWcH 
00000150: 68 74 74 70 3A 2F 2F 73  68 6F 72 74 2D 75 72 6C  http://short-url
00000160: 2F 58 31 4C 38 72 4D 44  6A 35 44 20 68 74 74 70  /X1L8rMDj5D http
00000170: 3A 2F 2F 73 68 6F 72 74  2D 75 72 6C 2F 62 6B 73  ://short-url/bks
00000180: 69 6E 50 39 61 4A 45 20  68 74 74 70 3A 2F 2F 73  inP9aJE http://s
00000190: 68 6F 72 74 2D 75 72 6C  2F 63 6A 75 53 4B 51 77  hort-url/cjuSKQw
000001A0: 32 79 75 20 68 74 74 70  3A 2F 2F 73 68 6F 72 74  2yu http://short
000001B0: 2D 75 72 6C 2F 73 71 7A  35 46 4A 53 70 6F 38 0F  -url/sqz5FJSpo8.
000001C0: 00 02 0C 00 00 00 00 0F  00 03 0C 00 00 00 05 0B  ................
000001D0: 00 01 00 00 00 1B 68 74  74 70 3A 2F 2F 73 68 6F  ......http://sho
000001E0: 72 74 2D 75 72 6C 2F 79  6F 73 4D 30 35 4E 57 63  rt-url/yosM05NWc
000001F0: 48 0B 00 02 00 00 00 47  68 74 74 70 3A 2F 2F 76  H......Ghttp://v
00000200: 63 78 68 32 63 53 48 38  5A 44 50 4C 57 42 35 73  cxh2cSH8ZDPLWB5s
00000210: 48 59 79 38 55 62 4A 52  4C 5A 48 4C 59 37 46 78  HYy8UbJRLZHLY7Fx
00000220: 78 50 67 67 4E 53 35 41  63 39 54 70 58 50 4B 4B  xPggNS5Ac9TpXPKK
00000230: 59 64 4D 63 66 6F 31 38  33 54 6D 69 76 74 6E 00  YdMcfo183Tmivtn.
00000240: 0B 00 01 00 00 00 1B 68  74 74 70 3A 2F 2F 73 68  .......http://sh
00000250: 6F 72 74 2D 75 72 6C 2F  58 31 4C 38 72 4D 44 6A  ort-url/X1L8rMDj
00000260: 35 44 0B 00 02 00 00 00  47 68 74 74 70 3A 2F 2F  5D......Ghttp://
00000270: 74 33 4C 49 61 45 77 59  54 67 5A 4E 36 67 41 39  t3LIaEwYTgZN6gA9
00000280: 5A 77 62 63 30 66 45 31  5A 76 47 59 72 44 77 64  Zwbc0fE1ZvGYrDwd
00000290: 4B 37 42 37 48 50 45 48  50 6F 37 47 43 49 75 55  K7B7HPEHPo7GCIuU
000002A0: 6F 45 62 39 4B 47 70 61  64 48 4A 67 49 64 67 48  oEb9KGpadHJgIdgH
000002B0: 00 0B 00 01 00 00 00 1B  68 74 74 70 3A 2F 2F 73  ........http://s
000002C0: 68 6F 72 74 2D 75 72 6C  2F 62 6B 73 69 6E 50 39  hort-url/bksinP9
000002D0: 61 4A 45 0B 00 02 00 00  00 47 68 74 74 70 3A 2F  aJE......Ghttp:/
000002E0: 2F 48 7A 4E 6F 72 59 74  75 30 78 77 67 44 36 72  /HzNorYtu0xwgD6r
000002F0: 6F 68 56 48 72 79 51 46  61 48 55 6F 75 45 52 35  ohVHryQFaHUouER5
00000300: 39 68 39 50 50 32 47 65  7A 66 6B 66 59 75 4E 64  9h9PP2GezfkfYuNd
00000310: 76 74 46 48 61 51 39 66  7A 30 6E 36 6C 43 50 56  vtFHaQ9fz0n6lCPV
00000320: 63 00 0B 00 01 00 00 00  1B 68 74 74 70 3A 2F 2F  c........http://
00000330: 73 68 6F 72 74 2D 75 72  6C 2F 63 6A 75 53 4B 51  short-url/cjuSKQ
00000340: 77 32 79 75 0B 00 02 00  00 00 47 68 74 74 70 3A  w2yu......Ghttp:
00000350: 2F 2F 38 49 4D 4C 76 52  73 50 77 79 57 5A 59 46  //8IMLvRsPwyWZYF
00000360: 78 75 34 5A 63 66 7A 77  48 4A 76 71 6A 36 52 46  xu4ZcfzwHJvqj6RF
00000370: 45 6E 5A 30 38 4E 39 65  51 77 7A 71 37 6C 6F 4A  EnZ08N9eQwzq7loJ
00000380: 64 74 48 37 30 50 55 70  48 6B 75 37 49 4E 76 66  dtH70PUpHku7INvf
00000390: 4C 51 00 0B 00 01 00 00  00 1B 68 74 74 70 3A 2F  LQ........http:/
000003A0: 2F 73 68 6F 72 74 2D 75  72 6C 2F 73 71 7A 35 46  /short-url/sqz5F
000003B0: 4A 53 70 6F 38 0B 00 02  00 00 00 47 68 74 74 70  JSpo8......Ghttp
000003C0: 3A 2F 2F 30 67 6F 46 46  64 39 53 63 43 78 50 56  ://0goFFd9ScCxPV
000003D0: 59 73 75 55 31 31 39 68  4F 62 43 56 54 37 50 54  YsuU119hObCVT7PT
000003E0: 4A 74 64 74 54 51 5A 76  58 64 6B 67 30 57 53 72  JtdtTQZvXdkg0WSr
000003F0: 37 75 6B 57 44 64 4A 6D  57 54 77 72 79 45 54 64  7ukWDdJmWTwryETd
00000400: 70 64 6B 00 00 00                                 pdk...
====
STREAM PID 40027.0xffff948328f80b00 (C) > 40016.0xffff9482c72c0b00 (S), length 353
command[40027]: b'./src/ComposePostService/ComposePostService'
command[40016]: b'./cmake-build/src/TextService/TextService'
----
00000000: 00 00 01 5D 80 01 00 01  00 00 00 0B 43 6F 6D 70  ...]........Comp
00000010: 6F 73 65 54 65 78 74 00  00 00 00 0A 00 01 04 66  oseText........f
00000020: F2 DE 47 4A 8C C0 0B 00  02 00 00 01 2A 6F 61 74  ..GJ........*oat
00000030: 70 34 4F 71 45 47 66 71  49 36 30 30 6C 55 62 56  p4OqEGfqI600lUbV
00000040: 6C 44 34 37 35 69 4A 58  74 39 74 59 56 5A 51 38  lD475iJXt9tYVZQ8
00000050: 51 45 59 7A 62 30 30 53  69 31 64 55 42 51 43 51  QEYzb00Si1dUBQCQ
00000060: 6D 47 79 51 44 52 63 50  75 51 4B 7A 36 4A 73 74  mGyQDRcPuQKz6Jst
00000070: 66 4A 42 56 43 76 43 57  56 67 6B 6D 74 55 4C 54  fJBVCvCWVgkmtULT
00000080: 58 51 54 77 75 55 69 59  41 52 6C 63 64 75 6C 63  XQTwuUiYARlcdulc
00000090: 77 4F 30 4B 53 50 4D 48  46 6F 69 72 44 57 35 42  wO0KSPMHFoirDW5B
000000A0: 70 59 68 62 37 73 62 43  37 56 74 66 32 72 50 71  pYhb7sbC7Vtf2rPq
000000B0: 6B 32 71 6E 4D 6D 77 4C  41 41 46 72 48 71 53 36  k2qnMmwLAAFrHqS6
000000C0: 4B 61 35 65 69 55 41 66  4B 4F 42 30 74 35 4E 73  Ka5eiUAfKOB0t5Ns
000000D0: 34 42 46 75 31 63 76 4E  49 31 66 73 31 44 58 69  4BFu1cvNI1fs1DXi
000000E0: 6C 33 48 36 33 36 6A 58  34 41 41 44 6D 6C 65 55  l3H636jX4AADmleU
000000F0: 53 6D 4C 57 34 66 63 67  42 31 38 4B 65 77 4D 4B  SmLW4fcgB18KewMK
00000100: 42 68 70 57 6A 43 7A 34  4B 46 57 6D 33 4A 63 59  BhpWjCz4KFWm3JcY
00000110: 75 49 42 30 6B 36 48 70  48 48 69 79 51 35 69 48  uIB0k6HpHHiyQ5iH
00000120: 54 32 32 7A 43 73 66 52  58 39 6F 7A 4B 20 40 75  T22zCsfRX9ozK @u
00000130: 73 65 72 6E 61 6D 65 5F  37 38 39 20 40 75 73 65  sername_789 @use
00000140: 72 6E 61 6D 65 5F 37 32  33 20 40 75 73 65 72 6E  rname_723 @usern
00000150: 61 6D 65 5F 32 34 36 0D  00 03 0B 0B 00 00 00 00  ame_246.........
00000160: 00                                                .
====
STREAM PID 40016.0xffff9482c72c0b00 (S) > 40027.0xffff948328f80b00 (C), length 353
command[40016]: b'./cmake-build/src/TextService/TextService'
command[40027]: b'./src/ComposePostService/ComposePostService'
----
00000000: 00 00 01 5D 80 01 00 02  00 00 00 0B 43 6F 6D 70  ...]........Comp
00000010: 6F 73 65 54 65 78 74 00  00 00 00 0C 00 00 0B 00  oseText.........
00000020: 01 00 00 01 2A 6F 61 74  70 34 4F 71 45 47 66 71  ....*oatp4OqEGfq
00000030: 49 36 30 30 6C 55 62 56  6C 44 34 37 35 69 4A 58  I600lUbVlD475iJX
00000040: 74 39 74 59 56 5A 51 38  51 45 59 7A 62 30 30 53  t9tYVZQ8QEYzb00S
00000050: 69 31 64 55 42 51 43 51  6D 47 79 51 44 52 63 50  i1dUBQCQmGyQDRcP
00000060: 75 51 4B 7A 36 4A 73 74  66 4A 42 56 43 76 43 57  uQKz6JstfJBVCvCW
00000070: 56 67 6B 6D 74 55 4C 54  58 51 54 77 75 55 69 59  VgkmtULTXQTwuUiY
00000080: 41 52 6C 63 64 75 6C 63  77 4F 30 4B 53 50 4D 48  ARlcdulcwO0KSPMH
00000090: 46 6F 69 72 44 57 35 42  70 59 68 62 37 73 62 43  FoirDW5BpYhb7sbC
000000A0: 37 56 74 66 32 72 50 71  6B 32 71 6E 4D 6D 77 4C  7Vtf2rPqk2qnMmwL
000000B0: 41 41 46 72 48 71 53 36  4B 61 35 65 69 55 41 66  AAFrHqS6Ka5eiUAf
000000C0: 4B 4F 42 30 74 35 4E 73  34 42 46 75 31 63 76 4E  KOB0t5Ns4BFu1cvN
000000D0: 49 31 66 73 31 44 58 69  6C 33 48 36 33 36 6A 58  I1fs1DXil3H636jX
000000E0: 34 41 41 44 6D 6C 65 55  53 6D 4C 57 34 66 63 67  4AADmleUSmLW4fcg
000000F0: 42 31 38 4B 65 77 4D 4B  42 68 70 57 6A 43 7A 34  B18KewMKBhpWjCz4
00000100: 4B 46 57 6D 33 4A 63 59  75 49 42 30 6B 36 48 70  KFWm3JcYuIB0k6Hp
00000110: 48 48 69 79 51 35 69 48  54 32 32 7A 43 73 66 52  HHiyQ5iHT22zCsfR
00000120: 58 39 6F 7A 4B 20 40 75  73 65 72 6E 61 6D 65 5F  X9ozK @username_
00000130: 37 38 39 20 40 75 73 65  72 6E 61 6D 65 5F 37 32  789 @username_72
00000140: 33 20 40 75 73 65 72 6E  61 6D 65 5F 32 34 36 0F  3 @username_246.
00000150: 00 02 0C 00 00 00 00 0F  00 03 0C 00 00 00 00 00  ................
00000160: 00                                                .
====
STREAM PID 40027.0xffff948328f80b00 (C) > 40016.0xffff9482c72c0b00 (S), length 411
command[40027]: b'./src/ComposePostService/ComposePostService'
command[40016]: b'./cmake-build/src/TextService/TextService'
----
00000000: 00 00 01 97 80 01 00 01  00 00 00 0B 43 6F 6D 70  ............Comp
00000010: 6F 73 65 54 65 78 74 00  00 00 00 0A 00 01 0B E5  oseText.........
00000020: 08 BD E1 33 DB 80 0B 00  02 00 00 01 64 43 34 49  ...3........dC4I
00000030: 37 41 43 4D 39 42 32 4B  66 46 64 68 4E 36 30 47  7ACM9B2KfFdhN60G
00000040: 63 72 65 45 36 48 41 47  71 78 4E 70 6F 46 79 4B  creE6HAGqxNpoFyK
00000050: 49 69 44 4D 67 50 31 4F  76 61 45 53 62 37 48 69  IiDMgP1OvaESb7Hi
00000060: 67 46 36 46 49 47 67 75  47 67 4C 74 45 35 35 73  gF6FIGguGgLtE55s
00000070: 34 6D 63 65 72 4A 65 31  65 57 53 43 4E 43 6C 64  4mcerJe1eWSCNCld
00000080: 4A 57 69 68 44 6A 56 6E  6C 59 4B 41 30 48 35 62  JWihDjVnlYKA0H5b
00000090: 39 35 55 4E 67 65 58 52  38 74 31 6B 58 4A 6A 62  95UNgeXR8t1kXJjb
000000A0: 4A 4E 6A 6E 4F 61 59 79  46 67 6A 6B 68 51 57 4E  JNjnOaYyFgjkhQWN
000000B0: 41 4F 35 73 4F 4A 42 7A  45 50 38 57 6B 52 4A 54  AO5sOJBzEP8WkRJT
000000C0: 77 44 51 4D 66 36 5A 6E  79 67 6C 35 64 32 48 4A  wDQMf6Znygl5d2HJ
000000D0: 6E 66 66 52 6B 30 74 31  6C 31 79 64 4E 57 38 72  nffRk0t1l1ydNW8r
000000E0: 42 45 77 6D 39 45 4A 47  6F 73 42 74 56 37 52 41  BEwm9EJGosBtV7RA
000000F0: 34 6A 74 6D 49 6E 44 32  43 52 56 5A 37 7A 68 49  4jtmInD2CRVZ7zhI
00000100: 4C 52 52 76 37 38 4A 77  4C 31 33 43 4B 59 4D 44  LRRv78JwL13CKYMD
00000110: 33 75 5A 55 7A 64 4E 59  6E 54 51 70 6F 4D 34 77  3uZUzdNYnTQpoM4w
00000120: 30 76 79 46 71 6F 75 31  51 79 44 6F 49 20 40 75  0vyFqou1QyDoI @u
00000130: 73 65 72 6E 61 6D 65 5F  35 32 31 20 40 75 73 65  sername_521 @use
00000140: 72 6E 61 6D 65 5F 39 33  35 20 68 74 74 70 3A 2F  rname_935 http:/
00000150: 2F 6C 43 64 31 4F 44 50  43 77 54 72 39 61 41 4D  /lCd1ODPCwTr9aAM
00000160: 74 47 53 6A 43 4C 67 48  41 6B 53 6A 6F 62 66 79  tGSjCLgHAkSjobfy
00000170: 71 4E 76 46 4B 4B 4E 53  37 68 49 46 67 50 54 47  qNvFKKNS7hIFgPTG
00000180: 32 76 35 47 76 79 31 4F  71 54 6E 56 79 54 63 76  2v5Gvy1OqTnVyTcv
00000190: 54 0D 00 03 0B 0B 00 00  00 00 00                 T..........
====
STREAM PID 40016.0xffff9482c72c0b00 (S) > 40027.0xffff948328f80b00 (C), length 480
command[40016]: b'./cmake-build/src/TextService/TextService'
command[40027]: b'./src/ComposePostService/ComposePostService'
----
00000000: 00 00 01 DC 80 01 00 02  00 00 00 0B 43 6F 6D 70  ............Comp
00000010: 6F 73 65 54 65 78 74 00  00 00 00 0C 00 00 0B 00  oseText.........
00000020: 01 00 00 01 38 43 34 49  37 41 43 4D 39 42 32 4B  ....8C4I7ACM9B2K
00000030: 66 46 64 68 4E 36 30 47  63 72 65 45 36 48 41 47  fFdhN60GcreE6HAG
00000040: 71 78 4E 70 6F 46 79 4B  49 69 44 4D 67 50 31 4F  qxNpoFyKIiDMgP1O
00000050: 76 61 45 53 62 37 48 69  67 46 36 46 49 47 67 75  vaESb7HigF6FIGgu
00000060: 47 67 4C 74 45 35 35 73  34 6D 63 65 72 4A 65 31  GgLtE55s4mcerJe1
00000070: 65 57 53 43 4E 43 6C 64  4A 57 69 68 44 6A 56 6E  eWSCNCldJWihDjVn
00000080: 6C 59 4B 41 30 48 35 62  39 35 55 4E 67 65 58 52  lYKA0H5b95UNgeXR
00000090: 38 74 31 6B 58 4A 6A 62  4A 4E 6A 6E 4F 61 59 79  8t1kXJjbJNjnOaYy
000000A0: 46 67 6A 6B 68 51 57 4E  41 4F 35 73 4F 4A 42 7A  FgjkhQWNAO5sOJBz
000000B0: 45 50 38 57 6B 52 4A 54  77 44 51 4D 66 36 5A 6E  EP8WkRJTwDQMf6Zn
000000C0: 79 67 6C 35 64 32 48 4A  6E 66 66 52 6B 30 74 31  ygl5d2HJnffRk0t1
000000D0: 6C 31 79 64 4E 57 38 72  42 45 77 6D 39 45 4A 47  l1ydNW8rBEwm9EJG
000000E0: 6F 73 42 74 56 37 52 41  34 6A 74 6D 49 6E 44 32  osBtV7RA4jtmInD2
000000F0: 43 52 56 5A 37 7A 68 49  4C 52 52 76 37 38 4A 77  CRVZ7zhILRRv78Jw
00000100: 4C 31 33 43 4B 59 4D 44  33 75 5A 55 7A 64 4E 59  L13CKYMD3uZUzdNY
00000110: 6E 54 51 70 6F 4D 34 77  30 76 79 46 71 6F 75 31  nTQpoM4w0vyFqou1
00000120: 51 79 44 6F 49 20 40 75  73 65 72 6E 61 6D 65 5F  QyDoI @username_
00000130: 35 32 31 20 40 75 73 65  72 6E 61 6D 65 5F 39 33  521 @username_93
00000140: 35 20 68 74 74 70 3A 2F  2F 73 68 6F 72 74 2D 75  5 http://short-u
00000150: 72 6C 2F 50 6C 42 78 52  44 6D 30 54 6D 0F 00 02  rl/PlBxRDm0Tm...
00000160: 0C 00 00 00 00 0F 00 03  0C 00 00 00 01 0B 00 01  ................
00000170: 00 00 00 1B 68 74 74 70  3A 2F 2F 73 68 6F 72 74  ....http://short
00000180: 2D 75 72 6C 2F 50 6C 42  78 52 44 6D 30 54 6D 0B  -url/PlBxRDm0Tm.
00000190: 00 02 00 00 00 47 68 74  74 70 3A 2F 2F 6C 43 64  .....Ghttp://lCd
000001A0: 31 4F 44 50 43 77 54 72  39 61 41 4D 74 47 53 6A  1ODPCwTr9aAMtGSj
000001B0: 43 4C 67 48 41 6B 53 6A  6F 62 66 79 71 4E 76 46  CLgHAkSjobfyqNvF
000001C0: 4B 4B 4E 53 37 68 49 46  67 50 54 47 32 76 35 47  KKNS7hIFgPTG2v5G
000001D0: 76 79 31 4F 71 54 6E 56  79 54 63 76 54 00 00 00  vy1OqTnVyTcvT...
====
STREAM PID 40027.0xffff948328f80b00 (C) > 40016.0xffff9482c72c0b00 (S), length 640
command[40027]: b'./src/ComposePostService/ComposePostService'
command[40016]: b'./cmake-build/src/TextService/TextService'
----
00000000: 00 00 02 7C 80 01 00 01  00 00 00 0B 43 6F 6D 70  ...|........Comp
00000010: 6F 73 65 54 65 78 74 00  00 00 00 0A 00 01 0B 4A  oseText........J
00000020: DE 82 33 E5 B3 80 0B 00  02 00 00 02 49 68 4E 36  ..3.........IhN6
00000030: 79 6E 35 78 41 44 6B 61  34 6D 30 44 4D 54 53 43  yn5xADka4m0DMTSC
00000040: 78 33 46 58 55 6F 72 41  6A 54 38 76 79 41 32 73  x3FXUorAjT8vyA2s
00000050: 38 53 6E 35 77 44 6F 6D  65 47 67 79 32 33 4E 42  8Sn5wDomeGgy23NB
00000060: 75 34 51 6D 4D 5A 6C 44  66 42 68 79 63 42 57 33  u4QmMZlDfBhycBW3
00000070: 71 63 71 33 70 72 32 56  54 65 5A 49 61 52 4C 45  qcq3pr2VTeZIaRLE
00000080: 53 32 45 73 52 53 62 54  58 30 58 31 6D 74 6C 43  S2EsRSbTX0X1mtlC
00000090: 42 41 39 37 65 4F 77 74  58 35 41 61 52 53 33 45  BA97eOwtX5AaRS3E
000000A0: 49 36 39 62 79 33 77 70  50 78 75 4F 63 56 33 4A  I69by3wpPxuOcV3J
000000B0: 67 32 67 70 71 56 70 68  34 4D 66 66 46 71 6C 76  g2gpqVph4MffFqlv
000000C0: 37 48 47 4A 65 4A 6C 62  61 64 79 48 49 4E 73 43  7HGJeJlbadyHINsC
000000D0: 56 4D 77 71 6C 44 57 6F  66 37 50 30 43 56 74 62  VMwqlDWof7P0CVtb
000000E0: 78 38 43 6F 73 43 58 32  44 78 41 54 33 32 74 36  x8CosCX2DxAT32t6
000000F0: 52 55 54 33 5A 66 77 68  34 4E 38 37 52 59 32 55  RUT3Zfwh4N87RY2U
00000100: 63 51 59 33 41 69 76 41  31 39 35 6C 69 46 35 6F  cQY3AivA195liF5o
00000110: 69 31 30 39 68 58 4C 5A  50 57 4E 56 42 44 55 4E  i109hXLZPWNVBDUN
00000120: 6D 55 75 79 38 61 56 64  52 47 46 66 4A 20 40 75  mUuy8aVdRGFfJ @u
00000130: 73 65 72 6E 61 6D 65 5F  34 31 31 20 40 75 73 65  sername_411 @use
00000140: 72 6E 61 6D 65 5F 35 35  38 20 40 75 73 65 72 6E  rname_558 @usern
00000150: 61 6D 65 5F 33 39 20 68  74 74 70 3A 2F 2F 47 49  ame_39 http://GI
00000160: 71 58 43 62 77 58 44 77  6B 43 48 47 65 32 67 4C  qXCbwXDwkCHGe2gL
00000170: 62 59 6F 47 52 6F 4C 4D  59 50 4F 50 35 35 62 6C  bYoGRoLMYPOP55bl
00000180: 44 77 79 4F 63 61 61 34  4E 57 54 35 34 65 30 46  DwyOcaa4NWT54e0F
00000190: 53 76 4C 4D 41 79 55 79  63 39 32 46 70 56 20 68  SvLMAyUyc92FpV h
000001A0: 74 74 70 3A 2F 2F 4F 46  37 73 78 67 45 45 6E 61  ttp://OF7sxgEEna
000001B0: 54 70 4A 36 47 53 66 31  59 5A 62 67 30 6A 4B 6F  TpJ6GSf1YZbg0jKo
000001C0: 49 45 61 74 30 4A 48 34  76 78 39 31 57 69 69 6C  IEat0JH4vx91Wiil
000001D0: 53 34 6B 63 54 4D 79 4E  38 54 31 38 6E 49 31 45  S4kcTMyN8T18nI1E
000001E0: 44 4F 63 41 71 55 20 68  74 74 70 3A 2F 2F 6A 63  DOcAqU http://jc
000001F0: 59 53 38 52 39 32 44 5A  6D 30 47 76 78 57 4E 6F  YS8R92DZm0GvxWNo
00000200: 4E 6B 43 6F 72 68 55 74  72 77 36 69 44 4A 77 59  NkCorhUtrw6iDJwY
00000210: 58 47 78 4F 54 76 55 58  6D 6F 6F 59 42 47 76 39  XGxOTvUXmooYBGv9
00000220: 52 34 47 67 51 5A 61 62  66 79 62 63 6B 67 20 68  R4GgQZabfybckg h
00000230: 74 74 70 3A 2F 2F 39 55  37 36 58 6D 4A 6C 34 70  ttp://9U76XmJl4p
00000240: 5A 73 4C 59 38 50 47 45  32 79 6E 59 46 61 77 77  ZsLY8PGE2ynYFaww
00000250: 54 54 7A 37 4B 77 66 38  42 4D 73 71 76 63 4C 59  TTz7Kwf8BMsqvcLY
00000260: 75 7A 4B 36 69 75 76 4D  72 53 4D 6E 38 4C 34 63  uzK6iuvMrSMn8L4c
00000270: 50 61 44 63 62 44 0D 00  03 0B 0B 00 00 00 00 00  PaDcbD..........
====
STREAM PID 40016.0xffff9482c72c0b00 (S) > 40027.0xffff948328f80b00 (C), length 916
command[40016]: b'./cmake-build/src/TextService/TextService'
command[40027]: b'./src/ComposePostService/ComposePostService'
----
00000000: 00 00 03 90 80 01 00 02  00 00 00 0B 43 6F 6D 70  ............Comp
00000010: 6F 73 65 54 65 78 74 00  00 00 00 0C 00 00 0B 00  oseText.........
00000020: 01 00 00 01 99 68 4E 36  79 6E 35 78 41 44 6B 61  .....hN6yn5xADka
00000030: 34 6D 30 44 4D 54 53 43  78 33 46 58 55 6F 72 41  4m0DMTSCx3FXUorA
00000040: 6A 54 38 76 79 41 32 73  38 53 6E 35 77 44 6F 6D  jT8vyA2s8Sn5wDom
00000050: 65 47 67 79 32 33 4E 42  75 34 51 6D 4D 5A 6C 44  eGgy23NBu4QmMZlD
00000060: 66 42 68 79 63 42 57 33  71 63 71 33 70 72 32 56  fBhycBW3qcq3pr2V
00000070: 54 65 5A 49 61 52 4C 45  53 32 45 73 52 53 62 54  TeZIaRLES2EsRSbT
00000080: 58 30 58 31 6D 74 6C 43  42 41 39 37 65 4F 77 74  X0X1mtlCBA97eOwt
00000090: 58 35 41 61 52 53 33 45  49 36 39 62 79 33 77 70  X5AaRS3EI69by3wp
000000A0: 50 78 75 4F 63 56 33 4A  67 32 67 70 71 56 70 68  PxuOcV3Jg2gpqVph
000000B0: 34 4D 66 66 46 71 6C 76  37 48 47 4A 65 4A 6C 62  4MffFqlv7HGJeJlb
000000C0: 61 64 79 48 49 4E 73 43  56 4D 77 71 6C 44 57 6F  adyHINsCVMwqlDWo
000000D0: 66 37 50 30 43 56 74 62  78 38 43 6F 73 43 58 32  f7P0CVtbx8CosCX2
000000E0: 44 78 41 54 33 32 74 36  52 55 54 33 5A 66 77 68  DxAT32t6RUT3Zfwh
000000F0: 34 4E 38 37 52 59 32 55  63 51 59 33 41 69 76 41  4N87RY2UcQY3AivA
00000100: 31 39 35 6C 69 46 35 6F  69 31 30 39 68 58 4C 5A  195liF5oi109hXLZ
00000110: 50 57 4E 56 42 44 55 4E  6D 55 75 79 38 61 56 64  PWNVBDUNmUuy8aVd
00000120: 52 47 46 66 4A 20 40 75  73 65 72 6E 61 6D 65 5F  RGFfJ @username_
00000130: 34 31 31 20 40 75 73 65  72 6E 61 6D 65 5F 35 35  411 @username_55
00000140: 38 20 40 75 73 65 72 6E  61 6D 65 5F 33 39 20 68  8 @username_39 h
00000150: 74 74 70 3A 2F 2F 73 68  6F 72 74 2D 75 72 6C 2F  ttp://short-url/
00000160: 4B 75 35 6D 52 45 54 4C  4A 70 20 68 74 74 70 3A  Ku5mRETLJp http:
00000170: 2F 2F 73 68 6F 72 74 2D  75 72 6C 2F 31 76 32 34  //short-url/1v24
00000180: 63 46 55 30 78 67 20 68  74 74 70 3A 2F 2F 73 68  cFU0xg http://sh
00000190: 6F 72 74 2D 75 72 6C 2F  4F 49 63 57 30 78 58 55  ort-url/OIcW0xXU
000001A0: 78 33 20 68 74 74 70 3A  2F 2F 73 68 6F 72 74 2D  x3 http://short-
000001B0: 75 72 6C 2F 69 30 6D 76  31 62 52 6A 6B 6D 0F 00  url/i0mv1bRjkm..
000001C0: 02 0C 00 00 00 00 0F 00  03 0C 00 00 00 04 0B 00  ................
000001D0: 01 00 00 00 1B 68 74 74  70 3A 2F 2F 73 68 6F 72  .....http://shor
000001E0: 74 2D 75 72 6C 2F 4B 75  35 6D 52 45 54 4C 4A 70  t-url/Ku5mRETLJp
000001F0: 0B 00 02 00 00 00 47 68  74 74 70 3A 2F 2F 47 49  ......Ghttp://GI
00000200: 71 58 43 62 77 58 44 77  6B 43 48 47 65 32 67 4C  qXCbwXDwkCHGe2gL
00000210: 62 59 6F 47 52 6F 4C 4D  59 50 4F 50 35 35 62 6C  bYoGRoLMYPOP55bl
00000220: 44 77 79 4F 63 61 61 34  4E 57 54 35 34 65 30 46  DwyOcaa4NWT54e0F
00000230: 53 76 4C 4D 41 79 55 79  63 39 32 46 70 56 00 0B  SvLMAyUyc92FpV..
00000240: 00 01 00 00 00 1B 68 74  74 70 3A 2F 2F 73 68 6F  ......http://sho
00000250: 72 74 2D 75 72 6C 2F 31  76 32 34 63 46 55 30 78  rt-url/1v24cFU0x
00000260: 67 0B 00 02 00 00 00 47  68 74 74 70 3A 2F 2F 4F  g......Ghttp://O
00000270: 46 37 73 78 67 45 45 6E  61 54 70 4A 36 47 53 66  F7sxgEEnaTpJ6GSf
00000280: 31 59 5A 62 67 30 6A 4B  6F 49 45 61 74 30 4A 48  1YZbg0jKoIEat0JH
00000290: 34 76 78 39 31 57 69 69  6C 53 34 6B 63 54 4D 79  4vx91WiilS4kcTMy
000002A0: 4E 38 54 31 38 6E 49 31  45 44 4F 63 41 71 55 00  N8T18nI1EDOcAqU.
000002B0: 0B 00 01 00 00 00 1B 68  74 74 70 3A 2F 2F 73 68  .......http://sh
000002C0: 6F 72 74 2D 75 72 6C 2F  4F 49 63 57 30 78 58 55  ort-url/OIcW0xXU
000002D0: 78 33 0B 00 02 00 00 00  47 68 74 74 70 3A 2F 2F  x3......Ghttp://
000002E0: 6A 63 59 53 38 52 39 32  44 5A 6D 30 47 76 78 57  jcYS8R92DZm0GvxW
000002F0: 4E 6F 4E 6B 43 6F 72 68  55 74 72 77 36 69 44 4A  NoNkCorhUtrw6iDJ
00000300: 77 59 58 47 78 4F 54 76  55 58 6D 6F 6F 59 42 47  wYXGxOTvUXmooYBG
00000310: 76 39 52 34 47 67 51 5A  61 62 66 79 62 63 6B 67  v9R4GgQZabfybckg
00000320: 00 0B 00 01 00 00 00 1B  68 74 74 70 3A 2F 2F 73  ........http://s
00000330: 68 6F 72 74 2D 75 72 6C  2F 69 30 6D 76 31 62 52  hort-url/i0mv1bR
00000340: 6A 6B 6D 0B 00 02 00 00  00 47 68 74 74 70 3A 2F  jkm......Ghttp:/
00000350: 2F 39 55 37 36 58 6D 4A  6C 34 70 5A 73 4C 59 38  /9U76XmJl4pZsLY8
00000360: 50 47 45 32 79 6E 59 46  61 77 77 54 54 7A 37 4B  PGE2ynYFawwTTz7K
00000370: 77 66 38 42 4D 73 71 76  63 4C 59 75 7A 4B 36 69  wf8BMsqvcLYuzK6i
00000380: 75 76 4D 72 53 4D 6E 38  4C 34 63 50 61 44 63 62  uvMrSMn8L4cPaDcb
00000390: 44 00 00 00                                       D...
====
STREAM PID 40027.0xffff948328f80b00 (C) > 40016.0xffff9482c72c0b00 (S), length 740
command[40027]: b'./src/ComposePostService/ComposePostService'
command[40016]: b'./cmake-build/src/TextService/TextService'
----
00000000: 00 00 02 E0 80 01 00 01  00 00 00 0B 43 6F 6D 70  ............Comp
00000010: 6F 73 65 54 65 78 74 00  00 00 00 0A 00 01 01 5F  oseText........_
00000020: C9 FD 77 35 DC 00 0B 00  02 00 00 02 AD 4E 4C 78  ..w5.........NLx
00000030: 71 33 57 73 6F 32 49 43  32 6A 46 36 58 6D 50 56  q3Wso2IC2jF6XmPV
00000040: 56 54 4E 69 56 50 30 5A  49 35 36 49 6B 71 39 58  VTNiVP0ZI56Ikq9X
00000050: 66 70 6F 55 72 53 62 59  6A 58 48 4D 38 37 52 53  fpoUrSbYjXHM87RS
00000060: 70 66 74 71 31 44 65 72  31 69 55 57 68 63 70 4B  pftq1Der1iUWhcpK
00000070: 33 59 6C 53 71 31 33 76  50 63 59 70 45 51 77 62  3YlSq13vPcYpEQwb
00000080: 7A 63 6E 37 6B 6E 6B 58  62 35 57 41 68 67 49 78  zcn7knkXb5WAhgIx
00000090: 4F 34 54 62 79 42 71 47  73 73 38 6B 45 6C 56 57  O4TbyBqGss8kElVW
000000A0: 31 65 5A 48 61 78 51 39  79 71 63 36 56 6E 69 67  1eZHaxQ9yqc6Vnig
000000B0: 4C 42 6A 70 43 42 6C 46  6B 4A 37 7A 4C 39 79 41  LBjpCBlFkJ7zL9yA
000000C0: 79 57 33 42 45 6F 33 79  39 51 4A 65 56 6C 30 51  yW3BEo3y9QJeVl0Q
000000D0: 4A 63 37 49 49 6F 78 69  64 34 78 44 68 45 42 32  Jc7IIoxid4xDhEB2
000000E0: 59 5A 69 4D 6E 38 66 56  4B 35 55 56 67 52 51 45  YZiMn8fVK5UVgRQE
000000F0: 50 69 79 6F 59 73 41 7A  38 4E 43 34 50 57 32 4F  PiyoYsAz8NC4PW2O
00000100: 64 77 53 77 49 6E 35 65  48 4D 36 46 67 4D 6C 4C  dwSwIn5eHM6FgMlL
00000110: 6F 52 33 50 49 73 71 68  48 5A 68 7A 74 62 43 58  oR3PIsqhHZhztbCX
00000120: 63 32 4E 4E 30 41 43 58  73 56 68 79 48 20 40 75  c2NN0ACXsVhyH @u
00000130: 73 65 72 6E 61 6D 65 5F  38 36 35 20 40 75 73 65  sername_865 @use
00000140: 72 6E 61 6D 65 5F 31 31  35 20 40 75 73 65 72 6E  rname_115 @usern
00000150: 61 6D 65 5F 34 31 36 20  40 75 73 65 72 6E 61 6D  ame_416 @usernam
00000160: 65 5F 32 38 20 40 75 73  65 72 6E 61 6D 65 5F 38  e_28 @username_8
00000170: 37 35 20 68 74 74 70 3A  2F 2F 59 31 66 51 77 71  75 http://Y1fQwq
00000180: 37 46 30 65 34 66 74 58  35 6E 6A 50 62 53 68 5A  7F0e4ftX5njPbShZ
00000190: 56 70 6D 54 74 58 66 69  45 56 56 63 4E 35 39 74  VpmTtXfiEVVcN59t
000001A0: 56 73 35 7A 54 6F 69 50  5A 6E 57 4C 69 6B 6A 48  Vs5zToiPZnWLikjH
000001B0: 47 70 38 4F 76 44 59 4B  37 78 20 68 74 74 70 3A  Gp8OvDYK7x http:
000001C0: 2F 2F 64 4A 78 59 75 51  4F 7A 35 4E 67 53 79 41  //dJxYuQOz5NgSyA
000001D0: 4F 51 53 67 78 67 49 47  52 78 52 32 69 74 41 77  OQSgxgIGRxR2itAw
000001E0: 57 4B 6E 54 7A 39 58 4A  46 46 53 48 66 4C 44 35  WKnTz9XJFFSHfLD5
000001F0: 53 51 35 67 6D 65 50 6D  68 33 76 62 63 7A 48 48  SQ5gmePmh3vbczHH
00000200: 73 75 20 68 74 74 70 3A  2F 2F 67 73 70 4E 35 74  su http://gspN5t
00000210: 39 56 4F 31 4E 6F 7A 34  7A 4D 6C 32 51 76 68 5A  9VO1Noz4zMl2QvhZ
00000220: 30 72 39 4B 33 69 32 63  30 37 39 43 55 75 55 46  0r9K3i2c079CUuUF
00000230: 47 44 4C 33 47 45 53 7A  65 72 37 41 36 64 57 49  GDL3GESzer7A6dWI
00000240: 34 35 37 4E 53 62 70 44  64 6E 20 68 74 74 70 3A  457NSbpDdn http:
00000250: 2F 2F 57 4D 4B 46 7A 30  38 30 33 39 46 57 48 77  //WMKFz08039FWHw
00000260: 34 4D 47 54 30 6B 5A 43  33 47 57 64 38 76 51 39  4MGT0kZC3GWd8vQ9
00000270: 6A 73 61 44 59 56 64 58  6A 6B 46 52 71 72 71 6F  jsaDYVdXjkFRqrqo
00000280: 44 61 76 35 79 6B 72 76  67 51 47 52 41 57 35 36  Dav5ykrvgQGRAW56
00000290: 4C 68 20 68 74 74 70 3A  2F 2F 6B 67 74 32 47 47  Lh http://kgt2GG
000002A0: 70 44 46 31 4B 74 33 66  49 30 79 51 38 32 61 71  pDF1Kt3fI0yQ82aq
000002B0: 49 63 72 4D 38 6F 42 76  7A 56 63 31 33 48 6A 59  IcrM8oBvzVc13HjY
000002C0: 4D 6C 66 47 4F 6E 42 4E  54 6D 4E 66 45 4F 52 66  MlfGOnBNTmNfEORf
000002D0: 4D 55 75 30 45 55 68 4F  44 6B 0D 00 03 0B 0B 00  MUu0EUhODk......
000002E0: 00 00 00 00                                       ....
====
STREAM PID 40016.0xffff9482c72c0b00 (S) > 40027.0xffff948328f80b00 (C), length 1085
command[40016]: b'./cmake-build/src/TextService/TextService'
command[40027]: b'./src/ComposePostService/ComposePostService'
----
00000000: 00 00 04 39 80 01 00 02  00 00 00 0B 43 6F 6D 70  ...9........Comp
00000010: 6F 73 65 54 65 78 74 00  00 00 00 0C 00 00 0B 00  oseText.........
00000020: 01 00 00 01 D1 4E 4C 78  71 33 57 73 6F 32 49 43  .....NLxq3Wso2IC
00000030: 32 6A 46 36 58 6D 50 56  56 54 4E 69 56 50 30 5A  2jF6XmPVVTNiVP0Z
00000040: 49 35 36 49 6B 71 39 58  66 70 6F 55 72 53 62 59  I56Ikq9XfpoUrSbY
00000050: 6A 58 48 4D 38 37 52 53  70 66 74 71 31 44 65 72  jXHM87RSpftq1Der
00000060: 31 69 55 57 68 63 70 4B  33 59 6C 53 71 31 33 76  1iUWhcpK3YlSq13v
00000070: 50 63 59 70 45 51 77 62  7A 63 6E 37 6B 6E 6B 58  PcYpEQwbzcn7knkX
00000080: 62 35 57 41 68 67 49 78  4F 34 54 62 79 42 71 47  b5WAhgIxO4TbyBqG
00000090: 73 73 38 6B 45 6C 56 57  31 65 5A 48 61 78 51 39  ss8kElVW1eZHaxQ9
000000A0: 79 71 63 36 56 6E 69 67  4C 42 6A 70 43 42 6C 46  yqc6VnigLBjpCBlF
000000B0: 6B 4A 37 7A 4C 39 79 41  79 57 33 42 45 6F 33 79  kJ7zL9yAyW3BEo3y
000000C0: 39 51 4A 65 56 6C 30 51  4A 63 37 49 49 6F 78 69  9QJeVl0QJc7IIoxi
000000D0: 64 34 78 44 68 45 42 32  59 5A 69 4D 6E 38 66 56  d4xDhEB2YZiMn8fV
000000E0: 4B 35 55 56 67 52 51 45  50 69 79 6F 59 73 41 7A  K5UVgRQEPiyoYsAz
000000F0: 38 4E 43 34 50 57 32 4F  64 77 53 77 49 6E 35 65  8NC4PW2OdwSwIn5e
00000100: 48 4D 36 46 67 4D 6C 4C  6F 52 33 50 49 73 71 68  HM6FgMlLoR3PIsqh
00000110: 48 5A 68 7A 74 62 43 58  63 32 4E 4E 30 41 43 58  HZhztbCXc2NN0ACX
00000120: 73 56 68 79 48 20 40 75  73 65 72 6E 61 6D 65 5F  sVhyH @username_
00000130: 38 36 35 20 40 75 73 65  72 6E 61 6D 65 5F 31 31  865 @username_11
00000140: 35 20 40 75 73 65 72 6E  61 6D 65 5F 34 31 36 20  5 @username_416 
00000150: 40 75 73 65 72 6E 61 6D  65 5F 32 38 20 40 75 73  @username_28 @us
00000160: 65 72 6E 61 6D 65 5F 38  37 35 20 68 74 74 70 3A  ername_875 http:
00000170: 2F 2F 73 68 6F 72 74 2D  75 72 6C 2F 68 49 49 34  //short-url/hII4
00000180: 52 73 69 50 6C 79 20 68  74 74 70 3A 2F 2F 73 68  RsiPly http://sh
00000190: 6F 72 74 2D 75 72 6C 2F  72 73 62 48 71 30 36 78  ort-url/rsbHq06x
000001A0: 49 64 20 68 74 74 70 3A  2F 2F 73 68 6F 72 74 2D  Id http://short-
000001B0: 75 72 6C 2F 35 73 6B 67  36 6D 47 5A 50 45 20 68  url/5skg6mGZPE h
000001C0: 74 74 70 3A 2F 2F 73 68  6F 72 74 2D 75 72 6C 2F  ttp://short-url/
000001D0: 47 78 6A 4B 4F 5A 73 63  65 67 20 68 74 74 70 3A  GxjKOZsceg http:
000001E0: 2F 2F 73 68 6F 72 74 2D  75 72 6C 2F 4F 76 69 6C  //short-url/Ovil
000001F0: 67 36 4D 74 43 6F 0F 00  02 0C 00 00 00 00 0F 00  g6MtCo..........
00000200: 03 0C 00 00 00 05 0B 00  01 00 00 00 1B 68 74 74  .............htt
00000210: 70 3A 2F 2F 73 68 6F 72  74 2D 75 72 6C 2F 68 49  p://short-url/hI
00000220: 49 34 52 73 69 50 6C 79  0B 00 02 00 00 00 47 68  I4RsiPly......Gh
00000230: 74 74 70 3A 2F 2F 59 31  66 51 77 71 37 46 30 65  ttp://Y1fQwq7F0e
00000240: 34 66 74 58 35 6E 6A 50  62 53 68 5A 56 70 6D 54  4ftX5njPbShZVpmT
00000250: 74 58 66 69 45 56 56 63  4E 35 39 74 56 73 35 7A  tXfiEVVcN59tVs5z
00000260: 54 6F 69 50 5A 6E 57 4C  69 6B 6A 48 47 70 38 4F  ToiPZnWLikjHGp8O
00000270: 76 44 59 4B 37 78 00 0B  00 01 00 00 00 1B 68 74  vDYK7x........ht
00000280: 74 70 3A 2F 2F 73 68 6F  72 74 2D 75 72 6C 2F 72  tp://short-url/r
00000290: 73 62 48 71 30 36 78 49  64 0B 00 02 00 00 00 47  sbHq06xId......G
000002A0: 68 74 74 70 3A 2F 2F 64  4A 78 59 75 51 4F 7A 35  http://dJxYuQOz5
000002B0: 4E 67 53 79 41 4F 51 53  67 78 67 49 47 52 78 52  NgSyAOQSgxgIGRxR
000002C0: 32 69 74 41 77 57 4B 6E  54 7A 39 58 4A 46 46 53  2itAwWKnTz9XJFFS
000002D0: 48 66 4C 44 35 53 51 35  67 6D 65 50 6D 68 33 76  HfLD5SQ5gmePmh3v
000002E0: 62 63 7A 48 48 73 75 00  0B 00 01 00 00 00 1B 68  bczHHsu........h
000002F0: 74 74 70 3A 2F 2F 73 68  6F 72 74 2D 75 72 6C 2F  ttp://short-url/
00000300: 35 73 6B 67 36 6D 47 5A  50 45 0B 00 02 00 00 00  5skg6mGZPE......
00000310: 47 68 74 74 70 3A 2F 2F  67 73 70 4E 35 74 39 56  Ghttp://gspN5t9V
00000320: 4F 31 4E 6F 7A 34 7A 4D  6C 32 51 76 68 5A 30 72  O1Noz4zMl2QvhZ0r
00000330: 39 4B 33 69 32 63 30 37  39 43 55 75 55 46 47 44  9K3i2c079CUuUFGD
00000340: 4C 33 47 45 53 7A 65 72  37 41 36 64 57 49 34 35  L3GESzer7A6dWI45
00000350: 37 4E 53 62 70 44 64 6E  00 0B 00 01 00 00 00 1B  7NSbpDdn........
00000360: 68 74 74 70 3A 2F 2F 73  68 6F 72 74 2D 75 72 6C  http://short-url
00000370: 2F 47 78 6A 4B 4F 5A 73  63 65 67 0B 00 02 00 00  /GxjKOZsceg.....
00000380: 00 47 68 74 74 70 3A 2F  2F 57 4D 4B 46 7A 30 38  .Ghttp://WMKFz08
00000390: 30 33 39 46 57 48 77 34  4D 47 54 30 6B 5A 43 33  039FWHw4MGT0kZC3
000003A0: 47 57 64 38 76 51 39 6A  73 61 44 59 56 64 58 6A  GWd8vQ9jsaDYVdXj
000003B0: 6B 46 52 71 72 71 6F 44  61 76 35 79 6B 72 76 67  kFRqrqoDav5ykrvg
000003C0: 51 47 52 41 57 35 36 4C  68 00 0B 00 01 00 00 00  QGRAW56Lh.......
000003D0: 1B 68 74 74 70 3A 2F 2F  73 68 6F 72 74 2D 75 72  .http://short-ur
000003E0: 6C 2F 4F 76 69 6C 67 36  4D 74 43 6F 0B 00 02 00  l/Ovilg6MtCo....
000003F0: 00 00 47 68 74 74 70 3A  2F 2F 6B 67 74 32 47 47  ..Ghttp://kgt2GG
00000400: 70 44 46 31 4B 74 33 66  49 30 79 51 38 32 61 71  pDF1Kt3fI0yQ82aq
00000410: 49 63 72 4D 38 6F 42 76  7A 56 63 31 33 48 6A 59  IcrM8oBvzVc13HjY
00000420: 4D 6C 66 47 4F 6E 42 4E  54 6D 4E 66 45 4F 52 66  MlfGOnBNTmNfEORf
00000430: 4D 55 75 30 45 55 68 4F  44 6B 00 00 00           MUu0EUhODk...
====
STREAM PID 40027.0xffff948328f80b00 (C) > 40016.0xffff9482c72c0b00 (S), length 522
command[40027]: b'./src/ComposePostService/ComposePostService'
command[40016]: b'./cmake-build/src/TextService/TextService'
----
00000000: 00 00 02 06 80 01 00 01  00 00 00 0B 43 6F 6D 70  ............Comp
00000010: 6F 73 65 54 65 78 74 00  00 00 00 0A 00 01 05 66  oseText........f
00000020: EF 4B 37 A0 44 C0 0B 00  02 00 00 01 D3 4E 79 56  .K7.D........NyV
00000030: 37 73 4E 48 73 32 42 6B  79 32 65 4C 61 42 34 79  7sNHs2Bky2eLaB4y
00000040: 61 4E 69 4E 41 5A 61 42  4C 78 41 5A 6B 34 38 59  aNiNAZaBLxAZk48Y
00000050: 71 4D 71 70 37 77 75 54  77 72 33 48 44 74 6D 4C  qMqp7wuTwr3HDtmL
00000060: 49 32 71 52 78 74 4C 6C  48 6B 36 4F 31 72 63 42  I2qRxtLlHk6O1rcB
00000070: 53 54 59 43 71 38 41 71  79 69 69 38 31 63 63 7A  STYCq8Aqyii81ccz
00000080: 41 6A 75 67 6F 64 63 79  62 58 34 4D 50 45 6D 33  AjugodcybX4MPEm3
00000090: 57 62 78 56 4C 47 59 6B  75 76 71 43 58 46 53 4A  WbxVLGYkuvqCXFSJ
000000A0: 33 4D 4D 36 59 47 6B 77  64 62 37 41 35 5A 4E 72  3MM6YGkwdb7A5ZNr
000000B0: 38 33 54 76 4B 32 55 42  78 57 58 58 47 34 30 52  83TvK2UBxWXXG40R
000000C0: 54 46 32 4F 6A 66 34 4F  62 50 72 71 36 6B 47 43  TF2Ojf4ObPrq6kGC
000000D0: 72 44 6E 52 47 64 50 69  6A 6F 69 59 33 50 71 38  rDnRGdPijoiY3Pq8
000000E0: 58 59 47 41 6F 32 38 79  44 67 6C 30 49 68 30 6B  XYGAo28yDgl0Ih0k
000000F0: 46 55 6F 5A 6D 41 51 73  73 66 79 63 31 5A 4F 6E  FUoZmAQssfyc1ZOn
00000100: 71 75 70 49 4C 75 63 39  71 6E 52 67 50 30 54 30  qupILuc9qnRgP0T0
00000110: 57 78 33 53 57 61 42 32  75 4C 45 7A 38 63 43 4D  Wx3SWaB2uLEz8cCM
00000120: 51 65 4C 6A 43 62 65 59  56 34 51 57 77 20 40 75  QeLjCbeYV4QWw @u
00000130: 73 65 72 6E 61 6D 65 5F  36 32 20 40 75 73 65 72  sername_62 @user
00000140: 6E 61 6D 65 5F 37 37 37  20 40 75 73 65 72 6E 61  name_777 @userna
00000150: 6D 65 5F 31 30 34 20 40  75 73 65 72 6E 61 6D 65  me_104 @username
00000160: 5F 36 32 37 20 40 75 73  65 72 6E 61 6D 65 5F 38  _627 @username_8
00000170: 20 68 74 74 70 3A 2F 2F  49 6B 49 57 45 4A 4A 70   http://IkIWEJJp
00000180: 4A 50 30 59 53 51 64 31  33 79 47 31 70 4C 37 65  JP0YSQd13yG1pL7e
00000190: 42 43 45 7A 53 79 56 74  46 42 33 67 36 39 34 67  BCEzSyVtFB3g694g
000001A0: 39 72 6F 6F 62 79 74 39  45 6F 61 4F 68 55 72 42  9roobyt9EoaOhUrB
000001B0: 45 44 44 70 4D 30 57 58  20 68 74 74 70 3A 2F 2F  EDDpM0WX http://
000001C0: 6B 67 4E 52 4B 58 6A 57  6C 46 69 33 6F 31 41 35  kgNRKXjWlFi3o1A5
000001D0: 65 4B 57 74 5A 56 33 41  48 64 44 70 58 54 49 45  eKWtZV3AHdDpXTIE
000001E0: 65 44 38 41 43 52 43 42  30 76 43 78 32 76 6A 6F  eD8ACRCB0vCx2vjo
000001F0: 5A 5A 33 70 55 41 31 58  75 68 4E 48 6B 58 77 6C  ZZ3pUA1XuhNHkXwl
00000200: 0D 00 03 0B 0B 00 00 00  00 00                    ..........
====
STREAM PID 40016.0xffff9482c72c0b00 (S) > 40027.0xffff948328f80b00 (C), length 660
command[40016]: b'./cmake-build/src/TextService/TextService'
command[40027]: b'./src/ComposePostService/ComposePostService'
----
00000000: 00 00 02 90 80 01 00 02  00 00 00 0B 43 6F 6D 70  ............Comp
00000010: 6F 73 65 54 65 78 74 00  00 00 00 0C 00 00 0B 00  oseText.........
00000020: 01 00 00 01 7B 4E 79 56  37 73 4E 48 73 32 42 6B  ....{NyV7sNHs2Bk
00000030: 79 32 65 4C 61 42 34 79  61 4E 69 4E 41 5A 61 42  y2eLaB4yaNiNAZaB
00000040: 4C 78 41 5A 6B 34 38 59  71 4D 71 70 37 77 75 54  LxAZk48YqMqp7wuT
00000050: 77 72 33 48 44 74 6D 4C  49 32 71 52 78 74 4C 6C  wr3HDtmLI2qRxtLl
00000060: 48 6B 36 4F 31 72 63 42  53 54 59 43 71 38 41 71  Hk6O1rcBSTYCq8Aq
00000070: 79 69 69 38 31 63 63 7A  41 6A 75 67 6F 64 63 79  yii81cczAjugodcy
00000080: 62 58 34 4D 50 45 6D 33  57 62 78 56 4C 47 59 6B  bX4MPEm3WbxVLGYk
00000090: 75 76 71 43 58 46 53 4A  33 4D 4D 36 59 47 6B 77  uvqCXFSJ3MM6YGkw
000000A0: 64 62 37 41 35 5A 4E 72  38 33 54 76 4B 32 55 42  db7A5ZNr83TvK2UB
000000B0: 78 57 58 58 47 34 30 52  54 46 32 4F 6A 66 34 4F  xWXXG40RTF2Ojf4O
000000C0: 62 50 72 71 36 6B 47 43  72 44 6E 52 47 64 50 69  bPrq6kGCrDnRGdPi
000000D0: 6A 6F 69 59 33 50 71 38  58 59 47 41 6F 32 38 79  joiY3Pq8XYGAo28y
000000E0: 44 67 6C 30 49 68 30 6B  46 55 6F 5A 6D 41 51 73  Dgl0Ih0kFUoZmAQs
000000F0: 73 66 79 63 31 5A 4F 6E  71 75 70 49 4C 75 63 39  sfyc1ZOnqupILuc9
00000100: 71 6E 52 67 50 30 54 30  57 78 33 53 57 61 42 32  qnRgP0T0Wx3SWaB2
00000110: 75 4C 45 7A 38 63 43 4D  51 65 4C 6A 43 62 65 59  uLEz8cCMQeLjCbeY
00000120: 56 34 51 57 77 20 40 75  73 65 72 6E 61 6D 65 5F  V4QWw @username_
00000130: 36 32 20 40 75 73 65 72  6E 61 6D 65 5F 37 37 37  62 @username_777
00000140: 20 40 75 73 65 72 6E 61  6D 65 5F 31 30 34 20 40   @username_104 @
00000150: 75 73 65 72 6E 61 6D 65  5F 36 32 37 20 40 75 73  username_627 @us
00000160: 65 72 6E 61 6D 65 5F 38  20 68 74 74 70 3A 2F 2F  ername_8 http://
00000170: 73 68 6F 72 74 2D 75 72  6C 2F 78 79 38 73 70 63  short-url/xy8spc
00000180: 51 34 46 54 20 68 74 74  70 3A 2F 2F 73 68 6F 72  Q4FT http://shor
00000190: 74 2D 75 72 6C 2F 55 49  33 79 49 51 7A 63 78 31  t-url/UI3yIQzcx1
000001A0: 0F 00 02 0C 00 00 00 00  0F 00 03 0C 00 00 00 02  ................
000001B0: 0B 00 01 00 00 00 1B 68  74 74 70 3A 2F 2F 73 68  .......http://sh
000001C0: 6F 72 74 2D 75 72 6C 2F  78 79 38 73 70 63 51 34  ort-url/xy8spcQ4
000001D0: 46 54 0B 00 02 00 00 00  47 68 74 74 70 3A 2F 2F  FT......Ghttp://
000001E0: 49 6B 49 57 45 4A 4A 70  4A 50 30 59 53 51 64 31  IkIWEJJpJP0YSQd1
000001F0: 33 79 47 31 70 4C 37 65  42 43 45 7A 53 79 56 74  3yG1pL7eBCEzSyVt
00000200: 46 42 33 67 36 39 34 67  39 72 6F 6F 62 79 74 39  FB3g694g9roobyt9
00000210: 45 6F 61 4F 68 55 72 42  45 44 44 70 4D 30 57 58  EoaOhUrBEDDpM0WX
00000220: 00 0B 00 01 00 00 00 1B  68 74 74 70 3A 2F 2F 73  ........http://s
00000230: 68 6F 72 74 2D 75 72 6C  2F 55 49 33 79 49 51 7A  hort-url/UI3yIQz
00000240: 63 78 31 0B 00 02 00 00  00 47 68 74 74 70 3A 2F  cx1......Ghttp:/
00000250: 2F 6B 67 4E 52 4B 58 6A  57 6C 46 69 33 6F 31 41  /kgNRKXjWlFi3o1A
00000260: 35 65 4B 57 74 5A 56 33  41 48 64 44 70 58 54 49  5eKWtZV3AHdDpXTI
00000270: 45 65 44 38 41 43 52 43  42 30 76 43 78 32 76 6A  EeD8ACRCB0vCx2vj
00000280: 6F 5A 5A 33 70 55 41 31  58 75 68 4E 48 6B 58 77  oZZ3pUA1XuhNHkXw
00000290: 6C 00 00 00                                       l...
====
STREAM PID 40027.0xffff948328f80b00 (C) > 40016.0xffff9482c72c0b00 (S), length 353
command[40027]: b'./src/ComposePostService/ComposePostService'
command[40016]: b'./cmake-build/src/TextService/TextService'
----
00000000: 00 00 01 5D 80 01 00 01  00 00 00 0B 43 6F 6D 70  ...]........Comp
00000010: 6F 73 65 54 65 78 74 00  00 00 00 0A 00 01 0B F8  oseText.........
00000020: 77 70 76 4D BB 80 0B 00  02 00 00 01 2A 6C 46 79  wpvM........*lFy
00000030: 44 4B 4B 73 51 59 62 6C  51 71 32 34 46 73 49 68  DKKsQYblQq24FsIh
00000040: 34 6C 6E 51 6C 53 52 49  4C 45 50 70 64 38 6D 46  4lnQlSRILEPpd8mF
00000050: 56 52 32 37 68 73 48 38  6F 75 63 4A 36 71 77 69  VR27hsH8oucJ6qwi
00000060: 69 30 6D 53 55 34 6F 49  6D 44 6F 76 6F 67 61 66  i0mSU4oImDovogaf
00000070: 50 74 67 68 39 56 31 36  59 44 65 31 69 53 6C 77  Ptgh9V16YDe1iSlw
00000080: 67 55 76 47 37 63 68 78  77 4E 41 31 7A 73 33 44  gUvG7chxwNA1zs3D
00000090: 74 50 31 77 6C 6D 4D 52  6A 35 55 37 34 65 76 43  tP1wlmMRj5U74evC
000000A0: 6B 73 73 41 57 49 53 58  39 34 36 78 7A 4E 4D 31  kssAWISX946xzNM1
000000B0: 76 66 66 77 45 33 64 4F  4C 6C 66 6D 64 31 48 47  vffwE3dOLlfmd1HG
000000C0: 72 65 6E 50 43 69 79 63  55 63 55 4C 6E 69 51 49  renPCiycUcULniQI
000000D0: 6A 50 75 33 46 61 52 37  64 4B 67 4A 46 6A 5A 4C  jPu3FaR7dKgJFjZL
000000E0: 38 30 33 65 6E 38 67 76  30 35 35 56 36 6E 74 56  803en8gv055V6ntV
000000F0: 61 67 65 78 41 69 51 5A  6C 74 6F 55 36 63 65 4D  agexAiQZltoU6ceM
00000100: 37 61 49 57 64 66 47 54  49 37 51 58 49 53 37 33  7aIWdfGTI7QXIS73
00000110: 68 39 53 38 69 4F 6B 46  4B 55 64 54 71 49 59 59  h9S8iOkFKUdTqIYY
00000120: 47 49 79 56 56 79 45 55  51 66 4C 51 6B 20 40 75  GIyVVyEUQfLQk @u
00000130: 73 65 72 6E 61 6D 65 5F  32 35 36 20 40 75 73 65  sername_256 @use
00000140: 72 6E 61 6D 65 5F 33 38  30 20 40 75 73 65 72 6E  rname_380 @usern
00000150: 61 6D 65 5F 37 36 38 0D  00 03 0B 0B 00 00 00 00  ame_768.........
00000160: 00                                                .
====
STREAM PID 40016.0xffff9482c72c0b00 (S) > 40027.0xffff948328f80b00 (C), length 353
command[40016]: b'./cmake-build/src/TextService/TextService'
command[40027]: b'./src/ComposePostService/ComposePostService'
----
00000000: 00 00 01 5D 80 01 00 02  00 00 00 0B 43 6F 6D 70  ...]........Comp
00000010: 6F 73 65 54 65 78 74 00  00 00 00 0C 00 00 0B 00  oseText.........
00000020: 01 00 00 01 2A 6C 46 79  44 4B 4B 73 51 59 62 6C  ....*lFyDKKsQYbl
00000030: 51 71 32 34 46 73 49 68  34 6C 6E 51 6C 53 52 49  Qq24FsIh4lnQlSRI
00000040: 4C 45 50 70 64 38 6D 46  56 52 32 37 68 73 48 38  LEPpd8mFVR27hsH8
00000050: 6F 75 63 4A 36 71 77 69  69 30 6D 53 55 34 6F 49  oucJ6qwii0mSU4oI
00000060: 6D 44 6F 76 6F 67 61 66  50 74 67 68 39 56 31 36  mDovogafPtgh9V16
00000070: 59 44 65 31 69 53 6C 77  67 55 76 47 37 63 68 78  YDe1iSlwgUvG7chx
00000080: 77 4E 41 31 7A 73 33 44  74 50 31 77 6C 6D 4D 52  wNA1zs3DtP1wlmMR
00000090: 6A 35 55 37 34 65 76 43  6B 73 73 41 57 49 53 58  j5U74evCkssAWISX
000000A0: 39 34 36 78 7A 4E 4D 31  76 66 66 77 45 33 64 4F  946xzNM1vffwE3dO
000000B0: 4C 6C 66 6D 64 31 48 47  72 65 6E 50 43 69 79 63  Llfmd1HGrenPCiyc
000000C0: 55 63 55 4C 6E 69 51 49  6A 50 75 33 46 61 52 37  UcULniQIjPu3FaR7
000000D0: 64 4B 67 4A 46 6A 5A 4C  38 30 33 65 6E 38 67 76  dKgJFjZL803en8gv
000000E0: 30 35 35 56 36 6E 74 56  61 67 65 78 41 69 51 5A  055V6ntVagexAiQZ
000000F0: 6C 74 6F 55 36 63 65 4D  37 61 49 57 64 66 47 54  ltoU6ceM7aIWdfGT
00000100: 49 37 51 58 49 53 37 33  68 39 53 38 69 4F 6B 46  I7QXIS73h9S8iOkF
00000110: 4B 55 64 54 71 49 59 59  47 49 79 56 56 79 45 55  KUdTqIYYGIyVVyEU
00000120: 51 66 4C 51 6B 20 40 75  73 65 72 6E 61 6D 65 5F  QfLQk @username_
00000130: 32 35 36 20 40 75 73 65  72 6E 61 6D 65 5F 33 38  256 @username_38
00000140: 30 20 40 75 73 65 72 6E  61 6D 65 5F 37 36 38 0F  0 @username_768.
00000150: 00 02 0C 00 00 00 00 0F  00 03 0C 00 00 00 00 00  ................
00000160: 00                                                .
====
STREAM PID 40027.0xffff948328f80b00 (C) > 40016.0xffff9482c72c0b00 (S), length 397
command[40027]: b'./src/ComposePostService/ComposePostService'
command[40016]: b'./cmake-build/src/TextService/TextService'
----
00000000: 00 00 01 89 80 01 00 01  00 00 00 0B 43 6F 6D 70  ............Comp
00000010: 6F 73 65 54 65 78 74 00  00 00 00 0A 00 01 08 6B  oseText........k
00000020: 76 3A 9C 89 EF 80 0B 00  02 00 00 01 56 6E 68 75  v:..........Vnhu
00000030: 55 68 35 47 36 67 6A 34  62 44 41 52 34 38 69 75  Uh5G6gj4bDAR48iu
00000040: 47 57 67 38 47 49 6C 36  49 4E 61 6F 4B 48 4D 73  GWg8GIl6INaoKHMs
00000050: 4D 6E 31 69 4D 6C 58 41  51 63 46 59 4D 6D 79 43  Mn1iMlXAQcFYMmyC
00000060: 4C 61 32 74 56 45 6B 33  51 36 38 75 52 39 76 6D  La2tVEk3Q68uR9vm
00000070: 6E 4F 44 52 4A 55 47 63  41 52 62 46 4F 43 4D 67  nODRJUGcARbFOCMg
00000080: 70 39 49 36 38 52 46 32  4E 72 6F 77 7A 41 30 4E  p9I68RF2NrowzA0N
00000090: 39 4E 7A 4A 64 4F 70 53  37 4A 39 74 42 78 37 72  9NzJdOpS7J9tBx7r
000000A0: 77 38 44 51 6E 32 4C 72  62 31 43 5A 4E 6B 4A 79  w8DQn2Lrb1CZNkJy
000000B0: 58 50 65 55 70 4C 58 68  55 6B 6E 4E 76 6D 65 30  XPeUpLXhUknNvme0
000000C0: 6D 46 44 46 76 46 4B 63  5A 54 6E 58 45 46 6E 66  mFDFvFKcZTnXEFnf
000000D0: 33 67 79 37 34 4C 64 31  4F 6C 4B 50 54 4D 59 41  3gy74Ld1OlKPTMYA
000000E0: 4C 6D 48 6E 4F 64 49 77  36 49 67 78 56 55 69 75  LmHnOdIw6IgxVUiu
000000F0: 78 56 4F 74 79 67 58 76  35 79 58 46 62 68 57 6C  xVOtygXv5yXFbhWl
00000100: 4C 37 35 39 51 41 71 61  65 4F 51 4B 79 35 33 31  L759QAqaeOQKy531
00000110: 54 4F 58 49 42 32 45 6C  44 72 48 4B 64 79 73 32  TOXIB2ElDrHKdys2
00000120: 62 30 55 6B 57 6F 72 62  4E 30 68 44 47 20 40 75  b0UkWorbN0hDG @u
00000130: 73 65 72 6E 61 6D 65 5F  36 32 37 20 68 74 74 70  sername_627 http
00000140: 3A 2F 2F 41 74 5A 78 41  55 33 44 58 48 57 7A 42  ://AtZxAU3DXHWzB
00000150: 45 7A 71 4D 34 6C 51 4D  32 42 30 48 75 45 78 35  EzqM4lQM2B0HuEx5
00000160: 47 47 62 38 75 41 75 70  64 31 30 79 42 6C 44 37  GGb8uAupd10yBlD7
00000170: 59 58 41 39 75 6C 7A 44  70 51 34 4B 52 43 35 4A  YXA9ulzDpQ4KRC5J
00000180: 32 73 74 0D 00 03 0B 0B  00 00 00 00 00           2st..........
====
STREAM PID 40016.0xffff9482c72c0b00 (S) > 40027.0xffff948328f80b00 (C), length 466
command[40016]: b'./cmake-build/src/TextService/TextService'
command[40027]: b'./src/ComposePostService/ComposePostService'
----
00000000: 00 00 01 CE 80 01 00 02  00 00 00 0B 43 6F 6D 70  ............Comp
00000010: 6F 73 65 54 65 78 74 00  00 00 00 0C 00 00 0B 00  oseText.........
00000020: 01 00 00 01 2A 6E 68 75  55 68 35 47 36 67 6A 34  ....*nhuUh5G6gj4
00000030: 62 44 41 52 34 38 69 75  47 57 67 38 47 49 6C 36  bDAR48iuGWg8GIl6
00000040: 49 4E 61 6F 4B 48 4D 73  4D 6E 31 69 4D 6C 58 41  INaoKHMsMn1iMlXA
00000050: 51 63 46 59 4D 6D 79 43  4C 61 32 74 56 45 6B 33  QcFYMmyCLa2tVEk3
00000060: 51 36 38 75 52 39 76 6D  6E 4F 44 52 4A 55 47 63  Q68uR9vmnODRJUGc
00000070: 41 52 62 46 4F 43 4D 67  70 39 49 36 38 52 46 32  ARbFOCMgp9I68RF2
00000080: 4E 72 6F 77 7A 41 30 4E  39 4E 7A 4A 64 4F 70 53  NrowzA0N9NzJdOpS
00000090: 37 4A 39 74 42 78 37 72  77 38 44 51 6E 32 4C 72  7J9tBx7rw8DQn2Lr
000000A0: 62 31 43 5A 4E 6B 4A 79  58 50 65 55 70 4C 58 68  b1CZNkJyXPeUpLXh
000000B0: 55 6B 6E 4E 76 6D 65 30  6D 46 44 46 76 46 4B 63  UknNvme0mFDFvFKc
000000C0: 5A 54 6E 58 45 46 6E 66  33 67 79 37 34 4C 64 31  ZTnXEFnf3gy74Ld1
000000D0: 4F 6C 4B 50 54 4D 59 41  4C 6D 48 6E 4F 64 49 77  OlKPTMYALmHnOdIw
000000E0: 36 49 67 78 56 55 69 75  78 56 4F 74 79 67 58 76  6IgxVUiuxVOtygXv
000000F0: 35 79 58 46 62 68 57 6C  4C 37 35 39 51 41 71 61  5yXFbhWlL759QAqa
00000100: 65 4F 51 4B 79 35 33 31  54 4F 58 49 42 32 45 6C  eOQKy531TOXIB2El
00000110: 44 72 48 4B 64 79 73 32  62 30 55 6B 57 6F 72 62  DrHKdys2b0UkWorb
00000120: 4E 30 68 44 47 20 40 75  73 65 72 6E 61 6D 65 5F  N0hDG @username_
00000130: 36 32 37 20 68 74 74 70  3A 2F 2F 73 68 6F 72 74  627 http://short
00000140: 2D 75 72 6C 2F 73 35 78  4F 61 62 30 4C 58 57 0F  -url/s5xOab0LXW.
00000150: 00 02 0C 00 00 00 00 0F  00 03 0C 00 00 00 01 0B  ................
00000160: 00 01 00 00 00 1B 68 74  74 70 3A 2F 2F 73 68 6F  ......http://sho
00000170: 72 74 2D 75 72 6C 2F 73  35 78 4F 61 62 30 4C 58  rt-url/s5xOab0LX
00000180: 57 0B 00 02 00 00 00 47  68 74 74 70 3A 2F 2F 41  W......Ghttp://A
00000190: 74 5A 78 41 55 33 44 58  48 57 7A 42 45 7A 71 4D  tZxAU3DXHWzBEzqM
000001A0: 34 6C 51 4D 32 42 30 48  75 45 78 35 47 47 62 38  4lQM2B0HuEx5GGb8
000001B0: 75 41 75 70 64 31 30 79  42 6C 44 37 59 58 41 39  uAupd10yBlD7YXA9
000001C0: 75 6C 7A 44 70 51 34 4B  52 43 35 4A 32 73 74 00  ulzDpQ4KRC5J2st.
000001D0: 00 00                                             ..
====
STREAM PID 40027.0xffff948328f80b00 (C) > 40016.0xffff9482c72c0b00 (S), length 411
command[40027]: b'./src/ComposePostService/ComposePostService'
command[40016]: b'./cmake-build/src/TextService/TextService'
----
00000000: 00 00 01 97 80 01 00 01  00 00 00 0B 43 6F 6D 70  ............Comp
00000010: 6F 73 65 54 65 78 74 00  00 00 00 0A 00 01 04 1E  oseText.........
00000020: 62 50 43 DC A0 00 0B 00  02 00 00 01 64 42 6F 67  bPC.........dBog
00000030: 6D 58 35 63 53 56 6B 6F  38 45 46 66 36 4B 59 4E  mX5cSVko8EFf6KYN
00000040: 32 79 70 51 53 79 47 36  72 6C 5A 78 78 35 47 33  2ypQSyG6rlZxx5G3
00000050: 57 6D 46 52 30 54 58 59  34 30 67 73 6F 38 39 35  WmFR0TXY40gso895
00000060: 4C 35 63 4C 55 70 64 33  4C 70 6A 75 6F 78 51 6C  L5cLUpd3LpjuoxQl
00000070: 33 4F 72 59 44 51 58 4C  79 49 49 53 65 65 49 71  3OrYDQXLyIISeeIq
00000080: 66 48 61 66 70 73 4B 73  6C 4B 31 43 31 44 49 50  fHafpsKslK1C1DIP
00000090: 51 6A 44 37 76 5A 6C 41  6F 63 58 34 5A 74 67 4E  QjD7vZlAocX4ZtgN
000000A0: 49 71 74 34 31 52 68 59  53 46 49 51 32 50 6B 59  Iqt41RhYSFIQ2PkY
000000B0: 5A 49 5A 32 73 5A 4E 30  66 49 77 73 6D 7A 59 43  ZIZ2sZN0fIwsmzYC
000000C0: 30 4F 4C 38 52 68 68 69  76 53 57 32 58 4E 63 79  0OL8RhhivSW2XNcy
000000D0: 46 75 33 48 6A 56 66 64  63 63 6A 64 65 45 4C 75  Fu3HjVfdccjdeELu
000000E0: 42 50 54 6F 67 31 6B 4E  48 74 37 69 39 71 41 75  BPTog1kNHt7i9qAu
000000F0: 76 6F 72 30 6E 4F 4D 76  37 65 74 4C 68 48 6C 71  vor0nOMv7etLhHlq
00000100: 61 79 51 66 7A 77 71 42  58 6A 31 78 37 66 6B 43  ayQfzwqBXj1x7fkC
00000110: 53 6B 6D 32 45 31 68 6C  49 56 32 59 4C 7A 30 55  Skm2E1hlIV2YLz0U
00000120: 38 55 58 74 71 56 6A 68  35 78 41 41 6F 20 40 75  8UXtqVjh5xAAo @u
00000130: 73 65 72 6E 61 6D 65 5F  36 37 39 20 40 75 73 65  sername_679 @use
00000140: 72 6E 61 6D 65 5F 35 37  32 20 68 74 74 70 3A 2F  rname_572 http:/
00000150: 2F 44 4C 64 42 79 6C 52  36 41 58 38 77 36 50 44  /DLdBylR6AX8w6PD
00000160: 39 47 32 63 77 71 68 6D  51 43 70 4D 6F 58 44 79  9G2cwqhmQCpMoXDy
00000170: 6E 31 48 54 30 77 7A 43  6A 57 59 6B 5A 44 49 59  n1HT0wzCjWYkZDIY
00000180: 41 6B 5A 45 63 6A 5A 4D  6E 58 77 43 33 54 65 4A  AkZEcjZMnXwC3TeJ
00000190: 57 0D 00 03 0B 0B 00 00  00 00 00                 W..........
====
STREAM PID 40016.0xffff9482c72c0b00 (S) > 40027.0xffff948328f80b00 (C), length 480
command[40016]: b'./cmake-build/src/TextService/TextService'
command[40027]: b'./src/ComposePostService/ComposePostService'
----
00000000: 00 00 01 DC 80 01 00 02  00 00 00 0B 43 6F 6D 70  ............Comp
00000010: 6F 73 65 54 65 78 74 00  00 00 00 0C 00 00 0B 00  oseText.........
00000020: 01 00 00 01 38 42 6F 67  6D 58 35 63 53 56 6B 6F  ....8BogmX5cSVko
00000030: 38 45 46 66 36 4B 59 4E  32 79 70 51 53 79 47 36  8EFf6KYN2ypQSyG6
00000040: 72 6C 5A 78 78 35 47 33  57 6D 46 52 30 54 58 59  rlZxx5G3WmFR0TXY
00000050: 34 30 67 73 6F 38 39 35  4C 35 63 4C 55 70 64 33  40gso895L5cLUpd3
00000060: 4C 70 6A 75 6F 78 51 6C  33 4F 72 59 44 51 58 4C  LpjuoxQl3OrYDQXL
00000070: 79 49 49 53 65 65 49 71  66 48 61 66 70 73 4B 73  yIISeeIqfHafpsKs
00000080: 6C 4B 31 43 31 44 49 50  51 6A 44 37 76 5A 6C 41  lK1C1DIPQjD7vZlA
00000090: 6F 63 58 34 5A 74 67 4E  49 71 74 34 31 52 68 59  ocX4ZtgNIqt41RhY
000000A0: 53 46 49 51 32 50 6B 59  5A 49 5A 32 73 5A 4E 30  SFIQ2PkYZIZ2sZN0
000000B0: 66 49 77 73 6D 7A 59 43  30 4F 4C 38 52 68 68 69  fIwsmzYC0OL8Rhhi
000000C0: 76 53 57 32 58 4E 63 79  46 75 33 48 6A 56 66 64  vSW2XNcyFu3HjVfd
000000D0: 63 63 6A 64 65 45 4C 75  42 50 54 6F 67 31 6B 4E  ccjdeELuBPTog1kN
000000E0: 48 74 37 69 39 71 41 75  76 6F 72 30 6E 4F 4D 76  Ht7i9qAuvor0nOMv
000000F0: 37 65 74 4C 68 48 6C 71  61 79 51 66 7A 77 71 42  7etLhHlqayQfzwqB
00000100: 58 6A 31 78 37 66 6B 43  53 6B 6D 32 45 31 68 6C  Xj1x7fkCSkm2E1hl
00000110: 49 56 32 59 4C 7A 30 55  38 55 58 74 71 56 6A 68  IV2YLz0U8UXtqVjh
00000120: 35 78 41 41 6F 20 40 75  73 65 72 6E 61 6D 65 5F  5xAAo @username_
00000130: 36 37 39 20 40 75 73 65  72 6E 61 6D 65 5F 35 37  679 @username_57
00000140: 32 20 68 74 74 70 3A 2F  2F 73 68 6F 72 74 2D 75  2 http://short-u
00000150: 72 6C 2F 33 4E 31 6B 4A  68 44 32 41 50 0F 00 02  rl/3N1kJhD2AP...
00000160: 0C 00 00 00 00 0F 00 03  0C 00 00 00 01 0B 00 01  ................
00000170: 00 00 00 1B 68 74 74 70  3A 2F 2F 73 68 6F 72 74  ....http://short
00000180: 2D 75 72 6C 2F 33 4E 31  6B 4A 68 44 32 41 50 0B  -url/3N1kJhD2AP.
00000190: 00 02 00 00 00 47 68 74  74 70 3A 2F 2F 44 4C 64  .....Ghttp://DLd
000001A0: 42 79 6C 52 36 41 58 38  77 36 50 44 39 47 32 63  BylR6AX8w6PD9G2c
000001B0: 77 71 68 6D 51 43 70 4D  6F 58 44 79 6E 31 48 54  wqhmQCpMoXDyn1HT
000001C0: 30 77 7A 43 6A 57 59 6B  5A 44 49 59 41 6B 5A 45  0wzCjWYkZDIYAkZE
000001D0: 63 6A 5A 4D 6E 58 77 43  33 54 65 4A 57 00 00 00  cjZMnXwC3TeJW...
====
STREAM PID 40027.0xffff948328f80b00 (C) > 40016.0xffff9482c72c0b00 (S), length 627
command[40027]: b'./src/ComposePostService/ComposePostService'
command[40016]: b'./cmake-build/src/TextService/TextService'
----
00000000: 00 00 02 6F 80 01 00 01  00 00 00 0B 43 6F 6D 70  ...o........Comp
00000010: 6F 73 65 54 65 78 74 00  00 00 00 0A 00 01 04 67  oseText........g
00000020: 65 05 05 65 CF 00 0B 00  02 00 00 02 3C 66 58 47  e..e........<fXG
00000030: 38 4C 67 50 74 43 59 34  6D 48 6C 30 50 77 76 34  8LgPtCY4mHl0Pwv4
00000040: 55 7A 4A 4B 75 34 36 57  35 38 37 6A 46 63 44 45  UzJKu46W587jFcDE
00000050: 4F 6E 50 70 79 47 41 66  55 57 70 35 76 49 6C 41  OnPpyGAfUWp5vIlA
00000060: 62 4E 59 6D 4E 69 57 71  39 53 50 4B 61 6B 43 35  bNYmNiWq9SPKakC5
00000070: 54 44 62 34 44 68 6D 4E  78 7A 31 77 52 64 61 38  TDb4DhmNxz1wRda8
00000080: 47 36 32 6D 75 52 51 6A  74 50 4F 46 36 64 45 6D  G62muRQjtPOF6dEm
00000090: 72 59 36 62 5A 67 6F 75  64 72 79 47 43 35 55 69  rY6bZgoudryGC5Ui
000000A0: 6B 44 65 55 62 59 61 36  56 36 4C 47 6B 66 54 32  kDeUbYa6V6LGkfT2
000000B0: 68 43 66 31 66 72 6F 65  55 6B 58 31 39 53 46 44  hCf1froeUkX19SFD
000000C0: 4A 6F 6F 44 62 33 61 30  64 73 4D 58 66 4E 57 6D  JooDb3a0dsMXfNWm
000000D0: 56 31 50 43 48 58 73 4F  7A 6B 63 74 47 39 69 47  V1PCHXsOzkctG9iG
000000E0: 54 53 6D 45 78 52 41 75  76 42 64 65 75 6B 54 52  TSmExRAuvBdeukTR
000000F0: 58 6B 59 78 37 43 4B 68  6F 70 45 75 63 34 4F 69  XkYx7CKhopEuc4Oi
00000100: 5A 41 36 36 7A 78 30 58  46 38 44 48 50 68 4C 50  ZA66zx0XF8DHPhLP
00000110: 51 66 38 48 67 33 6B 66  64 68 39 46 42 53 63 48  Qf8Hg3kfdh9FBScH
00000120: 36 76 78 36 32 6C 4B 41  4F 6C 4D 69 45 20 40 75  6vx62lKAOlMiE @u
00000130: 73 65 72 6E 61 6D 65 5F  34 35 34 20 40 75 73 65  sername_454 @use
00000140: 72 6E 61 6D 65 5F 36 37  38 20 68 74 74 70 3A 2F  rname_678 http:/
00000150: 2F 69 51 78 30 74 57 73  64 78 50 50 49 62 56 52  /iQx0tWsdxPPIbVR
00000160: 53 4D 75 56 69 55 69 45  44 53 4B 6C 79 78 77 4A  SMuViUiEDSKlyxwJ
00000170: 4C 36 33 72 4F 34 32 65  4F 76 68 75 74 45 62 6F  L63rO42eOvhutEbo
00000180: 55 49 59 42 4B 4F 33 36  6A 46 57 4C 49 44 43 52  UIYBKO36jFWLIDCR
00000190: 32 20 68 74 74 70 3A 2F  2F 68 33 4C 32 6C 75 6C  2 http://h3L2lul
000001A0: 53 74 73 37 65 45 69 49  67 33 50 66 37 4C 6F 46  Sts7eEiIg3Pf7LoF
000001B0: 51 52 52 50 54 64 42 59  43 37 4A 72 67 77 66 59  QRRPTdBYC7JrgwfY
000001C0: 68 79 65 6D 44 59 6E 6E  4A 77 32 47 6F 4C 7A 56  hyemDYnnJw2GoLzV
000001D0: 55 6D 32 53 6F 37 41 77  37 20 68 74 74 70 3A 2F  Um2So7Aw7 http:/
000001E0: 2F 41 57 53 35 6F 59 4D  7A 34 4F 79 47 31 78 63  /AWS5oYMz4OyG1xc
000001F0: 33 37 73 42 75 6F 62 4B  4F 73 41 39 38 59 79 74  37sBuobKOsA98Yyt
00000200: 69 6D 56 50 63 52 58 6E  32 59 7A 34 43 4D 74 67  imVPcRXn2Yz4CMtg
00000210: 37 42 4F 44 63 37 4B 6E  70 72 52 6C 70 37 37 39  7BODc7KnprRlp779
00000220: 41 20 68 74 74 70 3A 2F  2F 73 62 35 31 31 39 71  A http://sb5119q
00000230: 59 71 78 39 6D 34 4C 67  6D 53 46 79 30 56 59 58  Yqx9m4LgmSFy0VYX
00000240: 30 31 55 32 77 35 64 30  43 42 79 59 33 47 49 44  01U2w5d0CByY3GID
00000250: 38 79 64 31 69 63 45 4D  4E 76 6B 68 37 4E 69 43  8yd1icEMNvkh7NiC
00000260: 4E 53 72 6E 4D 72 55 67  6D 0D 00 03 0B 0B 00 00  NSrnMrUgm.......
00000270: 00 00 00                                          ...
====
STREAM PID 40016.0xffff9482c72c0b00 (S) > 40027.0xffff948328f80b00 (C), length 903
command[40016]: b'./cmake-build/src/TextService/TextService'
command[40027]: b'./src/ComposePostService/ComposePostService'
----
00000000: 00 00 03 83 80 01 00 02  00 00 00 0B 43 6F 6D 70  ............Comp
00000010: 6F 73 65 54 65 78 74 00  00 00 00 0C 00 00 0B 00  oseText.........
00000020: 01 00 00 01 8C 66 58 47  38 4C 67 50 74 43 59 34  .....fXG8LgPtCY4
00000030: 6D 48 6C 30 50 77 76 34  55 7A 4A 4B 75 34 36 57  mHl0Pwv4UzJKu46W
00000040: 35 38 37 6A 46 63 44 45  4F 6E 50 70 79 47 41 66  587jFcDEOnPpyGAf
00000050: 55 57 70 35 76 49 6C 41  62 4E 59 6D 4E 69 57 71  UWp5vIlAbNYmNiWq
00000060: 39 53 50 4B 61 6B 43 35  54 44 62 34 44 68 6D 4E  9SPKakC5TDb4DhmN
00000070: 78 7A 31 77 52 64 61 38  47 36 32 6D 75 52 51 6A  xz1wRda8G62muRQj
00000080: 74 50 4F 46 36 64 45 6D  72 59 36 62 5A 67 6F 75  tPOF6dEmrY6bZgou
00000090: 64 72 79 47 43 35 55 69  6B 44 65 55 62 59 61 36  dryGC5UikDeUbYa6
000000A0: 56 36 4C 47 6B 66 54 32  68 43 66 31 66 72 6F 65  V6LGkfT2hCf1froe
000000B0: 55 6B 58 31 39 53 46 44  4A 6F 6F 44 62 33 61 30  UkX19SFDJooDb3a0
000000C0: 64 73 4D 58 66 4E 57 6D  56 31 50 43 48 58 73 4F  dsMXfNWmV1PCHXsO
000000D0: 7A 6B 63 74 47 39 69 47  54 53 6D 45 78 52 41 75  zkctG9iGTSmExRAu
000000E0: 76 42 64 65 75 6B 54 52  58 6B 59 78 37 43 4B 68  vBdeukTRXkYx7CKh
000000F0: 6F 70 45 75 63 34 4F 69  5A 41 36 36 7A 78 30 58  opEuc4OiZA66zx0X
00000100: 46 38 44 48 50 68 4C 50  51 66 38 48 67 33 6B 66  F8DHPhLPQf8Hg3kf
00000110: 64 68 39 46 42 53 63 48  36 76 78 36 32 6C 4B 41  dh9FBScH6vx62lKA
00000120: 4F 6C 4D 69 45 20 40 75  73 65 72 6E 61 6D 65 5F  OlMiE @username_
00000130: 34 35 34 20 40 75 73 65  72 6E 61 6D 65 5F 36 37  454 @username_67
00000140: 38 20 68 74 74 70 3A 2F  2F 73 68 6F 72 74 2D 75  8 http://short-u
00000150: 72 6C 2F 66 6E 39 6E 58  50 6D 37 54 76 20 68 74  rl/fn9nXPm7Tv ht
00000160: 74 70 3A 2F 2F 73 68 6F  72 74 2D 75 72 6C 2F 4D  tp://short-url/M
00000170: 41 57 66 51 68 30 74 37  77 20 68 74 74 70 3A 2F  AWfQh0t7w http:/
00000180: 2F 73 68 6F 72 74 2D 75  72 6C 2F 6B 4E 50 36 47  /short-url/kNP6G
00000190: 34 78 35 47 4B 20 68 74  74 70 3A 2F 2F 73 68 6F  4x5GK http://sho
000001A0: 72 74 2D 75 72 6C 2F 54  79 44 71 71 42 5A 30 6A  rt-url/TyDqqBZ0j
000001B0: 48 0F 00 02 0C 00 00 00  00 0F 00 03 0C 00 00 00  H...............
000001C0: 04 0B 00 01 00 00 00 1B  68 74 74 70 3A 2F 2F 73  ........http://s
000001D0: 68 6F 72 74 2D 75 72 6C  2F 66 6E 39 6E 58 50 6D  hort-url/fn9nXPm
000001E0: 37 54 76 0B 00 02 00 00  00 47 68 74 74 70 3A 2F  7Tv......Ghttp:/
000001F0: 2F 69 51 78 30 74 57 73  64 78 50 50 49 62 56 52  /iQx0tWsdxPPIbVR
00000200: 53 4D 75 56 69 55 69 45  44 53 4B 6C 79 78 77 4A  SMuViUiEDSKlyxwJ
00000210: 4C 36 33 72 4F 34 32 65  4F 76 68 75 74 45 62 6F  L63rO42eOvhutEbo
00000220: 55 49 59 42 4B 4F 33 36  6A 46 57 4C 49 44 43 52  UIYBKO36jFWLIDCR
00000230: 32 00 0B 00 01 00 00 00  1B 68 74 74 70 3A 2F 2F  2........http://
00000240: 73 68 6F 72 74 2D 75 72  6C 2F 4D 41 57 66 51 68  short-url/MAWfQh
00000250: 30 74 37 77 0B 00 02 00  00 00 47 68 74 74 70 3A  0t7w......Ghttp:
00000260: 2F 2F 68 33 4C 32 6C 75  6C 53 74 73 37 65 45 69  //h3L2lulSts7eEi
00000270: 49 67 33 50 66 37 4C 6F  46 51 52 52 50 54 64 42  Ig3Pf7LoFQRRPTdB
00000280: 59 43 37 4A 72 67 77 66  59 68 79 65 6D 44 59 6E  YC7JrgwfYhyemDYn
00000290: 6E 4A 77 32 47 6F 4C 7A  56 55 6D 32 53 6F 37 41  nJw2GoLzVUm2So7A
000002A0: 77 37 00 0B 00 01 00 00  00 1B 68 74 74 70 3A 2F  w7........http:/
000002B0: 2F 73 68 6F 72 74 2D 75  72 6C 2F 6B 4E 50 36 47  /short-url/kNP6G
000002C0: 34 78 35 47 4B 0B 00 02  00 00 00 47 68 74 74 70  4x5GK......Ghttp
000002D0: 3A 2F 2F 41 57 53 35 6F  59 4D 7A 34 4F 79 47 31  ://AWS5oYMz4OyG1
000002E0: 78 63 33 37 73 42 75 6F  62 4B 4F 73 41 39 38 59  xc37sBuobKOsA98Y
000002F0: 79 74 69 6D 56 50 63 52  58 6E 32 59 7A 34 43 4D  ytimVPcRXn2Yz4CM
00000300: 74 67 37 42 4F 44 63 37  4B 6E 70 72 52 6C 70 37  tg7BODc7KnprRlp7
00000310: 37 39 41 00 0B 00 01 00  00 00 1B 68 74 74 70 3A  79A........http:
00000320: 2F 2F 73 68 6F 72 74 2D  75 72 6C 2F 54 79 44 71  //short-url/TyDq
00000330: 71 42 5A 30 6A 48 0B 00  02 00 00 00 47 68 74 74  qBZ0jH......Ghtt
00000340: 70 3A 2F 2F 73 62 35 31  31 39 71 59 71 78 39 6D  p://sb5119qYqx9m
00000350: 34 4C 67 6D 53 46 79 30  56 59 58 30 31 55 32 77  4LgmSFy0VYX01U2w
00000360: 35 64 30 43 42 79 59 33  47 49 44 38 79 64 31 69  5d0CByY3GID8yd1i
00000370: 63 45 4D 4E 76 6B 68 37  4E 69 43 4E 53 72 6E 4D  cEMNvkh7NiCNSrnM
00000380: 72 55 67 6D 00 00 00                              rUgm...
====
STREAM PID 40027.0xffff948328f80b00 (C) > 40016.0xffff9482c72c0b00 (S), length 424
command[40027]: b'./src/ComposePostService/ComposePostService'
command[40016]: b'./cmake-build/src/TextService/TextService'
----
00000000: 00 00 01 A4 80 01 00 01  00 00 00 0B 43 6F 6D 70  ............Comp
00000010: 6F 73 65 54 65 78 74 00  00 00 00 0A 00 01 01 98  oseText.........
00000020: 3E 8F 35 02 A8 60 0B 00  02 00 00 01 71 69 52 30  >.5..`......qiR0
00000030: 50 4C 79 45 51 59 53 4F  4C 33 37 6B 74 4D 66 4E  PLyEQYSOL37ktMfN
00000040: 77 7A 6D 58 73 53 47 6B  62 6D 6B 57 74 78 33 6C  wzmXsSGkbmkWtx3l
00000050: 64 64 69 51 6E 57 4B 44  57 74 39 30 59 74 45 42  ddiQnWKDWt90YtEB
00000060: 72 49 30 4B 31 6D 55 74  44 6B 43 33 44 68 64 78  rI0K1mUtDkC3Dhdx
00000070: 79 45 35 39 77 67 67 77  7A 6C 4D 41 4D 70 71 4F  yE59wggwzlMAMpqO
00000080: 6B 72 37 58 61 53 52 4F  6A 77 59 36 56 73 56 53  kr7XaSROjwY6VsVS
00000090: 77 38 51 5A 33 30 47 47  54 5A 72 4B 30 7A 4C 6B  w8QZ30GGTZrK0zLk
000000A0: 72 35 77 71 63 62 76 6B  53 56 75 58 75 75 61 70  r5wqcbvkSVuXuuap
000000B0: 58 6C 76 34 30 6C 37 69  6D 44 66 69 54 4E 66 62  Xlv40l7imDfiTNfb
000000C0: 70 35 57 6C 77 6E 71 67  56 58 6D 36 66 31 7A 48  p5WlwnqgVXm6f1zH
000000D0: 55 30 42 4F 73 43 44 65  70 7A 54 78 4D 72 7A 6C  U0BOsCDepzTxMrzl
000000E0: 33 78 52 59 48 57 67 36  46 67 6D 69 43 4D 54 76  3xRYHWg6FgmiCMTv
000000F0: 44 36 73 44 6B 6A 4F 31  52 72 47 4E 31 48 4C 50  D6sDkjO1RrGN1HLP
00000100: 63 72 75 34 46 6A 6E 35  33 53 74 7A 63 49 31 6C  cru4Fjn53StzcI1l
00000110: 57 76 37 55 63 79 4A 42  59 43 5A 43 35 6E 78 72  Wv7UcyJBYCZC5nxr
00000120: 55 64 6E 4A 41 6D 50 46  32 31 30 72 47 20 40 75  UdnJAmPF210rG @u
00000130: 73 65 72 6E 61 6D 65 5F  31 30 20 40 75 73 65 72  sername_10 @user
00000140: 6E 61 6D 65 5F 32 37 35  20 40 75 73 65 72 6E 61  name_275 @userna
00000150: 6D 65 5F 34 33 39 20 68  74 74 70 3A 2F 2F 54 39  me_439 http://T9
00000160: 76 72 68 48 6A 5A 58 69  6B 63 4B 42 39 35 74 37  vrhHjZXikcKB95t7
00000170: 43 33 47 45 49 36 38 64  62 41 76 6B 68 69 65 54  C3GEI68dbAvkhieT
00000180: 49 30 55 52 79 64 4C 41  79 73 55 30 76 50 43 39  I0URydLAysU0vPC9
00000190: 56 47 49 34 6F 6D 6E 46  4F 31 4A 4F 68 38 0D 00  VGI4omnFO1JOh8..
000001A0: 03 0B 0B 00 00 00 00 00                           ........
====
STREAM PID 40016.0xffff9482c72c0b00 (S) > 40027.0xffff948328f80b00 (C), length 493
command[40016]: b'./cmake-build/src/TextService/TextService'
command[40027]: b'./src/ComposePostService/ComposePostService'
----
00000000: 00 00 01 E9 80 01 00 02  00 00 00 0B 43 6F 6D 70  ............Comp
00000010: 6F 73 65 54 65 78 74 00  00 00 00 0C 00 00 0B 00  oseText.........
00000020: 01 00 00 01 45 69 52 30  50 4C 79 45 51 59 53 4F  ....EiR0PLyEQYSO
00000030: 4C 33 37 6B 74 4D 66 4E  77 7A 6D 58 73 53 47 6B  L37ktMfNwzmXsSGk
00000040: 62 6D 6B 57 74 78 33 6C  64 64 69 51 6E 57 4B 44  bmkWtx3lddiQnWKD
00000050: 57 74 39 30 59 74 45 42  72 49 30 4B 31 6D 55 74  Wt90YtEBrI0K1mUt
00000060: 44 6B 43 33 44 68 64 78  79 45 35 39 77 67 67 77  DkC3DhdxyE59wggw
00000070: 7A 6C 4D 41 4D 70 71 4F  6B 72 37 58 61 53 52 4F  zlMAMpqOkr7XaSRO
00000080: 6A 77 59 36 56 73 56 53  77 38 51 5A 33 30 47 47  jwY6VsVSw8QZ30GG
00000090: 54 5A 72 4B 30 7A 4C 6B  72 35 77 71 63 62 76 6B  TZrK0zLkr5wqcbvk
000000A0: 53 56 75 58 75 75 61 70  58 6C 76 34 30 6C 37 69  SVuXuuapXlv40l7i
000000B0: 6D 44 66 69 54 4E 66 62  70 35 57 6C 77 6E 71 67  mDfiTNfbp5Wlwnqg
000000C0: 56 58 6D 36 66 31 7A 48  55 30 42 4F 73 43 44 65  VXm6f1zHU0BOsCDe
000000D0: 70 7A 54 78 4D 72 7A 6C  33 78 52 59 48 57 67 36  pzTxMrzl3xRYHWg6
000000E0: 46 67 6D 69 43 4D 54 76  44 36 73 44 6B 6A 4F 31  FgmiCMTvD6sDkjO1
000000F0: 52 72 47 4E 31 48 4C 50  63 72 75 34 46 6A 6E 35  RrGN1HLPcru4Fjn5
00000100: 33 53 74 7A 63 49 31 6C  57 76 37 55 63 79 4A 42  3StzcI1lWv7UcyJB
00000110: 59 43 5A 43 35 6E 78 72  55 64 6E 4A 41 6D 50 46  YCZC5nxrUdnJAmPF
00000120: 32 31 30 72 47 20 40 75  73 65 72 6E 61 6D 65 5F  210rG @username_
00000130: 31 30 20 40 75 73 65 72  6E 61 6D 65 5F 32 37 35  10 @username_275
00000140: 20 40 75 73 65 72 6E 61  6D 65 5F 34 33 39 20 68   @username_439 h
00000150: 74 74 70 3A 2F 2F 73 68  6F 72 74 2D 75 72 6C 2F  ttp://short-url/
00000160: 49 6E 7A 71 63 6D 38 37  67 39 0F 00 02 0C 00 00  Inzqcm87g9......
00000170: 00 00 0F 00 03 0C 00 00  00 01 0B 00 01 00 00 00  ................
00000180: 1B 68 74 74 70 3A 2F 2F  73 68 6F 72 74 2D 75 72  .http://short-ur
00000190: 6C 2F 49 6E 7A 71 63 6D  38 37 67 39 0B 00 02 00  l/Inzqcm87g9....
000001A0: 00 00 47 68 74 74 70 3A  2F 2F 54 39 76 72 68 48  ..Ghttp://T9vrhH
000001B0: 6A 5A 58 69 6B 63 4B 42  39 35 74 37 43 33 47 45  jZXikcKB95t7C3GE
000001C0: 49 36 38 64 62 41 76 6B  68 69 65 54 49 30 55 52  I68dbAvkhieTI0UR
000001D0: 79 64 4C 41 79 73 55 30  76 50 43 39 56 47 49 34  ydLAysU0vPC9VGI4
000001E0: 6F 6D 6E 46 4F 31 4A 4F  68 38 00 00 00           omnFO1JOh8...
====
STREAM PID 40027.0xffff948328f80b00 (C) > 40016.0xffff9482c72c0b00 (S), length 569
command[40027]: b'./src/ComposePostService/ComposePostService'
command[40016]: b'./cmake-build/src/TextService/TextService'
----
00000000: 00 00 02 35 80 01 00 01  00 00 00 0B 43 6F 6D 70  ...5........Comp
00000010: 6F 73 65 54 65 78 74 00  00 00 00 0A 00 01 05 E1  oseText.........
00000020: D4 B2 B8 1A 32 80 0B 00  02 00 00 02 02 50 73 68  ....2........Psh
00000030: 6E 45 56 32 41 70 65 53  33 6C 34 62 72 44 38 32  nEV2ApeS3l4brD82
00000040: 4A 4A 59 4B 34 54 6B 51  49 75 35 30 38 71 54 7A  JJYK4TkQIu508qTz
00000050: 74 76 67 34 4D 55 5A 63  7A 79 48 45 43 46 63 74  tvg4MUZczyHECFct
00000060: 6F 6D 6F 64 78 52 35 4C  5A 45 6C 50 59 54 36 64  omodxR5LZElPYT6d
00000070: 46 4F 7A 52 57 73 41 65  39 4E 58 4F 4A 7A 4A 4A  FOzRWsAe9NXOJzJJ
00000080: 37 42 4F 31 54 43 5A 6B  79 42 68 44 67 6D 37 6A  7BO1TCZkyBhDgm7j
00000090: 78 36 53 6B 68 38 75 68  53 51 5A 55 4D 4E 74 4B  x6Skh8uhSQZUMNtK
000000A0: 79 69 46 6F 32 68 61 43  41 62 53 4F 54 41 59 57  yiFo2haCAbSOTAYW
000000B0: 59 42 44 69 4D 4D 4A 34  76 47 58 6B 75 61 30 68  YBDiMMJ4vGXkua0h
000000C0: 63 5A 79 4B 54 61 6F 67  41 76 67 65 5A 4F 51 50  cZyKTaogAvgeZOQP
000000D0: 49 36 41 66 54 53 56 53  6B 67 72 41 46 30 4F 36  I6AfTSVSkgrAF0O6
000000E0: 67 39 46 58 32 69 6E 72  55 46 4A 42 4F 79 51 64  g9FX2inrUFJBOyQd
000000F0: 53 57 52 59 57 55 59 4F  4A 39 39 56 67 53 72 72  SWRYWUYOJ99VgSrr
00000100: 74 48 31 63 6F 35 46 56  79 79 32 7A 70 63 32 35  tH1co5FVyy2zpc25
00000110: 44 6C 59 6E 66 35 56 50  64 73 46 63 4F 62 47 6B  DlYnf5VPdsFcObGk
00000120: 67 71 54 6E 68 78 4B 64  69 41 44 6D 4D 20 40 75  gqTnhxKdiADmM @u
00000130: 73 65 72 6E 61 6D 65 5F  32 39 35 20 40 75 73 65  sername_295 @use
00000140: 72 6E 61 6D 65 5F 35 38  34 20 40 75 73 65 72 6E  rname_584 @usern
00000150: 61 6D 65 5F 38 37 30 20  68 74 74 70 3A 2F 2F 61  ame_870 http://a
00000160: 42 64 41 32 36 67 51 45  62 41 57 4C 34 43 61 6F  BdA26gQEbAWL4Cao
00000170: 4C 39 4E 6D 6B 53 76 42  6A 69 69 51 6B 30 39 48  L9NmkSvBjiiQk09H
00000180: 4C 49 6B 46 55 56 72 76  4A 74 44 35 72 4F 78 53  LIkFUVrvJtD5rOxS
00000190: 37 4F 4C 37 52 39 73 75  4E 43 46 6D 61 72 35 20  7OL7R9suNCFmar5 
000001A0: 68 74 74 70 3A 2F 2F 4D  6D 46 45 4D 4F 37 74 66  http://MmFEMO7tf
000001B0: 4A 4A 65 6D 6B 42 37 66  59 74 38 36 59 54 39 4D  JJemkB7fYt86YT9M
000001C0: 4C 33 43 47 69 7A 41 7A  68 4F 6A 5A 39 73 56 59  L3CGizAzhOjZ9sVY
000001D0: 5A 34 58 35 78 33 38 4D  5A 6D 4C 41 71 65 59 41  Z4X5x38MZmLAqeYA
000001E0: 37 62 33 38 33 54 6A 20  68 74 74 70 3A 2F 2F 69  7b383Tj http://i
000001F0: 77 31 41 57 6E 74 63 68  5A 31 4B 43 79 6A 4B 59  w1AWntchZ1KCyjKY
00000200: 4F 6D 54 46 72 7A 76 49  30 35 79 38 57 50 52 6F  OmTFrzvI05y8WPRo
00000210: 79 46 54 50 53 6D 4C 66  79 55 33 35 35 64 50 66  yFTPSmLfyU355dPf
00000220: 68 4B 31 75 76 68 66 35  67 79 66 33 62 52 58 0D  hK1uvhf5gyf3bRX.
00000230: 00 03 0B 0B 00 00 00 00  00                       .........
====
STREAM PID 40016.0xffff9482c72c0b00 (S) > 40027.0xffff948328f80b00 (C), length 776
command[40016]: b'./cmake-build/src/TextService/TextService'
command[40027]: b'./src/ComposePostService/ComposePostService'
----
00000000: 00 00 03 04 80 01 00 02  00 00 00 0B 43 6F 6D 70  ............Comp
00000010: 6F 73 65 54 65 78 74 00  00 00 00 0C 00 00 0B 00  oseText.........
00000020: 01 00 00 01 7E 50 73 68  6E 45 56 32 41 70 65 53  ....~PshnEV2ApeS
00000030: 33 6C 34 62 72 44 38 32  4A 4A 59 4B 34 54 6B 51  3l4brD82JJYK4TkQ
00000040: 49 75 35 30 38 71 54 7A  74 76 67 34 4D 55 5A 63  Iu508qTztvg4MUZc
00000050: 7A 79 48 45 43 46 63 74  6F 6D 6F 64 78 52 35 4C  zyHECFctomodxR5L
00000060: 5A 45 6C 50 59 54 36 64  46 4F 7A 52 57 73 41 65  ZElPYT6dFOzRWsAe
00000070: 39 4E 58 4F 4A 7A 4A 4A  37 42 4F 31 54 43 5A 6B  9NXOJzJJ7BO1TCZk
00000080: 79 42 68 44 67 6D 37 6A  78 36 53 6B 68 38 75 68  yBhDgm7jx6Skh8uh
00000090: 53 51 5A 55 4D 4E 74 4B  79 69 46 6F 32 68 61 43  SQZUMNtKyiFo2haC
000000A0: 41 62 53 4F 54 41 59 57  59 42 44 69 4D 4D 4A 34  AbSOTAYWYBDiMMJ4
000000B0: 76 47 58 6B 75 61 30 68  63 5A 79 4B 54 61 6F 67  vGXkua0hcZyKTaog
000000C0: 41 76 67 65 5A 4F 51 50  49 36 41 66 54 53 56 53  AvgeZOQPI6AfTSVS
000000D0: 6B 67 72 41 46 30 4F 36  67 39 46 58 32 69 6E 72  kgrAF0O6g9FX2inr
000000E0: 55 46 4A 42 4F 79 51 64  53 57 52 59 57 55 59 4F  UFJBOyQdSWRYWUYO
000000F0: 4A 39 39 56 67 53 72 72  74 48 31 63 6F 35 46 56  J99VgSrrtH1co5FV
00000100: 79 79 32 7A 70 63 32 35  44 6C 59 6E 66 35 56 50  yy2zpc25DlYnf5VP
00000110: 64 73 46 63 4F 62 47 6B  67 71 54 6E 68 78 4B 64  dsFcObGkgqTnhxKd
00000120: 69 41 44 6D 4D 20 40 75  73 65 72 6E 61 6D 65 5F  iADmM @username_
00000130: 32 39 35 20 40 75 73 65  72 6E 61 6D 65 5F 35 38  295 @username_58
00000140: 34 20 40 75 73 65 72 6E  61 6D 65 5F 38 37 30 20  4 @username_870 
00000150: 68 74 74 70 3A 2F 2F 73  68 6F 72 74 2D 75 72 6C  http://short-url
00000160: 2F 72 63 68 4B 6B 35 31  54 66 76 20 68 74 74 70  /rchKk51Tfv http
00000170: 3A 2F 2F 73 68 6F 72 74  2D 75 72 6C 2F 71 76 49  ://short-url/qvI
00000180: 4B 30 77 56 48 46 68 20  68 74 74 70 3A 2F 2F 73  K0wVHFh http://s
00000190: 68 6F 72 74 2D 75 72 6C  2F 46 51 71 44 70 57 6D  hort-url/FQqDpWm
000001A0: 69 63 69 0F 00 02 0C 00  00 00 00 0F 00 03 0C 00  ici.............
000001B0: 00 00 03 0B 00 01 00 00  00 1B 68 74 74 70 3A 2F  ..........http:/
000001C0: 2F 73 68 6F 72 74 2D 75  72 6C 2F 72 63 68 4B 6B  /short-url/rchKk
000001D0: 35 31 54 66 76 0B 00 02  00 00 00 47 68 74 74 70  51Tfv......Ghttp
000001E0: 3A 2F 2F 61 42 64 41 32  36 67 51 45 62 41 57 4C  ://aBdA26gQEbAWL
000001F0: 34 43 61 6F 4C 39 4E 6D  6B 53 76 42 6A 69 69 51  4CaoL9NmkSvBjiiQ
00000200: 6B 30 39 48 4C 49 6B 46  55 56 72 76 4A 74 44 35  k09HLIkFUVrvJtD5
00000210: 72 4F 78 53 37 4F 4C 37  52 39 73 75 4E 43 46 6D  rOxS7OL7R9suNCFm
00000220: 61 72 35 00 0B 00 01 00  00 00 1B 68 74 74 70 3A  ar5........http:
00000230: 2F 2F 73 68 6F 72 74 2D  75 72 6C 2F 71 76 49 4B  //short-url/qvIK
00000240: 30 77 56 48 46 68 0B 00  02 00 00 00 47 68 74 74  0wVHFh......Ghtt
00000250: 70 3A 2F 2F 4D 6D 46 45  4D 4F 37 74 66 4A 4A 65  p://MmFEMO7tfJJe
00000260: 6D 6B 42 37 66 59 74 38  36 59 54 39 4D 4C 33 43  mkB7fYt86YT9ML3C
00000270: 47 69 7A 41 7A 68 4F 6A  5A 39 73 56 59 5A 34 58  GizAzhOjZ9sVYZ4X
00000280: 35 78 33 38 4D 5A 6D 4C  41 71 65 59 41 37 62 33  5x38MZmLAqeYA7b3
00000290: 38 33 54 6A 00 0B 00 01  00 00 00 1B 68 74 74 70  83Tj........http
000002A0: 3A 2F 2F 73 68 6F 72 74  2D 75 72 6C 2F 46 51 71  ://short-url/FQq
000002B0: 44 70 57 6D 69 63 69 0B  00 02 00 00 00 47 68 74  DpWmici......Ght
000002C0: 74 70 3A 2F 2F 69 77 31  41 57 6E 74 63 68 5A 31  tp://iw1AWntchZ1
000002D0: 4B 43 79 6A 4B 59 4F 6D  54 46 72 7A 76 49 30 35  KCyjKYOmTFrzvI05
000002E0: 79 38 57 50 52 6F 79 46  54 50 53 6D 4C 66 79 55  y8WPRoyFTPSmLfyU
000002F0: 33 35 35 64 50 66 68 4B  31 75 76 68 66 35 67 79  355dPfhK1uvhf5gy
00000300: 66 33 62 52 58 00 00 00                           f3bRX...
====
STREAM PID 40027.0xffff948328f80b00 (C) > 40016.0xffff9482c72c0b00 (S), length 599
command[40027]: b'./src/ComposePostService/ComposePostService'
command[40016]: b'./cmake-build/src/TextService/TextService'
----
00000000: 00 00 02 53 80 01 00 01  00 00 00 0B 43 6F 6D 70  ...S........Comp
00000010: 6F 73 65 54 65 78 74 00  00 00 00 0A 00 01 04 1F  oseText.........
00000020: FC C4 77 1F 6C 00 0B 00  02 00 00 02 20 56 55 31  ..w.l....... VU1
00000030: 33 42 4D 4D 57 33 53 69  73 65 4C 37 42 4C 69 45  3BMMW3SiseL7BLiE
00000040: 6F 51 70 54 30 37 6F 57  49 55 54 4B 63 6F 57 35  oQpT07oWIUTKcoW5
00000050: 53 4A 51 7A 67 78 59 50  79 67 6E 4A 38 36 42 61  SJQzgxYPygnJ86Ba
00000060: 35 4E 4B 70 65 51 44 65  44 6E 32 7A 59 43 30 37  5NKpeQDeDn2zYC07
00000070: 73 61 42 73 56 64 38 58  7A 63 7A 67 58 79 74 74  saBsVd8XzczgXytt
00000080: 4F 45 7A 39 42 53 44 41  35 50 4B 63 4B 66 46 31  OEz9BSDA5PKcKfF1
00000090: 30 6F 78 74 79 41 72 71  71 65 4A 70 44 48 38 51  0oxtyArqqeJpDH8Q
000000A0: 63 65 35 73 6C 76 6B 6D  59 35 66 36 70 49 59 69  ce5slvkmY5f6pIYi
000000B0: 38 76 78 5A 76 4F 4E 52  49 45 67 4F 42 4F 39 30  8vxZvONRIEgOBO90
000000C0: 73 63 4F 64 62 55 68 58  4F 71 6E 59 57 76 33 35  scOdbUhXOqnYWv35
000000D0: 61 6C 71 53 58 4C 44 71  53 39 41 53 79 48 6D 4F  alqSXLDqS9ASyHmO
000000E0: 59 42 77 55 34 42 59 49  57 79 41 78 4B 47 78 39  YBwU4BYIWyAxKGx9
000000F0: 31 6E 70 70 59 62 45 58  44 31 43 77 4D 39 47 65  1nppYbEXD1CwM9Ge
00000100: 7A 6F 62 6A 61 72 65 34  4B 73 7A 7A 76 41 50 4A  zobjare4KszzvAPJ
00000110: 57 36 6D 68 41 67 64 70  4D 76 69 73 38 56 6E 6B  W6mhAgdpMvis8Vnk
00000120: 67 61 46 71 77 41 56 68  56 63 6A 31 54 20 68 74  gaFqwAVhVcj1T ht
00000130: 74 70 3A 2F 2F 5A 39 5A  41 30 6A 31 57 72 50 48  tp://Z9ZA0j1WrPH
00000140: 35 4D 49 47 62 6B 67 46  4C 67 4F 6A 65 4E 48 6C  5MIGbkgFLgOjeNHl
00000150: 6E 5A 43 70 67 61 6E 64  4A 6B 73 4A 79 52 34 55  nZCpgandJksJyR4U
00000160: 55 64 38 4D 53 36 46 43  4F 36 76 4A 53 53 38 4D  Ud8MS6FCO6vJSS8M
00000170: 78 74 31 69 4E 20 68 74  74 70 3A 2F 2F 73 32 62  xt1iN http://s2b
00000180: 73 47 47 65 4F 52 41 51  6F 42 41 4F 44 44 4F 67  sGGeORAQoBAODDOg
00000190: 6A 35 65 31 67 30 57 4A  4F 53 6D 42 54 58 71 38  j5e1g0WJOSmBTXq8
000001A0: 55 4B 6C 43 70 57 50 6B  39 77 41 4E 30 65 6A 76  UKlCpWPk9wAN0ejv
000001B0: 56 65 78 62 62 58 41 55  7A 6F 74 53 47 20 68 74  VexbbXAUzotSG ht
000001C0: 74 70 3A 2F 2F 63 37 64  6A 4C 54 50 61 7A 52 38  tp://c7djLTPazR8
000001D0: 4D 66 78 52 37 6E 34 6B  50 44 43 6F 69 78 78 6F  MfxR7n4kPDCoixxo
000001E0: 34 44 51 69 65 46 6F 54  79 58 78 74 31 44 35 73  4DQieFoTyXxt1D5s
000001F0: 4D 44 39 32 56 77 56 71  52 38 4B 69 4B 55 76 65  MD92VwVqR8KiKUve
00000200: 64 49 76 55 39 20 68 74  74 70 3A 2F 2F 39 4B 44  dIvU9 http://9KD
00000210: 51 72 4D 4D 44 46 59 66  55 4F 70 73 31 5A 50 61  QrMMDFYfUOps1ZPa
00000220: 45 73 53 6E 6E 51 70 33  63 74 41 75 46 4A 52 6C  EsSnnQp3ctAuFJRl
00000230: 48 77 54 6E 42 4B 65 63  34 49 79 66 55 64 45 68  HwTnBKec4IyfUdEh
00000240: 30 64 75 46 50 51 71 4F  52 56 42 37 4D 0D 00 03  0duFPQqORVB7M...
00000250: 0B 0B 00 00 00 00 00                              .......
====
STREAM PID 40016.0xffff9482c72c0b00 (S) > 40027.0xffff948328f80b00 (C), length 875
command[40016]: b'./cmake-build/src/TextService/TextService'
command[40027]: b'./src/ComposePostService/ComposePostService'
----
00000000: 00 00 03 67 80 01 00 02  00 00 00 0B 43 6F 6D 70  ...g........Comp
00000010: 6F 73 65 54 65 78 74 00  00 00 00 0C 00 00 0B 00  oseText.........
00000020: 01 00 00 01 70 56 55 31  33 42 4D 4D 57 33 53 69  ....pVU13BMMW3Si
00000030: 73 65 4C 37 42 4C 69 45  6F 51 70 54 30 37 6F 57  seL7BLiEoQpT07oW
00000040: 49 55 54 4B 63 6F 57 35  53 4A 51 7A 67 78 59 50  IUTKcoW5SJQzgxYP
00000050: 79 67 6E 4A 38 36 42 61  35 4E 4B 70 65 51 44 65  ygnJ86Ba5NKpeQDe
00000060: 44 6E 32 7A 59 43 30 37  73 61 42 73 56 64 38 58  Dn2zYC07saBsVd8X
00000070: 7A 63 7A 67 58 79 74 74  4F 45 7A 39 42 53 44 41  zczgXyttOEz9BSDA
00000080: 35 50 4B 63 4B 66 46 31  30 6F 78 74 79 41 72 71  5PKcKfF10oxtyArq
00000090: 71 65 4A 70 44 48 38 51  63 65 35 73 6C 76 6B 6D  qeJpDH8Qce5slvkm
000000A0: 59 35 66 36 70 49 59 69  38 76 78 5A 76 4F 4E 52  Y5f6pIYi8vxZvONR
000000B0: 49 45 67 4F 42 4F 39 30  73 63 4F 64 62 55 68 58  IEgOBO90scOdbUhX
000000C0: 4F 71 6E 59 57 76 33 35  61 6C 71 53 58 4C 44 71  OqnYWv35alqSXLDq
000000D0: 53 39 41 53 79 48 6D 4F  59 42 77 55 34 42 59 49  S9ASyHmOYBwU4BYI
000000E0: 57 79 41 78 4B 47 78 39  31 6E 70 70 59 62 45 58  WyAxKGx91nppYbEX
000000F0: 44 31 43 77 4D 39 47 65  7A 6F 62 6A 61 72 65 34  D1CwM9Gezobjare4
00000100: 4B 73 7A 7A 76 41 50 4A  57 36 6D 68 41 67 64 70  KszzvAPJW6mhAgdp
00000110: 4D 76 69 73 38 56 6E 6B  67 61 46 71 77 41 56 68  Mvis8VnkgaFqwAVh
00000120: 56 63 6A 31 54 20 68 74  74 70 3A 2F 2F 73 68 6F  Vcj1T http://sho
00000130: 72 74 2D 75 72 6C 2F 4C  79 79 4A 39 79 43 4E 4F  rt-url/LyyJ9yCNO
00000140: 69 20 68 74 74 70 3A 2F  2F 73 68 6F 72 74 2D 75  i http://short-u
00000150: 72 6C 2F 6F 77 32 37 44  55 4F 4D 33 41 20 68 74  rl/ow27DUOM3A ht
00000160: 74 70 3A 2F 2F 73 68 6F  72 74 2D 75 72 6C 2F 62  tp://short-url/b
00000170: 41 66 76 4E 44 5A 45 4F  6E 20 68 74 74 70 3A 2F  AfvNDZEOn http:/
00000180: 2F 73 68 6F 72 74 2D 75  72 6C 2F 42 66 33 54 47  /short-url/Bf3TG
00000190: 42 47 57 61 65 0F 00 02  0C 00 00 00 00 0F 00 03  BGWae...........
000001A0: 0C 00 00 00 04 0B 00 01  00 00 00 1B 68 74 74 70  ............http
000001B0: 3A 2F 2F 73 68 6F 72 74  2D 75 72 6C 2F 4C 79 79  ://short-url/Lyy
000001C0: 4A 39 79 43 4E 4F 69 0B  00 02 00 00 00 47 68 74  J9yCNOi......Ght
000001D0: 74 70 3A 2F 2F 5A 39 5A  41 30 6A 31 57 72 50 48  tp://Z9ZA0j1WrPH
000001E0: 35 4D 49 47 62 6B 67 46  4C 67 4F 6A 65 4E 48 6C  5MIGbkgFLgOjeNHl
000001F0: 6E 5A 43 70 67 61 6E 64  4A 6B 73 4A 79 52 34 55  nZCpgandJksJyR4U
00000200: 55 64 38 4D 53 36 46 43  4F 36 76 4A 53 53 38 4D  Ud8MS6FCO6vJSS8M
00000210: 78 74 31 69 4E 00 0B 00  01 00 00 00 1B 68 74 74  xt1iN........htt
00000220: 70 3A 2F 2F 73 68 6F 72  74 2D 75 72 6C 2F 6F 77  p://short-url/ow
00000230: 32 37 44 55 4F 4D 33 41  0B 00 02 00 00 00 47 68  27DUOM3A......Gh
00000240: 74 74 70 3A 2F 2F 73 32  62 73 47 47 65 4F 52 41  ttp://s2bsGGeORA
00000250: 51 6F 42 41 4F 44 44 4F  67 6A 35 65 31 67 30 57  QoBAODDOgj5e1g0W
00000260: 4A 4F 53 6D 42 54 58 71  38 55 4B 6C 43 70 57 50  JOSmBTXq8UKlCpWP
00000270: 6B 39 77 41 4E 30 65 6A  76 56 65 78 62 62 58 41  k9wAN0ejvVexbbXA
00000280: 55 7A 6F 74 53 47 00 0B  00 01 00 00 00 1B 68 74  UzotSG........ht
00000290: 74 70 3A 2F 2F 73 68 6F  72 74 2D 75 72 6C 2F 62  tp://short-url/b
000002A0: 41 66 76 4E 44 5A 45 4F  6E 0B 00 02 00 00 00 47  AfvNDZEOn......G
000002B0: 68 74 74 70 3A 2F 2F 63  37 64 6A 4C 54 50 61 7A  http://c7djLTPaz
000002C0: 52 38 4D 66 78 52 37 6E  34 6B 50 44 43 6F 69 78  R8MfxR7n4kPDCoix
000002D0: 78 6F 34 44 51 69 65 46  6F 54 79 58 78 74 31 44  xo4DQieFoTyXxt1D
000002E0: 35 73 4D 44 39 32 56 77  56 71 52 38 4B 69 4B 55  5sMD92VwVqR8KiKU
000002F0: 76 65 64 49 76 55 39 00  0B 00 01 00 00 00 1B 68  vedIvU9........h
00000300: 74 74 70 3A 2F 2F 73 68  6F 72 74 2D 75 72 6C 2F  ttp://short-url/
00000310: 42 66 33 54 47 42 47 57  61 65 0B 00 02 00 00 00  Bf3TGBGWae......
00000320: 47 68 74 74 70 3A 2F 2F  39 4B 44 51 72 4D 4D 44  Ghttp://9KDQrMMD
00000330: 46 59 66 55 4F 70 73 31  5A 50 61 45 73 53 6E 6E  FYfUOps1ZPaEsSnn
00000340: 51 70 33 63 74 41 75 46  4A 52 6C 48 77 54 6E 42  Qp3ctAuFJRlHwTnB
00000350: 4B 65 63 34 49 79 66 55  64 45 68 30 64 75 46 50  Kec4IyfUdEh0duFP
00000360: 51 71 4F 52 56 42 37 4D  00 00 00                 QqORVB7M...
====
STREAM PID 40027.0xffff948328f80b00 (C) > 40016.0xffff9482c72c0b00 (S), length 712
command[40027]: b'./src/ComposePostService/ComposePostService'
command[40016]: b'./cmake-build/src/TextService/TextService'
----
00000000: 00 00 02 C4 80 01 00 01  00 00 00 0B 43 6F 6D 70  ............Comp
00000010: 6F 73 65 54 65 78 74 00  00 00 00 0A 00 01 0A A1  oseText.........
00000020: 29 88 6C 82 DB 80 0B 00  02 00 00 02 91 35 72 44  ).l..........5rD
00000030: 30 4A 7A 79 68 36 72 76  53 61 63 4A 53 4E 75 38  0Jzyh6rvSacJSNu8
00000040: 73 5A 72 7A 5A 6D 44 50  6C 33 34 74 73 47 6A 77  sZrzZmDPl34tsGjw
00000050: 76 78 77 30 52 4F 33 71  57 52 63 31 52 67 56 65  vxw0RO3qWRc1RgVe
00000060: 74 48 6A 48 6F 64 75 6C  6A 4E 73 4E 44 69 5A 43  tHjHoduljNsNDiZC
00000070: 36 48 58 70 65 59 41 6E  6B 71 72 79 57 6A 52 4F  6HXpeYAnkqryWjRO
00000080: 77 7A 61 4C 64 6A 35 47  33 54 6D 42 75 52 71 55  wzaLdj5G3TmBuRqU
00000090: 62 43 44 62 77 64 77 32  6F 35 53 39 4F 45 59 61  bCDbwdw2o5S9OEYa
000000A0: 30 49 6C 72 6C 41 57 35  54 52 49 63 43 52 48 51  0IlrlAW5TRIcCRHQ
000000B0: 6F 4E 59 35 4E 58 71 67  42 50 6B 69 7A 73 5A 75  oNY5NXqgBPkizsZu
000000C0: 50 57 4D 73 6C 6E 6E 51  57 48 70 77 71 43 30 59  PWMslnnQWHpwqC0Y
000000D0: 65 65 32 38 50 62 63 67  36 32 6C 4E 62 32 54 56  ee28Pbcg62lNb2TV
000000E0: 72 59 30 43 46 72 65 4D  71 54 4A 50 74 41 42 62  rY0CFreMqTJPtABb
000000F0: 44 58 45 53 74 53 41 46  6A 46 34 33 79 61 51 77  DXEStSAFjF43yaQw
00000100: 77 48 55 77 46 46 78 37  6D 4C 65 4D 71 69 4F 68  wHUwFFx7mLeMqiOh
00000110: 79 39 4D 62 65 51 7A 43  4F 35 66 36 67 75 59 71  y9MbeQzCO5f6guYq
00000120: 49 4A 49 35 4E 4D 63 51  57 57 74 6A 74 20 40 75  IJI5NMcQWWtjt @u
00000130: 73 65 72 6E 61 6D 65 5F  35 33 20 40 75 73 65 72  sername_53 @user
00000140: 6E 61 6D 65 5F 37 31 37  20 40 75 73 65 72 6E 61  name_717 @userna
00000150: 6D 65 5F 36 32 30 20 68  74 74 70 3A 2F 2F 70 48  me_620 http://pH
00000160: 6D 4F 55 59 68 58 37 53  61 4A 53 70 64 59 52 76  mOUYhX7SaJSpdYRv
00000170: 53 73 69 79 32 41 6C 4C  6A 50 41 41 38 74 47 54  Ssiy2AlLjPAA8tGT
00000180: 4C 32 39 49 75 71 35 53  32 52 47 30 49 54 74 56  L29Iuq5S2RG0ITtV
00000190: 50 59 6C 56 75 4D 4A 58  77 59 52 6C 51 59 20 68  PYlVuMJXwYRlQY h
000001A0: 74 74 70 3A 2F 2F 62 38  5A 42 47 65 47 6C 33 72  ttp://b8ZBGeGl3r
000001B0: 55 71 57 51 63 59 48 31  35 6C 4A 51 6C 79 6F 77  UqWQcYH15lJQlyow
000001C0: 6F 54 50 77 6D 55 4D 68  4E 6F 69 55 31 34 65 75  oTPwmUMhNoiU14eu
000001D0: 5A 74 30 6B 75 33 6E 38  6F 46 36 51 73 54 59 4F  Zt0ku3n8oF6QsTYO
000001E0: 32 52 49 6B 4F 4B 20 68  74 74 70 3A 2F 2F 51 52  2RIkOK http://QR
000001F0: 70 51 44 67 32 38 74 43  63 39 50 71 62 41 46 67  pQDg28tCc9PqbAFg
00000200: 37 74 34 53 39 41 59 6E  6B 31 7A 58 79 54 37 67  7t4S9AYnk1zXyT7g
00000210: 70 6E 59 54 67 56 76 50  66 4C 75 71 61 5A 64 70  pnYTgVvPfLuqaZdp
00000220: 6F 68 62 59 52 59 32 6B  38 58 74 50 57 4B 20 68  ohbYRY2k8XtPWK h
00000230: 74 74 70 3A 2F 2F 5A 5A  66 53 45 77 4F 76 76 61  ttp://ZZfSEwOvva
00000240: 76 6F 76 56 35 63 57 69  34 4E 75 4B 5A 44 56 6D  vovV5cWi4NuKZDVm
00000250: 41 48 79 4A 46 4E 69 65  6A 44 7A 79 30 38 6D 4E  AHyJFNiejDzy08mN
00000260: 72 69 66 4F 4F 31 56 42  52 4B 41 37 35 4D 69 6B  rifOO1VBRKA75Mik
00000270: 6F 57 61 79 6B 48 20 68  74 74 70 3A 2F 2F 6F 67  oWaykH http://og
00000280: 47 64 43 58 61 52 51 34  42 30 76 6C 31 4E 44 42  GdCXaRQ4B0vl1NDB
00000290: 64 67 59 6B 69 76 35 66  71 6F 35 5A 55 61 66 38  dgYkiv5fqo5ZUaf8
000002A0: 4C 6C 66 6C 4B 5A 53 56  75 58 45 33 75 38 62 46  LlflKZSVuXE3u8bF
000002B0: 42 57 35 65 63 71 53 4F  32 65 76 7A 33 63 0D 00  BW5ecqSO2evz3c..
000002C0: 03 0B 0B 00 00 00 00 00                           ........
====
STREAM PID 40016.0xffff9482c72c0b00 (S) > 40027.0xffff948328f80b00 (C), length 1057
command[40016]: b'./cmake-build/src/TextService/TextService'
command[40027]: b'./src/ComposePostService/ComposePostService'
----
00000000: 00 00 04 1D 80 01 00 02  00 00 00 0B 43 6F 6D 70  ............Comp
00000010: 6F 73 65 54 65 78 74 00  00 00 00 0C 00 00 0B 00  oseText.........
00000020: 01 00 00 01 B5 35 72 44  30 4A 7A 79 68 36 72 76  .....5rD0Jzyh6rv
00000030: 53 61 63 4A 53 4E 75 38  73 5A 72 7A 5A 6D 44 50  SacJSNu8sZrzZmDP
00000040: 6C 33 34 74 73 47 6A 77  76 78 77 30 52 4F 33 71  l34tsGjwvxw0RO3q
00000050: 57 52 63 31 52 67 56 65  74 48 6A 48 6F 64 75 6C  WRc1RgVetHjHodul
00000060: 6A 4E 73 4E 44 69 5A 43  36 48 58 70 65 59 41 6E  jNsNDiZC6HXpeYAn
00000070: 6B 71 72 79 57 6A 52 4F  77 7A 61 4C 64 6A 35 47  kqryWjROwzaLdj5G
00000080: 33 54 6D 42 75 52 71 55  62 43 44 62 77 64 77 32  3TmBuRqUbCDbwdw2
00000090: 6F 35 53 39 4F 45 59 61  30 49 6C 72 6C 41 57 35  o5S9OEYa0IlrlAW5
000000A0: 54 52 49 63 43 52 48 51  6F 4E 59 35 4E 58 71 67  TRIcCRHQoNY5NXqg
000000B0: 42 50 6B 69 7A 73 5A 75  50 57 4D 73 6C 6E 6E 51  BPkizsZuPWMslnnQ
000000C0: 57 48 70 77 71 43 30 59  65 65 32 38 50 62 63 67  WHpwqC0Yee28Pbcg
000000D0: 36 32 6C 4E 62 32 54 56  72 59 30 43 46 72 65 4D  62lNb2TVrY0CFreM
000000E0: 71 54 4A 50 74 41 42 62  44 58 45 53 74 53 41 46  qTJPtABbDXEStSAF
000000F0: 6A 46 34 33 79 61 51 77  77 48 55 77 46 46 78 37  jF43yaQwwHUwFFx7
00000100: 6D 4C 65 4D 71 69 4F 68  79 39 4D 62 65 51 7A 43  mLeMqiOhy9MbeQzC
00000110: 4F 35 66 36 67 75 59 71  49 4A 49 35 4E 4D 63 51  O5f6guYqIJI5NMcQ
00000120: 57 57 74 6A 74 20 40 75  73 65 72 6E 61 6D 65 5F  WWtjt @username_
00000130: 35 33 20 40 75 73 65 72  6E 61 6D 65 5F 37 31 37  53 @username_717
00000140: 20 40 75 73 65 72 6E 61  6D 65 5F 36 32 30 20 68   @username_620 h
00000150: 74 74 70 3A 2F 2F 73 68  6F 72 74 2D 75 72 6C 2F  ttp://short-url/
00000160: 7A 37 69 44 6C 6C 31 51  4A 54 20 68 74 74 70 3A  z7iDll1QJT http:
00000170: 2F 2F 73 68 6F 72 74 2D  75 72 6C 2F 70 53 31 66  //short-url/pS1f
00000180: 70 77 36 35 4A 66 20 68  74 74 70 3A 2F 2F 73 68  pw65Jf http://sh
00000190: 6F 72 74 2D 75 72 6C 2F  4A 56 50 71 54 31 4B 38  ort-url/JVPqT1K8
000001A0: 4F 45 20 68 74 74 70 3A  2F 2F 73 68 6F 72 74 2D  OE http://short-
000001B0: 75 72 6C 2F 41 49 42 70  52 70 76 70 58 66 20 68  url/AIBpRpvpXf h
000001C0: 74 74 70 3A 2F 2F 73 68  6F 72 74 2D 75 72 6C 2F  ttp://short-url/
000001D0: 64 41 6D 31 4F 4D 34 61  4F 31 0F 00 02 0C 00 00  dAm1OM4aO1......
000001E0: 00 00 0F 00 03 0C 00 00  00 05 0B 00 01 00 00 00  ................
000001F0: 1B 68 74 74 70 3A 2F 2F  73 68 6F 72 74 2D 75 72  .http://short-ur
00000200: 6C 2F 7A 37 69 44 6C 6C  31 51 4A 54 0B 00 02 00  l/z7iDll1QJT....
00000210: 00 00 47 68 74 74 70 3A  2F 2F 70 48 6D 4F 55 59  ..Ghttp://pHmOUY
00000220: 68 58 37 53 61 4A 53 70  64 59 52 76 53 73 69 79  hX7SaJSpdYRvSsiy
00000230: 32 41 6C 4C 6A 50 41 41  38 74 47 54 4C 32 39 49  2AlLjPAA8tGTL29I
00000240: 75 71 35 53 32 52 47 30  49 54 74 56 50 59 6C 56  uq5S2RG0ITtVPYlV
00000250: 75 4D 4A 58 77 59 52 6C  51 59 00 0B 00 01 00 00  uMJXwYRlQY......
00000260: 00 1B 68 74 74 70 3A 2F  2F 73 68 6F 72 74 2D 75  ..http://short-u
00000270: 72 6C 2F 70 53 31 66 70  77 36 35 4A 66 0B 00 02  rl/pS1fpw65Jf...
00000280: 00 00 00 47 68 74 74 70  3A 2F 2F 62 38 5A 42 47  ...Ghttp://b8ZBG
00000290: 65 47 6C 33 72 55 71 57  51 63 59 48 31 35 6C 4A  eGl3rUqWQcYH15lJ
000002A0: 51 6C 79 6F 77 6F 54 50  77 6D 55 4D 68 4E 6F 69  QlyowoTPwmUMhNoi
000002B0: 55 31 34 65 75 5A 74 30  6B 75 33 6E 38 6F 46 36  U14euZt0ku3n8oF6
000002C0: 51 73 54 59 4F 32 52 49  6B 4F 4B 00 0B 00 01 00  QsTYO2RIkOK.....
000002D0: 00 00 1B 68 74 74 70 3A  2F 2F 73 68 6F 72 74 2D  ...http://short-
000002E0: 75 72 6C 2F 4A 56 50 71  54 31 4B 38 4F 45 0B 00  url/JVPqT1K8OE..
000002F0: 02 00 00 00 47 68 74 74  70 3A 2F 2F 51 52 70 51  ....Ghttp://QRpQ
00000300: 44 67 32 38 74 43 63 39  50 71 62 41 46 67 37 74  Dg28tCc9PqbAFg7t
00000310: 34 53 39 41 59 6E 6B 31  7A 58 79 54 37 67 70 6E  4S9AYnk1zXyT7gpn
00000320: 59 54 67 56 76 50 66 4C  75 71 61 5A 64 70 6F 68  YTgVvPfLuqaZdpoh
00000330: 62 59 52 59 32 6B 38 58  74 50 57 4B 00 0B 00 01  bYRY2k8XtPWK....
00000340: 00 00 00 1B 68 74 74 70  3A 2F 2F 73 68 6F 72 74  ....http://short
00000350: 2D 75 72 6C 2F 41 49 42  70 52 70 76 70 58 66 0B  -url/AIBpRpvpXf.
00000360: 00 02 00 00 00 47 68 74  74 70 3A 2F 2F 5A 5A 66  .....Ghttp://ZZf
00000370: 53 45 77 4F 76 76 61 76  6F 76 56 35 63 57 69 34  SEwOvvavovV5cWi4
00000380: 4E 75 4B 5A 44 56 6D 41  48 79 4A 46 4E 69 65 6A  NuKZDVmAHyJFNiej
00000390: 44 7A 79 30 38 6D 4E 72  69 66 4F 4F 31 56 42 52  Dzy08mNrifOO1VBR
000003A0: 4B 41 37 35 4D 69 6B 6F  57 61 79 6B 48 00 0B 00  KA75MikoWaykH...
000003B0: 01 00 00 00 1B 68 74 74  70 3A 2F 2F 73 68 6F 72  .....http://shor
000003C0: 74 2D 75 72 6C 2F 64 41  6D 31 4F 4D 34 61 4F 31  t-url/dAm1OM4aO1
000003D0: 0B 00 02 00 00 00 47 68  74 74 70 3A 2F 2F 6F 67  ......Ghttp://og
000003E0: 47 64 43 58 61 52 51 34  42 30 76 6C 31 4E 44 42  GdCXaRQ4B0vl1NDB
000003F0: 64 67 59 6B 69 76 35 66  71 6F 35 5A 55 61 66 38  dgYkiv5fqo5ZUaf8
00000400: 4C 6C 66 6C 4B 5A 53 56  75 58 45 33 75 38 62 46  LlflKZSVuXE3u8bF
00000410: 42 57 35 65 63 71 53 4F  32 65 76 7A 33 63 00 00  BW5ecqSO2evz3c..
00000420: 00                                                .
====
STREAM PID 40027.0xffff948328f80b00 (C) > 40016.0xffff9482c72c0b00 (S), length 453
command[40027]: b'./src/ComposePostService/ComposePostService'
command[40016]: b'./cmake-build/src/TextService/TextService'
----
00000000: 00 00 01 C1 80 01 00 01  00 00 00 0B 43 6F 6D 70  ............Comp
00000010: 6F 73 65 54 65 78 74 00  00 00 00 0A 00 01 03 4A  oseText........J
00000020: 83 D9 8D 8A 82 20 0B 00  02 00 00 01 8E 61 66 52  ..... .......afR
00000030: 50 56 44 46 67 6B 57 4E  68 4D 52 34 32 78 53 32  PVDFgkWNhMR42xS2
00000040: 56 4C 52 41 35 4A 33 30  4B 54 42 4D 32 63 48 33  VLRA5J30KTBM2cH3
00000050: 72 68 44 41 30 7A 79 34  6F 58 75 51 68 57 6A 66  rhDA0zy4oXuQhWjf
00000060: 63 56 6A 63 4A 77 4C 70  4A 7A 6A 44 79 55 76 72  cVjcJwLpJzjDyUvr
00000070: 61 34 49 6A 39 30 5A 50  39 49 50 67 50 5A 4A 57  a4Ij90ZP9IPgPZJW
00000080: 68 67 59 79 42 58 4B 7A  68 4F 68 62 6F 61 32 6F  hgYyBXKzhOhboa2o
00000090: 48 57 79 68 56 63 54 7A  78 43 35 72 74 48 45 70  HWyhVcTzxC5rtHEp
000000A0: 77 72 56 57 76 46 6D 39  4A 45 39 70 7A 61 45 49  wrVWvFm9JE9pzaEI
000000B0: 77 61 4E 31 62 36 35 67  69 75 32 4E 46 4A 55 54  waN1b65giu2NFJUT
000000C0: 53 4C 57 78 37 4E 30 58  50 47 78 36 30 55 70 62  SLWx7N0XPGx60Upb
000000D0: 70 4A 4C 4D 35 79 55 55  30 6D 61 4E 38 39 6A 6E  pJLM5yUU0maN89jn
000000E0: 37 62 65 31 4B 30 4C 37  58 42 6B 6E 57 36 35 79  7be1K0L7XBknW65y
000000F0: 78 34 6A 52 70 48 71 44  55 68 44 4D 76 55 34 33  x4jRpHqDUhDMvU43
00000100: 57 4D 66 53 55 4A 71 46  49 49 72 6D 36 56 42 6D  WMfSUJqFIIrm6VBm
00000110: 41 31 45 61 69 6F 45 39  6E 31 56 62 62 49 4B 62  A1EaioE9n1VbbIKb
00000120: 68 51 63 78 51 69 6E 45  45 56 58 4F 63 20 40 75  hQcxQinEEVXOc @u
00000130: 73 65 72 6E 61 6D 65 5F  31 39 36 20 40 75 73 65  sername_196 @use
00000140: 72 6E 61 6D 65 5F 31 32  34 20 40 75 73 65 72 6E  rname_124 @usern
00000150: 61 6D 65 5F 33 37 38 20  40 75 73 65 72 6E 61 6D  ame_378 @usernam
00000160: 65 5F 36 32 34 20 40 75  73 65 72 6E 61 6D 65 5F  e_624 @username_
00000170: 31 33 35 20 68 74 74 70  3A 2F 2F 4A 38 73 48 7A  135 http://J8sHz
00000180: 74 6A 57 70 64 30 35 6C  35 77 53 32 33 71 75 68  tjWpd05l5wS23quh
00000190: 67 35 65 6A 57 67 70 32  49 31 67 47 66 78 79 54  g5ejWgp2I1gGfxyT
000001A0: 44 51 69 5A 72 6F 70 69  57 50 68 4C 78 6F 51 68  DQiZropiWPhLxoQh
000001B0: 4A 36 56 71 4B 66 33 45  67 36 4F 0D 00 03 0B 0B  J6VqKf3Eg6O.....
000001C0: 00 00 00 00 00                                    .....
====
STREAM PID 40016.0xffff9482c72c0b00 (S) > 40027.0xffff948328f80b00 (C), length 522
command[40016]: b'./cmake-build/src/TextService/TextService'
command[40027]: b'./src/ComposePostService/ComposePostService'
----
00000000: 00 00 02 06 80 01 00 02  00 00 00 0B 43 6F 6D 70  ............Comp
00000010: 6F 73 65 54 65 78 74 00  00 00 00 0C 00 00 0B 00  oseText.........
00000020: 01 00 00 01 62 61 66 52  50 56 44 46 67 6B 57 4E  ....bafRPVDFgkWN
00000030: 68 4D 52 34 32 78 53 32  56 4C 52 41 35 4A 33 30  hMR42xS2VLRA5J30
00000040: 4B 54 42 4D 32 63 48 33  72 68 44 41 30 7A 79 34  KTBM2cH3rhDA0zy4
00000050: 6F 58 75 51 68 57 6A 66  63 56 6A 63 4A 77 4C 70  oXuQhWjfcVjcJwLp
00000060: 4A 7A 6A 44 79 55 76 72  61 34 49 6A 39 30 5A 50  JzjDyUvra4Ij90ZP
00000070: 39 49 50 67 50 5A 4A 57  68 67 59 79 42 58 4B 7A  9IPgPZJWhgYyBXKz
00000080: 68 4F 68 62 6F 61 32 6F  48 57 79 68 56 63 54 7A  hOhboa2oHWyhVcTz
00000090: 78 43 35 72 74 48 45 70  77 72 56 57 76 46 6D 39  xC5rtHEpwrVWvFm9
000000A0: 4A 45 39 70 7A 61 45 49  77 61 4E 31 62 36 35 67  JE9pzaEIwaN1b65g
000000B0: 69 75 32 4E 46 4A 55 54  53 4C 57 78 37 4E 30 58  iu2NFJUTSLWx7N0X
000000C0: 50 47 78 36 30 55 70 62  70 4A 4C 4D 35 79 55 55  PGx60UpbpJLM5yUU
000000D0: 30 6D 61 4E 38 39 6A 6E  37 62 65 31 4B 30 4C 37  0maN89jn7be1K0L7
000000E0: 58 42 6B 6E 57 36 35 79  78 34 6A 52 70 48 71 44  XBknW65yx4jRpHqD
000000F0: 55 68 44 4D 76 55 34 33  57 4D 66 53 55 4A 71 46  UhDMvU43WMfSUJqF
00000100: 49 49 72 6D 36 56 42 6D  41 31 45 61 69 6F 45 39  IIrm6VBmA1EaioE9
00000110: 6E 31 56 62 62 49 4B 62  68 51 63 78 51 69 6E 45  n1VbbIKbhQcxQinE
00000120: 45 56 58 4F 63 20 40 75  73 65 72 6E 61 6D 65 5F  EVXOc @username_
00000130: 31 39 36 20 40 75 73 65  72 6E 61 6D 65 5F 31 32  196 @username_12
00000140: 34 20 40 75 73 65 72 6E  61 6D 65 5F 33 37 38 20  4 @username_378 
00000150: 40 75 73 65 72 6E 61 6D  65 5F 36 32 34 20 40 75  @username_624 @u
00000160: 73 65 72 6E 61 6D 65 5F  31 33 35 20 68 74 74 70  sername_135 http
00000170: 3A 2F 2F 73 68 6F 72 74  2D 75 72 6C 2F 78 4B 65  ://short-url/xKe
00000180: 48 68 61 53 39 39 77 0F  00 02 0C 00 00 00 00 0F  HhaS99w.........
00000190: 00 03 0C 00 00 00 01 0B  00 01 00 00 00 1B 68 74  ..............ht
000001A0: 74 70 3A 2F 2F 73 68 6F  72 74 2D 75 72 6C 2F 78  tp://short-url/x
000001B0: 4B 65 48 68 61 53 39 39  77 0B 00 02 00 00 00 47  KeHhaS99w......G
000001C0: 68 74 74 70 3A 2F 2F 4A  38 73 48 7A 74 6A 57 70  http://J8sHztjWp
000001D0: 64 30 35 6C 35 77 53 32  33 71 75 68 67 35 65 6A  d05l5wS23quhg5ej
000001E0: 57 67 70 32 49 31 67 47  66 78 79 54 44 51 69 5A  Wgp2I1gGfxyTDQiZ
000001F0: 72 6F 70 69 57 50 68 4C  78 6F 51 68 4A 36 56 71  ropiWPhLxoQhJ6Vq
00000200: 4B 66 33 45 67 36 4F 00  00 00                    Kf3Eg6O...
====
STREAM PID 40027.0xffff948328f80b00 (C) > 40016.0xffff9482c72c0b00 (S), length 439
command[40027]: b'./src/ComposePostService/ComposePostService'
command[40016]: b'./cmake-build/src/TextService/TextService'
----
00000000: 00 00 01 B3 80 01 00 01  00 00 00 0B 43 6F 6D 70  ............Comp
00000010: 6F 73 65 54 65 78 74 00  00 00 00 0A 00 01 0B 6B  oseText........k
00000020: 48 B3 1F 91 08 00 0B 00  02 00 00 01 80 49 6F 32  H............Io2
00000030: 69 44 6E 74 4A 42 67 49  33 74 76 76 49 79 64 47  iDntJBgI3tvvIydG
00000040: 34 70 50 59 58 53 6F 47  58 59 48 54 44 59 4B 51  4pPYXSoGXYHTDYKQ
00000050: 75 41 50 69 4C 47 63 31  38 4F 47 75 34 71 56 77  uAPiLGc18OGu4qVw
00000060: 6A 63 33 6B 66 71 44 7A  64 74 39 68 46 66 56 47  jc3kfqDzdt9hFfVG
00000070: 76 55 4D 59 55 66 49 71  48 44 6E 64 74 6E 46 44  vUMYUfIqHDndtnFD
00000080: 6E 65 39 7A 36 73 36 45  73 78 74 43 45 72 44 32  ne9z6s6EsxtCErD2
00000090: 4A 71 4A 62 34 4E 77 64  7A 33 4C 71 53 57 37 4F  JqJb4Nwdz3LqSW7O
000000A0: 37 55 4E 57 53 61 32 34  50 38 37 64 68 6E 65 34  7UNWSa24P87dhne4
000000B0: 43 70 48 32 61 46 65 51  6E 66 51 5A 4B 51 4D 6D  CpH2aFeQnfQZKQMm
000000C0: 37 39 6C 38 7A 6A 58 51  67 62 66 34 66 47 42 47  79l8zjXQgbf4fGBG
000000D0: 48 43 48 63 78 6C 78 37  79 68 53 48 67 57 68 67  HCHcxlx7yhSHgWhg
000000E0: 59 55 62 6B 69 4C 6C 31  48 6B 73 31 4F 69 4A 41  YUbkiLl1Hks1OiJA
000000F0: 65 6F 76 36 66 69 35 77  46 35 54 51 62 4F 37 33  eov6fi5wF5TQbO73
00000100: 53 66 58 31 74 67 59 65  57 64 50 6C 4A 35 77 5A  SfX1tgYeWdPlJ5wZ
00000110: 50 64 47 64 58 42 38 6B  57 75 35 47 64 6F 70 50  PdGdXB8kWu5GdopP
00000120: 38 7A 4C 45 74 50 4F 67  48 46 64 75 55 20 40 75  8zLEtPOgHFduU @u
00000130: 73 65 72 6E 61 6D 65 5F  31 35 39 20 40 75 73 65  sername_159 @use
00000140: 72 6E 61 6D 65 5F 37 39  34 20 40 75 73 65 72 6E  rname_794 @usern
00000150: 61 6D 65 5F 37 34 32 20  40 75 73 65 72 6E 61 6D  ame_742 @usernam
00000160: 65 5F 33 36 32 20 68 74  74 70 3A 2F 2F 34 39 39  e_362 http://499
00000170: 42 38 54 4C 62 35 67 53  67 54 64 50 50 67 44 70  B8TLb5gSgTdPPgDp
00000180: 32 39 54 32 76 79 45 56  6C 6B 76 73 45 39 78 78  29T2vyEVlkvsE9xx
00000190: 6E 58 46 73 55 6B 46 7A  42 6B 37 54 54 77 65 36  nXFsUkFzBk7TTwe6
000001A0: 64 35 6F 47 41 6A 77 6D  70 76 70 6B 31 0D 00 03  d5oGAjwmpvpk1...
000001B0: 0B 0B 00 00 00 00 00                              .......
====
STREAM PID 40016.0xffff9482c72c0b00 (S) > 40027.0xffff948328f80b00 (C), length 508
command[40016]: b'./cmake-build/src/TextService/TextService'
command[40027]: b'./src/ComposePostService/ComposePostService'
----
00000000: 00 00 01 F8 80 01 00 02  00 00 00 0B 43 6F 6D 70  ............Comp
00000010: 6F 73 65 54 65 78 74 00  00 00 00 0C 00 00 0B 00  oseText.........
00000020: 01 00 00 01 54 49 6F 32  69 44 6E 74 4A 42 67 49  ....TIo2iDntJBgI
00000030: 33 74 76 76 49 79 64 47  34 70 50 59 58 53 6F 47  3tvvIydG4pPYXSoG
00000040: 58 59 48 54 44 59 4B 51  75 41 50 69 4C 47 63 31  XYHTDYKQuAPiLGc1
00000050: 38 4F 47 75 34 71 56 77  6A 63 33 6B 66 71 44 7A  8OGu4qVwjc3kfqDz
00000060: 64 74 39 68 46 66 56 47  76 55 4D 59 55 66 49 71  dt9hFfVGvUMYUfIq
00000070: 48 44 6E 64 74 6E 46 44  6E 65 39 7A 36 73 36 45  HDndtnFDne9z6s6E
00000080: 73 78 74 43 45 72 44 32  4A 71 4A 62 34 4E 77 64  sxtCErD2JqJb4Nwd
00000090: 7A 33 4C 71 53 57 37 4F  37 55 4E 57 53 61 32 34  z3LqSW7O7UNWSa24
000000A0: 50 38 37 64 68 6E 65 34  43 70 48 32 61 46 65 51  P87dhne4CpH2aFeQ
000000B0: 6E 66 51 5A 4B 51 4D 6D  37 39 6C 38 7A 6A 58 51  nfQZKQMm79l8zjXQ
000000C0: 67 62 66 34 66 47 42 47  48 43 48 63 78 6C 78 37  gbf4fGBGHCHcxlx7
000000D0: 79 68 53 48 67 57 68 67  59 55 62 6B 69 4C 6C 31  yhSHgWhgYUbkiLl1
000000E0: 48 6B 73 31 4F 69 4A 41  65 6F 76 36 66 69 35 77  Hks1OiJAeov6fi5w
000000F0: 46 35 54 51 62 4F 37 33  53 66 58 31 74 67 59 65  F5TQbO73SfX1tgYe
00000100: 57 64 50 6C 4A 35 77 5A  50 64 47 64 58 42 38 6B  WdPlJ5wZPdGdXB8k
00000110: 57 75 35 47 64 6F 70 50  38 7A 4C 45 74 50 4F 67  Wu5GdopP8zLEtPOg
00000120: 48 46 64 75 55 20 40 75  73 65 72 6E 61 6D 65 5F  HFduU @username_
00000130: 31 35 39 20 40 75 73 65  72 6E 61 6D 65 5F 37 39  159 @username_79
00000140: 34 20 40 75 73 65 72 6E  61 6D 65 5F 37 34 32 20  4 @username_742 
00000150: 40 75 73 65 72 6E 61 6D  65 5F 33 36 32 20 68 74  @username_362 ht
00000160: 74 70 3A 2F 2F 73 68 6F  72 74 2D 75 72 6C 2F 7A  tp://short-url/z
00000170: 6D 4E 31 6E 73 63 4C 67  71 0F 00 02 0C 00 00 00  mN1nscLgq.......
00000180: 00 0F 00 03 0C 00 00 00  01 0B 00 01 00 00 00 1B  ................
00000190: 68 74 74 70 3A 2F 2F 73  68 6F 72 74 2D 75 72 6C  http://short-url
000001A0: 2F 7A 6D 4E 31 6E 73 63  4C 67 71 0B 00 02 00 00  /zmN1nscLgq.....
000001B0: 00 47 68 74 74 70 3A 2F  2F 34 39 39 42 38 54 4C  .Ghttp://499B8TL
000001C0: 62 35 67 53 67 54 64 50  50 67 44 70 32 39 54 32  b5gSgTdPPgDp29T2
000001D0: 76 79 45 56 6C 6B 76 73  45 39 78 78 6E 58 46 73  vyEVlkvsE9xxnXFs
000001E0: 55 6B 46 7A 42 6B 37 54  54 77 65 36 64 35 6F 47  UkFzBk7TTwe6d5oG
000001F0: 41 6A 77 6D 70 76 70 6B  31 00 00 00              Ajwmpvpk1...
====
STREAM PID 40027.0xffff948328f80b00 (C) > 40016.0xffff9482c72c0b00 (S), length 713
command[40027]: b'./src/ComposePostService/ComposePostService'
command[40016]: b'./cmake-build/src/TextService/TextService'
----
00000000: 00 00 02 C5 80 01 00 01  00 00 00 0B 43 6F 6D 70  ............Comp
00000010: 6F 73 65 54 65 78 74 00  00 00 00 0A 00 01 01 0A  oseText.........
00000020: E8 31 63 7F DB F0 0B 00  02 00 00 02 92 73 6C 63  .1c..........slc
00000030: 72 41 4E 56 6D 51 6C 78  77 6C 65 6D 6C 6E 30 54  rANVmQlxwlemln0T
00000040: 45 55 54 35 62 66 66 66  41 78 4F 68 70 4C 71 77  EUT5bfffAxOhpLqw
00000050: 46 53 50 77 4A 68 58 6F  37 53 62 41 62 46 73 38  FSPwJhXo7SbAbFs8
00000060: 73 4C 50 74 69 4A 5A 53  50 41 39 6C 48 36 63 55  sLPtiJZSPA9lH6cU
00000070: 66 51 37 4C 42 52 38 47  56 67 44 4F 71 30 67 62  fQ7LBR8GVgDOq0gb
00000080: 4A 62 59 53 6A 44 4C 33  58 55 52 56 69 71 6F 76  JbYSjDL3XURViqov
00000090: 72 43 6A 33 4A 54 71 43  35 61 34 33 7A 6D 46 36  rCj3JTqC5a43zmF6
000000A0: 59 68 73 67 67 69 37 33  64 75 6D 50 70 72 34 6F  Yhsggi73dumPpr4o
000000B0: 41 46 75 74 32 36 4F 6E  58 30 4A 68 52 63 68 64  AFut26OnX0JhRchd
000000C0: 64 6C 30 46 52 6C 42 5A  4F 56 6B 53 76 74 6A 59  dl0FRlBZOVkSvtjY
000000D0: 59 4F 7A 75 37 53 6E 69  7A 42 51 38 79 33 4B 34  YOzu7SnizBQ8y3K4
000000E0: 7A 51 57 5A 75 50 6F 39  50 41 47 4C 72 57 53 48  zQWZuPo9PAGLrWSH
000000F0: 34 72 42 32 4A 71 4B 52  31 6E 7A 34 39 66 66 72  4rB2JqKR1nz49ffr
00000100: 78 6A 5A 42 46 54 79 50  6A 33 41 69 78 37 73 4E  xjZBFTyPj3Aix7sN
00000110: 61 33 43 50 79 68 62 57  51 56 46 5A 4F 67 52 50  a3CPyhbWQVFZOgRP
00000120: 6C 68 70 68 66 42 35 78  41 43 6F 46 42 20 40 75  lhphfB5xACoFB @u
00000130: 73 65 72 6E 61 6D 65 5F  35 34 31 20 40 75 73 65  sername_541 @use
00000140: 72 6E 61 6D 65 5F 37 30  30 20 40 75 73 65 72 6E  rname_700 @usern
00000150: 61 6D 65 5F 38 32 31 20  68 74 74 70 3A 2F 2F 48  ame_821 http://H
00000160: 42 58 58 4A 73 45 35 59  4B 4B 59 64 6C 64 7A 63  BXXJsE5YKKYdldzc
00000170: 56 41 5A 4D 68 45 52 36  6C 31 44 72 76 70 63 4A  VAZMhER6l1DrvpcJ
00000180: 4C 4F 69 39 77 49 6C 44  4E 55 72 50 42 31 75 56  LOi9wIlDNUrPB1uV
00000190: 4A 58 74 66 34 4C 76 62  65 4B 36 33 54 30 59 20  JXtf4LvbeK63T0Y 
000001A0: 68 74 74 70 3A 2F 2F 52  45 69 6F 4F 66 47 76 53  http://REioOfGvS
000001B0: 6A 70 61 4A 73 7A 53 6B  57 6B 4C 77 63 4F 39 31  jpaJszSkWkLwcO91
000001C0: 77 47 78 30 66 30 33 7A  52 48 32 53 30 4F 53 45  wGx0f03zRH2S0OSE
000001D0: 36 34 37 6D 34 75 57 46  75 76 59 75 75 68 30 56  647m4uWFuvYuuh0V
000001E0: 47 59 78 6E 38 6B 41 20  68 74 74 70 3A 2F 2F 6C  GYxn8kA http://l
000001F0: 58 51 59 35 53 47 58 68  47 56 79 68 7A 54 6C 74  XQY5SGXhGVyhzTlt
00000200: 38 30 58 77 64 78 75 65  38 6A 38 78 4E 62 53 59  80Xwdxue8j8xNbSY
00000210: 45 4C 6F 55 45 59 47 56  54 7A 6B 51 39 61 4B 4C  ELoUEYGVTzkQ9aKL
00000220: 75 68 49 6D 71 47 63 73  75 4C 4F 78 30 78 6C 20  uhImqGcsuLOx0xl 
00000230: 68 74 74 70 3A 2F 2F 52  71 35 38 6C 39 62 38 71  http://Rq58l9b8q
00000240: 4B 30 4C 57 54 63 4D 58  76 56 54 58 6F 30 64 70  K0LWTcMXvVTXo0dp
00000250: 36 62 4B 52 49 48 6F 46  68 5A 6E 73 67 79 74 6F  6bKRIHoFhZnsgyto
00000260: 70 79 62 39 44 6C 71 74  43 63 64 74 46 62 39 43  pyb9DlqtCcdtFb9C
00000270: 30 37 6F 4B 36 72 51 20  68 74 74 70 3A 2F 2F 55  07oK6rQ http://U
00000280: 72 78 5A 45 46 58 35 34  41 45 66 44 33 44 72 5A  rxZEFX54AEfD3DrZ
00000290: 35 47 46 65 59 42 41 51  49 35 4E 44 6B 61 34 71  5GFeYBAQI5NDka4q
000002A0: 78 32 4E 70 55 6B 38 63  74 52 6E 6D 41 33 33 54  x2NpUk8ctRnmA33T
000002B0: 64 6C 58 59 58 35 57 63  47 63 56 4D 36 35 47 0D  dlXYX5WcGcVM65G.
000002C0: 00 03 0B 0B 00 00 00 00  00                       .........
====
STREAM PID 40016.0xffff9482c72c0b00 (S) > 40027.0xffff948328f80b00 (C), length 1058
command[40016]: b'./cmake-build/src/TextService/TextService'
command[40027]: b'./src/ComposePostService/ComposePostService'
----
00000000: 00 00 04 1E 80 01 00 02  00 00 00 0B 43 6F 6D 70  ............Comp
00000010: 6F 73 65 54 65 78 74 00  00 00 00 0C 00 00 0B 00  oseText.........
00000020: 01 00 00 01 B6 73 6C 63  72 41 4E 56 6D 51 6C 78  .....slcrANVmQlx
00000030: 77 6C 65 6D 6C 6E 30 54  45 55 54 35 62 66 66 66  wlemln0TEUT5bfff
00000040: 41 78 4F 68 70 4C 71 77  46 53 50 77 4A 68 58 6F  AxOhpLqwFSPwJhXo
00000050: 37 53 62 41 62 46 73 38  73 4C 50 74 69 4A 5A 53  7SbAbFs8sLPtiJZS
00000060: 50 41 39 6C 48 36 63 55  66 51 37 4C 42 52 38 47  PA9lH6cUfQ7LBR8G
00000070: 56 67 44 4F 71 30 67 62  4A 62 59 53 6A 44 4C 33  VgDOq0gbJbYSjDL3
00000080: 58 55 52 56 69 71 6F 76  72 43 6A 33 4A 54 71 43  XURViqovrCj3JTqC
00000090: 35 61 34 33 7A 6D 46 36  59 68 73 67 67 69 37 33  5a43zmF6Yhsggi73
000000A0: 64 75 6D 50 70 72 34 6F  41 46 75 74 32 36 4F 6E  dumPpr4oAFut26On
000000B0: 58 30 4A 68 52 63 68 64  64 6C 30 46 52 6C 42 5A  X0JhRchddl0FRlBZ
000000C0: 4F 56 6B 53 76 74 6A 59  59 4F 7A 75 37 53 6E 69  OVkSvtjYYOzu7Sni
000000D0: 7A 42 51 38 79 33 4B 34  7A 51 57 5A 75 50 6F 39  zBQ8y3K4zQWZuPo9
000000E0: 50 41 47 4C 72 57 53 48  34 72 42 32 4A 71 4B 52  PAGLrWSH4rB2JqKR
000000F0: 31 6E 7A 34 39 66 66 72  78 6A 5A 42 46 54 79 50  1nz49ffrxjZBFTyP
00000100: 6A 33 41 69 78 37 73 4E  61 33 43 50 79 68 62 57  j3Aix7sNa3CPyhbW
00000110: 51 56 46 5A 4F 67 52 50  6C 68 70 68 66 42 35 78  QVFZOgRPlhphfB5x
00000120: 41 43 6F 46 42 20 40 75  73 65 72 6E 61 6D 65 5F  ACoFB @username_
00000130: 35 34 31 20 40 75 73 65  72 6E 61 6D 65 5F 37 30  541 @username_70
00000140: 30 20 40 75 73 65 72 6E  61 6D 65 5F 38 32 31 20  0 @username_821 
00000150: 68 74 74 70 3A 2F 2F 73  68 6F 72 74 2D 75 72 6C  http://short-url
00000160: 2F 5A 69 6D 73 6C 38 76  72 75 79 20 68 74 74 70  /Zimsl8vruy http
00000170: 3A 2F 2F 73 68 6F 72 74  2D 75 72 6C 2F 77 6B 76  ://short-url/wkv
00000180: 43 73 61 69 61 54 63 20  68 74 74 70 3A 2F 2F 73  CsaiaTc http://s
00000190: 68 6F 72 74 2D 75 72 6C  2F 57 6C 73 68 62 79 33  hort-url/Wlshby3
000001A0: 43 4A 68 20 68 74 74 70  3A 2F 2F 73 68 6F 72 74  CJh http://short
000001B0: 2D 75 72 6C 2F 47 48 49  78 41 51 42 42 70 68 20  -url/GHIxAQBBph 
000001C0: 68 74 74 70 3A 2F 2F 73  68 6F 72 74 2D 75 72 6C  http://short-url
000001D0: 2F 61 52 75 45 38 68 78  6E 45 72 0F 00 02 0C 00  /aRuE8hxnEr.....
000001E0: 00 00 00 0F 00 03 0C 00  00 00 05 0B 00 01 00 00  ................
000001F0: 00 1B 68 74 74 70 3A 2F  2F 73 68 6F 72 74 2D 75  ..http://short-u
00000200: 72 6C 2F 5A 69 6D 73 6C  38 76 72 75 79 0B 00 02  rl/Zimsl8vruy...
00000210: 00 00 00 47 68 74 74 70  3A 2F 2F 48 42 58 58 4A  ...Ghttp://HBXXJ
00000220: 73 45 35 59 4B 4B 59 64  6C 64 7A 63 56 41 5A 4D  sE5YKKYdldzcVAZM
00000230: 68 45 52 36 6C 31 44 72  76 70 63 4A 4C 4F 69 39  hER6l1DrvpcJLOi9
00000240: 77 49 6C 44 4E 55 72 50  42 31 75 56 4A 58 74 66  wIlDNUrPB1uVJXtf
00000250: 34 4C 76 62 65 4B 36 33  54 30 59 00 0B 00 01 00  4LvbeK63T0Y.....
00000260: 00 00 1B 68 74 74 70 3A  2F 2F 73 68 6F 72 74 2D  ...http://short-
00000270: 75 72 6C 2F 77 6B 76 43  73 61 69 61 54 63 0B 00  url/wkvCsaiaTc..
00000280: 02 00 00 00 47 68 74 74  70 3A 2F 2F 52 45 69 6F  ....Ghttp://REio
00000290: 4F 66 47 76 53 6A 70 61  4A 73 7A 53 6B 57 6B 4C  OfGvSjpaJszSkWkL
000002A0: 77 63 4F 39 31 77 47 78  30 66 30 33 7A 52 48 32  wcO91wGx0f03zRH2
000002B0: 53 30 4F 53 45 36 34 37  6D 34 75 57 46 75 76 59  S0OSE647m4uWFuvY
000002C0: 75 75 68 30 56 47 59 78  6E 38 6B 41 00 0B 00 01  uuh0VGYxn8kA....
000002D0: 00 00 00 1B 68 74 74 70  3A 2F 2F 73 68 6F 72 74  ....http://short
000002E0: 2D 75 72 6C 2F 57 6C 73  68 62 79 33 43 4A 68 0B  -url/Wlshby3CJh.
000002F0: 00 02 00 00 00 47 68 74  74 70 3A 2F 2F 6C 58 51  .....Ghttp://lXQ
00000300: 59 35 53 47 58 68 47 56  79 68 7A 54 6C 74 38 30  Y5SGXhGVyhzTlt80
00000310: 58 77 64 78 75 65 38 6A  38 78 4E 62 53 59 45 4C  Xwdxue8j8xNbSYEL
00000320: 6F 55 45 59 47 56 54 7A  6B 51 39 61 4B 4C 75 68  oUEYGVTzkQ9aKLuh
00000330: 49 6D 71 47 63 73 75 4C  4F 78 30 78 6C 00 0B 00  ImqGcsuLOx0xl...
00000340: 01 00 00 00 1B 68 74 74  70 3A 2F 2F 73 68 6F 72  .....http://shor
00000350: 74 2D 75 72 6C 2F 47 48  49 78 41 51 42 42 70 68  t-url/GHIxAQBBph
00000360: 0B 00 02 00 00 00 47 68  74 74 70 3A 2F 2F 52 71  ......Ghttp://Rq
00000370: 35 38 6C 39 62 38 71 4B  30 4C 57 54 63 4D 58 76  58l9b8qK0LWTcMXv
00000380: 56 54 58 6F 30 64 70 36  62 4B 52 49 48 6F 46 68  VTXo0dp6bKRIHoFh
00000390: 5A 6E 73 67 79 74 6F 70  79 62 39 44 6C 71 74 43  Znsgytopyb9DlqtC
000003A0: 63 64 74 46 62 39 43 30  37 6F 4B 36 72 51 00 0B  cdtFb9C07oK6rQ..
000003B0: 00 01 00 00 00 1B 68 74  74 70 3A 2F 2F 73 68 6F  ......http://sho
000003C0: 72 74 2D 75 72 6C 2F 61  52 75 45 38 68 78 6E 45  rt-url/aRuE8hxnE
000003D0: 72 0B 00 02 00 00 00 47  68 74 74 70 3A 2F 2F 55  r......Ghttp://U
000003E0: 72 78 5A 45 46 58 35 34  41 45 66 44 33 44 72 5A  rxZEFX54AEfD3DrZ
000003F0: 35 47 46 65 59 42 41 51  49 35 4E 44 6B 61 34 71  5GFeYBAQI5NDka4q
00000400: 78 32 4E 70 55 6B 38 63  74 52 6E 6D 41 33 33 54  x2NpUk8ctRnmA33T
00000410: 64 6C 58 59 58 35 57 63  47 63 56 4D 36 35 47 00  dlXYX5WcGcVM65G.
00000420: 00 00                                             ..
====
STREAM PID 40027.0xffff948328f80b00 (C) > 40016.0xffff9482c72c0b00 (S), length 483
command[40027]: b'./src/ComposePostService/ComposePostService'
command[40016]: b'./cmake-build/src/TextService/TextService'
----
00000000: 00 00 01 DF 80 01 00 01  00 00 00 0B 43 6F 6D 70  ............Comp
00000010: 6F 73 65 54 65 78 74 00  00 00 00 0A 00 01 0C 78  oseText........x
00000020: 7B 5F 53 53 92 00 0B 00  02 00 00 01 AC 77 55 59  {_SS.........wUY
00000030: 4D 75 38 5A 44 64 4C 7A  33 62 4B 64 77 4E 70 66  Mu8ZDdLz3bKdwNpf
00000040: 6E 38 37 43 6F 54 77 78  7A 55 4D 48 47 6D 63 56  n87CoTwxzUMHGmcV
00000050: 72 74 79 67 4C 55 52 78  35 39 39 65 61 31 76 46  rtygLURx599ea1vF
00000060: 70 68 6D 67 79 30 32 63  6D 68 69 72 4C 42 39 57  phmgy02cmhirLB9W
00000070: 50 59 54 4D 55 35 61 65  63 59 53 44 52 63 37 78  PYTMU5aecYSDRc7x
00000080: 42 68 30 78 74 4A 75 47  66 50 4C 34 5A 71 6F 31  Bh0xtJuGfPL4Zqo1
00000090: 59 70 65 75 4A 7A 41 55  72 43 33 65 73 6E 61 6D  YpeuJzAUrC3esnam
000000A0: 41 4D 67 4E 35 55 47 38  44 69 59 32 53 63 64 69  AMgN5UG8DiY2Scdi
000000B0: 57 31 33 4B 78 66 6F 67  64 6E 43 65 46 6D 46 68  W13KxfogdnCeFmFh
000000C0: 53 4C 4D 6C 30 50 74 71  4F 53 49 6D 72 45 72 52  SLMl0PtqOSImrErR
000000D0: 4A 38 57 76 56 77 42 53  6E 39 77 56 46 56 52 67  J8WvVwBSn9wVFVRg
000000E0: 6E 56 31 4B 38 4A 52 61  4B 66 6F 79 6A 6E 6A 32  nV1K8JRaKfoyjnj2
000000F0: 42 34 30 4D 67 47 43 7A  77 4D 34 58 47 48 41 56  B40MgGCzwM4XGHAV
00000100: 42 4C 76 74 30 78 44 56  73 64 4D 78 4A 49 33 73  BLvt0xDVsdMxJI3s
00000110: 46 6C 51 6F 61 4F 39 67  72 79 7A 34 6B 6D 4B 65  FlQoaO9gryz4kmKe
00000120: 66 62 59 69 41 37 66 5A  6D 61 63 46 43 20 40 75  fbYiA7fZmacFC @u
00000130: 73 65 72 6E 61 6D 65 5F  39 34 33 20 40 75 73 65  sername_943 @use
00000140: 72 6E 61 6D 65 5F 37 37  33 20 68 74 74 70 3A 2F  rname_773 http:/
00000150: 2F 32 6A 58 6F 59 54 59  52 61 63 73 4A 5A 73 6A  /2jXoYTYRacsJZsj
00000160: 61 37 74 74 64 6D 4C 68  36 55 33 6E 61 69 72 55  a7ttdmLh6U3nairU
00000170: 49 74 7A 55 47 4E 53 6A  64 30 51 57 54 49 4E 66  ItzUGNSjd0QWTINf
00000180: 42 31 32 59 4A 57 71 35  38 4C 37 6F 4D 31 49 73  B12YJWq58L7oM1Is
00000190: 78 20 68 74 74 70 3A 2F  2F 4F 34 58 33 37 74 61  x http://O4X37ta
000001A0: 6C 43 71 54 72 55 79 71  69 51 56 66 4A 75 42 68  lCqTrUyqiQVfJuBh
000001B0: 64 6B 57 59 6C 6C 36 6B  72 4B 5A 72 45 63 42 47  dkWYll6krKZrEcBG
000001C0: 39 53 36 52 5A 6D 67 33  57 43 51 6B 4D 69 78 41  9S6RZmg3WCQkMixA
000001D0: 67 49 56 4B 67 39 42 55  39 0D 00 03 0B 0B 00 00  gIVKg9BU9.......
000001E0: 00 00 00                                          ...
====
STREAM PID 40016.0xffff9482c72c0b00 (S) > 40027.0xffff948328f80b00 (C), length 621
command[40016]: b'./cmake-build/src/TextService/TextService'
command[40027]: b'./src/ComposePostService/ComposePostService'
----
00000000: 00 00 02 69 80 01 00 02  00 00 00 0B 43 6F 6D 70  ...i........Comp
00000010: 6F 73 65 54 65 78 74 00  00 00 00 0C 00 00 0B 00  oseText.........
00000020: 01 00 00 01 54 77 55 59  4D 75 38 5A 44 64 4C 7A  ....TwUYMu8ZDdLz
00000030: 33 62 4B 64 77 4E 70 66  6E 38 37 43 6F 54 77 78  3bKdwNpfn87CoTwx
00000040: 7A 55 4D 48 47 6D 63 56  72 74 79 67 4C 55 52 78  zUMHGmcVrtygLURx
00000050: 35 39 39 65 61 31 76 46  70 68 6D 67 79 30 32 63  599ea1vFphmgy02c
00000060: 6D 68 69 72 4C 42 39 57  50 59 54 4D 55 35 61 65  mhirLB9WPYTMU5ae
00000070: 63 59 53 44 52 63 37 78  42 68 30 78 74 4A 75 47  cYSDRc7xBh0xtJuG
00000080: 66 50 4C 34 5A 71 6F 31  59 70 65 75 4A 7A 41 55  fPL4Zqo1YpeuJzAU
00000090: 72 43 33 65 73 6E 61 6D  41 4D 67 4E 35 55 47 38  rC3esnamAMgN5UG8
000000A0: 44 69 59 32 53 63 64 69  57 31 33 4B 78 66 6F 67  DiY2ScdiW13Kxfog
000000B0: 64 6E 43 65 46 6D 46 68  53 4C 4D 6C 30 50 74 71  dnCeFmFhSLMl0Ptq
000000C0: 4F 53 49 6D 72 45 72 52  4A 38 57 76 56 77 42 53  OSImrErRJ8WvVwBS
000000D0: 6E 39 77 56 46 56 52 67  6E 56 31 4B 38 4A 52 61  n9wVFVRgnV1K8JRa
000000E0: 4B 66 6F 79 6A 6E 6A 32  42 34 30 4D 67 47 43 7A  Kfoyjnj2B40MgGCz
000000F0: 77 4D 34 58 47 48 41 56  42 4C 76 74 30 78 44 56  wM4XGHAVBLvt0xDV
00000100: 73 64 4D 78 4A 49 33 73  46 6C 51 6F 61 4F 39 67  sdMxJI3sFlQoaO9g
00000110: 72 79 7A 34 6B 6D 4B 65  66 62 59 69 41 37 66 5A  ryz4kmKefbYiA7fZ
00000120: 6D 61 63 46 43 20 40 75  73 65 72 6E 61 6D 65 5F  macFC @username_
00000130: 39 34 33 20 40 75 73 65  72 6E 61 6D 65 5F 37 37  943 @username_77
00000140: 33 20 68 74 74 70 3A 2F  2F 73 68 6F 72 74 2D 75  3 http://short-u
00000150: 72 6C 2F 64 51 53 59 51  7A 64 55 4F 76 20 68 74  rl/dQSYQzdUOv ht
00000160: 74 70 3A 2F 2F 73 68 6F  72 74 2D 75 72 6C 2F 34  tp://short-url/4
00000170: 30 56 30 34 4B 6F 62 59  69 0F 00 02 0C 00 00 00  0V04KobYi.......
00000180: 00 0F 00 03 0C 00 00 00  02 0B 00 01 00 00 00 1B  ................
00000190: 68 74 74 70 3A 2F 2F 73  68 6F 72 74 2D 75 72 6C  http://short-url
000001A0: 2F 64 51 53 59 51 7A 64  55 4F 76 0B 00 02 00 00  /dQSYQzdUOv.....
000001B0: 00 47 68 74 74 70 3A 2F  2F 32 6A 58 6F 59 54 59  .Ghttp://2jXoYTY
000001C0: 52 61 63 73 4A 5A 73 6A  61 37 74 74 64 6D 4C 68  RacsJZsja7ttdmLh
000001D0: 36 55 33 6E 61 69 72 55  49 74 7A 55 47 4E 53 6A  6U3nairUItzUGNSj
000001E0: 64 30 51 57 54 49 4E 66  42 31 32 59 4A 57 71 35  d0QWTINfB12YJWq5
000001F0: 38 4C 37 6F 4D 31 49 73  78 00 0B 00 01 00 00 00  8L7oM1Isx.......
00000200: 1B 68 74 74 70 3A 2F 2F  73 68 6F 72 74 2D 75 72  .http://short-ur
00000210: 6C 2F 34 30 56 30 34 4B  6F 62 59 69 0B 00 02 00  l/40V04KobYi....
00000220: 00 00 47 68 74 74 70 3A  2F 2F 4F 34 58 33 37 74  ..Ghttp://O4X37t
00000230: 61 6C 43 71 54 72 55 79  71 69 51 56 66 4A 75 42  alCqTrUyqiQVfJuB
00000240: 68 64 6B 57 59 6C 6C 36  6B 72 4B 5A 72 45 63 42  hdkWYll6krKZrEcB
00000250: 47 39 53 36 52 5A 6D 67  33 57 43 51 6B 4D 69 78  G9S6RZmg3WCQkMix
00000260: 41 67 49 56 4B 67 39 42  55 39 00 00 00           AgIVKg9BU9...
====
STREAM PID 40027.0xffff948328f80b00 (C) > 40016.0xffff9482c72c0b00 (S), length 527
command[40027]: b'./src/ComposePostService/ComposePostService'
command[40016]: b'./cmake-build/src/TextService/TextService'
----
00000000: 00 00 02 0B 80 01 00 01  00 00 00 0B 43 6F 6D 70  ............Comp
00000010: 6F 73 65 54 65 78 74 00  00 00 00 0A 00 01 0A EB  oseText.........
00000020: 39 10 5E C6 97 80 0B 00  02 00 00 01 D8 64 75 6D  9.^..........dum
00000030: 4E 42 55 67 31 4F 72 30  31 48 43 56 66 41 74 55  NBUg1Or01HCVfAtU
00000040: 4A 59 4A 57 4F 45 6B 36  42 37 79 48 71 6E 42 37  JYJWOEk6B7yHqnB7
00000050: 72 6D 41 44 64 7A 68 35  4E 65 78 42 65 61 69 50  rmADdzh5NexBeaiP
00000060: 6F 68 49 33 63 69 55 6B  65 70 4B 4B 7A 44 52 74  ohI3ciUkepKKzDRt
00000070: 5A 49 33 66 53 62 7A 62  6B 64 6A 56 65 32 77 63  ZI3fSbzbkdjVe2wc
00000080: 6B 73 4C 61 69 47 6C 78  45 4C 46 4B 30 54 45 57  ksLaiGlxELFK0TEW
00000090: 41 79 56 6D 58 37 33 37  70 54 36 6A 49 72 43 7A  AyVmX737pT6jIrCz
000000A0: 52 70 43 50 7A 5A 61 47  6F 34 4E 43 52 41 4B 6D  RpCPzZaGo4NCRAKm
000000B0: 74 75 62 55 6D 64 68 51  58 73 33 38 6D 6C 75 7A  tubUmdhQXs38mluz
000000C0: 39 52 35 6B 6B 7A 43 75  56 4C 41 54 63 57 43 7A  9R5kkzCuVLATcWCz
000000D0: 63 61 54 70 58 70 63 68  48 62 6E 75 54 79 36 71  caTpXpchHbnuTy6q
000000E0: 43 58 79 75 71 71 6B 48  61 38 57 64 71 78 6B 6C  CXyuqqkHa8Wdqxkl
000000F0: 44 44 61 73 39 59 68 74  65 41 78 31 59 77 75 66  DDas9YhteAx1Ywuf
00000100: 32 45 42 54 52 50 6F 37  77 67 71 73 79 45 53 49  2EBTRPo7wgqsyESI
00000110: 51 6D 76 66 69 77 79 43  77 72 54 4E 71 52 71 37  QmvfiwyCwrTNqRq7
00000120: 53 34 30 50 61 33 7A 41  63 59 39 77 71 20 68 74  S40Pa3zAcY9wq ht
00000130: 74 70 3A 2F 2F 76 56 4D  45 75 62 6E 6E 58 6C 74  tp://vVMEubnnXlt
00000140: 66 47 4B 77 79 6B 78 43  41 6D 6D 34 58 61 68 32  fGKwykxCAmm4Xah2
00000150: 58 7A 71 41 64 63 38 73  50 44 43 78 34 56 45 6C  XzqAdc8sPDCx4VEl
00000160: 4F 4F 4E 72 6E 32 69 77  42 56 33 51 57 38 62 30  OONrn2iwBV3QW8b0
00000170: 61 76 6A 59 75 20 68 74  74 70 3A 2F 2F 30 7A 62  avjYu http://0zb
00000180: 4B 6D 71 4C 57 65 6D 71  62 67 57 4D 57 6C 6E 78  KmqLWemqbgWMWlnx
00000190: 79 7A 37 59 58 53 6C 37  35 72 61 31 67 41 68 41  yz7YXSl75ra1gAhA
000001A0: 49 38 52 6A 48 42 6F 54  36 47 48 68 41 38 75 4F  I8RjHBoT6GHhA8uO
000001B0: 74 48 78 43 30 7A 58 4A  32 73 6D 33 6B 20 68 74  tHxC0zXJ2sm3k ht
000001C0: 74 70 3A 2F 2F 6A 69 6B  79 63 30 71 64 64 6A 64  tp://jikyc0qddjd
000001D0: 4F 55 50 59 76 50 78 75  7A 6B 64 7A 65 49 53 44  OUPYvPxuzkdzeISD
000001E0: 57 39 6B 64 39 33 71 4C  35 6E 48 4D 76 51 33 67  W9kd93qL5nHMvQ3g
000001F0: 74 6C 62 4D 6A 42 4D 49  78 36 72 4B 6B 70 64 70  tlbMjBMIx6rKkpdp
00000200: 41 4E 74 48 79 0D 00 03  0B 0B 00 00 00 00 00     ANtHy..........
====
STREAM PID 40016.0xffff9482c72c0b00 (S) > 40027.0xffff948328f80b00 (C), length 734
command[40016]: b'./cmake-build/src/TextService/TextService'
command[40027]: b'./src/ComposePostService/ComposePostService'
----
00000000: 00 00 02 DA 80 01 00 02  00 00 00 0B 43 6F 6D 70  ............Comp
00000010: 6F 73 65 54 65 78 74 00  00 00 00 0C 00 00 0B 00  oseText.........
00000020: 01 00 00 01 54 64 75 6D  4E 42 55 67 31 4F 72 30  ....TdumNBUg1Or0
00000030: 31 48 43 56 66 41 74 55  4A 59 4A 57 4F 45 6B 36  1HCVfAtUJYJWOEk6
00000040: 42 37 79 48 71 6E 42 37  72 6D 41 44 64 7A 68 35  B7yHqnB7rmADdzh5
00000050: 4E 65 78 42 65 61 69 50  6F 68 49 33 63 69 55 6B  NexBeaiPohI3ciUk
00000060: 65 70 4B 4B 7A 44 52 74  5A 49 33 66 53 62 7A 62  epKKzDRtZI3fSbzb
00000070: 6B 64 6A 56 65 32 77 63  6B 73 4C 61 69 47 6C 78  kdjVe2wcksLaiGlx
00000080: 45 4C 46 4B 30 54 45 57  41 79 56 6D 58 37 33 37  ELFK0TEWAyVmX737
00000090: 70 54 36 6A 49 72 43 7A  52 70 43 50 7A 5A 61 47  pT6jIrCzRpCPzZaG
000000A0: 6F 34 4E 43 52 41 4B 6D  74 75 62 55 6D 64 68 51  o4NCRAKmtubUmdhQ
000000B0: 58 73 33 38 6D 6C 75 7A  39 52 35 6B 6B 7A 43 75  Xs38mluz9R5kkzCu
000000C0: 56 4C 41 54 63 57 43 7A  63 61 54 70 58 70 63 68  VLATcWCzcaTpXpch
000000D0: 48 62 6E 75 54 79 36 71  43 58 79 75 71 71 6B 48  HbnuTy6qCXyuqqkH
000000E0: 61 38 57 64 71 78 6B 6C  44 44 61 73 39 59 68 74  a8WdqxklDDas9Yht
000000F0: 65 41 78 31 59 77 75 66  32 45 42 54 52 50 6F 37  eAx1Ywuf2EBTRPo7
00000100: 77 67 71 73 79 45 53 49  51 6D 76 66 69 77 79 43  wgqsyESIQmvfiwyC
00000110: 77 72 54 4E 71 52 71 37  53 34 30 50 61 33 7A 41  wrTNqRq7S40Pa3zA
00000120: 63 59 39 77 71 20 68 74  74 70 3A 2F 2F 73 68 6F  cY9wq http://sho
00000130: 72 74 2D 75 72 6C 2F 54  71 4E 6F 4F 77 69 4E 41  rt-url/TqNoOwiNA
00000140: 54 20 68 74 74 70 3A 2F  2F 73 68 6F 72 74 2D 75  T http://short-u
00000150: 72 6C 2F 68 66 66 52 64  72 31 74 55 49 20 68 74  rl/hffRdr1tUI ht
00000160: 74 70 3A 2F 2F 73 68 6F  72 74 2D 75 72 6C 2F 30  tp://short-url/0
00000170: 55 32 44 6F 31 41 74 71  72 0F 00 02 0C 00 00 00  U2Do1Atqr.......
00000180: 00 0F 00 03 0C 00 00 00  03 0B 00 01 00 00 00 1B  ................
00000190: 68 74 74 70 3A 2F 2F 73  68 6F 72 74 2D 75 72 6C  http://short-url
000001A0: 2F 54 71 4E 6F 4F 77 69  4E 41 54 0B 00 02 00 00  /TqNoOwiNAT.....
000001B0: 00 47 68 74 74 70 3A 2F  2F 76 56 4D 45 75 62 6E  .Ghttp://vVMEubn
000001C0: 6E 58 6C 74 66 47 4B 77  79 6B 78 43 41 6D 6D 34  nXltfGKwykxCAmm4
000001D0: 58 61 68 32 58 7A 71 41  64 63 38 73 50 44 43 78  Xah2XzqAdc8sPDCx
000001E0: 34 56 45 6C 4F 4F 4E 72  6E 32 69 77 42 56 33 51  4VElOONrn2iwBV3Q
000001F0: 57 38 62 30 61 76 6A 59  75 00 0B 00 01 00 00 00  W8b0avjYu.......
00000200: 1B 68 74 74 70 3A 2F 2F  73 68 6F 72 74 2D 75 72  .http://short-ur
00000210: 6C 2F 68 66 66 52 64 72  31 74 55 49 0B 00 02 00  l/hffRdr1tUI....
00000220: 00 00 47 68 74 74 70 3A  2F 2F 30 7A 62 4B 6D 71  ..Ghttp://0zbKmq
00000230: 4C 57 65 6D 71 62 67 57  4D 57 6C 6E 78 79 7A 37  LWemqbgWMWlnxyz7
00000240: 59 58 53 6C 37 35 72 61  31 67 41 68 41 49 38 52  YXSl75ra1gAhAI8R
00000250: 6A 48 42 6F 54 36 47 48  68 41 38 75 4F 74 48 78  jHBoT6GHhA8uOtHx
00000260: 43 30 7A 58 4A 32 73 6D  33 6B 00 0B 00 01 00 00  C0zXJ2sm3k......
00000270: 00 1B 68 74 74 70 3A 2F  2F 73 68 6F 72 74 2D 75  ..http://short-u
00000280: 72 6C 2F 30 55 32 44 6F  31 41 74 71 72 0B 00 02  rl/0U2Do1Atqr...
00000290: 00 00 00 47 68 74 74 70  3A 2F 2F 6A 69 6B 79 63  ...Ghttp://jikyc
000002A0: 30 71 64 64 6A 64 4F 55  50 59 76 50 78 75 7A 6B  0qddjdOUPYvPxuzk
000002B0: 64 7A 65 49 53 44 57 39  6B 64 39 33 71 4C 35 6E  dzeISDW9kd93qL5n
000002C0: 48 4D 76 51 33 67 74 6C  62 4D 6A 42 4D 49 78 36  HMvQ3gtlbMjBMIx6
000002D0: 72 4B 6B 70 64 70 41 4E  74 48 79 00 00 00        rKkpdpANtHy...
====
STREAM PID 40027.0xffff948328f80b00 (C) > 40016.0xffff9482c72c0b00 (S), length 599
command[40027]: b'./src/ComposePostService/ComposePostService'
command[40016]: b'./cmake-build/src/TextService/TextService'
----
00000000: 00 00 02 53 80 01 00 01  00 00 00 0B 43 6F 6D 70  ...S........Comp
00000010: 6F 73 65 54 65 78 74 00  00 00 00 0A 00 01 04 0B  oseText.........
00000020: 88 84 27 19 70 80 0B 00  02 00 00 02 20 74 46 38  ..'.p....... tF8
00000030: 56 43 6C 30 35 4C 64 57  54 54 50 4D 34 65 59 6C  VCl05LdWTTPM4eYl
00000040: 4E 73 39 6D 6A 78 61 70  58 61 4D 38 68 43 64 5A  Ns9mjxapXaM8hCdZ
00000050: 6A 69 43 7A 42 6D 43 6D  51 32 65 64 54 4F 50 63  jiCzBmCmQ2edTOPc
00000060: 56 73 33 57 73 34 49 70  77 51 59 32 69 69 77 76  Vs3Ws4IpwQY2iiwv
00000070: 77 6B 34 72 52 41 69 53  54 46 6E 48 4F 6D 41 64  wk4rRAiSTFnHOmAd
00000080: 63 4B 46 35 43 5A 79 4F  64 36 4C 4B 36 6F 63 69  cKF5CZyOd6LK6oci
00000090: 51 4A 52 45 4F 61 52 53  41 59 51 58 78 39 33 61  QJREOaRSAYQXx93a
000000A0: 6C 51 4D 39 35 39 66 74  33 54 48 49 59 50 4F 58  lQM959ft3THIYPOX
000000B0: 78 71 68 38 44 36 4B 48  42 4E 69 6C 5A 6D 51 50  xqh8D6KHBNilZmQP
000000C0: 49 50 68 36 53 67 47 78  55 59 42 34 30 4D 33 6D  IPh6SgGxUYB40M3m
000000D0: 32 53 49 70 77 67 36 34  77 57 4B 4E 45 6D 4E 72  2SIpwg64wWKNEmNr
000000E0: 30 63 65 58 4E 63 61 4F  70 52 35 55 56 76 63 46  0ceXNcaOpR5UVvcF
000000F0: 53 33 5A 56 6D 32 55 37  72 74 63 75 66 44 59 4E  S3ZVm2U7rtcufDYN
00000100: 6C 75 53 4F 6B 53 6E 54  42 67 33 41 66 73 6D 49  luSOkSnTBg3AfsmI
00000110: 52 66 48 77 58 62 69 7A  6F 4C 4E 6F 71 78 45 53  RfHwXbizoLNoqxES
00000120: 6F 63 78 65 39 65 68 45  6B 45 6D 42 59 20 68 74  ocxe9ehEkEmBY ht
00000130: 74 70 3A 2F 2F 48 4D 76  4C 67 44 78 6C 32 64 43  tp://HMvLgDxl2dC
00000140: 53 39 77 75 36 70 65 4A  48 32 43 4D 43 6F 62 4C  S9wu6peJH2CMCobL
00000150: 4E 43 4D 33 79 4E 77 6E  30 48 72 69 69 34 79 4A  NCM3yNwn0Hrii4yJ
00000160: 53 71 34 34 4E 52 4E 44  6D 4F 78 59 32 59 45 62  Sq44NRNDmOxY2YEb
00000170: 30 6A 38 63 72 20 68 74  74 70 3A 2F 2F 39 64 64  0j8cr http://9dd
00000180: 54 52 78 4F 39 77 7A 55  4D 6C 4C 54 56 38 71 66  TRxO9wzUMlLTV8qf
00000190: 53 73 44 73 44 46 32 6B  66 38 67 6D 72 76 45 36  SsDsDF2kf8gmrvE6
000001A0: 41 67 47 5A 49 37 78 35  6D 4D 4D 69 6C 4F 33 42  AgGZI7x5mMMilO3B
000001B0: 70 50 74 34 77 33 6D 5A  57 42 32 33 6E 20 68 74  pPt4w3mZWB23n ht
000001C0: 74 70 3A 2F 2F 6D 32 52  74 6E 46 44 49 62 43 6A  tp://m2RtnFDIbCj
000001D0: 49 62 7A 73 78 33 44 4D  35 51 36 58 67 38 48 6E  Ibzsx3DM5Q6Xg8Hn
000001E0: 54 7A 41 4B 68 34 71 73  43 56 76 63 4B 62 45 77  TzAKh4qsCVvcKbEw
000001F0: 44 54 57 38 62 30 6D 45  34 32 6B 36 73 67 6B 56  DTW8b0mE42k6sgkV
00000200: 62 61 64 71 62 20 68 74  74 70 3A 2F 2F 70 57 4D  badqb http://pWM
00000210: 4C 4F 56 54 61 75 35 53  55 67 63 69 54 4D 41 33  LOVTau5SUgciTMA3
00000220: 56 50 5A 55 64 63 42 6A  41 4E 52 43 77 41 45 30  VPZUdcBjANRCwAE0
00000230: 71 6C 43 47 51 79 5A 66  74 69 44 68 30 56 4C 55  qlCGQyZftiDh0VLU
00000240: 4C 53 76 4B 31 72 78 36  50 74 67 72 74 0D 00 03  LSvK1rx6Ptgrt...
00000250: 0B 0B 00 00 00 00 00                              .......
====
STREAM PID 40016.0xffff9482c72c0b00 (S) > 40027.0xffff948328f80b00 (C), length 875
command[40016]: b'./cmake-build/src/TextService/TextService'
command[40027]: b'./src/ComposePostService/ComposePostService'
----
00000000: 00 00 03 67 80 01 00 02  00 00 00 0B 43 6F 6D 70  ...g........Comp
00000010: 6F 73 65 54 65 78 74 00  00 00 00 0C 00 00 0B 00  oseText.........
00000020: 01 00 00 01 70 74 46 38  56 43 6C 30 35 4C 64 57  ....ptF8VCl05LdW
00000030: 54 54 50 4D 34 65 59 6C  4E 73 39 6D 6A 78 61 70  TTPM4eYlNs9mjxap
00000040: 58 61 4D 38 68 43 64 5A  6A 69 43 7A 42 6D 43 6D  XaM8hCdZjiCzBmCm
00000050: 51 32 65 64 54 4F 50 63  56 73 33 57 73 34 49 70  Q2edTOPcVs3Ws4Ip
00000060: 77 51 59 32 69 69 77 76  77 6B 34 72 52 41 69 53  wQY2iiwvwk4rRAiS
00000070: 54 46 6E 48 4F 6D 41 64  63 4B 46 35 43 5A 79 4F  TFnHOmAdcKF5CZyO
00000080: 64 36 4C 4B 36 6F 63 69  51 4A 52 45 4F 61 52 53  d6LK6ociQJREOaRS
00000090: 41 59 51 58 78 39 33 61  6C 51 4D 39 35 39 66 74  AYQXx93alQM959ft
000000A0: 33 54 48 49 59 50 4F 58  78 71 68 38 44 36 4B 48  3THIYPOXxqh8D6KH
000000B0: 42 4E 69 6C 5A 6D 51 50  49 50 68 36 53 67 47 78  BNilZmQPIPh6SgGx
000000C0: 55 59 42 34 30 4D 33 6D  32 53 49 70 77 67 36 34  UYB40M3m2SIpwg64
000000D0: 77 57 4B 4E 45 6D 4E 72  30 63 65 58 4E 63 61 4F  wWKNEmNr0ceXNcaO
000000E0: 70 52 35 55 56 76 63 46  53 33 5A 56 6D 32 55 37  pR5UVvcFS3ZVm2U7
000000F0: 72 74 63 75 66 44 59 4E  6C 75 53 4F 6B 53 6E 54  rtcufDYNluSOkSnT
00000100: 42 67 33 41 66 73 6D 49  52 66 48 77 58 62 69 7A  Bg3AfsmIRfHwXbiz
00000110: 6F 4C 4E 6F 71 78 45 53  6F 63 78 65 39 65 68 45  oLNoqxESocxe9ehE
00000120: 6B 45 6D 42 59 20 68 74  74 70 3A 2F 2F 73 68 6F  kEmBY http://sho
00000130: 72 74 2D 75 72 6C 2F 64  30 6B 73 36 41 70 58 54  rt-url/d0ks6ApXT
00000140: 4D 20 68 74 74 70 3A 2F  2F 73 68 6F 72 74 2D 75  M http://short-u
00000150: 72 6C 2F 65 32 6B 49 78  64 38 6D 55 6B 20 68 74  rl/e2kIxd8mUk ht
00000160: 74 70 3A 2F 2F 73 68 6F  72 74 2D 75 72 6C 2F 50  tp://short-url/P
00000170: 34 6B 48 65 48 6E 76 75  53 20 68 74 74 70 3A 2F  4kHeHnvuS http:/
00000180: 2F 73 68 6F 72 74 2D 75  72 6C 2F 35 65 35 62 78  /short-url/5e5bx
00000190: 4E 35 6A 61 32 0F 00 02  0C 00 00 00 00 0F 00 03  N5ja2...........
000001A0: 0C 00 00 00 04 0B 00 01  00 00 00 1B 68 74 74 70  ............http
000001B0: 3A 2F 2F 73 68 6F 72 74  2D 75 72 6C 2F 64 30 6B  ://short-url/d0k
000001C0: 73 36 41 70 58 54 4D 0B  00 02 00 00 00 47 68 74  s6ApXTM......Ght
000001D0: 74 70 3A 2F 2F 48 4D 76  4C 67 44 78 6C 32 64 43  tp://HMvLgDxl2dC
000001E0: 53 39 77 75 36 70 65 4A  48 32 43 4D 43 6F 62 4C  S9wu6peJH2CMCobL
000001F0: 4E 43 4D 33 79 4E 77 6E  30 48 72 69 69 34 79 4A  NCM3yNwn0Hrii4yJ
00000200: 53 71 34 34 4E 52 4E 44  6D 4F 78 59 32 59 45 62  Sq44NRNDmOxY2YEb
00000210: 30 6A 38 63 72 00 0B 00  01 00 00 00 1B 68 74 74  0j8cr........htt
00000220: 70 3A 2F 2F 73 68 6F 72  74 2D 75 72 6C 2F 65 32  p://short-url/e2
00000230: 6B 49 78 64 38 6D 55 6B  0B 00 02 00 00 00 47 68  kIxd8mUk......Gh
00000240: 74 74 70 3A 2F 2F 39 64  64 54 52 78 4F 39 77 7A  ttp://9ddTRxO9wz
00000250: 55 4D 6C 4C 54 56 38 71  66 53 73 44 73 44 46 32  UMlLTV8qfSsDsDF2
00000260: 6B 66 38 67 6D 72 76 45  36 41 67 47 5A 49 37 78  kf8gmrvE6AgGZI7x
00000270: 35 6D 4D 4D 69 6C 4F 33  42 70 50 74 34 77 33 6D  5mMMilO3BpPt4w3m
00000280: 5A 57 42 32 33 6E 00 0B  00 01 00 00 00 1B 68 74  ZWB23n........ht
00000290: 74 70 3A 2F 2F 73 68 6F  72 74 2D 75 72 6C 2F 50  tp://short-url/P
000002A0: 34 6B 48 65 48 6E 76 75  53 0B 00 02 00 00 00 47  4kHeHnvuS......G
000002B0: 68 74 74 70 3A 2F 2F 6D  32 52 74 6E 46 44 49 62  http://m2RtnFDIb
000002C0: 43 6A 49 62 7A 73 78 33  44 4D 35 51 36 58 67 38  CjIbzsx3DM5Q6Xg8
000002D0: 48 6E 54 7A 41 4B 68 34  71 73 43 56 76 63 4B 62  HnTzAKh4qsCVvcKb
000002E0: 45 77 44 54 57 38 62 30  6D 45 34 32 6B 36 73 67  EwDTW8b0mE42k6sg
000002F0: 6B 56 62 61 64 71 62 00  0B 00 01 00 00 00 1B 68  kVbadqb........h
00000300: 74 74 70 3A 2F 2F 73 68  6F 72 74 2D 75 72 6C 2F  ttp://short-url/
00000310: 35 65 35 62 78 4E 35 6A  61 32 0B 00 02 00 00 00  5e5bxN5ja2......
00000320: 47 68 74 74 70 3A 2F 2F  70 57 4D 4C 4F 56 54 61  Ghttp://pWMLOVTa
00000330: 75 35 53 55 67 63 69 54  4D 41 33 56 50 5A 55 64  u5SUgciTMA3VPZUd
00000340: 63 42 6A 41 4E 52 43 77  41 45 30 71 6C 43 47 51  cBjANRCwAE0qlCGQ
00000350: 79 5A 66 74 69 44 68 30  56 4C 55 4C 53 76 4B 31  yZftiDh0VLULSvK1
00000360: 72 78 36 50 74 67 72 74  00 00 00                 rx6Ptgrt...
====
STREAM PID 40027.0xffff948328f80b00 (C) > 40016.0xffff9482c72c0b00 (S), length 425
command[40027]: b'./src/ComposePostService/ComposePostService'
command[40016]: b'./cmake-build/src/TextService/TextService'
----
00000000: 00 00 01 A5 80 01 00 01  00 00 00 0B 43 6F 6D 70  ............Comp
00000010: 6F 73 65 54 65 78 74 00  00 00 00 0A 00 01 05 71  oseText........q
00000020: 5F 33 8D 36 B6 40 0B 00  02 00 00 01 72 66 6C 79  _3.6.@......rfly
00000030: 78 68 54 59 43 35 6B 62  5A 5A 67 64 4C 53 43 55  xhTYC5kbZZgdLSCU
00000040: 46 4A 7A 73 58 4F 34 42  6B 70 77 4D 6D 79 61 50  FJzsXO4BkpwMmyaP
00000050: 65 6F 73 6D 6D 66 39 76  32 71 36 48 59 4B 57 75  eosmmf9v2q6HYKWu
00000060: 59 62 6F 54 33 36 37 4C  70 37 76 31 75 68 63 79  YboT367Lp7v1uhcy
00000070: 6C 4D 32 52 48 52 55 73  36 64 4B 49 76 30 48 44  lM2RHRUs6dKIv0HD
00000080: 51 32 30 76 61 51 47 77  7A 74 44 36 53 4E 46 78  Q20vaQGwztD6SNFx
00000090: 63 48 35 47 75 54 78 49  61 49 67 41 55 5A 4F 72  cH5GuTxIaIgAUZOr
000000A0: 48 46 4A 78 5A 6F 39 6B  47 71 6A 38 63 46 79 69  HFJxZo9kGqj8cFyi
000000B0: 75 69 35 34 59 53 47 75  45 45 53 46 59 37 33 37  ui54YSGuEESFY737
000000C0: 35 55 75 72 44 56 49 42  62 53 46 6C 34 42 32 47  5UurDVIBbSFl4B2G
000000D0: 34 4E 35 63 55 64 31 58  69 47 63 4D 65 59 56 42  4N5cUd1XiGcMeYVB
000000E0: 66 51 74 56 45 51 6C 70  33 4D 71 61 53 4D 49 37  fQtVEQlp3MqaSMI7
000000F0: 69 7A 5A 75 47 33 62 79  41 66 63 52 50 69 6F 76  izZuG3byAfcRPiov
00000100: 52 78 74 44 42 42 30 71  7A 6D 6E 35 64 52 57 59  RxtDBB0qzmn5dRWY
00000110: 34 4E 51 4F 4A 48 51 75  6E 65 49 59 72 70 4B 6E  4NQOJHQuneIYrpKn
00000120: 57 64 59 4E 58 52 6B 6D  72 4A 52 6B 78 20 40 75  WdYNXRkmrJRkx @u
00000130: 73 65 72 6E 61 6D 65 5F  35 31 37 20 40 75 73 65  sername_517 @use
00000140: 72 6E 61 6D 65 5F 34 34  39 20 40 75 73 65 72 6E  rname_449 @usern
00000150: 61 6D 65 5F 35 39 32 20  68 74 74 70 3A 2F 2F 64  ame_592 http://d
00000160: 66 75 4A 42 77 35 49 44  79 46 64 33 77 31 51 55  fuJBw5IDyFd3w1QU
00000170: 57 50 6E 72 50 4D 35 44  74 33 6F 6D 71 34 67 55  WPnrPM5Dt3omq4gU
00000180: 39 69 30 33 6E 75 44 49  47 38 67 51 32 71 78 52  9i03nuDIG8gQ2qxR
00000190: 30 4F 4D 70 4C 5A 6A 4D  49 39 62 64 43 50 33 0D  0OMpLZjMI9bdCP3.
000001A0: 00 03 0B 0B 00 00 00 00  00                       .........
====
STREAM PID 40016.0xffff9482c72c0b00 (S) > 40027.0xffff948328f80b00 (C), length 494
command[40016]: b'./cmake-build/src/TextService/TextService'
command[40027]: b'./src/ComposePostService/ComposePostService'
----
00000000: 00 00 01 EA 80 01 00 02  00 00 00 0B 43 6F 6D 70  ............Comp
00000010: 6F 73 65 54 65 78 74 00  00 00 00 0C 00 00 0B 00  oseText.........
00000020: 01 00 00 01 46 66 6C 79  78 68 54 59 43 35 6B 62  ....FflyxhTYC5kb
00000030: 5A 5A 67 64 4C 53 43 55  46 4A 7A 73 58 4F 34 42  ZZgdLSCUFJzsXO4B
00000040: 6B 70 77 4D 6D 79 61 50  65 6F 73 6D 6D 66 39 76  kpwMmyaPeosmmf9v
00000050: 32 71 36 48 59 4B 57 75  59 62 6F 54 33 36 37 4C  2q6HYKWuYboT367L
00000060: 70 37 76 31 75 68 63 79  6C 4D 32 52 48 52 55 73  p7v1uhcylM2RHRUs
00000070: 36 64 4B 49 76 30 48 44  51 32 30 76 61 51 47 77  6dKIv0HDQ20vaQGw
00000080: 7A 74 44 36 53 4E 46 78  63 48 35 47 75 54 78 49  ztD6SNFxcH5GuTxI
00000090: 61 49 67 41 55 5A 4F 72  48 46 4A 78 5A 6F 39 6B  aIgAUZOrHFJxZo9k
000000A0: 47 71 6A 38 63 46 79 69  75 69 35 34 59 53 47 75  Gqj8cFyiui54YSGu
000000B0: 45 45 53 46 59 37 33 37  35 55 75 72 44 56 49 42  EESFY7375UurDVIB
000000C0: 62 53 46 6C 34 42 32 47  34 4E 35 63 55 64 31 58  bSFl4B2G4N5cUd1X
000000D0: 69 47 63 4D 65 59 56 42  66 51 74 56 45 51 6C 70  iGcMeYVBfQtVEQlp
000000E0: 33 4D 71 61 53 4D 49 37  69 7A 5A 75 47 33 62 79  3MqaSMI7izZuG3by
000000F0: 41 66 63 52 50 69 6F 76  52 78 74 44 42 42 30 71  AfcRPiovRxtDBB0q
00000100: 7A 6D 6E 35 64 52 57 59  34 4E 51 4F 4A 48 51 75  zmn5dRWY4NQOJHQu
00000110: 6E 65 49 59 72 70 4B 6E  57 64 59 4E 58 52 6B 6D  neIYrpKnWdYNXRkm
00000120: 72 4A 52 6B 78 20 40 75  73 65 72 6E 61 6D 65 5F  rJRkx @username_
00000130: 35 31 37 20 40 75 73 65  72 6E 61 6D 65 5F 34 34  517 @username_44
00000140: 39 20 40 75 73 65 72 6E  61 6D 65 5F 35 39 32 20  9 @username_592 
00000150: 68 74 74 70 3A 2F 2F 73  68 6F 72 74 2D 75 72 6C  http://short-url
00000160: 2F 4A 59 78 76 6D 34 30  68 4A 47 0F 00 02 0C 00  /JYxvm40hJG.....
00000170: 00 00 00 0F 00 03 0C 00  00 00 01 0B 00 01 00 00  ................
00000180: 00 1B 68 74 74 70 3A 2F  2F 73 68 6F 72 74 2D 75  ..http://short-u
00000190: 72 6C 2F 4A 59 78 76 6D  34 30 68 4A 47 0B 00 02  rl/JYxvm40hJG...
000001A0: 00 00 00 47 68 74 74 70  3A 2F 2F 64 66 75 4A 42  ...Ghttp://dfuJB
000001B0: 77 35 49 44 79 46 64 33  77 31 51 55 57 50 6E 72  w5IDyFd3w1QUWPnr
000001C0: 50 4D 35 44 74 33 6F 6D  71 34 67 55 39 69 30 33  PM5Dt3omq4gU9i03
000001D0: 6E 75 44 49 47 38 67 51  32 71 78 52 30 4F 4D 70  nuDIG8gQ2qxR0OMp
000001E0: 4C 5A 6A 4D 49 39 62 64  43 50 33 00 00 00        LZjMI9bdCP3...
====
STREAM PID 40027.0xffff948328f80b00 (C) > 40016.0xffff9482c72c0b00 (S), length 469
command[40027]: b'./src/ComposePostService/ComposePostService'
command[40016]: b'./cmake-build/src/TextService/TextService'
----
00000000: 00 00 01 D1 80 01 00 01  00 00 00 0B 43 6F 6D 70  ............Comp
00000010: 6F 73 65 54 65 78 74 00  00 00 00 0A 00 01 0A 5D  oseText........]
00000020: 43 F5 13 A6 B9 80 0B 00  02 00 00 01 9E 41 30 50  C............A0P
00000030: 30 55 56 39 4C 53 71 52  69 36 59 46 44 43 57 42  0UV9LSqRi6YFDCWB
00000040: 68 38 70 68 76 33 38 6C  45 43 35 4A 4E 6A 36 64  h8phv38lEC5JNj6d
00000050: 4B 62 30 44 61 4F 78 66  33 4E 76 45 30 46 66 44  Kb0DaOxf3NvE0FfD
00000060: 55 4D 70 4E 4B 58 56 47  47 55 6E 68 5A 53 78 35  UMpNKXVGGUnhZSx5
00000070: 47 66 56 74 54 31 55 33  63 31 32 68 31 72 57 6A  GfVtT1U3c12h1rWj
00000080: 4B 31 69 4B 79 39 51 61  49 6F 61 56 69 79 72 77  K1iKy9QaIoaViyrw
00000090: 74 72 64 4B 31 52 44 71  78 66 4D 76 64 44 67 73  trdK1RDqxfMvdDgs
000000A0: 41 55 61 63 75 30 59 45  6B 68 35 4B 6A 61 64 77  AUacu0YEkh5Kjadw
000000B0: 77 62 74 4E 70 47 4B 6D  52 63 64 73 4A 57 64 73  wbtNpGKmRcdsJWds
000000C0: 52 7A 48 61 69 71 65 4B  51 6B 66 56 34 45 62 67  RzHaiqeKQkfV4Ebg
000000D0: 58 6B 55 74 51 6E 47 75  67 37 68 33 50 6A 58 55  XkUtQnGug7h3PjXU
000000E0: 46 7A 50 7A 45 38 53 5A  53 4E 41 46 30 41 4A 69  FzPzE8SZSNAF0AJi
000000F0: 74 47 72 62 76 54 78 77  6D 79 55 75 62 6E 4D 69  tGrbvTxwmyUubnMi
00000100: 70 62 4B 59 4D 63 6C 65  6A 43 6B 41 45 32 36 30  pbKYMclejCkAE260
00000110: 72 55 39 78 38 55 49 58  73 30 7A 46 72 4B 51 39  rU9x8UIXs0zFrKQ9
00000120: 30 47 6A 4A 79 39 76 64  62 4D 57 73 61 20 40 75  0GjJy9vdbMWsa @u
00000130: 73 65 72 6E 61 6D 65 5F  36 31 39 20 68 74 74 70  sername_619 http
00000140: 3A 2F 2F 44 61 53 57 68  73 78 44 6F 57 53 32 46  ://DaSWhsxDoWS2F
00000150: 44 71 31 49 7A 79 65 6A  49 73 34 4D 59 58 74 4E  Dq1IzyejIs4MYXtN
00000160: 50 4C 66 4C 33 4C 57 64  76 59 50 74 55 54 66 6E  PLfL3LWdvYPtUTfn
00000170: 57 64 79 78 6F 4E 6D 32  77 70 54 72 45 70 6F 6D  WdyxoNm2wpTrEpom
00000180: 39 4A 6E 20 68 74 74 70  3A 2F 2F 47 6A 56 78 5A  9Jn http://GjVxZ
00000190: 76 53 43 69 46 56 52 49  4F 44 6E 56 38 38 31 48  vSCiFVRIODnV881H
000001A0: 67 46 67 6B 30 41 5A 4F  68 34 69 64 66 45 59 52  gFgk0AZOh4idfEYR
000001B0: 31 50 6D 30 32 67 73 6A  64 62 39 4A 71 4F 63 76  1Pm02gsjdb9JqOcv
000001C0: 67 4F 66 34 37 45 35 6D  72 47 6D 0D 00 03 0B 0B  gOf47E5mrGm.....
000001D0: 00 00 00 00 00                                    .....
====
STREAM PID 40016.0xffff9482c72c0b00 (S) > 40027.0xffff948328f80b00 (C), length 607
command[40016]: b'./cmake-build/src/TextService/TextService'
command[40027]: b'./src/ComposePostService/ComposePostService'
----
00000000: 00 00 02 5B 80 01 00 02  00 00 00 0B 43 6F 6D 70  ...[........Comp
00000010: 6F 73 65 54 65 78 74 00  00 00 00 0C 00 00 0B 00  oseText.........
00000020: 01 00 00 01 46 41 30 50  30 55 56 39 4C 53 71 52  ....FA0P0UV9LSqR
00000030: 69 36 59 46 44 43 57 42  68 38 70 68 76 33 38 6C  i6YFDCWBh8phv38l
00000040: 45 43 35 4A 4E 6A 36 64  4B 62 30 44 61 4F 78 66  EC5JNj6dKb0DaOxf
00000050: 33 4E 76 45 30 46 66 44  55 4D 70 4E 4B 58 56 47  3NvE0FfDUMpNKXVG
00000060: 47 55 6E 68 5A 53 78 35  47 66 56 74 54 31 55 33  GUnhZSx5GfVtT1U3
00000070: 63 31 32 68 31 72 57 6A  4B 31 69 4B 79 39 51 61  c12h1rWjK1iKy9Qa
00000080: 49 6F 61 56 69 79 72 77  74 72 64 4B 31 52 44 71  IoaViyrwtrdK1RDq
00000090: 78 66 4D 76 64 44 67 73  41 55 61 63 75 30 59 45  xfMvdDgsAUacu0YE
000000A0: 6B 68 35 4B 6A 61 64 77  77 62 74 4E 70 47 4B 6D  kh5KjadwwbtNpGKm
000000B0: 52 63 64 73 4A 57 64 73  52 7A 48 61 69 71 65 4B  RcdsJWdsRzHaiqeK
000000C0: 51 6B 66 56 34 45 62 67  58 6B 55 74 51 6E 47 75  QkfV4EbgXkUtQnGu
000000D0: 67 37 68 33 50 6A 58 55  46 7A 50 7A 45 38 53 5A  g7h3PjXUFzPzE8SZ
000000E0: 53 4E 41 46 30 41 4A 69  74 47 72 62 76 54 78 77  SNAF0AJitGrbvTxw
000000F0: 6D 79 55 75 62 6E 4D 69  70 62 4B 59 4D 63 6C 65  myUubnMipbKYMcle
00000100: 6A 43 6B 41 45 32 36 30  72 55 39 78 38 55 49 58  jCkAE260rU9x8UIX
00000110: 73 30 7A 46 72 4B 51 39  30 47 6A 4A 79 39 76 64  s0zFrKQ90GjJy9vd
00000120: 62 4D 57 73 61 20 40 75  73 65 72 6E 61 6D 65 5F  bMWsa @username_
00000130: 36 31 39 20 68 74 74 70  3A 2F 2F 73 68 6F 72 74  619 http://short
00000140: 2D 75 72 6C 2F 55 51 77  52 69 49 5A 62 4F 39 20  -url/UQwRiIZbO9 
00000150: 68 74 74 70 3A 2F 2F 73  68 6F 72 74 2D 75 72 6C  http://short-url
00000160: 2F 35 4D 71 7A 71 53 78  4B 65 45 0F 00 02 0C 00  /5MqzqSxKeE.....
00000170: 00 00 00 0F 00 03 0C 00  00 00 02 0B 00 01 00 00  ................
00000180: 00 1B 68 74 74 70 3A 2F  2F 73 68 6F 72 74 2D 75  ..http://short-u
00000190: 72 6C 2F 55 51 77 52 69  49 5A 62 4F 39 0B 00 02  rl/UQwRiIZbO9...
000001A0: 00 00 00 47 68 74 74 70  3A 2F 2F 44 61 53 57 68  ...Ghttp://DaSWh
000001B0: 73 78 44 6F 57 53 32 46  44 71 31 49 7A 79 65 6A  sxDoWS2FDq1Izyej
000001C0: 49 73 34 4D 59 58 74 4E  50 4C 66 4C 33 4C 57 64  Is4MYXtNPLfL3LWd
000001D0: 76 59 50 74 55 54 66 6E  57 64 79 78 6F 4E 6D 32  vYPtUTfnWdyxoNm2
000001E0: 77 70 54 72 45 70 6F 6D  39 4A 6E 00 0B 00 01 00  wpTrEpom9Jn.....
000001F0: 00 00 1B 68 74 74 70 3A  2F 2F 73 68 6F 72 74 2D  ...http://short-
00000200: 75 72 6C 2F 35 4D 71 7A  71 53 78 4B 65 45 0B 00  url/5MqzqSxKeE..
00000210: 02 00 00 00 47 68 74 74  70 3A 2F 2F 47 6A 56 78  ....Ghttp://GjVx
00000220: 5A 76 53 43 69 46 56 52  49 4F 44 6E 56 38 38 31  ZvSCiFVRIODnV881
00000230: 48 67 46 67 6B 30 41 5A  4F 68 34 69 64 66 45 59  HgFgk0AZOh4idfEY
00000240: 52 31 50 6D 30 32 67 73  6A 64 62 39 4A 71 4F 63  R1Pm02gsjdb9JqOc
00000250: 76 67 4F 66 34 37 45 35  6D 72 47 6D 00 00 00     vgOf47E5mrGm...
====
STREAM PID 40027.0xffff948328f80b00 (C) > 40016.0xffff9482c72c0b00 (S), length 727
command[40027]: b'./src/ComposePostService/ComposePostService'
command[40016]: b'./cmake-build/src/TextService/TextService'
----
00000000: 00 00 02 D3 80 01 00 01  00 00 00 0B 43 6F 6D 70  ............Comp
00000010: 6F 73 65 54 65 78 74 00  00 00 00 0A 00 01 0E 22  oseText........"
00000020: 8E 86 CE B2 8C 80 0B 00  02 00 00 02 A0 53 32 52  .............S2R
00000030: 52 45 42 4C 5A 31 6A 70  69 30 76 73 33 4C 48 46  REBLZ1jpi0vs3LHF
00000040: 75 79 44 44 47 6C 58 53  35 55 4A 51 78 76 33 6E  uyDDGlXS5UJQxv3n
00000050: 44 6B 69 37 64 78 4A 73  6A 44 71 50 46 64 45 6F  Dki7dxJsjDqPFdEo
00000060: 78 65 76 38 42 51 59 61  67 39 44 64 76 4D 4D 37  xev8BQYag9DdvMM7
00000070: 77 72 33 66 4F 6C 78 56  51 75 69 66 47 36 65 62  wr3fOlxVQuifG6eb
00000080: 42 48 54 42 4C 46 36 53  57 54 56 47 46 46 37 41  BHTBLF6SWTVGFF7A
00000090: 55 69 7A 6F 52 39 6A 49  74 50 44 6E 55 4F 76 4F  UizoR9jItPDnUOvO
000000A0: 30 63 47 68 37 62 31 39  42 35 39 58 4F 32 33 67  0cGh7b19B59XO23g
000000B0: 63 65 33 53 73 53 34 4E  4F 65 66 77 47 69 7A 32  ce3SsS4NOefwGiz2
000000C0: 37 68 65 57 50 55 35 4C  38 4E 49 6C 74 4E 43 71  7heWPU5L8NIltNCq
000000D0: 31 4D 38 33 57 55 50 49  4C 70 64 69 67 68 41 74  1M83WUPILpdighAt
000000E0: 33 67 69 61 7A 54 49 31  4A 62 75 65 33 39 30 57  3giazTI1Jbue390W
000000F0: 38 42 34 33 79 4D 65 33  41 4D 6F 72 31 61 44 42  8B43yMe3AMor1aDB
00000100: 6F 62 59 48 74 4B 50 66  73 6B 59 36 32 55 76 51  obYHtKPfskY62UvQ
00000110: 50 64 65 6A 72 59 6B 5A  42 71 47 52 6B 6F 58 42  PdejrYkZBqGRkoXB
00000120: 7A 6C 7A 51 52 74 58 36  36 6B 6B 4D 67 20 40 75  zlzQRtX66kkMg @u
00000130: 73 65 72 6E 61 6D 65 5F  35 37 38 20 40 75 73 65  sername_578 @use
00000140: 72 6E 61 6D 65 5F 38 33  35 20 40 75 73 65 72 6E  rname_835 @usern
00000150: 61 6D 65 5F 33 37 33 20  40 75 73 65 72 6E 61 6D  ame_373 @usernam
00000160: 65 5F 36 31 30 20 68 74  74 70 3A 2F 2F 71 41 38  e_610 http://qA8
00000170: 53 32 71 6C 36 32 41 39  51 41 69 56 34 64 75 6C  S2ql62A9QAiV4dul
00000180: 32 37 35 79 4A 74 71 6A  41 34 30 64 45 42 47 4C  275yJtqjA40dEBGL
00000190: 76 67 36 4D 52 66 63 53  49 44 64 66 4A 70 77 6A  vg6MRfcSIDdfJpwj
000001A0: 6F 6E 4C 53 39 68 47 46  4B 70 58 44 79 20 68 74  onLS9hGFKpXDy ht
000001B0: 74 70 3A 2F 2F 4E 74 44  48 4E 6B 70 45 61 6C 67  tp://NtDHNkpEalg
000001C0: 50 4B 71 6E 6C 32 53 69  68 44 76 53 61 4F 52 54  PKqnl2SihDvSaORT
000001D0: 6B 6F 6A 35 6E 51 62 64  4D 59 32 70 4C 50 58 6E  koj5nQbdMY2pLPXn
000001E0: 62 37 69 61 47 34 65 4E  70 71 6F 56 49 33 6C 33  b7iaG4eNpqoVI3l3
000001F0: 6A 56 48 42 52 20 68 74  74 70 3A 2F 2F 39 7A 47  jVHBR http://9zG
00000200: 31 66 59 57 65 48 5A 43  7A 4F 6B 77 6D 74 6D 48  1fYWeHZCzOkwmtmH
00000210: 77 50 6D 54 48 43 79 43  65 6E 6E 57 42 47 7A 73  wPmTHCyCennWBGzs
00000220: 56 46 73 65 50 4C 55 4E  4D 63 50 4E 32 5A 4B 6C  VFsePLUNMcPN2ZKl
00000230: 65 65 77 36 66 65 48 4C  51 43 6F 64 57 20 68 74  eew6feHLQCodW ht
00000240: 74 70 3A 2F 2F 67 65 76  63 55 53 57 72 38 41 4C  tp://gevcUSWr8AL
00000250: 61 74 44 58 4F 72 63 67  63 38 6D 4B 71 61 49 6A  atDXOrcgc8mKqaIj
00000260: 78 68 36 4E 6B 45 63 62  77 62 73 30 34 4E 61 69  xh6NkEcbwbs04Nai
00000270: 6B 38 53 5A 4F 59 47 61  41 6C 4F 69 65 4D 48 69  k8SZOYGaAlOieMHi
00000280: 6D 30 53 33 34 20 68 74  74 70 3A 2F 2F 66 50 64  m0S34 http://fPd
00000290: 6B 5A 44 39 58 54 71 59  48 6D 73 66 6B 6B 43 56  kZD9XTqYHmsfkkCV
000002A0: 78 75 69 6F 70 47 33 79  54 6D 35 54 5A 6D 56 38  xuiopG3yTm5TZmV8
000002B0: 4C 30 59 62 37 64 4F 6B  5A 61 78 71 32 6B 68 64  L0Yb7dOkZaxq2khd
000002C0: 48 32 31 77 55 6D 4A 68  63 4F 4A 62 73 0D 00 03  H21wUmJhcOJbs...
000002D0: 0B 0B 00 00 00 00 00                              .......
====
STREAM PID 40016.0xffff9482c72c0b00 (S) > 40027.0xffff948328f80b00 (C), length 1072
command[40016]: b'./cmake-build/src/TextService/TextService'
command[40027]: b'./src/ComposePostService/ComposePostService'
----
00000000: 00 00 04 2C 80 01 00 02  00 00 00 0B 43 6F 6D 70  ...,........Comp
00000010: 6F 73 65 54 65 78 74 00  00 00 00 0C 00 00 0B 00  oseText.........
00000020: 01 00 00 01 C4 53 32 52  52 45 42 4C 5A 31 6A 70  .....S2RREBLZ1jp
00000030: 69 30 76 73 33 4C 48 46  75 79 44 44 47 6C 58 53  i0vs3LHFuyDDGlXS
00000040: 35 55 4A 51 78 76 33 6E  44 6B 69 37 64 78 4A 73  5UJQxv3nDki7dxJs
00000050: 6A 44 71 50 46 64 45 6F  78 65 76 38 42 51 59 61  jDqPFdEoxev8BQYa
00000060: 67 39 44 64 76 4D 4D 37  77 72 33 66 4F 6C 78 56  g9DdvMM7wr3fOlxV
00000070: 51 75 69 66 47 36 65 62  42 48 54 42 4C 46 36 53  QuifG6ebBHTBLF6S
00000080: 57 54 56 47 46 46 37 41  55 69 7A 6F 52 39 6A 49  WTVGFF7AUizoR9jI
00000090: 74 50 44 6E 55 4F 76 4F  30 63 47 68 37 62 31 39  tPDnUOvO0cGh7b19
000000A0: 42 35 39 58 4F 32 33 67  63 65 33 53 73 53 34 4E  B59XO23gce3SsS4N
000000B0: 4F 65 66 77 47 69 7A 32  37 68 65 57 50 55 35 4C  OefwGiz27heWPU5L
000000C0: 38 4E 49 6C 74 4E 43 71  31 4D 38 33 57 55 50 49  8NIltNCq1M83WUPI
000000D0: 4C 70 64 69 67 68 41 74  33 67 69 61 7A 54 49 31  LpdighAt3giazTI1
000000E0: 4A 62 75 65 33 39 30 57  38 42 34 33 79 4D 65 33  Jbue390W8B43yMe3
000000F0: 41 4D 6F 72 31 61 44 42  6F 62 59 48 74 4B 50 66  AMor1aDBobYHtKPf
00000100: 73 6B 59 36 32 55 76 51  50 64 65 6A 72 59 6B 5A  skY62UvQPdejrYkZ
00000110: 42 71 47 52 6B 6F 58 42  7A 6C 7A 51 52 74 58 36  BqGRkoXBzlzQRtX6
00000120: 36 6B 6B 4D 67 20 40 75  73 65 72 6E 61 6D 65 5F  6kkMg @username_
00000130: 35 37 38 20 40 75 73 65  72 6E 61 6D 65 5F 38 33  578 @username_83
00000140: 35 20 40 75 73 65 72 6E  61 6D 65 5F 33 37 33 20  5 @username_373 
00000150: 40 75 73 65 72 6E 61 6D  65 5F 36 31 30 20 68 74  @username_610 ht
00000160: 74 70 3A 2F 2F 73 68 6F  72 74 2D 75 72 6C 2F 4F  tp://short-url/O
00000170: 35 63 4C 5A 42 45 46 57  53 20 68 74 74 70 3A 2F  5cLZBEFWS http:/
00000180: 2F 73 68 6F 72 74 2D 75  72 6C 2F 32 34 34 6A 79  /short-url/244jy
00000190: 6D 31 79 34 58 20 68 74  74 70 3A 2F 2F 73 68 6F  m1y4X http://sho
000001A0: 72 74 2D 75 72 6C 2F 55  51 43 41 79 33 51 73 58  rt-url/UQCAy3QsX
000001B0: 69 20 68 74 74 70 3A 2F  2F 73 68 6F 72 74 2D 75  i http://short-u
000001C0: 72 6C 2F 77 65 74 37 69  62 41 39 4B 33 20 68 74  rl/wet7ibA9K3 ht
000001D0: 74 70 3A 2F 2F 73 68 6F  72 74 2D 75 72 6C 2F 6D  tp://short-url/m
000001E0: 4B 39 45 73 55 49 43 68  64 0F 00 02 0C 00 00 00  K9EsUIChd.......
000001F0: 00 0F 00 03 0C 00 00 00  05 0B 00 01 00 00 00 1B  ................
00000200: 68 74 74 70 3A 2F 2F 73  68 6F 72 74 2D 75 72 6C  http://short-url
00000210: 2F 4F 35 63 4C 5A 42 45  46 57 53 0B 00 02 00 00  /O5cLZBEFWS.....
00000220: 00 47 68 74 74 70 3A 2F  2F 71 41 38 53 32 71 6C  .Ghttp://qA8S2ql
00000230: 36 32 41 39 51 41 69 56  34 64 75 6C 32 37 35 79  62A9QAiV4dul275y
00000240: 4A 74 71 6A 41 34 30 64  45 42 47 4C 76 67 36 4D  JtqjA40dEBGLvg6M
00000250: 52 66 63 53 49 44 64 66  4A 70 77 6A 6F 6E 4C 53  RfcSIDdfJpwjonLS
00000260: 39 68 47 46 4B 70 58 44  79 00 0B 00 01 00 00 00  9hGFKpXDy.......
00000270: 1B 68 74 74 70 3A 2F 2F  73 68 6F 72 74 2D 75 72  .http://short-ur
00000280: 6C 2F 32 34 34 6A 79 6D  31 79 34 58 0B 00 02 00  l/244jym1y4X....
00000290: 00 00 47 68 74 74 70 3A  2F 2F 4E 74 44 48 4E 6B  ..Ghttp://NtDHNk
000002A0: 70 45 61 6C 67 50 4B 71  6E 6C 32 53 69 68 44 76  pEalgPKqnl2SihDv
000002B0: 53 61 4F 52 54 6B 6F 6A  35 6E 51 62 64 4D 59 32  SaORTkoj5nQbdMY2
000002C0: 70 4C 50 58 6E 62 37 69  61 47 34 65 4E 70 71 6F  pLPXnb7iaG4eNpqo
000002D0: 56 49 33 6C 33 6A 56 48  42 52 00 0B 00 01 00 00  VI3l3jVHBR......
000002E0: 00 1B 68 74 74 70 3A 2F  2F 73 68 6F 72 74 2D 75  ..http://short-u
000002F0: 72 6C 2F 55 51 43 41 79  33 51 73 58 69 0B 00 02  rl/UQCAy3QsXi...
00000300: 00 00 00 47 68 74 74 70  3A 2F 2F 39 7A 47 31 66  ...Ghttp://9zG1f
00000310: 59 57 65 48 5A 43 7A 4F  6B 77 6D 74 6D 48 77 50  YWeHZCzOkwmtmHwP
00000320: 6D 54 48 43 79 43 65 6E  6E 57 42 47 7A 73 56 46  mTHCyCennWBGzsVF
00000330: 73 65 50 4C 55 4E 4D 63  50 4E 32 5A 4B 6C 65 65  sePLUNMcPN2ZKlee
00000340: 77 36 66 65 48 4C 51 43  6F 64 57 00 0B 00 01 00  w6feHLQCodW.....
00000350: 00 00 1B 68 74 74 70 3A  2F 2F 73 68 6F 72 74 2D  ...http://short-
00000360: 75 72 6C 2F 77 65 74 37  69 62 41 39 4B 33 0B 00  url/wet7ibA9K3..
00000370: 02 00 00 00 47 68 74 74  70 3A 2F 2F 67 65 76 63  ....Ghttp://gevc
00000380: 55 53 57 72 38 41 4C 61  74 44 58 4F 72 63 67 63  USWr8ALatDXOrcgc
00000390: 38 6D 4B 71 61 49 6A 78  68 36 4E 6B 45 63 62 77  8mKqaIjxh6NkEcbw
000003A0: 62 73 30 34 4E 61 69 6B  38 53 5A 4F 59 47 61 41  bs04Naik8SZOYGaA
000003B0: 6C 4F 69 65 4D 48 69 6D  30 53 33 34 00 0B 00 01  lOieMHim0S34....
000003C0: 00 00 00 1B 68 74 74 70  3A 2F 2F 73 68 6F 72 74  ....http://short
000003D0: 2D 75 72 6C 2F 6D 4B 39  45 73 55 49 43 68 64 0B  -url/mK9EsUIChd.
000003E0: 00 02 00 00 00 47 68 74  74 70 3A 2F 2F 66 50 64  .....Ghttp://fPd
000003F0: 6B 5A 44 39 58 54 71 59  48 6D 73 66 6B 6B 43 56  kZD9XTqYHmsfkkCV
00000400: 78 75 69 6F 70 47 33 79  54 6D 35 54 5A 6D 56 38  xuiopG3yTm5TZmV8
00000410: 4C 30 59 62 37 64 4F 6B  5A 61 78 71 32 6B 68 64  L0Yb7dOkZaxq2khd
00000420: 48 32 31 77 55 6D 4A 68  63 4F 4A 62 73 00 00 00  H21wUmJhcOJbs...
====
STREAM PID 40027.0xffff948328f80b00 (C) > 40016.0xffff9482c72c0b00 (S), length 367
command[40027]: b'./src/ComposePostService/ComposePostService'
command[40016]: b'./cmake-build/src/TextService/TextService'
----
00000000: 00 00 01 6B 80 01 00 01  00 00 00 0B 43 6F 6D 70  ...k........Comp
00000010: 6F 73 65 54 65 78 74 00  00 00 00 0A 00 01 0E F6  oseText.........
00000020: 3F CA BE 2E EE 80 0B 00  02 00 00 01 38 67 65 52  ?...........8geR
00000030: 6E 78 35 62 55 55 69 4A  52 68 5A 78 45 67 52 77  nx5bUUiJRhZxEgRw
00000040: 52 62 74 36 32 55 31 6E  77 59 4C 51 76 31 56 59  Rbt62U1nwYLQv1VY
00000050: 34 51 39 42 6B 69 39 55  69 69 54 58 55 75 47 34  4Q9Bki9UiiTXUuG4
00000060: 70 75 62 54 34 59 39 6D  43 6E 65 4C 4D 67 70 35  pubT4Y9mCneLMgp5
00000070: 70 75 63 73 59 4B 6D 6E  34 70 43 6A 4C 78 67 41  pucsYKmn4pCjLxgA
00000080: 48 51 33 38 4F 48 54 61  42 70 58 66 45 49 76 69  HQ38OHTaBpXfEIvi
00000090: 30 43 51 4E 4F 61 4E 52  51 31 78 76 65 62 7A 36  0CQNOaNRQ1xvebz6
000000A0: 50 36 5A 72 72 42 66 32  49 70 50 72 39 4C 68 37  P6ZrrBf2IpPr9Lh7
000000B0: 4E 66 78 31 6D 4E 56 63  32 33 72 6E 76 6C 44 6F  Nfx1mNVc23rnvlDo
000000C0: 4E 76 50 76 55 64 36 53  4F 33 72 64 4B 66 46 4B  NvPvUd6SO3rdKfFK
000000D0: 4D 47 6E 6D 71 6C 6F 77  62 79 63 5A 74 54 42 72  MGnmqlowbycZtTBr
000000E0: 75 69 43 42 4F 73 50 30  31 45 76 73 4A 61 59 45  uiCBOsP01EvsJaYE
000000F0: 30 31 75 45 4F 4C 4F 37  68 46 65 58 66 6D 35 41  01uEOLO7hFeXfm5A
00000100: 4E 32 57 74 31 73 79 65  67 67 76 58 32 63 35 62  N2Wt1syeggvX2c5b
00000110: 6D 41 49 72 67 74 54 44  5A 58 72 66 73 55 4E 54  mAIrgtTDZXrfsUNT
00000120: 76 7A 57 34 54 6E 70 78  48 72 73 76 7A 20 40 75  vzW4TnpxHrsvz @u
00000130: 73 65 72 6E 61 6D 65 5F  32 30 34 20 40 75 73 65  sername_204 @use
00000140: 72 6E 61 6D 65 5F 35 34  31 20 40 75 73 65 72 6E  rname_541 @usern
00000150: 61 6D 65 5F 36 32 36 20  40 75 73 65 72 6E 61 6D  ame_626 @usernam
00000160: 65 5F 36 32 36 0D 00 03  0B 0B 00 00 00 00 00     e_626..........
====
STREAM PID 40016.0xffff9482c72c0b00 (S) > 40027.0xffff948328f80b00 (C), length 367
command[40016]: b'./cmake-build/src/TextService/TextService'
command[40027]: b'./src/ComposePostService/ComposePostService'
----
00000000: 00 00 01 6B 80 01 00 02  00 00 00 0B 43 6F 6D 70  ...k........Comp
00000010: 6F 73 65 54 65 78 74 00  00 00 00 0C 00 00 0B 00  oseText.........
00000020: 01 00 00 01 38 67 65 52  6E 78 35 62 55 55 69 4A  ....8geRnx5bUUiJ
00000030: 52 68 5A 78 45 67 52 77  52 62 74 36 32 55 31 6E  RhZxEgRwRbt62U1n
00000040: 77 59 4C 51 76 31 56 59  34 51 39 42 6B 69 39 55  wYLQv1VY4Q9Bki9U
00000050: 69 69 54 58 55 75 47 34  70 75 62 54 34 59 39 6D  iiTXUuG4pubT4Y9m
00000060: 43 6E 65 4C 4D 67 70 35  70 75 63 73 59 4B 6D 6E  CneLMgp5pucsYKmn
00000070: 34 70 43 6A 4C 78 67 41  48 51 33 38 4F 48 54 61  4pCjLxgAHQ38OHTa
00000080: 42 70 58 66 45 49 76 69  30 43 51 4E 4F 61 4E 52  BpXfEIvi0CQNOaNR
00000090: 51 31 78 76 65 62 7A 36  50 36 5A 72 72 42 66 32  Q1xvebz6P6ZrrBf2
000000A0: 49 70 50 72 39 4C 68 37  4E 66 78 31 6D 4E 56 63  IpPr9Lh7Nfx1mNVc
000000B0: 32 33 72 6E 76 6C 44 6F  4E 76 50 76 55 64 36 53  23rnvlDoNvPvUd6S
000000C0: 4F 33 72 64 4B 66 46 4B  4D 47 6E 6D 71 6C 6F 77  O3rdKfFKMGnmqlow
000000D0: 62 79 63 5A 74 54 42 72  75 69 43 42 4F 73 50 30  bycZtTBruiCBOsP0
000000E0: 31 45 76 73 4A 61 59 45  30 31 75 45 4F 4C 4F 37  1EvsJaYE01uEOLO7
000000F0: 68 46 65 58 66 6D 35 41  4E 32 57 74 31 73 79 65  hFeXfm5AN2Wt1sye
00000100: 67 67 76 58 32 63 35 62  6D 41 49 72 67 74 54 44  ggvX2c5bmAIrgtTD
00000110: 5A 58 72 66 73 55 4E 54  76 7A 57 34 54 6E 70 78  ZXrfsUNTvzW4Tnpx
00000120: 48 72 73 76 7A 20 40 75  73 65 72 6E 61 6D 65 5F  Hrsvz @username_
00000130: 32 30 34 20 40 75 73 65  72 6E 61 6D 65 5F 35 34  204 @username_54
00000140: 31 20 40 75 73 65 72 6E  61 6D 65 5F 36 32 36 20  1 @username_626 
00000150: 40 75 73 65 72 6E 61 6D  65 5F 36 32 36 0F 00 02  @username_626...
00000160: 0C 00 00 00 00 0F 00 03  0C 00 00 00 00 00 00     ...............
====
STREAM PID 40027.0xffff948328f80b00 (C) > 40016.0xffff9482c72c0b00 (S), length 411
command[40027]: b'./src/ComposePostService/ComposePostService'
command[40016]: b'./cmake-build/src/TextService/TextService'
----
00000000: 00 00 01 97 80 01 00 01  00 00 00 0B 43 6F 6D 70  ............Comp
00000010: 6F 73 65 54 65 78 74 00  00 00 00 0A 00 01 08 46  oseText........F
00000020: BA A1 EF E9 C6 00 0B 00  02 00 00 01 64 32 69 46  ............d2iF
00000030: 7A 62 57 54 48 62 53 33  4B 62 54 58 4E 43 6C 6C  zbWTHbS3KbTXNCll
00000040: 72 42 65 4E 79 65 43 76  41 70 31 38 6D 6C 52 58  rBeNyeCvAp18mlRX
00000050: 76 35 74 4A 39 75 69 7A  77 41 73 6A 30 6C 31 49  v5tJ9uizwAsj0l1I
00000060: 43 69 52 31 73 37 6D 65  50 6C 5A 45 6D 56 54 35  CiR1s7mePlZEmVT5
00000070: 5A 6D 4F 47 79 63 37 5A  41 4B 42 38 44 46 31 7A  ZmOGyc7ZAKB8DF1z
00000080: 62 6C 6C 68 47 55 42 31  4D 32 42 38 79 46 61 49  bllhGUB1M2B8yFaI
00000090: 36 53 70 63 4C 46 75 52  5A 6C 58 6E 79 30 4D 36  6SpcLFuRZlXny0M6
000000A0: 73 54 6A 6B 6C 68 38 36  34 71 31 75 51 4B 69 39  sTjklh864q1uQKi9
000000B0: 34 39 36 36 58 6E 33 5A  67 69 63 6D 53 55 76 61  4966Xn3ZgicmSUva
000000C0: 32 63 68 79 39 41 54 49  36 74 6D 4F 78 4D 67 4B  2chy9ATI6tmOxMgK
000000D0: 51 79 52 39 6A 67 6C 6E  4D 67 59 55 54 62 48 38  QyR9jglnMgYUTbH8
000000E0: 30 69 4A 51 6A 50 7A 67  39 51 36 67 52 6A 4B 51  0iJQjPzg9Q6gRjKQ
000000F0: 69 57 5A 58 74 46 48 6B  64 59 48 52 72 65 7A 41  iWZXtFHkdYHRrezA
00000100: 35 74 31 44 35 42 76 5A  5A 70 43 56 4A 7A 44 55  5t1D5BvZZpCVJzDU
00000110: 6B 41 6B 67 51 74 6A 39  6A 42 57 4F 38 4D 38 77  kAkgQtj9jBWO8M8w
00000120: 6D 73 5A 43 41 59 75 78  36 76 39 37 66 20 40 75  msZCAYux6v97f @u
00000130: 73 65 72 6E 61 6D 65 5F  34 37 34 20 40 75 73 65  sername_474 @use
00000140: 72 6E 61 6D 65 5F 37 30  31 20 68 74 74 70 3A 2F  rname_701 http:/
00000150: 2F 36 75 59 63 68 67 56  30 4B 53 64 4C 6B 36 68  /6uYchgV0KSdLk6h
00000160: 72 74 46 43 4B 57 51 7A  7A 6E 41 4D 57 65 76 63  rtFCKWQzznAMWevc
00000170: 46 72 41 65 74 47 73 6A  33 73 37 61 71 38 70 7A  FrAetGsj3s7aq8pz
00000180: 7A 4F 76 5A 69 48 6A 72  50 62 67 74 79 59 4E 39  zOvZiHjrPbgtyYN9
00000190: 67 0D 00 03 0B 0B 00 00  00 00 00                 g..........
====
STREAM PID 40016.0xffff9482c72c0b00 (S) > 40027.0xffff948328f80b00 (C), length 480
command[40016]: b'./cmake-build/src/TextService/TextService'
command[40027]: b'./src/ComposePostService/ComposePostService'
----
00000000: 00 00 01 DC 80 01 00 02  00 00 00 0B 43 6F 6D 70  ............Comp
00000010: 6F 73 65 54 65 78 74 00  00 00 00 0C 00 00 0B 00  oseText.........
00000020: 01 00 00 01 38 32 69 46  7A 62 57 54 48 62 53 33  ....82iFzbWTHbS3
00000030: 4B 62 54 58 4E 43 6C 6C  72 42 65 4E 79 65 43 76  KbTXNCllrBeNyeCv
00000040: 41 70 31 38 6D 6C 52 58  76 35 74 4A 39 75 69 7A  Ap18mlRXv5tJ9uiz
00000050: 77 41 73 6A 30 6C 31 49  43 69 52 31 73 37 6D 65  wAsj0l1ICiR1s7me
00000060: 50 6C 5A 45 6D 56 54 35  5A 6D 4F 47 79 63 37 5A  PlZEmVT5ZmOGyc7Z
00000070: 41 4B 42 38 44 46 31 7A  62 6C 6C 68 47 55 42 31  AKB8DF1zbllhGUB1
00000080: 4D 32 42 38 79 46 61 49  36 53 70 63 4C 46 75 52  M2B8yFaI6SpcLFuR
00000090: 5A 6C 58 6E 79 30 4D 36  73 54 6A 6B 6C 68 38 36  ZlXny0M6sTjklh86
000000A0: 34 71 31 75 51 4B 69 39  34 39 36 36 58 6E 33 5A  4q1uQKi94966Xn3Z
000000B0: 67 69 63 6D 53 55 76 61  32 63 68 79 39 41 54 49  gicmSUva2chy9ATI
000000C0: 36 74 6D 4F 78 4D 67 4B  51 79 52 39 6A 67 6C 6E  6tmOxMgKQyR9jgln
000000D0: 4D 67 59 55 54 62 48 38  30 69 4A 51 6A 50 7A 67  MgYUTbH80iJQjPzg
000000E0: 39 51 36 67 52 6A 4B 51  69 57 5A 58 74 46 48 6B  9Q6gRjKQiWZXtFHk
000000F0: 64 59 48 52 72 65 7A 41  35 74 31 44 35 42 76 5A  dYHRrezA5t1D5BvZ
00000100: 5A 70 43 56 4A 7A 44 55  6B 41 6B 67 51 74 6A 39  ZpCVJzDUkAkgQtj9
00000110: 6A 42 57 4F 38 4D 38 77  6D 73 5A 43 41 59 75 78  jBWO8M8wmsZCAYux
00000120: 36 76 39 37 66 20 40 75  73 65 72 6E 61 6D 65 5F  6v97f @username_
00000130: 34 37 34 20 40 75 73 65  72 6E 61 6D 65 5F 37 30  474 @username_70
00000140: 31 20 68 74 74 70 3A 2F  2F 73 68 6F 72 74 2D 75  1 http://short-u
00000150: 72 6C 2F 41 70 45 36 35  44 66 58 73 73 0F 00 02  rl/ApE65DfXss...
00000160: 0C 00 00 00 00 0F 00 03  0C 00 00 00 01 0B 00 01  ................
00000170: 00 00 00 1B 68 74 74 70  3A 2F 2F 73 68 6F 72 74  ....http://short
00000180: 2D 75 72 6C 2F 41 70 45  36 35 44 66 58 73 73 0B  -url/ApE65DfXss.
00000190: 00 02 00 00 00 47 68 74  74 70 3A 2F 2F 36 75 59  .....Ghttp://6uY
000001A0: 63 68 67 56 30 4B 53 64  4C 6B 36 68 72 74 46 43  chgV0KSdLk6hrtFC
000001B0: 4B 57 51 7A 7A 6E 41 4D  57 65 76 63 46 72 41 65  KWQzznAMWevcFrAe
000001C0: 74 47 73 6A 33 73 37 61  71 38 70 7A 7A 4F 76 5A  tGsj3s7aq8pzzOvZ
000001D0: 69 48 6A 72 50 62 67 74  79 59 4E 39 67 00 00 00  iHjrPbgtyYN9g...
====
STREAM PID 40027.0xffff948328f80b00 (C) > 40016.0xffff9482c72c0b00 (S), length 397
command[40027]: b'./src/ComposePostService/ComposePostService'
command[40016]: b'./cmake-build/src/TextService/TextService'
----
00000000: 00 00 01 89 80 01 00 01  00 00 00 0B 43 6F 6D 70  ............Comp
00000010: 6F 73 65 54 65 78 74 00  00 00 00 0A 00 01 09 02  oseText.........
00000020: B0 78 84 1B 80 80 0B 00  02 00 00 01 56 38 79 32  .x..........V8y2
00000030: 37 61 4F 6F 39 49 34 46  33 6F 4D 49 44 6A 6F 71  7aOo9I4F3oMIDjoq
00000040: 69 70 72 62 4A 68 70 33  71 6E 52 39 72 55 31 48  iprbJhp3qnR9rU1H
00000050: 59 30 73 57 33 76 4A 6E  4F 73 4A 70 61 42 4B 4C  Y0sW3vJnOsJpaBKL
00000060: 31 43 62 45 43 32 32 66  41 42 4A 79 6D 45 57 73  1CbEC22fABJymEWs
00000070: 6E 6E 76 6B 6E 54 65 6A  61 52 64 77 44 31 70 62  nnvknTejaRdwD1pb
00000080: 36 6B 45 33 48 51 78 74  33 35 50 6F 49 38 47 55  6kE3HQxt35PoI8GU
00000090: 76 75 57 49 68 71 67 4A  41 6B 31 6C 6C 48 54 35  vuWIhqgJAk1llHT5
000000A0: 6F 76 6C 75 75 32 6B 51  34 79 63 6C 71 6D 47 49  ovluu2kQ4yclqmGI
000000B0: 72 76 31 75 50 37 69 47  36 4B 62 76 5A 78 50 59  rv1uP7iG6KbvZxPY
000000C0: 69 6B 38 6A 50 32 48 77  75 54 50 36 56 30 58 68  ik8jP2HwuTP6V0Xh
000000D0: 67 50 38 49 65 63 41 61  73 73 48 4E 6D 64 4F 72  gP8IecAassHNmdOr
000000E0: 65 35 41 56 48 53 43 4C  61 58 56 72 35 64 44 4D  e5AVHSCLaXVr5dDM
000000F0: 30 31 44 35 50 57 64 67  52 58 69 66 47 35 38 70  01D5PWdgRXifG58p
00000100: 4E 52 35 49 57 62 78 6D  6C 67 68 38 7A 65 44 4D  NR5IWbxmlgh8zeDM
00000110: 61 6C 6A 62 4F 6C 48 7A  44 79 70 35 36 63 6F 57  aljbOlHzDyp56coW
00000120: 64 52 41 72 58 42 48 55  32 74 6D 50 5A 20 40 75  dRArXBHU2tmPZ @u
00000130: 73 65 72 6E 61 6D 65 5F  35 34 31 20 68 74 74 70  sername_541 http
00000140: 3A 2F 2F 44 61 4C 34 61  73 6C 7A 53 44 65 6C 44  ://DaL4aslzSDelD
00000150: 4E 38 35 74 39 67 71 49  5A 6C 4A 50 56 4E 71 72  N85t9gqIZlJPVNqr
00000160: 4D 64 6E 39 57 48 35 45  4F 4E 56 36 72 6C 38 57  Mdn9WH5EONV6rl8W
00000170: 70 37 6F 6C 49 35 61 4A  76 4F 61 6B 64 6B 4D 73  p7olI5aJvOakdkMs
00000180: 59 73 4A 0D 00 03 0B 0B  00 00 00 00 00           YsJ..........
====
STREAM PID 40016.0xffff9482c72c0b00 (S) > 40027.0xffff948328f80b00 (C), length 466
command[40016]: b'./cmake-build/src/TextService/TextService'
command[40027]: b'./src/ComposePostService/ComposePostService'
----
00000000: 00 00 01 CE 80 01 00 02  00 00 00 0B 43 6F 6D 70  ............Comp
00000010: 6F 73 65 54 65 78 74 00  00 00 00 0C 00 00 0B 00  oseText.........
00000020: 01 00 00 01 2A 38 79 32  37 61 4F 6F 39 49 34 46  ....*8y27aOo9I4F
00000030: 33 6F 4D 49 44 6A 6F 71  69 70 72 62 4A 68 70 33  3oMIDjoqiprbJhp3
00000040: 71 6E 52 39 72 55 31 48  59 30 73 57 33 76 4A 6E  qnR9rU1HY0sW3vJn
00000050: 4F 73 4A 70 61 42 4B 4C  31 43 62 45 43 32 32 66  OsJpaBKL1CbEC22f
00000060: 41 42 4A 79 6D 45 57 73  6E 6E 76 6B 6E 54 65 6A  ABJymEWsnnvknTej
00000070: 61 52 64 77 44 31 70 62  36 6B 45 33 48 51 78 74  aRdwD1pb6kE3HQxt
00000080: 33 35 50 6F 49 38 47 55  76 75 57 49 68 71 67 4A  35PoI8GUvuWIhqgJ
00000090: 41 6B 31 6C 6C 48 54 35  6F 76 6C 75 75 32 6B 51  Ak1llHT5ovluu2kQ
000000A0: 34 79 63 6C 71 6D 47 49  72 76 31 75 50 37 69 47  4yclqmGIrv1uP7iG
000000B0: 36 4B 62 76 5A 78 50 59  69 6B 38 6A 50 32 48 77  6KbvZxPYik8jP2Hw
000000C0: 75 54 50 36 56 30 58 68  67 50 38 49 65 63 41 61  uTP6V0XhgP8IecAa
000000D0: 73 73 48 4E 6D 64 4F 72  65 35 41 56 48 53 43 4C  ssHNmdOre5AVHSCL
000000E0: 61 58 56 72 35 64 44 4D  30 31 44 35 50 57 64 67  aXVr5dDM01D5PWdg
000000F0: 52 58 69 66 47 35 38 70  4E 52 35 49 57 62 78 6D  RXifG58pNR5IWbxm
00000100: 6C 67 68 38 7A 65 44 4D  61 6C 6A 62 4F 6C 48 7A  lgh8zeDMaljbOlHz
00000110: 44 79 70 35 36 63 6F 57  64 52 41 72 58 42 48 55  Dyp56coWdRArXBHU
00000120: 32 74 6D 50 5A 20 40 75  73 65 72 6E 61 6D 65 5F  2tmPZ @username_
00000130: 35 34 31 20 68 74 74 70  3A 2F 2F 73 68 6F 72 74  541 http://short
00000140: 2D 75 72 6C 2F 74 47 49  59 66 34 4C 37 4C 63 0F  -url/tGIYf4L7Lc.
00000150: 00 02 0C 00 00 00 00 0F  00 03 0C 00 00 00 01 0B  ................
00000160: 00 01 00 00 00 1B 68 74  74 70 3A 2F 2F 73 68 6F  ......http://sho
00000170: 72 74 2D 75 72 6C 2F 74  47 49 59 66 34 4C 37 4C  rt-url/tGIYf4L7L
00000180: 63 0B 00 02 00 00 00 47  68 74 74 70 3A 2F 2F 44  c......Ghttp://D
00000190: 61 4C 34 61 73 6C 7A 53  44 65 6C 44 4E 38 35 74  aL4aslzSDelDN85t
000001A0: 39 67 71 49 5A 6C 4A 50  56 4E 71 72 4D 64 6E 39  9gqIZlJPVNqrMdn9
000001B0: 57 48 35 45 4F 4E 56 36  72 6C 38 57 70 37 6F 6C  WH5EONV6rl8Wp7ol
000001C0: 49 35 61 4A 76 4F 61 6B  64 6B 4D 73 59 73 4A 00  I5aJvOakdkMsYsJ.
000001D0: 00 00                                             ..
====
STREAM PID 40027.0xffff948328f80b00 (C) > 40016.0xffff9482c72c0b00 (S), length 713
command[40027]: b'./src/ComposePostService/ComposePostService'
command[40016]: b'./cmake-build/src/TextService/TextService'
----
00000000: 00 00 02 C5 80 01 00 01  00 00 00 0B 43 6F 6D 70  ............Comp
00000010: 6F 73 65 54 65 78 74 00  00 00 00 0A 00 01 03 A5  oseText.........
00000020: 28 9D FC 2D F4 C0 0B 00  02 00 00 02 92 4D 56 49  (..-.........MVI
00000030: 4A 71 64 41 65 52 48 66  76 51 67 4F 69 5A 67 35  JqdAeRHfvQgOiZg5
00000040: 35 67 45 42 45 7A 30 35  4B 6B 4F 6C 62 45 6B 4B  5gEBEz05KkOlbEkK
00000050: 39 46 56 5A 76 74 34 34  6E 31 30 48 54 75 50 39  9FVZvt44n10HTuP9
00000060: 45 71 66 35 57 58 6D 73  32 77 72 6B 4E 6B 51 6B  Eqf5WXms2wrkNkQk
00000070: 64 36 43 43 74 69 72 6C  70 54 62 6E 5A 73 41 4D  d6CCtirlpTbnZsAM
00000080: 56 35 36 32 63 66 4D 39  38 50 33 6B 72 41 44 43  V562cfM98P3krADC
00000090: 78 5A 49 73 79 52 33 4F  53 67 77 71 58 50 79 64  xZIsyR3OSgwqXPyd
000000A0: 6E 61 64 57 72 74 76 4D  53 71 63 73 6F 46 74 6E  nadWrtvMSqcsoFtn
000000B0: 35 4E 77 31 42 53 65 53  54 4F 52 4A 30 73 50 49  5Nw1BSeSTORJ0sPI
000000C0: 46 5A 50 74 61 73 67 75  38 63 72 4B 46 74 42 31  FZPtasgu8crKFtB1
000000D0: 65 46 4F 41 6D 49 65 74  4A 31 33 34 70 56 78 55  eFOAmIetJ134pVxU
000000E0: 77 63 54 42 31 49 56 56  68 4D 33 41 33 67 70 32  wcTB1IVVhM3A3gp2
000000F0: 4F 43 74 79 58 66 6E 65  34 75 7A 46 43 54 72 79  OCtyXfne4uzFCTry
00000100: 69 4F 77 4B 36 51 74 39  7A 49 65 49 6B 48 56 71  iOwK6Qt9zIeIkHVq
00000110: 64 6F 54 69 59 47 44 43  6E 79 45 79 74 4A 36 54  doTiYGDCnyEytJ6T
00000120: 6C 42 48 7A 46 36 73 75  61 54 6C 63 7A 20 40 75  lBHzF6suaTlcz @u
00000130: 73 65 72 6E 61 6D 65 5F  39 35 35 20 40 75 73 65  sername_955 @use
00000140: 72 6E 61 6D 65 5F 38 37  34 20 40 75 73 65 72 6E  rname_874 @usern
00000150: 61 6D 65 5F 36 30 30 20  68 74 74 70 3A 2F 2F 64  ame_600 http://d
00000160: 47 79 45 7A 47 75 65 69  62 69 49 4B 78 4B 4A 45  GyEzGueibiIKxKJE
00000170: 72 5A 4D 4A 66 44 54 55  6F 50 4F 31 77 44 54 47  rZMJfDTUoPO1wDTG
00000180: 49 34 51 39 56 6A 46 34  56 69 42 33 4B 4F 71 32  I4Q9VjF4ViB3KOq2
00000190: 48 68 79 65 47 68 44 49  45 63 56 4F 54 30 37 20  HhyeGhDIEcVOT07 
000001A0: 68 74 74 70 3A 2F 2F 49  4D 71 75 4F 4E 6D 57 32  http://IMquONmW2
000001B0: 78 31 35 35 4A 64 66 6B  49 62 69 71 68 46 66 6E  x155JdfkIbiqhFfn
000001C0: 61 67 5A 58 6C 62 45 5A  43 65 57 70 30 37 48 54  agZXlbEZCeWp07HT
000001D0: 52 55 43 51 51 74 38 68  7A 4E 6A 6B 67 30 52 49  RUCQQt8hzNjkg0RI
000001E0: 66 74 6D 50 72 51 59 20  68 74 74 70 3A 2F 2F 30  ftmPrQY http://0
000001F0: 4F 4A 36 42 74 77 79 74  54 37 67 6D 64 53 34 6F  OJ6BtwytT7gmdS4o
00000200: 66 37 69 35 30 61 44 53  76 52 56 63 63 36 38 68  f7i50aDSvRVcc68h
00000210: 57 7A 4F 43 7A 31 52 77  78 4B 36 61 66 59 74 73  WzOCz1RwxK6afYts
00000220: 67 42 68 48 30 4D 76 6D  4F 50 57 65 34 4B 41 20  gBhH0MvmOPWe4KA 
00000230: 68 74 74 70 3A 2F 2F 67  47 49 62 61 57 33 35 58  http://gGIbaW35X
00000240: 76 6B 6D 4E 32 37 73 4C  66 32 79 70 4B 4D 53 74  vkmN27sLf2ypKMSt
00000250: 4F 4D 63 43 68 47 74 39  52 57 31 62 75 4A 57 4B  OMcChGt9RW1buJWK
00000260: 47 79 78 41 46 31 69 74  6C 6F 43 66 34 33 33 67  GyxAF1itloCf433g
00000270: 5A 6A 49 36 5A 43 77 20  68 74 74 70 3A 2F 2F 35  ZjI6ZCw http://5
00000280: 67 42 4E 32 51 68 74 36  7A 74 51 55 39 49 6F 6F  gBN2Qht6ztQU9Ioo
00000290: 76 71 65 54 6A 6A 55 45  58 70 4B 30 72 39 61 61  vqeTjjUEXpK0r9aa
000002A0: 43 46 58 59 74 34 55 30  75 76 6C 6B 6B 42 42 78  CFXYt4U0uvlkkBBx
000002B0: 51 34 57 54 7A 32 6D 34  49 4E 69 52 31 42 45 0D  Q4WTz2m4INiR1BE.
000002C0: 00 03 0B 0B 00 00 00 00  00                       .........
====
STREAM PID 40016.0xffff9482c72c0b00 (S) > 40027.0xffff948328f80b00 (C), length 1058
command[40016]: b'./cmake-build/src/TextService/TextService'
command[40027]: b'./src/ComposePostService/ComposePostService'
----
00000000: 00 00 04 1E 80 01 00 02  00 00 00 0B 43 6F 6D 70  ............Comp
00000010: 6F 73 65 54 65 78 74 00  00 00 00 0C 00 00 0B 00  oseText.........
00000020: 01 00 00 01 B6 4D 56 49  4A 71 64 41 65 52 48 66  .....MVIJqdAeRHf
00000030: 76 51 67 4F 69 5A 67 35  35 67 45 42 45 7A 30 35  vQgOiZg55gEBEz05
00000040: 4B 6B 4F 6C 62 45 6B 4B  39 46 56 5A 76 74 34 34  KkOlbEkK9FVZvt44
00000050: 6E 31 30 48 54 75 50 39  45 71 66 35 57 58 6D 73  n10HTuP9Eqf5WXms
00000060: 32 77 72 6B 4E 6B 51 6B  64 36 43 43 74 69 72 6C  2wrkNkQkd6CCtirl
00000070: 70 54 62 6E 5A 73 41 4D  56 35 36 32 63 66 4D 39  pTbnZsAMV562cfM9
00000080: 38 50 33 6B 72 41 44 43  78 5A 49 73 79 52 33 4F  8P3krADCxZIsyR3O
00000090: 53 67 77 71 58 50 79 64  6E 61 64 57 72 74 76 4D  SgwqXPydnadWrtvM
000000A0: 53 71 63 73 6F 46 74 6E  35 4E 77 31 42 53 65 53  SqcsoFtn5Nw1BSeS
000000B0: 54 4F 52 4A 30 73 50 49  46 5A 50 74 61 73 67 75  TORJ0sPIFZPtasgu
000000C0: 38 63 72 4B 46 74 42 31  65 46 4F 41 6D 49 65 74  8crKFtB1eFOAmIet
000000D0: 4A 31 33 34 70 56 78 55  77 63 54 42 31 49 56 56  J134pVxUwcTB1IVV
000000E0: 68 4D 33 41 33 67 70 32  4F 43 74 79 58 66 6E 65  hM3A3gp2OCtyXfne
000000F0: 34 75 7A 46 43 54 72 79  69 4F 77 4B 36 51 74 39  4uzFCTryiOwK6Qt9
00000100: 7A 49 65 49 6B 48 56 71  64 6F 54 69 59 47 44 43  zIeIkHVqdoTiYGDC
00000110: 6E 79 45 79 74 4A 36 54  6C 42 48 7A 46 36 73 75  nyEytJ6TlBHzF6su
00000120: 61 54 6C 63 7A 20 40 75  73 65 72 6E 61 6D 65 5F  aTlcz @username_
00000130: 39 35 35 20 40 75 73 65  72 6E 61 6D 65 5F 38 37  955 @username_87
00000140: 34 20 40 75 73 65 72 6E  61 6D 65 5F 36 30 30 20  4 @username_600 
00000150: 68 74 74 70 3A 2F 2F 73  68 6F 72 74 2D 75 72 6C  http://short-url
00000160: 2F 75 33 62 44 75 74 6D  37 4C 58 20 68 74 74 70  /u3bDutm7LX http
00000170: 3A 2F 2F 73 68 6F 72 74  2D 75 72 6C 2F 6D 4F 36  ://short-url/mO6
00000180: 74 6C 57 57 76 37 4B 20  68 74 74 70 3A 2F 2F 73  tlWWv7K http://s
00000190: 68 6F 72 74 2D 75 72 6C  2F 6A 41 4A 6E 59 47 58  hort-url/jAJnYGX
000001A0: 6F 35 32 20 68 74 74 70  3A 2F 2F 73 68 6F 72 74  o52 http://short
000001B0: 2D 75 72 6C 2F 78 50 58  78 50 4F 53 65 6B 55 20  -url/xPXxPOSekU 
000001C0: 68 74 74 70 3A 2F 2F 73  68 6F 72 74 2D 75 72 6C  http://short-url
000001D0: 2F 65 59 69 36 65 67 54  63 4A 68 0F 00 02 0C 00  /eYi6egTcJh.....
000001E0: 00 00 00 0F 00 03 0C 00  00 00 05 0B 00 01 00 00  ................
000001F0: 00 1B 68 74 74 70 3A 2F  2F 73 68 6F 72 74 2D 75  ..http://short-u
00000200: 72 6C 2F 75 33 62 44 75  74 6D 37 4C 58 0B 00 02  rl/u3bDutm7LX...
00000210: 00 00 00 47 68 74 74 70  3A 2F 2F 64 47 79 45 7A  ...Ghttp://dGyEz
00000220: 47 75 65 69 62 69 49 4B  78 4B 4A 45 72 5A 4D 4A  GueibiIKxKJErZMJ
00000230: 66 44 54 55 6F 50 4F 31  77 44 54 47 49 34 51 39  fDTUoPO1wDTGI4Q9
00000240: 56 6A 46 34 56 69 42 33  4B 4F 71 32 48 68 79 65  VjF4ViB3KOq2Hhye
00000250: 47 68 44 49 45 63 56 4F  54 30 37 00 0B 00 01 00  GhDIEcVOT07.....
00000260: 00 00 1B 68 74 74 70 3A  2F 2F 73 68 6F 72 74 2D  ...http://short-
00000270: 75 72 6C 2F 6D 4F 36 74  6C 57 57 76 37 4B 0B 00  url/mO6tlWWv7K..
00000280: 02 00 00 00 47 68 74 74  70 3A 2F 2F 49 4D 71 75  ....Ghttp://IMqu
00000290: 4F 4E 6D 57 32 78 31 35  35 4A 64 66 6B 49 62 69  ONmW2x155JdfkIbi
000002A0: 71 68 46 66 6E 61 67 5A  58 6C 62 45 5A 43 65 57  qhFfnagZXlbEZCeW
000002B0: 70 30 37 48 54 52 55 43  51 51 74 38 68 7A 4E 6A  p07HTRUCQQt8hzNj
000002C0: 6B 67 30 52 49 66 74 6D  50 72 51 59 00 0B 00 01  kg0RIftmPrQY....
000002D0: 00 00 00 1B 68 74 74 70  3A 2F 2F 73 68 6F 72 74  ....http://short
000002E0: 2D 75 72 6C 2F 6A 41 4A  6E 59 47 58 6F 35 32 0B  -url/jAJnYGXo52.
000002F0: 00 02 00 00 00 47 68 74  74 70 3A 2F 2F 30 4F 4A  .....Ghttp://0OJ
00000300: 36 42 74 77 79 74 54 37  67 6D 64 53 34 6F 66 37  6BtwytT7gmdS4of7
00000310: 69 35 30 61 44 53 76 52  56 63 63 36 38 68 57 7A  i50aDSvRVcc68hWz
00000320: 4F 43 7A 31 52 77 78 4B  36 61 66 59 74 73 67 42  OCz1RwxK6afYtsgB
00000330: 68 48 30 4D 76 6D 4F 50  57 65 34 4B 41 00 0B 00  hH0MvmOPWe4KA...
00000340: 01 00 00 00 1B 68 74 74  70 3A 2F 2F 73 68 6F 72  .....http://shor
00000350: 74 2D 75 72 6C 2F 78 50  58 78 50 4F 53 65 6B 55  t-url/xPXxPOSekU
00000360: 0B 00 02 00 00 00 47 68  74 74 70 3A 2F 2F 67 47  ......Ghttp://gG
00000370: 49 62 61 57 33 35 58 76  6B 6D 4E 32 37 73 4C 66  IbaW35XvkmN27sLf
00000380: 32 79 70 4B 4D 53 74 4F  4D 63 43 68 47 74 39 52  2ypKMStOMcChGt9R
00000390: 57 31 62 75 4A 57 4B 47  79 78 41 46 31 69 74 6C  W1buJWKGyxAF1itl
000003A0: 6F 43 66 34 33 33 67 5A  6A 49 36 5A 43 77 00 0B  oCf433gZjI6ZCw..
000003B0: 00 01 00 00 00 1B 68 74  74 70 3A 2F 2F 73 68 6F  ......http://sho
000003C0: 72 74 2D 75 72 6C 2F 65  59 69 36 65 67 54 63 4A  rt-url/eYi6egTcJ
000003D0: 68 0B 00 02 00 00 00 47  68 74 74 70 3A 2F 2F 35  h......Ghttp://5
000003E0: 67 42 4E 32 51 68 74 36  7A 74 51 55 39 49 6F 6F  gBN2Qht6ztQU9Ioo
000003F0: 76 71 65 54 6A 6A 55 45  58 70 4B 30 72 39 61 61  vqeTjjUEXpK0r9aa
00000400: 43 46 58 59 74 34 55 30  75 76 6C 6B 6B 42 42 78  CFXYt4U0uvlkkBBx
00000410: 51 34 57 54 7A 32 6D 34  49 4E 69 52 31 42 45 00  Q4WTz2m4INiR1BE.
00000420: 00 00                                             ..
====
STREAM PID 40027.0xffff948328f80b00 (C) > 40016.0xffff9482c72c0b00 (S), length 455
command[40027]: b'./src/ComposePostService/ComposePostService'
command[40016]: b'./cmake-build/src/TextService/TextService'
----
00000000: 00 00 01 C3 80 01 00 01  00 00 00 0B 43 6F 6D 70  ............Comp
00000010: 6F 73 65 54 65 78 74 00  00 00 00 0A 00 01 09 93  oseText.........
00000020: 53 6B 7C A1 B9 80 0B 00  02 00 00 01 90 4D 51 4D  Sk|..........MQM
00000030: 56 61 62 71 57 71 48 50  31 68 59 6E 64 4F 4C 69  VabqWqHP1hYndOLi
00000040: 46 4D 73 53 67 6D 31 31  66 54 47 6A 62 54 43 41  FMsSgm11fTGjbTCA
00000050: 30 46 34 38 65 72 46 32  46 64 62 63 52 68 58 43  0F48erF2FdbcRhXC
00000060: 68 4D 6F 39 72 70 76 4D  72 44 76 55 64 42 66 30  hMo9rpvMrDvUdBf0
00000070: 37 51 4D 32 71 77 56 4D  71 79 6E 39 58 32 63 68  7QM2qwVMqyn9X2ch
00000080: 50 66 73 49 4C 4D 5A 7A  67 61 46 4D 31 4B 46 7A  PfsILMZzgaFM1KFz
00000090: 41 58 4B 67 34 79 73 4D  72 57 57 5A 4F 74 58 4E  AXKg4ysMrWWZOtXN
000000A0: 47 57 70 68 78 57 54 33  6F 76 48 57 65 74 34 59  GWphxWT3ovHWet4Y
000000B0: 45 58 6E 66 62 34 5A 53  78 36 41 6E 6A 50 4C 73  EXnfb4ZSx6AnjPLs
000000C0: 6E 53 33 64 34 79 74 78  75 49 39 30 68 4E 61 75  nS3d4ytxuI90hNau
000000D0: 51 42 59 50 48 30 65 64  34 74 6D 4C 34 74 41 34  QBYPH0ed4tmL4tA4
000000E0: 4B 6E 50 41 6D 72 6F 49  6C 42 4C 76 53 6A 41 7A  KnPAmroIlBLvSjAz
000000F0: 72 65 5A 52 35 35 79 38  4F 62 53 37 34 75 4B 65  reZR55y8ObS74uKe
00000100: 55 50 4A 42 58 67 61 68  63 38 43 4B 48 77 4F 55  UPJBXgahc8CKHwOU
00000110: 7A 6A 65 58 4B 49 70 58  77 53 49 47 33 41 5A 72  zjeXKIpXwSIG3AZr
00000120: 30 77 54 45 79 4D 48 36  50 30 71 45 79 20 68 74  0wTEyMH6P0qEy ht
00000130: 74 70 3A 2F 2F 50 70 47  46 51 50 34 33 49 58 67  tp://PpGFQP43IXg
00000140: 47 45 61 61 4C 64 30 70  43 70 77 6F 74 48 77 39  GEaaLd0pCpwotHw9
00000150: 34 31 44 36 69 38 53 50  31 77 58 51 4E 42 4E 76  41D6i8SP1wXQNBNv
00000160: 47 4A 78 66 6B 32 7A 66  5A 45 72 36 6B 65 31 6B  GJxfk2zfZEr6ke1k
00000170: 4C 61 49 68 45 20 68 74  74 70 3A 2F 2F 69 64 30  LaIhE http://id0
00000180: 6C 4E 37 68 4C 36 59 75  6D 73 59 4D 31 6F 78 43  lN7hL6YumsYM1oxC
00000190: 54 6F 7A 45 73 5A 34 4D  4A 41 4E 51 73 48 4C 61  TozEsZ4MJANQsHLa
000001A0: 58 41 4E 46 63 71 56 58  35 43 36 57 54 32 4B 55  XANFcqVX5C6WT2KU
000001B0: 35 75 51 4E 61 65 49 62  6A 75 57 6E 70 0D 00 03  5uQNaeIbjuWnp...
000001C0: 0B 0B 00 00 00 00 00                              .......
====
STREAM PID 40016.0xffff9482c72c0b00 (S) > 40027.0xffff948328f80b00 (C), length 593
command[40016]: b'./cmake-build/src/TextService/TextService'
command[40027]: b'./src/ComposePostService/ComposePostService'
----
00000000: 00 00 02 4D 80 01 00 02  00 00 00 0B 43 6F 6D 70  ...M........Comp
00000010: 6F 73 65 54 65 78 74 00  00 00 00 0C 00 00 0B 00  oseText.........
00000020: 01 00 00 01 38 4D 51 4D  56 61 62 71 57 71 48 50  ....8MQMVabqWqHP
00000030: 31 68 59 6E 64 4F 4C 69  46 4D 73 53 67 6D 31 31  1hYndOLiFMsSgm11
00000040: 66 54 47 6A 62 54 43 41  30 46 34 38 65 72 46 32  fTGjbTCA0F48erF2
00000050: 46 64 62 63 52 68 58 43  68 4D 6F 39 72 70 76 4D  FdbcRhXChMo9rpvM
00000060: 72 44 76 55 64 42 66 30  37 51 4D 32 71 77 56 4D  rDvUdBf07QM2qwVM
00000070: 71 79 6E 39 58 32 63 68  50 66 73 49 4C 4D 5A 7A  qyn9X2chPfsILMZz
00000080: 67 61 46 4D 31 4B 46 7A  41 58 4B 67 34 79 73 4D  gaFM1KFzAXKg4ysM
00000090: 72 57 57 5A 4F 74 58 4E  47 57 70 68 78 57 54 33  rWWZOtXNGWphxWT3
000000A0: 6F 76 48 57 65 74 34 59  45 58 6E 66 62 34 5A 53  ovHWet4YEXnfb4ZS
000000B0: 78 36 41 6E 6A 50 4C 73  6E 53 33 64 34 79 74 78  x6AnjPLsnS3d4ytx
000000C0: 75 49 39 30 68 4E 61 75  51 42 59 50 48 30 65 64  uI90hNauQBYPH0ed
000000D0: 34 74 6D 4C 34 74 41 34  4B 6E 50 41 6D 72 6F 49  4tmL4tA4KnPAmroI
000000E0: 6C 42 4C 76 53 6A 41 7A  72 65 5A 52 35 35 79 38  lBLvSjAzreZR55y8
000000F0: 4F 62 53 37 34 75 4B 65  55 50 4A 42 58 67 61 68  ObS74uKeUPJBXgah
00000100: 63 38 43 4B 48 77 4F 55  7A 6A 65 58 4B 49 70 58  c8CKHwOUzjeXKIpX
00000110: 77 53 49 47 33 41 5A 72  30 77 54 45 79 4D 48 36  wSIG3AZr0wTEyMH6
00000120: 50 30 71 45 79 20 68 74  74 70 3A 2F 2F 73 68 6F  P0qEy http://sho
00000130: 72 74 2D 75 72 6C 2F 4D  56 61 54 62 69 4D 41 6E  rt-url/MVaTbiMAn
00000140: 38 20 68 74 74 70 3A 2F  2F 73 68 6F 72 74 2D 75  8 http://short-u
00000150: 72 6C 2F 51 4F 59 51 33  64 57 33 6B 6A 0F 00 02  rl/QOYQ3dW3kj...
00000160: 0C 00 00 00 00 0F 00 03  0C 00 00 00 02 0B 00 01  ................
00000170: 00 00 00 1B 68 74 74 70  3A 2F 2F 73 68 6F 72 74  ....http://short
00000180: 2D 75 72 6C 2F 4D 56 61  54 62 69 4D 41 6E 38 0B  -url/MVaTbiMAn8.
00000190: 00 02 00 00 00 47 68 74  74 70 3A 2F 2F 50 70 47  .....Ghttp://PpG
000001A0: 46 51 50 34 33 49 58 67  47 45 61 61 4C 64 30 70  FQP43IXgGEaaLd0p
000001B0: 43 70 77 6F 74 48 77 39  34 31 44 36 69 38 53 50  CpwotHw941D6i8SP
000001C0: 31 77 58 51 4E 42 4E 76  47 4A 78 66 6B 32 7A 66  1wXQNBNvGJxfk2zf
000001D0: 5A 45 72 36 6B 65 31 6B  4C 61 49 68 45 00 0B 00  ZEr6ke1kLaIhE...
000001E0: 01 00 00 00 1B 68 74 74  70 3A 2F 2F 73 68 6F 72  .....http://shor
000001F0: 74 2D 75 72 6C 2F 51 4F  59 51 33 64 57 33 6B 6A  t-url/QOYQ3dW3kj
00000200: 0B 00 02 00 00 00 47 68  74 74 70 3A 2F 2F 69 64  ......Ghttp://id
00000210: 30 6C 4E 37 68 4C 36 59  75 6D 73 59 4D 31 6F 78  0lN7hL6YumsYM1ox
00000220: 43 54 6F 7A 45 73 5A 34  4D 4A 41 4E 51 73 48 4C  CTozEsZ4MJANQsHL
00000230: 61 58 41 4E 46 63 71 56  58 35 43 36 57 54 32 4B  aXANFcqVX5C6WT2K
00000240: 55 35 75 51 4E 61 65 49  62 6A 75 57 6E 70 00 00  U5uQNaeIbjuWnp..
00000250: 00                                                .
====
STREAM PID 40027.0xffff948328f80b00 (C) > 40016.0xffff9482c72c0b00 (S), length 669
command[40027]: b'./src/ComposePostService/ComposePostService'
command[40016]: b'./cmake-build/src/TextService/TextService'
----
00000000: 00 00 02 99 80 01 00 01  00 00 00 0B 43 6F 6D 70  ............Comp
00000010: 6F 73 65 54 65 78 74 00  00 00 00 0A 00 01 01 F7  oseText.........
00000020: 98 78 05 E6 64 50 0B 00  02 00 00 02 66 44 6F 57  .x..dP......fDoW
00000030: 43 59 58 4D 6A 74 69 52  6B 37 58 4F 46 30 36 75  CYXMjtiRk7XOF06u
00000040: 48 76 38 46 4A 38 49 5A  34 57 64 4B 4E 64 4D 7A  Hv8FJ8IZ4WdKNdMz
00000050: 41 48 55 68 58 47 54 6F  4F 44 53 49 75 41 68 6E  AHUhXGToODSIuAhn
00000060: 76 57 67 42 67 71 4C 49  75 64 44 31 67 48 5A 59  vWgBgqLIudD1gHZY
00000070: 6E 6C 45 7A 45 39 56 70  58 41 7A 7A 48 45 70 65  nlEzE9VpXAzzHEpe
00000080: 43 78 6E 4E 6D 79 30 43  63 30 4A 47 43 43 57 45  CxnNmy0Cc0JGCCWE
00000090: 4D 6C 62 34 4D 67 35 49  30 43 70 54 57 75 43 6D  Mlb4Mg5I0CpTWuCm
000000A0: 4C 43 78 32 75 4E 4D 69  30 51 4C 47 47 44 73 76  LCx2uNMi0QLGGDsv
000000B0: 38 7A 64 44 58 68 47 35  52 48 56 39 51 69 4E 63  8zdDXhG5RHV9QiNc
000000C0: 6E 66 6C 4F 75 49 55 7A  6F 30 4A 59 45 4F 4C 33  nflOuIUzo0JYEOL3
000000D0: 7A 68 74 52 57 62 42 33  33 62 56 34 6B 37 32 4D  zhtRWbB33bV4k72M
000000E0: 57 35 36 39 30 30 4A 32  49 5A 58 74 73 44 58 52  W56900J2IZXtsDXR
000000F0: 76 76 42 50 76 73 78 4F  56 4A 65 36 6E 6E 72 47  vvBPvsxOVJe6nnrG
00000100: 4A 33 6E 6B 54 78 4E 6C  39 50 38 71 6D 4C 65 34  J3nkTxNl9P8qmLe4
00000110: 52 5A 6C 7A 6B 36 67 74  4A 72 33 69 51 6C 73 6F  RZlzk6gtJr3iQlso
00000120: 30 36 6F 32 72 61 7A 4E  6C 39 54 61 39 20 40 75  06o2razNl9Ta9 @u
00000130: 73 65 72 6E 61 6D 65 5F  33 36 33 20 40 75 73 65  sername_363 @use
00000140: 72 6E 61 6D 65 5F 32 35  32 20 40 75 73 65 72 6E  rname_252 @usern
00000150: 61 6D 65 5F 31 31 38 20  40 75 73 65 72 6E 61 6D  ame_118 @usernam
00000160: 65 5F 33 32 31 20 40 75  73 65 72 6E 61 6D 65 5F  e_321 @username_
00000170: 34 32 37 20 68 74 74 70  3A 2F 2F 74 45 73 45 71  427 http://tEsEq
00000180: 79 38 4C 64 77 34 31 54  64 73 69 6B 35 4F 73 62  y8Ldw41Tdsik5Osb
00000190: 4D 45 55 59 43 7A 64 4F  33 56 6D 34 79 61 73 37  MEUYCzdO3Vm4yas7
000001A0: 69 56 6B 76 48 64 7A 63  38 4A 36 31 5A 4B 71 54  iVkvHdzc8J61ZKqT
000001B0: 77 6A 66 46 6F 58 47 55  72 4E 61 20 68 74 74 70  wjfFoXGUrNa http
000001C0: 3A 2F 2F 44 34 35 77 59  56 5A 69 6D 4F 4C 53 53  ://D45wYVZimOLSS
000001D0: 45 66 33 6C 55 45 42 37  55 42 70 57 47 7A 30 39  Ef3lUEB7UBpWGz09
000001E0: 6A 69 6B 34 70 36 6D 45  75 6D 35 39 6D 6D 77 49  jik4p6mEum59mmwI
000001F0: 41 7A 35 34 66 6B 7A 4F  68 36 48 30 53 59 73 48  Az54fkzOh6H0SYsH
00000200: 32 44 6D 20 68 74 74 70  3A 2F 2F 48 70 58 5A 6F  2Dm http://HpXZo
00000210: 76 46 39 30 33 4C 71 6E  6D 65 68 33 33 43 37 30  vF903Lqnmeh33C70
00000220: 67 53 65 76 4C 7A 30 79  52 53 69 52 37 34 5A 44  gSevLz0yRSiR74ZD
00000230: 62 73 44 62 37 46 68 71  76 4D 70 65 75 50 66 56  bsDb7FhqvMpeuPfV
00000240: 5A 74 6D 6E 5A 48 45 4E  63 42 4B 20 68 74 74 70  ZtmnZHENcBK http
00000250: 3A 2F 2F 51 50 6B 41 44  47 33 42 7A 78 36 6D 78  ://QPkADG3Bzx6mx
00000260: 62 75 42 6E 57 43 51 49  31 6E 54 47 72 52 33 64  buBnWCQI1nTGrR3d
00000270: 70 7A 6D 7A 51 71 33 77  6C 68 58 48 78 64 64 37  pzmzQq3wlhXHxdd7
00000280: 68 70 46 4B 78 43 49 56  6A 31 53 32 55 55 42 41  hpFKxCIVj1S2UUBA
00000290: 4C 54 42 0D 00 03 0B 0B  00 00 00 00 00           LTB..........
====
STREAM PID 40016.0xffff9482c72c0b00 (S) > 40027.0xffff948328f80b00 (C), length 945
command[40016]: b'./cmake-build/src/TextService/TextService'
command[40027]: b'./src/ComposePostService/ComposePostService'
----
00000000: 00 00 03 AD 80 01 00 02  00 00 00 0B 43 6F 6D 70  ............Comp
00000010: 6F 73 65 54 65 78 74 00  00 00 00 0C 00 00 0B 00  oseText.........
00000020: 01 00 00 01 B6 44 6F 57  43 59 58 4D 6A 74 69 52  .....DoWCYXMjtiR
00000030: 6B 37 58 4F 46 30 36 75  48 76 38 46 4A 38 49 5A  k7XOF06uHv8FJ8IZ
00000040: 34 57 64 4B 4E 64 4D 7A  41 48 55 68 58 47 54 6F  4WdKNdMzAHUhXGTo
00000050: 4F 44 53 49 75 41 68 6E  76 57 67 42 67 71 4C 49  ODSIuAhnvWgBgqLI
00000060: 75 64 44 31 67 48 5A 59  6E 6C 45 7A 45 39 56 70  udD1gHZYnlEzE9Vp
00000070: 58 41 7A 7A 48 45 70 65  43 78 6E 4E 6D 79 30 43  XAzzHEpeCxnNmy0C
00000080: 63 30 4A 47 43 43 57 45  4D 6C 62 34 4D 67 35 49  c0JGCCWEMlb4Mg5I
00000090: 30 43 70 54 57 75 43 6D  4C 43 78 32 75 4E 4D 69  0CpTWuCmLCx2uNMi
000000A0: 30 51 4C 47 47 44 73 76  38 7A 64 44 58 68 47 35  0QLGGDsv8zdDXhG5
000000B0: 52 48 56 39 51 69 4E 63  6E 66 6C 4F 75 49 55 7A  RHV9QiNcnflOuIUz
000000C0: 6F 30 4A 59 45 4F 4C 33  7A 68 74 52 57 62 42 33  o0JYEOL3zhtRWbB3
000000D0: 33 62 56 34 6B 37 32 4D  57 35 36 39 30 30 4A 32  3bV4k72MW56900J2
000000E0: 49 5A 58 74 73 44 58 52  76 76 42 50 76 73 78 4F  IZXtsDXRvvBPvsxO
000000F0: 56 4A 65 36 6E 6E 72 47  4A 33 6E 6B 54 78 4E 6C  VJe6nnrGJ3nkTxNl
00000100: 39 50 38 71 6D 4C 65 34  52 5A 6C 7A 6B 36 67 74  9P8qmLe4RZlzk6gt
00000110: 4A 72 33 69 51 6C 73 6F  30 36 6F 32 72 61 7A 4E  Jr3iQlso06o2razN
00000120: 6C 39 54 61 39 20 40 75  73 65 72 6E 61 6D 65 5F  l9Ta9 @username_
00000130: 33 36 33 20 40 75 73 65  72 6E 61 6D 65 5F 32 35  363 @username_25
00000140: 32 20 40 75 73 65 72 6E  61 6D 65 5F 31 31 38 20  2 @username_118 
00000150: 40 75 73 65 72 6E 61 6D  65 5F 33 32 31 20 40 75  @username_321 @u
00000160: 73 65 72 6E 61 6D 65 5F  34 32 37 20 68 74 74 70  sername_427 http
00000170: 3A 2F 2F 73 68 6F 72 74  2D 75 72 6C 2F 39 41 58  ://short-url/9AX
00000180: 77 4A 6F 6C 41 57 52 20  68 74 74 70 3A 2F 2F 73  wJolAWR http://s
00000190: 68 6F 72 74 2D 75 72 6C  2F 41 6D 49 38 69 4D 30  hort-url/AmI8iM0
000001A0: 44 6C 6A 20 68 74 74 70  3A 2F 2F 73 68 6F 72 74  Dlj http://short
000001B0: 2D 75 72 6C 2F 6E 66 45  50 4C 53 74 46 70 54 20  -url/nfEPLStFpT 
000001C0: 68 74 74 70 3A 2F 2F 73  68 6F 72 74 2D 75 72 6C  http://short-url
000001D0: 2F 44 45 63 77 6B 46 55  6D 4A 35 0F 00 02 0C 00  /DEcwkFUmJ5.....
000001E0: 00 00 00 0F 00 03 0C 00  00 00 04 0B 00 01 00 00  ................
000001F0: 00 1B 68 74 74 70 3A 2F  2F 73 68 6F 72 74 2D 75  ..http://short-u
00000200: 72 6C 2F 39 41 58 77 4A  6F 6C 41 57 52 0B 00 02  rl/9AXwJolAWR...
00000210: 00 00 00 47 68 74 74 70  3A 2F 2F 74 45 73 45 71  ...Ghttp://tEsEq
00000220: 79 38 4C 64 77 34 31 54  64 73 69 6B 35 4F 73 62  y8Ldw41Tdsik5Osb
00000230: 4D 45 55 59 43 7A 64 4F  33 56 6D 34 79 61 73 37  MEUYCzdO3Vm4yas7
00000240: 69 56 6B 76 48 64 7A 63  38 4A 36 31 5A 4B 71 54  iVkvHdzc8J61ZKqT
00000250: 77 6A 66 46 6F 58 47 55  72 4E 61 00 0B 00 01 00  wjfFoXGUrNa.....
00000260: 00 00 1B 68 74 74 70 3A  2F 2F 73 68 6F 72 74 2D  ...http://short-
00000270: 75 72 6C 2F 41 6D 49 38  69 4D 30 44 6C 6A 0B 00  url/AmI8iM0Dlj..
00000280: 02 00 00 00 47 68 74 74  70 3A 2F 2F 44 34 35 77  ....Ghttp://D45w
00000290: 59 56 5A 69 6D 4F 4C 53  53 45 66 33 6C 55 45 42  YVZimOLSSEf3lUEB
000002A0: 37 55 42 70 57 47 7A 30  39 6A 69 6B 34 70 36 6D  7UBpWGz09jik4p6m
000002B0: 45 75 6D 35 39 6D 6D 77  49 41 7A 35 34 66 6B 7A  Eum59mmwIAz54fkz
000002C0: 4F 68 36 48 30 53 59 73  48 32 44 6D 00 0B 00 01  Oh6H0SYsH2Dm....
000002D0: 00 00 00 1B 68 74 74 70  3A 2F 2F 73 68 6F 72 74  ....http://short
000002E0: 2D 75 72 6C 2F 6E 66 45  50 4C 53 74 46 70 54 0B  -url/nfEPLStFpT.
000002F0: 00 02 00 00 00 47 68 74  74 70 3A 2F 2F 48 70 58  .....Ghttp://HpX
00000300: 5A 6F 76 46 39 30 33 4C  71 6E 6D 65 68 33 33 43  ZovF903Lqnmeh33C
00000310: 37 30 67 53 65 76 4C 7A  30 79 52 53 69 52 37 34  70gSevLz0yRSiR74
00000320: 5A 44 62 73 44 62 37 46  68 71 76 4D 70 65 75 50  ZDbsDb7FhqvMpeuP
00000330: 66 56 5A 74 6D 6E 5A 48  45 4E 63 42 4B 00 0B 00  fVZtmnZHENcBK...
00000340: 01 00 00 00 1B 68 74 74  70 3A 2F 2F 73 68 6F 72  .....http://shor
00000350: 74 2D 75 72 6C 2F 44 45  63 77 6B 46 55 6D 4A 35  t-url/DEcwkFUmJ5
00000360: 0B 00 02 00 00 00 47 68  74 74 70 3A 2F 2F 51 50  ......Ghttp://QP
00000370: 6B 41 44 47 33 42 7A 78  36 6D 78 62 75 42 6E 57  kADG3Bzx6mxbuBnW
00000380: 43 51 49 31 6E 54 47 72  52 33 64 70 7A 6D 7A 51  CQI1nTGrR3dpzmzQ
00000390: 71 33 77 6C 68 58 48 78  64 64 37 68 70 46 4B 78  q3wlhXHxdd7hpFKx
000003A0: 43 49 56 6A 31 53 32 55  55 42 41 4C 54 42 00 00  CIVj1S2UUBALTB..
000003B0: 00                                                .
====
STREAM PID 40027.0xffff948328f80b00 (C) > 40016.0xffff9482c72c0b00 (S), length 685
command[40027]: b'./src/ComposePostService/ComposePostService'
command[40016]: b'./cmake-build/src/TextService/TextService'
----
00000000: 00 00 02 A9 80 01 00 01  00 00 00 0B 43 6F 6D 70  ............Comp
00000010: 6F 73 65 54 65 78 74 00  00 00 00 0A 00 01 08 EB  oseText.........
00000020: AA B8 4B 32 AD 00 0B 00  02 00 00 02 76 75 79 44  ..K2........vuyD
00000030: 7A 35 53 78 6A 36 30 51  4C 6B 49 35 44 45 34 37  z5Sxj60QLkI5DE47
00000040: 43 43 6F 6F 6A 4F 69 4E  4B 45 77 57 54 63 36 68  CCoojOiNKEwWTc6h
00000050: 47 39 56 36 4D 7A 6D 42  44 37 77 70 49 63 65 52  G9V6MzmBD7wpIceR
00000060: 59 72 79 4F 72 47 74 51  44 50 75 33 55 4C 41 48  YryOrGtQDPu3ULAH
00000070: 52 33 59 67 49 38 77 42  74 78 67 57 54 63 75 75  R3YgI8wBtxgWTcuu
00000080: 6E 5A 53 71 34 44 38 76  33 45 45 48 56 6A 6A 4C  nZSq4D8v3EEHVjjL
00000090: 6A 71 73 4D 36 30 70 61  58 51 4B 6B 75 74 5A 67  jqsM60paXQKkutZg
000000A0: 4D 4D 73 76 6D 46 79 33  5A 4A 30 71 45 4D 62 75  MMsvmFy3ZJ0qEMbu
000000B0: 78 42 7A 55 35 7A 67 52  75 43 42 72 69 71 44 58  xBzU5zgRuCBriqDX
000000C0: 6A 61 46 6A 78 6E 38 43  46 46 52 6A 65 7A 47 4A  jaFjxn8CFFRjezGJ
000000D0: 72 30 45 62 44 42 48 79  47 51 41 77 36 33 41 31  r0EbDBHyGQAw63A1
000000E0: 67 44 51 78 4A 39 36 30  36 59 53 53 5A 30 39 6D  gDQxJ9606YSSZ09m
000000F0: 4A 6F 76 54 4E 79 43 67  77 6A 79 70 5A 75 79 77  JovTNyCgwjypZuyw
00000100: 6E 70 34 78 78 61 56 41  52 62 70 67 77 6E 33 48  np4xxaVARbpgwn3H
00000110: 65 63 31 64 41 78 6B 46  35 77 5A 31 5A 52 6F 6A  ec1dAxkF5wZ1ZRoj
00000120: 4B 55 31 6B 57 56 34 43  4B 56 30 65 56 20 40 75  KU1kWV4CKV0eV @u
00000130: 73 65 72 6E 61 6D 65 5F  31 31 34 20 68 74 74 70  sername_114 http
00000140: 3A 2F 2F 57 73 4B 42 6D  66 4D 65 7A 70 4A 42 35  ://WsKBmfMezpJB5
00000150: 49 71 61 6D 58 4B 32 45  52 36 58 66 43 66 6C 32  IqamXK2ER6XfCfl2
00000160: 51 6A 6A 62 6A 4C 4D 4D  41 77 62 4E 67 76 49 71  QjjbjLMMAwbNgvIq
00000170: 6F 6D 61 72 76 59 64 6B  67 71 66 57 38 41 61 72  omarvYdkgqfW8Aar
00000180: 41 43 6B 20 68 74 74 70  3A 2F 2F 38 55 73 71 4B  ACk http://8UsqK
00000190: 74 46 37 46 72 58 6B 76  59 69 67 4B 58 46 46 35  tF7FrXkvYigKXFF5
000001A0: 45 77 75 55 34 57 4F 7A  4A 63 4A 39 41 4E 34 50  EwuU4WOzJcJ9AN4P
000001B0: 4C 65 44 69 69 48 6F 41  77 6F 66 69 44 45 4F 63  LeDiiHoAwofiDEOc
000001C0: 33 4F 70 5A 53 43 64 58  79 55 63 20 68 74 74 70  3OpZSCdXyUc http
000001D0: 3A 2F 2F 58 4C 57 6A 57  69 44 6B 63 37 6A 78 37  ://XLWjWiDkc7jx7
000001E0: 50 53 64 43 45 5A 6A 42  39 4C 35 72 72 45 41 52  PSdCEZjB9L5rrEAR
000001F0: 78 7A 56 74 41 6C 58 58  44 46 54 4E 5A 48 73 68  xzVtAlXXDFTNZHsh
00000200: 69 57 42 6B 63 77 6E 4E  34 71 7A 48 64 4A 64 6C  iWBkcwnN4qzHdJdl
00000210: 78 65 6F 20 68 74 74 70  3A 2F 2F 70 66 7A 69 77  xeo http://pfziw
00000220: 31 52 34 70 4A 5A 69 5A  64 6E 50 57 76 78 7A 62  1R4pJZiZdnPWvxzb
00000230: 57 4B 6A 6F 6B 71 62 52  49 64 33 37 6A 37 53 61  WKjokqbRId37j7Sa
00000240: 70 70 36 58 79 45 78 38  59 31 43 50 4A 42 7A 47  pp6XyEx8Y1CPJBzG
00000250: 6E 4E 4E 4C 50 6B 70 6E  61 46 67 20 68 74 74 70  nNNLPkpnaFg http
00000260: 3A 2F 2F 67 52 30 73 5A  72 4F 41 76 6B 58 74 45  ://gR0sZrOAvkXtE
00000270: 47 76 77 78 35 73 78 69  41 41 62 34 33 47 36 73  Gvwx5sxiAAb43G6s
00000280: 4A 73 69 37 72 73 79 32  55 78 55 58 55 6D 37 43  Jsi7rsy2UxUXUm7C
00000290: 45 4C 4B 4F 71 33 70 6F  39 50 4D 76 6E 79 64 71  ELKOq3po9PMvnydq
000002A0: 56 73 6C 0D 00 03 0B 0B  00 00 00 00 00           Vsl..........
====
STREAM PID 40016.0xffff9482c72c0b00 (S) > 40027.0xffff948328f80b00 (C), length 1030
command[40016]: b'./cmake-build/src/TextService/TextService'
command[40027]: b'./src/ComposePostService/ComposePostService'
----
00000000: 00 00 04 02 80 01 00 02  00 00 00 0B 43 6F 6D 70  ............Comp
00000010: 6F 73 65 54 65 78 74 00  00 00 00 0C 00 00 0B 00  oseText.........
00000020: 01 00 00 01 9A 75 79 44  7A 35 53 78 6A 36 30 51  .....uyDz5Sxj60Q
00000030: 4C 6B 49 35 44 45 34 37  43 43 6F 6F 6A 4F 69 4E  LkI5DE47CCoojOiN
00000040: 4B 45 77 57 54 63 36 68  47 39 56 36 4D 7A 6D 42  KEwWTc6hG9V6MzmB
00000050: 44 37 77 70 49 63 65 52  59 72 79 4F 72 47 74 51  D7wpIceRYryOrGtQ
00000060: 44 50 75 33 55 4C 41 48  52 33 59 67 49 38 77 42  DPu3ULAHR3YgI8wB
00000070: 74 78 67 57 54 63 75 75  6E 5A 53 71 34 44 38 76  txgWTcuunZSq4D8v
00000080: 33 45 45 48 56 6A 6A 4C  6A 71 73 4D 36 30 70 61  3EEHVjjLjqsM60pa
00000090: 58 51 4B 6B 75 74 5A 67  4D 4D 73 76 6D 46 79 33  XQKkutZgMMsvmFy3
000000A0: 5A 4A 30 71 45 4D 62 75  78 42 7A 55 35 7A 67 52  ZJ0qEMbuxBzU5zgR
000000B0: 75 43 42 72 69 71 44 58  6A 61 46 6A 78 6E 38 43  uCBriqDXjaFjxn8C
000000C0: 46 46 52 6A 65 7A 47 4A  72 30 45 62 44 42 48 79  FFRjezGJr0EbDBHy
000000D0: 47 51 41 77 36 33 41 31  67 44 51 78 4A 39 36 30  GQAw63A1gDQxJ960
000000E0: 36 59 53 53 5A 30 39 6D  4A 6F 76 54 4E 79 43 67  6YSSZ09mJovTNyCg
000000F0: 77 6A 79 70 5A 75 79 77  6E 70 34 78 78 61 56 41  wjypZuywnp4xxaVA
00000100: 52 62 70 67 77 6E 33 48  65 63 31 64 41 78 6B 46  Rbpgwn3Hec1dAxkF
00000110: 35 77 5A 31 5A 52 6F 6A  4B 55 31 6B 57 56 34 43  5wZ1ZRojKU1kWV4C
00000120: 4B 56 30 65 56 20 40 75  73 65 72 6E 61 6D 65 5F  KV0eV @username_
00000130: 31 31 34 20 68 74 74 70  3A 2F 2F 73 68 6F 72 74  114 http://short
00000140: 2D 75 72 6C 2F 57 48 75  76 6B 70 77 53 44 48 20  -url/WHuvkpwSDH 
00000150: 68 74 74 70 3A 2F 2F 73  68 6F 72 74 2D 75 72 6C  http://short-url
00000160: 2F 47 31 43 69 73 66 37  71 6D 46 20 68 74 74 70  /G1Cisf7qmF http
00000170: 3A 2F 2F 73 68 6F 72 74  2D 75 72 6C 2F 30 53 57  ://short-url/0SW
00000180: 33 42 54 4C 57 74 72 20  68 74 74 70 3A 2F 2F 73  3BTLWtr http://s
00000190: 68 6F 72 74 2D 75 72 6C  2F 69 4A 33 32 72 52 45  hort-url/iJ32rRE
000001A0: 57 66 58 20 68 74 74 70  3A 2F 2F 73 68 6F 72 74  WfX http://short
000001B0: 2D 75 72 6C 2F 4C 52 61  31 35 31 74 57 57 4D 0F  -url/LRa151tWWM.
000001C0: 00 02 0C 00 00 00 00 0F  00 03 0C 00 00 00 05 0B  ................
000001D0: 00 01 00 00 00 1B 68 74  74 70 3A 2F 2F 73 68 6F  ......http://sho
000001E0: 72 74 2D 75 72 6C 2F 57  48 75 76 6B 70 77 53 44  rt-url/WHuvkpwSD
000001F0: 48 0B 00 02 00 00 00 47  68 74 74 70 3A 2F 2F 57  H......Ghttp://W
00000200: 73 4B 42 6D 66 4D 65 7A  70 4A 42 35 49 71 61 6D  sKBmfMezpJB5Iqam
00000210: 58 4B 32 45 52 36 58 66  43 66 6C 32 51 6A 6A 62  XK2ER6XfCfl2Qjjb
00000220: 6A 4C 4D 4D 41 77 62 4E  67 76 49 71 6F 6D 61 72  jLMMAwbNgvIqomar
00000230: 76 59 64 6B 67 71 66 57  38 41 61 72 41 43 6B 00  vYdkgqfW8AarACk.
00000240: 0B 00 01 00 00 00 1B 68  74 74 70 3A 2F 2F 73 68  .......http://sh
00000250: 6F 72 74 2D 75 72 6C 2F  47 31 43 69 73 66 37 71  ort-url/G1Cisf7q
00000260: 6D 46 0B 00 02 00 00 00  47 68 74 74 70 3A 2F 2F  mF......Ghttp://
00000270: 38 55 73 71 4B 74 46 37  46 72 58 6B 76 59 69 67  8UsqKtF7FrXkvYig
00000280: 4B 58 46 46 35 45 77 75  55 34 57 4F 7A 4A 63 4A  KXFF5EwuU4WOzJcJ
00000290: 39 41 4E 34 50 4C 65 44  69 69 48 6F 41 77 6F 66  9AN4PLeDiiHoAwof
000002A0: 69 44 45 4F 63 33 4F 70  5A 53 43 64 58 79 55 63  iDEOc3OpZSCdXyUc
000002B0: 00 0B 00 01 00 00 00 1B  68 74 74 70 3A 2F 2F 73  ........http://s
000002C0: 68 6F 72 74 2D 75 72 6C  2F 30 53 57 33 42 54 4C  hort-url/0SW3BTL
000002D0: 57 74 72 0B 00 02 00 00  00 47 68 74 74 70 3A 2F  Wtr......Ghttp:/
000002E0: 2F 58 4C 57 6A 57 69 44  6B 63 37 6A 78 37 50 53  /XLWjWiDkc7jx7PS
000002F0: 64 43 45 5A 6A 42 39 4C  35 72 72 45 41 52 78 7A  dCEZjB9L5rrEARxz
00000300: 56 74 41 6C 58 58 44 46  54 4E 5A 48 73 68 69 57  VtAlXXDFTNZHshiW
00000310: 42 6B 63 77 6E 4E 34 71  7A 48 64 4A 64 6C 78 65  BkcwnN4qzHdJdlxe
00000320: 6F 00 0B 00 01 00 00 00  1B 68 74 74 70 3A 2F 2F  o........http://
00000330: 73 68 6F 72 74 2D 75 72  6C 2F 69 4A 33 32 72 52  short-url/iJ32rR
00000340: 45 57 66 58 0B 00 02 00  00 00 47 68 74 74 70 3A  EWfX......Ghttp:
00000350: 2F 2F 70 66 7A 69 77 31  52 34 70 4A 5A 69 5A 64  //pfziw1R4pJZiZd
00000360: 6E 50 57 76 78 7A 62 57  4B 6A 6F 6B 71 62 52 49  nPWvxzbWKjokqbRI
00000370: 64 33 37 6A 37 53 61 70  70 36 58 79 45 78 38 59  d37j7Sapp6XyEx8Y
00000380: 31 43 50 4A 42 7A 47 6E  4E 4E 4C 50 6B 70 6E 61  1CPJBzGnNNLPkpna
00000390: 46 67 00 0B 00 01 00 00  00 1B 68 74 74 70 3A 2F  Fg........http:/
000003A0: 2F 73 68 6F 72 74 2D 75  72 6C 2F 4C 52 61 31 35  /short-url/LRa15
000003B0: 31 74 57 57 4D 0B 00 02  00 00 00 47 68 74 74 70  1tWWM......Ghttp
000003C0: 3A 2F 2F 67 52 30 73 5A  72 4F 41 76 6B 58 74 45  ://gR0sZrOAvkXtE
000003D0: 47 76 77 78 35 73 78 69  41 41 62 34 33 47 36 73  Gvwx5sxiAAb43G6s
000003E0: 4A 73 69 37 72 73 79 32  55 78 55 58 55 6D 37 43  Jsi7rsy2UxUXUm7C
000003F0: 45 4C 4B 4F 71 33 70 6F  39 50 4D 76 6E 79 64 71  ELKOq3po9PMvnydq
00000400: 56 73 6C 00 00 00                                 Vsl...
====
STREAM PID 40027.0xffff948328f80b00 (C) > 40016.0xffff9482c72c0b00 (S), length 712
command[40027]: b'./src/ComposePostService/ComposePostService'
command[40016]: b'./cmake-build/src/TextService/TextService'
----
00000000: 00 00 02 C4 80 01 00 01  00 00 00 0B 43 6F 6D 70  ............Comp
00000010: 6F 73 65 54 65 78 74 00  00 00 00 0A 00 01 09 28  oseText........(
00000020: A1 4E E4 9B 04 00 0B 00  02 00 00 02 91 54 45 49  .N...........TEI
00000030: 46 6A 51 71 79 37 47 74  69 4C 6C 37 38 64 6E 35  FjQqy7GtiLl78dn5
00000040: 34 50 72 79 50 43 67 6F  4A 63 6E 53 32 74 4A 79  4PryPCgoJcnS2tJy
00000050: 41 41 73 42 71 74 73 52  78 6E 4D 70 49 61 59 76  AAsBqtsRxnMpIaYv
00000060: 78 61 46 35 4A 56 73 4F  33 52 67 79 51 66 51 39  xaF5JVsO3RgyQfQ9
00000070: 64 55 49 67 47 4D 4A 61  76 63 36 49 45 55 75 6A  dUIgGMJavc6IEUuj
00000080: 65 79 6A 74 4D 6F 7A 6E  6E 44 43 55 75 4B 36 55  eyjtMoznnDCUuK6U
00000090: 4B 4A 73 35 65 52 75 5A  4F 77 4D 4A 33 79 47 4C  KJs5eRuZOwMJ3yGL
000000A0: 68 33 5A 39 71 5A 41 51  55 35 78 56 56 39 65 45  h3Z9qZAQU5xVV9eE
000000B0: 6F 30 6B 73 69 73 79 64  71 61 51 4E 5A 73 77 73  o0ksisydqaQNZsws
000000C0: 48 73 4F 66 4F 45 43 43  79 7A 6D 4A 49 52 62 55  HsOfOECCyzmJIRbU
000000D0: 34 5A 63 71 32 34 4C 66  4F 6C 71 59 47 6B 6F 36  4Zcq24LfOlqYGko6
000000E0: 33 73 4D 33 4C 67 38 78  6A 48 49 6E 35 51 68 7A  3sM3Lg8xjHIn5Qhz
000000F0: 30 47 7A 6F 55 39 61 32  72 74 45 4C 42 37 55 42  0GzoU9a2rtELB7UB
00000100: 4D 38 52 44 37 38 43 39  43 75 42 41 6B 6E 6D 6F  M8RD78C9CuBAknmo
00000110: 58 52 48 78 6B 55 39 74  55 38 48 35 71 78 54 67  XRHxkU9tU8H5qxTg
00000120: 65 64 63 64 61 4E 33 32  45 34 56 73 50 20 40 75  edcdaN32E4VsP @u
00000130: 73 65 72 6E 61 6D 65 5F  35 34 34 20 40 75 73 65  sername_544 @use
00000140: 72 6E 61 6D 65 5F 32 38  34 20 40 75 73 65 72 6E  rname_284 @usern
00000150: 61 6D 65 5F 37 34 20 68  74 74 70 3A 2F 2F 55 4B  ame_74 http://UK
00000160: 6C 68 37 78 31 65 78 6B  6F 66 39 52 48 39 38 74  lh7x1exkof9RH98t
00000170: 70 46 45 72 4B 64 45 44  71 7A 4A 7A 51 61 6F 76  pFErKdEDqzJzQaov
00000180: 53 6C 34 78 45 5A 43 6D  52 57 6E 68 6A 59 62 68  Sl4xEZCmRWnhjYbh
00000190: 69 61 54 75 64 58 51 57  4E 45 57 43 6C 37 20 68  iaTudXQWNEWCl7 h
000001A0: 74 74 70 3A 2F 2F 63 74  65 5A 35 72 30 4D 31 41  ttp://cteZ5r0M1A
000001B0: 58 36 74 38 49 6C 5A 61  53 44 77 69 74 74 56 30  X6t8IlZaSDwittV0
000001C0: 6C 5A 6F 62 4C 53 39 71  4D 79 55 4F 31 64 36 43  lZobLS9qMyUO1d6C
000001D0: 39 6E 72 65 59 73 4C 6F  42 76 7A 67 59 66 76 79  9nreYsLoBvzgYfvy
000001E0: 68 33 57 46 43 4E 20 68  74 74 70 3A 2F 2F 79 69  h3WFCN http://yi
000001F0: 4E 53 64 74 49 54 33 56  6C 76 46 54 36 38 6C 4A  NSdtIT3VlvFT68lJ
00000200: 61 69 4A 41 5A 69 75 6A  32 66 32 5A 38 36 33 7A  aiJAZiuj2f2Z863z
00000210: 76 6D 69 76 75 6D 4A 51  45 75 41 67 66 67 6C 32  vmivumJQEuAgfgl2
00000220: 6C 41 71 37 64 55 6C 6A  49 6E 46 46 37 4C 20 68  lAq7dUljInFF7L h
00000230: 74 74 70 3A 2F 2F 38 70  34 4B 75 7A 44 65 53 65  ttp://8p4KuzDeSe
00000240: 6E 6B 79 33 58 61 4B 71  67 6B 63 58 43 71 47 55  nky3XaKqgkcXCqGU
00000250: 34 58 77 56 64 36 49 68  37 77 72 63 65 77 5A 69  4XwVd6Ih7wrcewZi
00000260: 67 38 4D 66 6E 78 70 57  65 34 6D 4D 32 58 56 45  g8MfnxpWe4mM2XVE
00000270: 43 4C 45 6B 56 68 20 68  74 74 70 3A 2F 2F 6A 68  CLEkVh http://jh
00000280: 56 72 62 4A 48 50 58 78  50 57 32 7A 64 34 45 37  VrbJHPXxPW2zd4E7
00000290: 38 7A 61 36 75 52 44 39  43 35 4E 4E 52 77 4D 5A  8za6uRD9C5NNRwMZ
000002A0: 53 6E 59 68 57 35 4C 6E  73 4D 69 72 70 65 5A 75  SnYhW5LnsMirpeZu
000002B0: 32 54 48 72 6F 77 67 64  53 73 48 76 5A 6A 0D 00  2THrowgdSsHvZj..
000002C0: 03 0B 0B 00 00 00 00 00                           ........
====
STREAM PID 40016.0xffff9482c72c0b00 (S) > 40027.0xffff948328f80b00 (C), length 1057
command[40016]: b'./cmake-build/src/TextService/TextService'
command[40027]: b'./src/ComposePostService/ComposePostService'
----
00000000: 00 00 04 1D 80 01 00 02  00 00 00 0B 43 6F 6D 70  ............Comp
00000010: 6F 73 65 54 65 78 74 00  00 00 00 0C 00 00 0B 00  oseText.........
00000020: 01 00 00 01 B5 54 45 49  46 6A 51 71 79 37 47 74  .....TEIFjQqy7Gt
00000030: 69 4C 6C 37 38 64 6E 35  34 50 72 79 50 43 67 6F  iLl78dn54PryPCgo
00000040: 4A 63 6E 53 32 74 4A 79  41 41 73 42 71 74 73 52  JcnS2tJyAAsBqtsR
00000050: 78 6E 4D 70 49 61 59 76  78 61 46 35 4A 56 73 4F  xnMpIaYvxaF5JVsO
00000060: 33 52 67 79 51 66 51 39  64 55 49 67 47 4D 4A 61  3RgyQfQ9dUIgGMJa
00000070: 76 63 36 49 45 55 75 6A  65 79 6A 74 4D 6F 7A 6E  vc6IEUujeyjtMozn
00000080: 6E 44 43 55 75 4B 36 55  4B 4A 73 35 65 52 75 5A  nDCUuK6UKJs5eRuZ
00000090: 4F 77 4D 4A 33 79 47 4C  68 33 5A 39 71 5A 41 51  OwMJ3yGLh3Z9qZAQ
000000A0: 55 35 78 56 56 39 65 45  6F 30 6B 73 69 73 79 64  U5xVV9eEo0ksisyd
000000B0: 71 61 51 4E 5A 73 77 73  48 73 4F 66 4F 45 43 43  qaQNZswsHsOfOECC
000000C0: 79 7A 6D 4A 49 52 62 55  34 5A 63 71 32 34 4C 66  yzmJIRbU4Zcq24Lf
000000D0: 4F 6C 71 59 47 6B 6F 36  33 73 4D 33 4C 67 38 78  OlqYGko63sM3Lg8x
000000E0: 6A 48 49 6E 35 51 68 7A  30 47 7A 6F 55 39 61 32  jHIn5Qhz0GzoU9a2
000000F0: 72 74 45 4C 42 37 55 42  4D 38 52 44 37 38 43 39  rtELB7UBM8RD78C9
00000100: 43 75 42 41 6B 6E 6D 6F  58 52 48 78 6B 55 39 74  CuBAknmoXRHxkU9t
00000110: 55 38 48 35 71 78 54 67  65 64 63 64 61 4E 33 32  U8H5qxTgedcdaN32
00000120: 45 34 56 73 50 20 40 75  73 65 72 6E 61 6D 65 5F  E4VsP @username_
00000130: 35 34 34 20 40 75 73 65  72 6E 61 6D 65 5F 32 38  544 @username_28
00000140: 34 20 40 75 73 65 72 6E  61 6D 65 5F 37 34 20 68  4 @username_74 h
00000150: 74 74 70 3A 2F 2F 73 68  6F 72 74 2D 75 72 6C 2F  ttp://short-url/
00000160: 58 45 56 37 77 72 4B 33  64 52 20 68 74 74 70 3A  XEV7wrK3dR http:
00000170: 2F 2F 73 68 6F 72 74 2D  75 72 6C 2F 33 69 62 32  //short-url/3ib2
00000180: 64 78 6A 57 6D 6F 20 68  74 74 70 3A 2F 2F 73 68  dxjWmo http://sh
00000190: 6F 72 74 2D 75 72 6C 2F  56 6E 32 56 54 50 32 4B  ort-url/Vn2VTP2K
000001A0: 67 31 20 68 74 74 70 3A  2F 2F 73 68 6F 72 74 2D  g1 http://short-
000001B0: 75 72 6C 2F 64 4F 72 74  4E 65 6C 42 71 67 20 68  url/dOrtNelBqg h
000001C0: 74 74 70 3A 2F 2F 73 68  6F 72 74 2D 75 72 6C 2F  ttp://short-url/
000001D0: 44 6E 56 71 53 68 54 48  57 57 0F 00 02 0C 00 00  DnVqShTHWW......
000001E0: 00 00 0F 00 03 0C 00 00  00 05 0B 00 01 00 00 00  ................
000001F0: 1B 68 74 74 70 3A 2F 2F  73 68 6F 72 74 2D 75 72  .http://short-ur
00000200: 6C 2F 58 45 56 37 77 72  4B 33 64 52 0B 00 02 00  l/XEV7wrK3dR....
00000210: 00 00 47 68 74 74 70 3A  2F 2F 55 4B 6C 68 37 78  ..Ghttp://UKlh7x
00000220: 31 65 78 6B 6F 66 39 52  48 39 38 74 70 46 45 72  1exkof9RH98tpFEr
00000230: 4B 64 45 44 71 7A 4A 7A  51 61 6F 76 53 6C 34 78  KdEDqzJzQaovSl4x
00000240: 45 5A 43 6D 52 57 6E 68  6A 59 62 68 69 61 54 75  EZCmRWnhjYbhiaTu
00000250: 64 58 51 57 4E 45 57 43  6C 37 00 0B 00 01 00 00  dXQWNEWCl7......
00000260: 00 1B 68 74 74 70 3A 2F  2F 73 68 6F 72 74 2D 75  ..http://short-u
00000270: 72 6C 2F 33 69 62 32 64  78 6A 57 6D 6F 0B 00 02  rl/3ib2dxjWmo...
00000280: 00 00 00 47 68 74 74 70  3A 2F 2F 63 74 65 5A 35  ...Ghttp://cteZ5
00000290: 72 30 4D 31 41 58 36 74  38 49 6C 5A 61 53 44 77  r0M1AX6t8IlZaSDw
000002A0: 69 74 74 56 30 6C 5A 6F  62 4C 53 39 71 4D 79 55  ittV0lZobLS9qMyU
000002B0: 4F 31 64 36 43 39 6E 72  65 59 73 4C 6F 42 76 7A  O1d6C9nreYsLoBvz
000002C0: 67 59 66 76 79 68 33 57  46 43 4E 00 0B 00 01 00  gYfvyh3WFCN.....
000002D0: 00 00 1B 68 74 74 70 3A  2F 2F 73 68 6F 72 74 2D  ...http://short-
000002E0: 75 72 6C 2F 56 6E 32 56  54 50 32 4B 67 31 0B 00  url/Vn2VTP2Kg1..
000002F0: 02 00 00 00 47 68 74 74  70 3A 2F 2F 79 69 4E 53  ....Ghttp://yiNS
00000300: 64 74 49 54 33 56 6C 76  46 54 36 38 6C 4A 61 69  dtIT3VlvFT68lJai
00000310: 4A 41 5A 69 75 6A 32 66  32 5A 38 36 33 7A 76 6D  JAZiuj2f2Z863zvm
00000320: 69 76 75 6D 4A 51 45 75  41 67 66 67 6C 32 6C 41  ivumJQEuAgfgl2lA
00000330: 71 37 64 55 6C 6A 49 6E  46 46 37 4C 00 0B 00 01  q7dUljInFF7L....
00000340: 00 00 00 1B 68 74 74 70  3A 2F 2F 73 68 6F 72 74  ....http://short
00000350: 2D 75 72 6C 2F 64 4F 72  74 4E 65 6C 42 71 67 0B  -url/dOrtNelBqg.
00000360: 00 02 00 00 00 47 68 74  74 70 3A 2F 2F 38 70 34  .....Ghttp://8p4
00000370: 4B 75 7A 44 65 53 65 6E  6B 79 33 58 61 4B 71 67  KuzDeSenky3XaKqg
00000380: 6B 63 58 43 71 47 55 34  58 77 56 64 36 49 68 37  kcXCqGU4XwVd6Ih7
00000390: 77 72 63 65 77 5A 69 67  38 4D 66 6E 78 70 57 65  wrcewZig8MfnxpWe
000003A0: 34 6D 4D 32 58 56 45 43  4C 45 6B 56 68 00 0B 00  4mM2XVECLEkVh...
000003B0: 01 00 00 00 1B 68 74 74  70 3A 2F 2F 73 68 6F 72  .....http://shor
000003C0: 74 2D 75 72 6C 2F 44 6E  56 71 53 68 54 48 57 57  t-url/DnVqShTHWW
000003D0: 0B 00 02 00 00 00 47 68  74 74 70 3A 2F 2F 6A 68  ......Ghttp://jh
000003E0: 56 72 62 4A 48 50 58 78  50 57 32 7A 64 34 45 37  VrbJHPXxPW2zd4E7
000003F0: 38 7A 61 36 75 52 44 39  43 35 4E 4E 52 77 4D 5A  8za6uRD9C5NNRwMZ
00000400: 53 6E 59 68 57 35 4C 6E  73 4D 69 72 70 65 5A 75  SnYhW5LnsMirpeZu
00000410: 32 54 48 72 6F 77 67 64  53 73 48 76 5A 6A 00 00  2THrowgdSsHvZj..
00000420: 00                                                .
====
STREAM PID 40027.0xffff948328f80b00 (C) > 40016.0xffff9482c72c0b00 (S), length 510
command[40027]: b'./src/ComposePostService/ComposePostService'
command[40016]: b'./cmake-build/src/TextService/TextService'
----
00000000: 00 00 01 FA 80 01 00 01  00 00 00 0B 43 6F 6D 70  ............Comp
00000010: 6F 73 65 54 65 78 74 00  00 00 00 0A 00 01 0A 34  oseText........4
00000020: 10 E8 28 04 0E 00 0B 00  02 00 00 01 C7 47 54 7A  ..(..........GTz
00000030: 6F 57 54 33 56 30 46 7A  47 53 4A 31 45 52 42 77  oWT3V0FzGSJ1ERBw
00000040: 73 59 75 4F 33 37 33 6A  55 74 59 42 6A 62 51 56  sYuO373jUtYBjbQV
00000050: 4E 6B 56 4B 75 6E 47 6D  57 6B 52 53 48 31 56 4A  NkVKunGmWkRSH1VJ
00000060: 56 58 6F 52 42 39 72 47  58 41 76 31 68 79 38 67  VXoRB9rGXAv1hy8g
00000070: 6F 6A 65 78 70 34 4C 65  47 31 53 49 4E 70 64 51  ojexp4LeG1SINpdQ
00000080: 39 72 49 30 7A 39 45 45  78 6E 4F 35 44 73 36 4A  9rI0z9EExnO5Ds6J
00000090: 35 56 51 59 44 4D 65 6D  67 63 68 75 46 4F 32 59  5VQYDMemgchuFO2Y
000000A0: 52 75 4D 73 53 44 41 70  51 65 39 55 64 69 43 33  RuMsSDApQe9UdiC3
000000B0: 6C 4C 48 4E 55 6D 67 6D  67 39 47 53 59 66 4B 67  lLHNUmgmg9GSYfKg
000000C0: 6B 58 4E 70 65 45 30 54  58 51 4D 49 75 4F 73 34  kXNpeE0TXQMIuOs4
000000D0: 7A 62 74 48 48 5A 73 46  67 67 67 71 66 4E 6D 61  zbtHHZsFgggqfNma
000000E0: 67 6C 6D 38 4C 42 58 74  6E 6D 4F 4B 39 39 6E 78  glm8LBXtnmOK99nx
000000F0: 61 36 6B 4E 30 58 37 38  77 6A 59 75 63 4C 64 45  a6kN0X78wjYucLdE
00000100: 53 4D 70 6F 42 43 32 51  50 37 76 30 7A 6E 50 70  SMpoBC2QP7v0znPp
00000110: 54 51 48 62 49 58 7A 39  35 66 58 74 4E 48 77 31  TQHbIXz95fXtNHw1
00000120: 58 36 71 32 75 33 6E 68  59 4C 64 64 33 20 40 75  X6q2u3nhYLdd3 @u
00000130: 73 65 72 6E 61 6D 65 5F  38 30 39 20 40 75 73 65  sername_809 @use
00000140: 72 6E 61 6D 65 5F 38 30  20 40 75 73 65 72 6E 61  rname_80 @userna
00000150: 6D 65 5F 38 35 36 20 40  75 73 65 72 6E 61 6D 65  me_856 @username
00000160: 5F 34 33 33 20 68 74 74  70 3A 2F 2F 54 39 44 6A  _433 http://T9Dj
00000170: 32 72 45 4C 31 35 52 33  6C 46 46 4C 61 50 35 44  2rEL15R3lFFLaP5D
00000180: 49 35 59 6B 34 73 4B 6C  59 6E 77 75 4F 51 6F 58  I5Yk4sKlYnwuOQoX
00000190: 6F 49 39 76 32 4B 62 36  39 68 33 78 43 72 51 71  oI9v2Kb69h3xCrQq
000001A0: 31 59 63 34 33 52 41 31  6B 77 42 54 20 68 74 74  1Yc43RA1kwBT htt
000001B0: 70 3A 2F 2F 78 42 54 68  37 35 77 78 39 6E 72 66  p://xBTh75wx9nrf
000001C0: 43 34 38 37 4C 43 50 4A  6E 38 48 34 30 4B 73 4D  C487LCPJn8H40KsM
000001D0: 6C 78 33 62 34 6C 6A 47  36 46 41 51 39 76 52 63  lx3b4ljG6FAQ9vRc
000001E0: 63 78 66 77 38 4D 4B 6B  55 48 43 6C 50 68 38 4C  cxfw8MKkUHClPh8L
000001F0: 57 37 35 45 0D 00 03 0B  0B 00 00 00 00 00        W75E..........
====
STREAM PID 40016.0xffff9482c72c0b00 (S) > 40027.0xffff948328f80b00 (C), length 648
command[40016]: b'./cmake-build/src/TextService/TextService'
command[40027]: b'./src/ComposePostService/ComposePostService'
----
00000000: 00 00 02 84 80 01 00 02  00 00 00 0B 43 6F 6D 70  ............Comp
00000010: 6F 73 65 54 65 78 74 00  00 00 00 0C 00 00 0B 00  oseText.........
00000020: 01 00 00 01 6F 47 54 7A  6F 57 54 33 56 30 46 7A  ....oGTzoWT3V0Fz
00000030: 47 53 4A 31 45 52 42 77  73 59 75 4F 33 37 33 6A  GSJ1ERBwsYuO373j
00000040: 55 74 59 42 6A 62 51 56  4E 6B 56 4B 75 6E 47 6D  UtYBjbQVNkVKunGm
00000050: 57 6B 52 53 48 31 56 4A  56 58 6F 52 42 39 72 47  WkRSH1VJVXoRB9rG
00000060: 58 41 76 31 68 79 38 67  6F 6A 65 78 70 34 4C 65  XAv1hy8gojexp4Le
00000070: 47 31 53 49 4E 70 64 51  39 72 49 30 7A 39 45 45  G1SINpdQ9rI0z9EE
00000080: 78 6E 4F 35 44 73 36 4A  35 56 51 59 44 4D 65 6D  xnO5Ds6J5VQYDMem
00000090: 67 63 68 75 46 4F 32 59  52 75 4D 73 53 44 41 70  gchuFO2YRuMsSDAp
000000A0: 51 65 39 55 64 69 43 33  6C 4C 48 4E 55 6D 67 6D  Qe9UdiC3lLHNUmgm
000000B0: 67 39 47 53 59 66 4B 67  6B 58 4E 70 65 45 30 54  g9GSYfKgkXNpeE0T
000000C0: 58 51 4D 49 75 4F 73 34  7A 62 74 48 48 5A 73 46  XQMIuOs4zbtHHZsF
000000D0: 67 67 67 71 66 4E 6D 61  67 6C 6D 38 4C 42 58 74  gggqfNmaglm8LBXt
000000E0: 6E 6D 4F 4B 39 39 6E 78  61 36 6B 4E 30 58 37 38  nmOK99nxa6kN0X78
000000F0: 77 6A 59 75 63 4C 64 45  53 4D 70 6F 42 43 32 51  wjYucLdESMpoBC2Q
00000100: 50 37 76 30 7A 6E 50 70  54 51 48 62 49 58 7A 39  P7v0znPpTQHbIXz9
00000110: 35 66 58 74 4E 48 77 31  58 36 71 32 75 33 6E 68  5fXtNHw1X6q2u3nh
00000120: 59 4C 64 64 33 20 40 75  73 65 72 6E 61 6D 65 5F  YLdd3 @username_
00000130: 38 30 39 20 40 75 73 65  72 6E 61 6D 65 5F 38 30  809 @username_80
00000140: 20 40 75 73 65 72 6E 61  6D 65 5F 38 35 36 20 40   @username_856 @
00000150: 75 73 65 72 6E 61 6D 65  5F 34 33 33 20 68 74 74  username_433 htt
00000160: 70 3A 2F 2F 73 68 6F 72  74 2D 75 72 6C 2F 59 75  p://short-url/Yu
00000170: 41 58 53 6F 74 39 50 39  20 68 74 74 70 3A 2F 2F  AXSot9P9 http://
00000180: 73 68 6F 72 74 2D 75 72  6C 2F 4E 55 63 6E 55 61  short-url/NUcnUa
00000190: 4C 54 47 76 0F 00 02 0C  00 00 00 00 0F 00 03 0C  LTGv............
000001A0: 00 00 00 02 0B 00 01 00  00 00 1B 68 74 74 70 3A  ...........http:
000001B0: 2F 2F 73 68 6F 72 74 2D  75 72 6C 2F 59 75 41 58  //short-url/YuAX
000001C0: 53 6F 74 39 50 39 0B 00  02 00 00 00 47 68 74 74  Sot9P9......Ghtt
000001D0: 70 3A 2F 2F 54 39 44 6A  32 72 45 4C 31 35 52 33  p://T9Dj2rEL15R3
000001E0: 6C 46 46 4C 61 50 35 44  49 35 59 6B 34 73 4B 6C  lFFLaP5DI5Yk4sKl
000001F0: 59 6E 77 75 4F 51 6F 58  6F 49 39 76 32 4B 62 36  YnwuOQoXoI9v2Kb6
00000200: 39 68 33 78 43 72 51 71  31 59 63 34 33 52 41 31  9h3xCrQq1Yc43RA1
00000210: 6B 77 42 54 00 0B 00 01  00 00 00 1B 68 74 74 70  kwBT........http
00000220: 3A 2F 2F 73 68 6F 72 74  2D 75 72 6C 2F 4E 55 63  ://short-url/NUc
00000230: 6E 55 61 4C 54 47 76 0B  00 02 00 00 00 47 68 74  nUaLTGv......Ght
00000240: 74 70 3A 2F 2F 78 42 54  68 37 35 77 78 39 6E 72  tp://xBTh75wx9nr
00000250: 66 43 34 38 37 4C 43 50  4A 6E 38 48 34 30 4B 73  fC487LCPJn8H40Ks
00000260: 4D 6C 78 33 62 34 6C 6A  47 36 46 41 51 39 76 52  Mlx3b4ljG6FAQ9vR
00000270: 63 63 78 66 77 38 4D 4B  6B 55 48 43 6C 50 68 38  ccxfw8MKkUHClPh8
00000280: 4C 57 37 35 45 00 00 00                           LW75E...
====
STREAM PID 40027.0xffff948328f80b00 (C) > 40016.0xffff9482c72c0b00 (S), length 713
command[40027]: b'./src/ComposePostService/ComposePostService'
command[40016]: b'./cmake-build/src/TextService/TextService'
----
00000000: 00 00 02 C5 80 01 00 01  00 00 00 0B 43 6F 6D 70  ............Comp
00000010: 6F 73 65 54 65 78 74 00  00 00 00 0A 00 01 04 B0  oseText.........
00000020: F6 B2 DD A2 6A 40 0B 00  02 00 00 02 92 73 65 78  ....j@.......sex
00000030: 65 62 69 4D 47 57 6F 53  63 36 63 41 42 4C 6F 6D  ebiMGWoSc6cABLom
00000040: 37 31 6C 49 39 78 30 5A  38 73 72 37 50 31 74 47  71lI9x0Z8sr7P1tG
00000050: 52 76 41 51 33 36 55 77  57 33 53 7A 6C 5A 51 64  RvAQ36UwW3SzlZQd
00000060: 6B 61 6F 76 6C 52 37 65  4B 72 30 6A 4C 55 71 74  kaovlR7eKr0jLUqt
00000070: 61 6F 43 74 43 52 45 4B  6C 6F 44 42 53 39 37 31  aoCtCREKloDBS971
00000080: 6A 58 79 63 67 65 37 68  43 4A 4D 55 63 4D 67 77  jXycge7hCJMUcMgw
00000090: 46 38 6C 70 44 7A 7A 77  76 6D 32 32 44 37 55 79  F8lpDzzwvm22D7Uy
000000A0: 59 53 72 67 55 65 34 62  41 72 6B 73 30 6C 79 4E  YSrgUe4bArks0lyN
000000B0: 53 4E 48 56 46 58 67 34  35 6E 52 61 72 35 35 65  SNHVFXg45nRar55e
000000C0: 6B 35 77 30 4B 63 61 75  4A 5A 42 41 65 7A 56 32  k5w0KcauJZBAezV2
000000D0: 38 46 65 75 66 45 58 50  54 61 6B 6C 53 4E 6E 65  8FeufEXPTaklSNne
000000E0: 64 76 76 6F 6D 6B 67 32  6F 51 75 64 5A 30 58 67  dvvomkg2oQudZ0Xg
000000F0: 62 75 77 41 7A 41 77 68  38 35 52 54 70 58 47 64  buwAzAwh85RTpXGd
00000100: 66 32 66 35 50 4A 63 69  49 45 37 4A 45 62 79 62  f2f5PJciIE7JEbyb
00000110: 48 68 6D 55 6C 48 7A 6D  49 32 6C 44 4C 4B 45 58  HhmUlHzmI2lDLKEX
00000120: 51 47 70 39 6D 76 43 64  52 32 6D 71 62 20 40 75  QGp9mvCdR2mqb @u
00000130: 73 65 72 6E 61 6D 65 5F  37 34 30 20 40 75 73 65  sername_740 @use
00000140: 72 6E 61 6D 65 5F 32 34  39 20 40 75 73 65 72 6E  rname_249 @usern
00000150: 61 6D 65 5F 37 35 39 20  68 74 74 70 3A 2F 2F 61  ame_759 http://a
00000160: 36 54 4A 7A 6D 50 46 45  6A 71 79 62 6D 6B 6F 31  6TJzmPFEjqybmko1
00000170: 34 79 70 37 38 43 63 61  32 4D 32 41 71 64 30 6E  4yp78Cca2M2Aqd0n
00000180: 6D 4C 74 65 72 37 31 71  54 30 39 39 4E 70 6D 56  mLter71qT099NpmV
00000190: 51 33 6E 6E 56 6D 71 55  63 4E 34 4C 38 4C 54 20  Q3nnVmqUcN4L8LT 
000001A0: 68 74 74 70 3A 2F 2F 58  39 4F 42 71 7A 5A 71 45  http://X9OBqzZqE
000001B0: 34 56 39 79 64 30 53 39  30 43 6A 62 63 42 45 62  4V9yd0S90CjbcBEb
000001C0: 4E 70 35 66 30 71 58 76  5A 78 6F 39 6F 68 7A 68  Np5f0qXvZxo9ohzh
000001D0: 6B 46 7A 53 69 32 77 35  44 4A 75 69 33 49 52 73  kFzSi2w5DJui3IRs
000001E0: 6F 77 32 61 4F 51 30 20  68 74 74 70 3A 2F 2F 75  ow2aOQ0 http://u
000001F0: 46 71 37 68 66 61 5A 34  6D 39 76 7A 73 4B 65 4E  Fq7hfaZ4m9vzsKeN
00000200: 59 45 79 6C 5A 45 4B 38  46 54 39 7A 59 52 39 43  YEylZEK8FT9zYR9C
00000210: 48 30 62 42 62 44 75 68  47 62 72 4F 34 75 64 6D  H0bBbDuhGbrO4udm
00000220: 42 42 4A 75 57 74 62 67  32 52 75 42 50 46 6E 20  BBJuWtbg2RuBPFn 
00000230: 68 74 74 70 3A 2F 2F 39  46 49 4E 78 55 69 65 72  http://9FINxUier
00000240: 59 55 34 56 56 62 79 37  62 41 68 72 49 65 51 69  YU4VVby7bAhrIeQi
00000250: 6F 61 4B 4C 4B 65 37 52  35 4E 43 70 33 54 71 4F  oaKLKe7R5NCp3TqO
00000260: 4F 56 6A 38 32 41 46 68  4A 70 64 68 46 59 33 6C  OVj82AFhJpdhFY3l
00000270: 57 7A 34 74 71 73 63 20  68 74 74 70 3A 2F 2F 4E  Wz4tqsc http://N
00000280: 66 71 6F 53 61 78 39 59  49 4F 55 70 6D 48 51 30  fqoSax9YIOUpmHQ0
00000290: 32 55 72 38 34 45 4D 62  35 76 6C 6A 68 61 32 39  2Ur84EMb5vljha29
000002A0: 54 61 38 5A 58 31 4C 51  45 67 76 62 34 33 6A 58  Ta8ZX1LQEgvb43jX
000002B0: 75 4F 55 46 73 6C 48 38  63 4C 79 45 6B 36 6C 0D  uOUFslH8cLyEk6l.
000002C0: 00 03 0B 0B 00 00 00 00  00                       .........
====
STREAM PID 40016.0xffff9482c72c0b00 (S) > 40027.0xffff948328f80b00 (C), length 1058
command[40016]: b'./cmake-build/src/TextService/TextService'
command[40027]: b'./src/ComposePostService/ComposePostService'
----
00000000: 00 00 04 1E 80 01 00 02  00 00 00 0B 43 6F 6D 70  ............Comp
00000010: 6F 73 65 54 65 78 74 00  00 00 00 0C 00 00 0B 00  oseText.........
00000020: 01 00 00 01 B6 73 65 78  65 62 69 4D 47 57 6F 53  .....sexebiMGWoS
00000030: 63 36 63 41 42 4C 6F 6D  37 31 6C 49 39 78 30 5A  c6cABLom71lI9x0Z
00000040: 38 73 72 37 50 31 74 47  52 76 41 51 33 36 55 77  8sr7P1tGRvAQ36Uw
00000050: 57 33 53 7A 6C 5A 51 64  6B 61 6F 76 6C 52 37 65  W3SzlZQdkaovlR7e
00000060: 4B 72 30 6A 4C 55 71 74  61 6F 43 74 43 52 45 4B  Kr0jLUqtaoCtCREK
00000070: 6C 6F 44 42 53 39 37 31  6A 58 79 63 67 65 37 68  loDBS971jXycge7h
00000080: 43 4A 4D 55 63 4D 67 77  46 38 6C 70 44 7A 7A 77  CJMUcMgwF8lpDzzw
00000090: 76 6D 32 32 44 37 55 79  59 53 72 67 55 65 34 62  vm22D7UyYSrgUe4b
000000A0: 41 72 6B 73 30 6C 79 4E  53 4E 48 56 46 58 67 34  Arks0lyNSNHVFXg4
000000B0: 35 6E 52 61 72 35 35 65  6B 35 77 30 4B 63 61 75  5nRar55ek5w0Kcau
000000C0: 4A 5A 42 41 65 7A 56 32  38 46 65 75 66 45 58 50  JZBAezV28FeufEXP
000000D0: 54 61 6B 6C 53 4E 6E 65  64 76 76 6F 6D 6B 67 32  TaklSNnedvvomkg2
000000E0: 6F 51 75 64 5A 30 58 67  62 75 77 41 7A 41 77 68  oQudZ0XgbuwAzAwh
000000F0: 38 35 52 54 70 58 47 64  66 32 66 35 50 4A 63 69  85RTpXGdf2f5PJci
00000100: 49 45 37 4A 45 62 79 62  48 68 6D 55 6C 48 7A 6D  IE7JEbybHhmUlHzm
00000110: 49 32 6C 44 4C 4B 45 58  51 47 70 39 6D 76 43 64  I2lDLKEXQGp9mvCd
00000120: 52 32 6D 71 62 20 40 75  73 65 72 6E 61 6D 65 5F  R2mqb @username_
00000130: 37 34 30 20 40 75 73 65  72 6E 61 6D 65 5F 32 34  740 @username_24
00000140: 39 20 40 75 73 65 72 6E  61 6D 65 5F 37 35 39 20  9 @username_759 
00000150: 68 74 74 70 3A 2F 2F 73  68 6F 72 74 2D 75 72 6C  http://short-url
00000160: 2F 4D 4F 47 69 74 67 49  79 79 50 20 68 74 74 70  /MOGitgIyyP http
00000170: 3A 2F 2F 73 68 6F 72 74  2D 75 72 6C 2F 63 74 77  ://short-url/ctw
00000180: 54 34 34 73 59 43 69 20  68 74 74 70 3A 2F 2F 73  T44sYCi http://s
00000190: 68 6F 72 74 2D 75 72 6C  2F 34 47 63 35 6C 6A 4E  hort-url/4Gc5ljN
000001A0: 6D 57 54 20 68 74 74 70  3A 2F 2F 73 68 6F 72 74  mWT http://short
000001B0: 2D 75 72 6C 2F 61 47 34  69 53 44 71 32 4B 55 20  -url/aG4iSDq2KU 
000001C0: 68 74 74 70 3A 2F 2F 73  68 6F 72 74 2D 75 72 6C  http://short-url
000001D0: 2F 6A 55 73 6D 33 47 59  64 46 6E 0F 00 02 0C 00  /jUsm3GYdFn.....
000001E0: 00 00 00 0F 00 03 0C 00  00 00 05 0B 00 01 00 00  ................
000001F0: 00 1B 68 74 74 70 3A 2F  2F 73 68 6F 72 74 2D 75  ..http://short-u
00000200: 72 6C 2F 4D 4F 47 69 74  67 49 79 79 50 0B 00 02  rl/MOGitgIyyP...
00000210: 00 00 00 47 68 74 74 70  3A 2F 2F 61 36 54 4A 7A  ...Ghttp://a6TJz
00000220: 6D 50 46 45 6A 71 79 62  6D 6B 6F 31 34 79 70 37  mPFEjqybmko14yp7
00000230: 38 43 63 61 32 4D 32 41  71 64 30 6E 6D 4C 74 65  8Cca2M2Aqd0nmLte
00000240: 72 37 31 71 54 30 39 39  4E 70 6D 56 51 33 6E 6E  r71qT099NpmVQ3nn
00000250: 56 6D 71 55 63 4E 34 4C  38 4C 54 00 0B 00 01 00  VmqUcN4L8LT.....
00000260: 00 00 1B 68 74 74 70 3A  2F 2F 73 68 6F 72 74 2D  ...http://short-
00000270: 75 72 6C 2F 63 74 77 54  34 34 73 59 43 69 0B 00  url/ctwT44sYCi..
00000280: 02 00 00 00 47 68 74 74  70 3A 2F 2F 58 39 4F 42  ....Ghttp://X9OB
00000290: 71 7A 5A 71 45 34 56 39  79 64 30 53 39 30 43 6A  qzZqE4V9yd0S90Cj
000002A0: 62 63 42 45 62 4E 70 35  66 30 71 58 76 5A 78 6F  bcBEbNp5f0qXvZxo
000002B0: 39 6F 68 7A 68 6B 46 7A  53 69 32 77 35 44 4A 75  9ohzhkFzSi2w5DJu
000002C0: 69 33 49 52 73 6F 77 32  61 4F 51 30 00 0B 00 01  i3IRsow2aOQ0....
000002D0: 00 00 00 1B 68 74 74 70  3A 2F 2F 73 68 6F 72 74  ....http://short
000002E0: 2D 75 72 6C 2F 34 47 63  35 6C 6A 4E 6D 57 54 0B  -url/4Gc5ljNmWT.
000002F0: 00 02 00 00 00 47 68 74  74 70 3A 2F 2F 75 46 71  .....Ghttp://uFq
00000300: 37 68 66 61 5A 34 6D 39  76 7A 73 4B 65 4E 59 45  7hfaZ4m9vzsKeNYE
00000310: 79 6C 5A 45 4B 38 46 54  39 7A 59 52 39 43 48 30  ylZEK8FT9zYR9CH0
00000320: 62 42 62 44 75 68 47 62  72 4F 34 75 64 6D 42 42  bBbDuhGbrO4udmBB
00000330: 4A 75 57 74 62 67 32 52  75 42 50 46 6E 00 0B 00  JuWtbg2RuBPFn...
00000340: 01 00 00 00 1B 68 74 74  70 3A 2F 2F 73 68 6F 72  .....http://shor
00000350: 74 2D 75 72 6C 2F 61 47  34 69 53 44 71 32 4B 55  t-url/aG4iSDq2KU
00000360: 0B 00 02 00 00 00 47 68  74 74 70 3A 2F 2F 39 46  ......Ghttp://9F
00000370: 49 4E 78 55 69 65 72 59  55 34 56 56 62 79 37 62  INxUierYU4VVby7b
00000380: 41 68 72 49 65 51 69 6F  61 4B 4C 4B 65 37 52 35  AhrIeQioaKLKe7R5
00000390: 4E 43 70 33 54 71 4F 4F  56 6A 38 32 41 46 68 4A  NCp3TqOOVj82AFhJ
000003A0: 70 64 68 46 59 33 6C 57  7A 34 74 71 73 63 00 0B  pdhFY3lWz4tqsc..
000003B0: 00 01 00 00 00 1B 68 74  74 70 3A 2F 2F 73 68 6F  ......http://sho
000003C0: 72 74 2D 75 72 6C 2F 6A  55 73 6D 33 47 59 64 46  rt-url/jUsm3GYdF
000003D0: 6E 0B 00 02 00 00 00 47  68 74 74 70 3A 2F 2F 4E  n......Ghttp://N
000003E0: 66 71 6F 53 61 78 39 59  49 4F 55 70 6D 48 51 30  fqoSax9YIOUpmHQ0
000003F0: 32 55 72 38 34 45 4D 62  35 76 6C 6A 68 61 32 39  2Ur84EMb5vljha29
00000400: 54 61 38 5A 58 31 4C 51  45 67 76 62 34 33 6A 58  Ta8ZX1LQEgvb43jX
00000410: 75 4F 55 46 73 6C 48 38  63 4C 79 45 6B 36 6C 00  uOUFslH8cLyEk6l.
00000420: 00 00                                             ..
====
STREAM PID 40027.0xffff948328f80b00 (C) > 40016.0xffff9482c72c0b00 (S), length 524
command[40027]: b'./src/ComposePostService/ComposePostService'
command[40016]: b'./cmake-build/src/TextService/TextService'
----
00000000: 00 00 02 08 80 01 00 01  00 00 00 0B 43 6F 6D 70  ............Comp
00000010: 6F 73 65 54 65 78 74 00  00 00 00 0A 00 01 0F F2  oseText.........
00000020: E3 8C 3B F9 B2 00 0B 00  02 00 00 01 D5 52 42 53  ..;..........RBS
00000030: 6E 62 42 72 72 47 70 59  71 33 58 66 4D 41 6E 66  nbBrrGpYq3XfMAnf
00000040: 66 68 37 50 49 70 72 4F  69 4F 54 50 35 67 44 75  fh7PIprOiOTP5gDu
00000050: 55 30 30 6F 4A 55 52 59  62 35 72 44 38 53 59 35  U00oJURYb5rD8SY5
00000060: 66 71 47 4B 47 37 4C 36  33 35 67 6D 41 44 6F 41  fqGKG7L635gmADoA
00000070: 7A 33 31 70 4E 68 55 45  54 77 73 35 75 72 33 38  z31pNhUETws5ur38
00000080: 4B 49 34 38 5A 6C 76 61  37 58 70 32 37 4C 35 56  KI48Zlva7Xp27L5V
00000090: 75 46 66 67 47 70 4D 76  50 75 58 39 70 44 53 54  uFfgGpMvPuX9pDST
000000A0: 77 67 61 32 59 32 58 76  64 65 56 37 72 58 68 37  wga2Y2XvdeV7rXh7
000000B0: 33 6A 6C 58 79 4A 58 37  62 71 31 57 4F 6F 51 4A  3jlXyJX7bq1WOoQJ
000000C0: 39 35 77 31 62 54 32 4C  5A 78 31 4F 77 78 35 30  95w1bT2LZx1Owx50
000000D0: 66 43 53 50 71 72 59 6C  63 61 43 52 63 43 6B 50  fCSPqrYlcaCRcCkP
000000E0: 7A 6B 37 42 44 67 64 71  65 58 48 64 71 50 48 4E  zk7BDgdqeXHdqPHN
000000F0: 6D 52 75 73 63 71 58 79  62 49 32 49 54 41 65 61  mRuscqXybI2ITAea
00000100: 69 30 43 5A 65 4B 74 70  61 7A 35 47 41 49 48 57  i0CZeKtpaz5GAIHW
00000110: 4B 37 38 74 51 48 47 72  30 76 62 7A 64 6C 30 66  K78tQHGr0vbzdl0f
00000120: 55 74 35 69 4A 62 65 5A  79 72 69 68 75 20 40 75  Ut5iJbeZyrihu @u
00000130: 73 65 72 6E 61 6D 65 5F  38 35 36 20 40 75 73 65  sername_856 @use
00000140: 72 6E 61 6D 65 5F 35 32  20 40 75 73 65 72 6E 61  rname_52 @userna
00000150: 6D 65 5F 35 33 38 20 40  75 73 65 72 6E 61 6D 65  me_538 @username
00000160: 5F 36 30 36 20 40 75 73  65 72 6E 61 6D 65 5F 36  _606 @username_6
00000170: 33 39 20 68 74 74 70 3A  2F 2F 6C 6A 57 46 79 79  39 http://ljWFyy
00000180: 4F 62 7A 36 5A 56 77 55  42 4A 30 6B 57 42 68 39  Obz6ZVwUBJ0kWBh9
00000190: 53 34 43 71 58 69 71 4C  76 65 4B 64 37 30 6C 32  S4CqXiqLveKd70l2
000001A0: 47 67 48 47 6C 6B 34 78  76 78 62 46 33 4E 4D 53  GgHGlk4xvxbF3NMS
000001B0: 5A 54 33 34 77 48 48 38  55 4B 20 68 74 74 70 3A  ZT34wHH8UK http:
000001C0: 2F 2F 34 5A 47 37 72 75  65 35 4C 71 34 49 48 72  //4ZG7rue5Lq4IHr
000001D0: 46 53 62 41 59 66 32 30  38 72 59 57 37 69 65 63  FSbAYf208rYW7iec
000001E0: 49 72 46 54 6B 37 65 46  78 4C 79 79 48 33 66 50  IrFTk7eFxLyyH3fP
000001F0: 6D 68 6A 37 7A 47 37 59  65 36 74 55 32 35 6D 4E  mhj7zG7Ye6tU25mN
00000200: 36 70 0D 00 03 0B 0B 00  00 00 00 00              6p..........
====
STREAM PID 40016.0xffff9482c72c0b00 (S) > 40027.0xffff948328f80b00 (C), length 662
command[40016]: b'./cmake-build/src/TextService/TextService'
command[40027]: b'./src/ComposePostService/ComposePostService'
----
00000000: 00 00 02 92 80 01 00 02  00 00 00 0B 43 6F 6D 70  ............Comp
00000010: 6F 73 65 54 65 78 74 00  00 00 00 0C 00 00 0B 00  oseText.........
00000020: 01 00 00 01 7D 52 42 53  6E 62 42 72 72 47 70 59  ....}RBSnbBrrGpY
00000030: 71 33 58 66 4D 41 6E 66  66 68 37 50 49 70 72 4F  q3XfMAnffh7PIprO
00000040: 69 4F 54 50 35 67 44 75  55 30 30 6F 4A 55 52 59  iOTP5gDuU00oJURY
00000050: 62 35 72 44 38 53 59 35  66 71 47 4B 47 37 4C 36  b5rD8SY5fqGKG7L6
00000060: 33 35 67 6D 41 44 6F 41  7A 33 31 70 4E 68 55 45  35gmADoAz31pNhUE
00000070: 54 77 73 35 75 72 33 38  4B 49 34 38 5A 6C 76 61  Tws5ur38KI48Zlva
00000080: 37 58 70 32 37 4C 35 56  75 46 66 67 47 70 4D 76  7Xp27L5VuFfgGpMv
00000090: 50 75 58 39 70 44 53 54  77 67 61 32 59 32 58 76  PuX9pDSTwga2Y2Xv
000000A0: 64 65 56 37 72 58 68 37  33 6A 6C 58 79 4A 58 37  deV7rXh73jlXyJX7
000000B0: 62 71 31 57 4F 6F 51 4A  39 35 77 31 62 54 32 4C  bq1WOoQJ95w1bT2L
000000C0: 5A 78 31 4F 77 78 35 30  66 43 53 50 71 72 59 6C  Zx1Owx50fCSPqrYl
000000D0: 63 61 43 52 63 43 6B 50  7A 6B 37 42 44 67 64 71  caCRcCkPzk7BDgdq
000000E0: 65 58 48 64 71 50 48 4E  6D 52 75 73 63 71 58 79  eXHdqPHNmRuscqXy
000000F0: 62 49 32 49 54 41 65 61  69 30 43 5A 65 4B 74 70  bI2ITAeai0CZeKtp
00000100: 61 7A 35 47 41 49 48 57  4B 37 38 74 51 48 47 72  az5GAIHWK78tQHGr
00000110: 30 76 62 7A 64 6C 30 66  55 74 35 69 4A 62 65 5A  0vbzdl0fUt5iJbeZ
00000120: 79 72 69 68 75 20 40 75  73 65 72 6E 61 6D 65 5F  yrihu @username_
00000130: 38 35 36 20 40 75 73 65  72 6E 61 6D 65 5F 35 32  856 @username_52
00000140: 20 40 75 73 65 72 6E 61  6D 65 5F 35 33 38 20 40   @username_538 @
00000150: 75 73 65 72 6E 61 6D 65  5F 36 30 36 20 40 75 73  username_606 @us
00000160: 65 72 6E 61 6D 65 5F 36  33 39 20 68 74 74 70 3A  ername_639 http:
00000170: 2F 2F 73 68 6F 72 74 2D  75 72 6C 2F 35 71 71 71  //short-url/5qqq
00000180: 53 68 58 36 4F 4E 20 68  74 74 70 3A 2F 2F 73 68  ShX6ON http://sh
00000190: 6F 72 74 2D 75 72 6C 2F  4B 64 63 70 39 66 79 32  ort-url/Kdcp9fy2
000001A0: 4C 63 0F 00 02 0C 00 00  00 00 0F 00 03 0C 00 00  Lc..............
000001B0: 00 02 0B 00 01 00 00 00  1B 68 74 74 70 3A 2F 2F  .........http://
000001C0: 73 68 6F 72 74 2D 75 72  6C 2F 35 71 71 71 53 68  short-url/5qqqSh
000001D0: 58 36 4F 4E 0B 00 02 00  00 00 47 68 74 74 70 3A  X6ON......Ghttp:
000001E0: 2F 2F 6C 6A 57 46 79 79  4F 62 7A 36 5A 56 77 55  //ljWFyyObz6ZVwU
000001F0: 42 4A 30 6B 57 42 68 39  53 34 43 71 58 69 71 4C  BJ0kWBh9S4CqXiqL
00000200: 76 65 4B 64 37 30 6C 32  47 67 48 47 6C 6B 34 78  veKd70l2GgHGlk4x
00000210: 76 78 62 46 33 4E 4D 53  5A 54 33 34 77 48 48 38  vxbF3NMSZT34wHH8
00000220: 55 4B 00 0B 00 01 00 00  00 1B 68 74 74 70 3A 2F  UK........http:/
00000230: 2F 73 68 6F 72 74 2D 75  72 6C 2F 4B 64 63 70 39  /short-url/Kdcp9
00000240: 66 79 32 4C 63 0B 00 02  00 00 00 47 68 74 74 70  fy2Lc......Ghttp
00000250: 3A 2F 2F 34 5A 47 37 72  75 65 35 4C 71 34 49 48  ://4ZG7rue5Lq4IH
00000260: 72 46 53 62 41 59 66 32  30 38 72 59 57 37 69 65  rFSbAYf208rYW7ie
00000270: 63 49 72 46 54 6B 37 65  46 78 4C 79 79 48 33 66  cIrFTk7eFxLyyH3f
00000280: 50 6D 68 6A 37 7A 47 37  59 65 36 74 55 32 35 6D  Pmhj7zG7Ye6tU25m
00000290: 4E 36 70 00 00 00                                 N6p...
====
STREAM PID 40027.0xffff948328f80b00 (C) > 40016.0xffff9482c72c0b00 (S), length 411
command[40027]: b'./src/ComposePostService/ComposePostService'
command[40016]: b'./cmake-build/src/TextService/TextService'
----
00000000: 00 00 01 97 80 01 00 01  00 00 00 0B 43 6F 6D 70  ............Comp
00000010: 6F 73 65 54 65 78 74 00  00 00 00 0A 00 01 03 3C  oseText........<
00000020: 29 5A 4D AF 93 60 0B 00  02 00 00 01 64 34 42 76  )ZM..`......d4Bv
00000030: 72 7A 6F 4E 31 4C 4C 6E  34 51 61 66 78 62 68 68  rzoN1LLn4Qafxbhh
00000040: 36 62 4F 44 74 68 76 4C  4C 66 30 38 57 43 33 44  6bODthvLLf08WC3D
00000050: 51 51 62 68 56 45 45 63  66 6F 4D 6F 42 77 59 39  QQbhVEEcfoMoBwY9
00000060: 32 42 68 51 33 45 4A 53  69 50 55 76 69 46 76 78  2BhQ3EJSiPUviFvx
00000070: 44 33 34 6E 56 4F 38 71  77 4A 58 4B 34 49 73 35  D34nVO8qwJXK4Is5
00000080: 7A 6E 4C 38 48 55 68 73  77 39 71 54 55 55 61 36  znL8HUhsw9qTUUa6
00000090: 66 4F 74 4B 32 4E 59 37  4D 62 78 65 77 63 61 66  fOtK2NY7Mbxewcaf
000000A0: 78 35 35 77 56 35 71 6B  39 52 70 7A 43 4D 44 71  x55wV5qk9RpzCMDq
000000B0: 30 79 56 37 32 78 39 79  71 32 71 79 73 30 46 64  0yV72x9yq2qys0Fd
000000C0: 50 62 70 4F 71 70 35 38  33 64 76 53 79 45 76 75  PbpOqp583dvSyEvu
000000D0: 54 57 4D 62 4E 6B 50 38  66 4D 5A 34 77 57 44 6E  TWMbNkP8fMZ4wWDn
000000E0: 43 73 58 64 4C 56 45 7A  48 65 51 4C 66 31 35 33  CsXdLVEzHeQLf153
000000F0: 75 54 72 56 44 4A 37 52  38 36 6F 43 4C 6D 72 73  uTrVDJ7R86oCLmrs
00000100: 72 6D 64 72 33 6F 42 79  71 4A 61 47 63 49 44 6C  rmdr3oByqJaGcIDl
00000110: 59 30 51 76 59 69 6B 68  74 4C 31 41 67 72 76 74  Y0QvYikhtL1Agrvt
00000120: 46 6C 49 66 49 53 47 69  74 70 70 39 69 20 40 75  FlIfISGitpp9i @u
00000130: 73 65 72 6E 61 6D 65 5F  39 30 38 20 40 75 73 65  sername_908 @use
00000140: 72 6E 61 6D 65 5F 35 37  30 20 68 74 74 70 3A 2F  rname_570 http:/
00000150: 2F 72 78 55 63 35 39 33  4D 72 4D 5A 6E 67 41 74  /rxUc593MrMZngAt
00000160: 31 33 41 77 31 31 7A 4E  4B 6A 6C 56 72 6F 79 61  13Aw11zNKjlVroya
00000170: 53 36 4D 32 53 43 33 39  46 30 6F 46 64 47 6C 4F  S6M2SC39F0oFdGlO
00000180: 6F 7A 75 33 75 45 61 68  79 71 56 47 6C 78 42 57  ozu3uEahyqVGlxBW
00000190: 66 0D 00 03 0B 0B 00 00  00 00 00                 f..........
====
STREAM PID 40016.0xffff9482c72c0b00 (S) > 40027.0xffff948328f80b00 (C), length 480
command[40016]: b'./cmake-build/src/TextService/TextService'
command[40027]: b'./src/ComposePostService/ComposePostService'
----
00000000: 00 00 01 DC 80 01 00 02  00 00 00 0B 43 6F 6D 70  ............Comp
00000010: 6F 73 65 54 65 78 74 00  00 00 00 0C 00 00 0B 00  oseText.........
00000020: 01 00 00 01 38 34 42 76  72 7A 6F 4E 31 4C 4C 6E  ....84BvrzoN1LLn
00000030: 34 51 61 66 78 62 68 68  36 62 4F 44 74 68 76 4C  4Qafxbhh6bODthvL
00000040: 4C 66 30 38 57 43 33 44  51 51 62 68 56 45 45 63  Lf08WC3DQQbhVEEc
00000050: 66 6F 4D 6F 42 77 59 39  32 42 68 51 33 45 4A 53  foMoBwY92BhQ3EJS
00000060: 69 50 55 76 69 46 76 78  44 33 34 6E 56 4F 38 71  iPUviFvxD34nVO8q
00000070: 77 4A 58 4B 34 49 73 35  7A 6E 4C 38 48 55 68 73  wJXK4Is5znL8HUhs
00000080: 77 39 71 54 55 55 61 36  66 4F 74 4B 32 4E 59 37  w9qTUUa6fOtK2NY7
00000090: 4D 62 78 65 77 63 61 66  78 35 35 77 56 35 71 6B  Mbxewcafx55wV5qk
000000A0: 39 52 70 7A 43 4D 44 71  30 79 56 37 32 78 39 79  9RpzCMDq0yV72x9y
000000B0: 71 32 71 79 73 30 46 64  50 62 70 4F 71 70 35 38  q2qys0FdPbpOqp58
000000C0: 33 64 76 53 79 45 76 75  54 57 4D 62 4E 6B 50 38  3dvSyEvuTWMbNkP8
000000D0: 66 4D 5A 34 77 57 44 6E  43 73 58 64 4C 56 45 7A  fMZ4wWDnCsXdLVEz
000000E0: 48 65 51 4C 66 31 35 33  75 54 72 56 44 4A 37 52  HeQLf153uTrVDJ7R
000000F0: 38 36 6F 43 4C 6D 72 73  72 6D 64 72 33 6F 42 79  86oCLmrsrmdr3oBy
00000100: 71 4A 61 47 63 49 44 6C  59 30 51 76 59 69 6B 68  qJaGcIDlY0QvYikh
00000110: 74 4C 31 41 67 72 76 74  46 6C 49 66 49 53 47 69  tL1AgrvtFlIfISGi
00000120: 74 70 70 39 69 20 40 75  73 65 72 6E 61 6D 65 5F  tpp9i @username_
00000130: 39 30 38 20 40 75 73 65  72 6E 61 6D 65 5F 35 37  908 @username_57
00000140: 30 20 68 74 74 70 3A 2F  2F 73 68 6F 72 74 2D 75  0 http://short-u
00000150: 72 6C 2F 70 56 7A 5A 5A  45 73 51 49 47 0F 00 02  rl/pVzZZEsQIG...
00000160: 0C 00 00 00 00 0F 00 03  0C 00 00 00 01 0B 00 01  ................
00000170: 00 00 00 1B 68 74 74 70  3A 2F 2F 73 68 6F 72 74  ....http://short
00000180: 2D 75 72 6C 2F 70 56 7A  5A 5A 45 73 51 49 47 0B  -url/pVzZZEsQIG.
00000190: 00 02 00 00 00 47 68 74  74 70 3A 2F 2F 72 78 55  .....Ghttp://rxU
000001A0: 63 35 39 33 4D 72 4D 5A  6E 67 41 74 31 33 41 77  c593MrMZngAt13Aw
000001B0: 31 31 7A 4E 4B 6A 6C 56  72 6F 79 61 53 36 4D 32  11zNKjlVroyaS6M2
000001C0: 53 43 33 39 46 30 6F 46  64 47 6C 4F 6F 7A 75 33  SC39F0oFdGlOozu3
000001D0: 75 45 61 68 79 71 56 47  6C 78 42 57 66 00 00 00  uEahyqVGlxBWf...
====
STREAM PID 40027.0xffff948328f80b00 (C) > 40016.0xffff9482c72c0b00 (S), length 726
command[40027]: b'./src/ComposePostService/ComposePostService'
command[40016]: b'./cmake-build/src/TextService/TextService'
----
00000000: 00 00 02 D2 80 01 00 01  00 00 00 0B 43 6F 6D 70  ............Comp
00000010: 6F 73 65 54 65 78 74 00  00 00 00 0A 00 01 08 8F  oseText.........
00000020: 72 94 B7 4E 16 80 0B 00  02 00 00 02 9F 67 58 46  r..N.........gXF
00000030: 42 54 6C 41 6D 79 59 52  33 74 51 6D 36 43 50 59  BTlAmyYR3tQm6CPY
00000040: 46 70 68 33 47 53 42 41  38 30 6D 43 6B 6C 4F 47  Fph3GSBA80mCklOG
00000050: 42 69 77 46 6E 76 76 44  6C 7A 78 4D 38 7A 62 51  BiwFnvvDlzxM8zbQ
00000060: 6A 52 58 56 6E 6A 6B 54  34 57 69 68 6A 6E 43 30  jRXVnjkT4WihjnC0
00000070: 4B 45 50 55 5A 6C 56 49  72 41 32 69 34 30 6A 4B  KEPUZlVIrA2i40jK
00000080: 46 34 79 36 51 4D 73 65  59 4A 31 51 6B 77 64 53  F4y6QMseYJ1QkwdS
00000090: 4F 48 4E 4F 4F 71 76 32  36 35 49 5A 6C 57 79 64  OHNOOqv265IZlWyd
000000A0: 6F 43 65 4C 32 72 70 78  42 51 49 6A 53 66 62 42  oCeL2rpxBQIjSfbB
000000B0: 36 67 5A 33 6D 39 4D 74  4C 63 6D 41 6E 4B 66 73  6gZ3m9MtLcmAnKfs
000000C0: 6D 71 74 53 38 4A 41 79  38 6C 33 57 39 53 33 6A  mqtS8JAy8l3W9S3j
000000D0: 4E 72 44 70 47 43 38 64  6A 4A 63 72 68 52 54 67  NrDpGC8djJcrhRTg
000000E0: 68 42 4A 51 59 57 76 31  78 4B 45 33 4F 6D 4E 33  hBJQYWv1xKE3OmN3
000000F0: 6D 76 39 36 61 35 68 44  50 76 6C 38 6B 57 53 42  mv96a5hDPvl8kWSB
00000100: 69 31 49 37 66 57 6D 53  73 36 6D 4B 7A 6D 51 65  i1I7fWmSs6mKzmQe
00000110: 6F 70 54 4E 50 77 6A 38  42 34 5A 6B 36 42 51 64  opTNPwj8B4Zk6BQd
00000120: 33 48 36 74 64 6F 6E 48  6C 6F 73 73 52 20 40 75  3H6tdonHlossR @u
00000130: 73 65 72 6E 61 6D 65 5F  36 38 31 20 40 75 73 65  sername_681 @use
00000140: 72 6E 61 6D 65 5F 38 38  20 40 75 73 65 72 6E 61  rname_88 @userna
00000150: 6D 65 5F 33 33 32 20 40  75 73 65 72 6E 61 6D 65  me_332 @username
00000160: 5F 31 33 39 20 68 74 74  70 3A 2F 2F 77 51 4B 61  _139 http://wQKa
00000170: 53 6D 54 4B 74 4D 63 53  48 52 30 34 51 63 6B 58  SmTKtMcSHR04QckX
00000180: 6C 6E 72 73 4A 6F 69 53  30 36 31 61 78 56 49 49  lnrsJoiS061axVII
00000190: 64 6F 51 30 34 4A 63 43  41 63 65 54 4A 42 45 43  doQ04JcCAceTJBEC
000001A0: 69 77 69 77 39 32 39 37  4C 56 6E 51 20 68 74 74  iwiw9297LVnQ htt
000001B0: 70 3A 2F 2F 34 5A 46 79  65 33 53 4F 53 68 6E 73  p://4ZFye3SOShns
000001C0: 59 4E 58 76 64 62 37 65  55 6A 47 4E 31 7A 33 36  YNXvdb7eUjGN1z36
000001D0: 70 49 34 6E 52 6C 75 6B  48 67 63 35 44 4E 32 62  pI4nRlukHgc5DN2b
000001E0: 70 5A 69 34 79 55 43 34  4E 6A 6D 5A 34 4A 38 74  pZi4yUC4NjmZ4J8t
000001F0: 4D 76 41 4F 20 68 74 74  70 3A 2F 2F 75 6F 45 76  MvAO http://uoEv
00000200: 41 79 69 34 70 5A 75 50  66 34 71 6C 58 5A 45 7A  Ayi4pZuPf4qlXZEz
00000210: 33 74 68 6B 68 71 4A 49  71 7A 64 43 4E 6F 51 4B  3thkhqJIqzdCNoQK
00000220: 43 55 6B 42 62 35 6B 64  4D 74 52 31 54 56 78 74  CUkBb5kdMtR1TVxt
00000230: 71 4C 33 31 67 43 4B 73  5A 39 32 4C 20 68 74 74  qL31gCKsZ92L htt
00000240: 70 3A 2F 2F 43 56 4B 6C  62 54 70 34 73 51 45 71  p://CVKlbTp4sQEq
00000250: 4C 58 53 35 4A 41 4A 49  73 61 4F 37 62 73 6F 31  LXS5JAJIsaO7bso1
00000260: 6D 6C 70 41 42 68 7A 33  71 6F 6F 50 4B 46 50 46  mlpABhz3qooPKFPF
00000270: 39 73 59 64 74 36 55 59  55 43 79 47 57 74 7A 42  9sYdt6UYUCyGWtzB
00000280: 68 75 4E 6D 20 68 74 74  70 3A 2F 2F 4C 6E 4E 50  huNm http://LnNP
00000290: 39 50 38 44 55 31 4E 79  31 6A 53 64 5A 4B 6D 51  9P8DU1Ny1jSdZKmQ
000002A0: 38 6E 6F 49 39 38 62 65  58 6B 7A 76 71 47 32 39  8noI98beXkzvqG29
000002B0: 47 7A 44 4B 7A 4C 71 67  32 4C 31 4D 36 49 41 74  GzDKzLqg2L1M6IAt
000002C0: 45 4F 32 74 36 55 65 6C  48 6C 59 54 0D 00 03 0B  EO2t6UelHlYT....
000002D0: 0B 00 00 00 00 00                                 ......
====
STREAM PID 40016.0xffff9482c72c0b00 (S) > 40027.0xffff948328f80b00 (C), length 1071
command[40016]: b'./cmake-build/src/TextService/TextService'
command[40027]: b'./src/ComposePostService/ComposePostService'
----
00000000: 00 00 04 2B 80 01 00 02  00 00 00 0B 43 6F 6D 70  ...+........Comp
00000010: 6F 73 65 54 65 78 74 00  00 00 00 0C 00 00 0B 00  oseText.........
00000020: 01 00 00 01 C3 67 58 46  42 54 6C 41 6D 79 59 52  .....gXFBTlAmyYR
00000030: 33 74 51 6D 36 43 50 59  46 70 68 33 47 53 42 41  3tQm6CPYFph3GSBA
00000040: 38 30 6D 43 6B 6C 4F 47  42 69 77 46 6E 76 76 44  80mCklOGBiwFnvvD
00000050: 6C 7A 78 4D 38 7A 62 51  6A 52 58 56 6E 6A 6B 54  lzxM8zbQjRXVnjkT
00000060: 34 57 69 68 6A 6E 43 30  4B 45 50 55 5A 6C 56 49  4WihjnC0KEPUZlVI
00000070: 72 41 32 69 34 30 6A 4B  46 34 79 36 51 4D 73 65  rA2i40jKF4y6QMse
00000080: 59 4A 31 51 6B 77 64 53  4F 48 4E 4F 4F 71 76 32  YJ1QkwdSOHNOOqv2
00000090: 36 35 49 5A 6C 57 79 64  6F 43 65 4C 32 72 70 78  65IZlWydoCeL2rpx
000000A0: 42 51 49 6A 53 66 62 42  36 67 5A 33 6D 39 4D 74  BQIjSfbB6gZ3m9Mt
000000B0: 4C 63 6D 41 6E 4B 66 73  6D 71 74 53 38 4A 41 79  LcmAnKfsmqtS8JAy
000000C0: 38 6C 33 57 39 53 33 6A  4E 72 44 70 47 43 38 64  8l3W9S3jNrDpGC8d
000000D0: 6A 4A 63 72 68 52 54 67  68 42 4A 51 59 57 76 31  jJcrhRTghBJQYWv1
000000E0: 78 4B 45 33 4F 6D 4E 33  6D 76 39 36 61 35 68 44  xKE3OmN3mv96a5hD
000000F0: 50 76 6C 38 6B 57 53 42  69 31 49 37 66 57 6D 53  Pvl8kWSBi1I7fWmS
00000100: 73 36 6D 4B 7A 6D 51 65  6F 70 54 4E 50 77 6A 38  s6mKzmQeopTNPwj8
00000110: 42 34 5A 6B 36 42 51 64  33 48 36 74 64 6F 6E 48  B4Zk6BQd3H6tdonH
00000120: 6C 6F 73 73 52 20 40 75  73 65 72 6E 61 6D 65 5F  lossR @username_
00000130: 36 38 31 20 40 75 73 65  72 6E 61 6D 65 5F 38 38  681 @username_88
00000140: 20 40 75 73 65 72 6E 61  6D 65 5F 33 33 32 20 40   @username_332 @
00000150: 75 73 65 72 6E 61 6D 65  5F 31 33 39 20 68 74 74  username_139 htt
00000160: 70 3A 2F 2F 73 68 6F 72  74 2D 75 72 6C 2F 30 59  p://short-url/0Y
00000170: 67 34 35 32 45 79 59 33  20 68 74 74 70 3A 2F 2F  g452EyY3 http://
00000180: 73 68 6F 72 74 2D 75 72  6C 2F 38 31 57 42 6A 50  short-url/81WBjP
00000190: 50 65 48 63 20 68 74 74  70 3A 2F 2F 73 68 6F 72  PeHc http://shor
000001A0: 74 2D 75 72 6C 2F 41 79  50 38 70 39 43 77 69 37  t-url/AyP8p9Cwi7
000001B0: 20 68 74 74 70 3A 2F 2F  73 68 6F 72 74 2D 75 72   http://short-ur
000001C0: 6C 2F 46 77 4A 56 62 35  69 54 55 47 20 68 74 74  l/FwJVb5iTUG htt
000001D0: 70 3A 2F 2F 73 68 6F 72  74 2D 75 72 6C 2F 62 51  p://short-url/bQ
000001E0: 73 54 55 34 46 46 42 38  0F 00 02 0C 00 00 00 00  sTU4FFB8........
000001F0: 0F 00 03 0C 00 00 00 05  0B 00 01 00 00 00 1B 68  ...............h
00000200: 74 74 70 3A 2F 2F 73 68  6F 72 74 2D 75 72 6C 2F  ttp://short-url/
00000210: 30 59 67 34 35 32 45 79  59 33 0B 00 02 00 00 00  0Yg452EyY3......
00000220: 47 68 74 74 70 3A 2F 2F  77 51 4B 61 53 6D 54 4B  Ghttp://wQKaSmTK
00000230: 74 4D 63 53 48 52 30 34  51 63 6B 58 6C 6E 72 73  tMcSHR04QckXlnrs
00000240: 4A 6F 69 53 30 36 31 61  78 56 49 49 64 6F 51 30  JoiS061axVIIdoQ0
00000250: 34 4A 63 43 41 63 65 54  4A 42 45 43 69 77 69 77  4JcCAceTJBECiwiw
00000260: 39 32 39 37 4C 56 6E 51  00 0B 00 01 00 00 00 1B  9297LVnQ........
00000270: 68 74 74 70 3A 2F 2F 73  68 6F 72 74 2D 75 72 6C  http://short-url
00000280: 2F 38 31 57 42 6A 50 50  65 48 63 0B 00 02 00 00  /81WBjPPeHc.....
00000290: 00 47 68 74 74 70 3A 2F  2F 34 5A 46 79 65 33 53  .Ghttp://4ZFye3S
000002A0: 4F 53 68 6E 73 59 4E 58  76 64 62 37 65 55 6A 47  OShnsYNXvdb7eUjG
000002B0: 4E 31 7A 33 36 70 49 34  6E 52 6C 75 6B 48 67 63  N1z36pI4nRlukHgc
000002C0: 35 44 4E 32 62 70 5A 69  34 79 55 43 34 4E 6A 6D  5DN2bpZi4yUC4Njm
000002D0: 5A 34 4A 38 74 4D 76 41  4F 00 0B 00 01 00 00 00  Z4J8tMvAO.......
000002E0: 1B 68 74 74 70 3A 2F 2F  73 68 6F 72 74 2D 75 72  .http://short-ur
000002F0: 6C 2F 41 79 50 38 70 39  43 77 69 37 0B 00 02 00  l/AyP8p9Cwi7....
00000300: 00 00 47 68 74 74 70 3A  2F 2F 75 6F 45 76 41 79  ..Ghttp://uoEvAy
00000310: 69 34 70 5A 75 50 66 34  71 6C 58 5A 45 7A 33 74  i4pZuPf4qlXZEz3t
00000320: 68 6B 68 71 4A 49 71 7A  64 43 4E 6F 51 4B 43 55  hkhqJIqzdCNoQKCU
00000330: 6B 42 62 35 6B 64 4D 74  52 31 54 56 78 74 71 4C  kBb5kdMtR1TVxtqL
00000340: 33 31 67 43 4B 73 5A 39  32 4C 00 0B 00 01 00 00  31gCKsZ92L......
00000350: 00 1B 68 74 74 70 3A 2F  2F 73 68 6F 72 74 2D 75  ..http://short-u
00000360: 72 6C 2F 46 77 4A 56 62  35 69 54 55 47 0B 00 02  rl/FwJVb5iTUG...
00000370: 00 00 00 47 68 74 74 70  3A 2F 2F 43 56 4B 6C 62  ...Ghttp://CVKlb
00000380: 54 70 34 73 51 45 71 4C  58 53 35 4A 41 4A 49 73  Tp4sQEqLXS5JAJIs
00000390: 61 4F 37 62 73 6F 31 6D  6C 70 41 42 68 7A 33 71  aO7bso1mlpABhz3q
000003A0: 6F 6F 50 4B 46 50 46 39  73 59 64 74 36 55 59 55  ooPKFPF9sYdt6UYU
000003B0: 43 79 47 57 74 7A 42 68  75 4E 6D 00 0B 00 01 00  CyGWtzBhuNm.....
000003C0: 00 00 1B 68 74 74 70 3A  2F 2F 73 68 6F 72 74 2D  ...http://short-
000003D0: 75 72 6C 2F 62 51 73 54  55 34 46 46 42 38 0B 00  url/bQsTU4FFB8..
000003E0: 02 00 00 00 47 68 74 74  70 3A 2F 2F 4C 6E 4E 50  ....Ghttp://LnNP
000003F0: 39 50 38 44 55 31 4E 79  31 6A 53 64 5A 4B 6D 51  9P8DU1Ny1jSdZKmQ
00000400: 38 6E 6F 49 39 38 62 65  58 6B 7A 76 71 47 32 39  8noI98beXkzvqG29
00000410: 47 7A 44 4B 7A 4C 71 67  32 4C 31 4D 36 49 41 74  GzDKzLqg2L1M6IAt
00000420: 45 4F 32 74 36 55 65 6C  48 6C 59 54 00 00 00     EO2t6UelHlYT...
====
STREAM PID 40027.0xffff948328f80b00 (C) > 40016.0xffff9482c72c0b00 (S), length 468
command[40027]: b'./src/ComposePostService/ComposePostService'
command[40016]: b'./cmake-build/src/TextService/TextService'
----
00000000: 00 00 01 D0 80 01 00 01  00 00 00 0B 43 6F 6D 70  ............Comp
00000010: 6F 73 65 54 65 78 74 00  00 00 00 0A 00 01 04 B7  oseText.........
00000020: 14 94 C8 7E 71 40 0B 00  02 00 00 01 9D 43 54 6D  ...~q@.......CTm
00000030: 62 65 4C 74 57 7A 55 34  73 54 63 4A 55 77 35 32  beLtWzU4sTcJUw52
00000040: 79 34 54 67 33 48 48 52  35 52 51 62 32 5A 68 75  y4Tg3HHR5RQb2Zhu
00000050: 63 5A 4C 69 6B 59 43 51  51 75 56 34 47 72 64 66  cZLikYCQQuV4Grdf
00000060: 6D 53 47 45 56 51 59 51  72 74 43 32 37 6E 76 4C  mSGEVQYQrtC27nvL
00000070: 6C 65 62 33 32 38 58 5A  4A 33 32 47 59 6B 34 72  leb328XZJ32GYk4r
00000080: 33 6E 73 52 32 68 4E 4E  4B 76 51 50 65 39 6C 53  3nsR2hNNKvQPe9lS
00000090: 65 72 34 56 6B 4F 62 58  75 51 49 76 66 4E 67 69  er4VkObXuQIvfNgi
000000A0: 51 76 38 58 34 79 73 31  5A 70 68 47 61 4F 45 35  Qv8X4ys1ZphGaOE5
000000B0: 52 39 76 63 6C 77 77 45  79 46 54 39 6E 6C 73 56  R9vclwwEyFT9nlsV
000000C0: 35 64 30 45 71 59 44 75  30 42 52 6E 66 49 42 44  5d0EqYDu0BRnfIBD
000000D0: 47 6D 35 6F 41 4F 4A 39  31 57 78 68 51 4C 6A 52  Gm5oAOJ91WxhQLjR
000000E0: 67 37 6E 4A 41 6C 48 4A  31 57 42 7A 4F 42 43 58  g7nJAlHJ1WBzOBCX
000000F0: 70 56 49 4D 32 49 36 34  70 6F 78 4F 67 37 47 6E  pVIM2I64poxOg7Gn
00000100: 64 4C 69 38 41 4A 48 6A  47 78 52 30 7A 50 50 63  dLi8AJHjGxR0zPPc
00000110: 4A 4D 52 4D 38 4F 6E 44  33 6A 55 69 46 57 5A 73  JMRM8OnD3jUiFWZs
00000120: 62 7A 79 49 34 38 63 72  39 4C 74 70 70 20 40 75  bzyI48cr9Ltpp @u
00000130: 73 65 72 6E 61 6D 65 5F  33 34 20 68 74 74 70 3A  sername_34 http:
00000140: 2F 2F 73 51 48 65 46 54  4D 47 48 48 68 70 68 70  //sQHeFTMGHHhphp
00000150: 4F 49 58 70 75 32 37 4D  44 30 68 61 50 77 34 45  OIXpu27MD0haPw4E
00000160: 36 31 35 76 4B 74 51 78  55 6A 6C 30 4C 57 75 76  615vKtQxUjl0LWuv
00000170: 6A 78 4E 39 6E 66 42 74  51 43 64 59 62 67 58 34  jxN9nfBtQCdYbgX4
00000180: 4E 52 20 68 74 74 70 3A  2F 2F 63 61 4F 50 34 78  NR http://caOP4x
00000190: 79 66 56 6A 5A 56 65 51  47 35 63 59 71 6F 75 5A  yfVjZVeQG5cYqouZ
000001A0: 6A 74 31 78 30 58 33 4F  4A 39 30 68 48 65 4D 35  jt1x0X3OJ90hHeM5
000001B0: 37 59 32 73 71 43 48 5A  68 36 65 4E 66 37 5A 37  7Y2sqCHZh6eNf7Z7
000001C0: 47 53 69 67 4C 38 53 4C  4D 6F 0D 00 03 0B 0B 00  GSigL8SLMo......
000001D0: 00 00 00 00                                       ....
====
STREAM PID 40016.0xffff9482c72c0b00 (S) > 40027.0xffff948328f80b00 (C), length 606
command[40016]: b'./cmake-build/src/TextService/TextService'
command[40027]: b'./src/ComposePostService/ComposePostService'
----
00000000: 00 00 02 5A 80 01 00 02  00 00 00 0B 43 6F 6D 70  ...Z........Comp
00000010: 6F 73 65 54 65 78 74 00  00 00 00 0C 00 00 0B 00  oseText.........
00000020: 01 00 00 01 45 43 54 6D  62 65 4C 74 57 7A 55 34  ....ECTmbeLtWzU4
00000030: 73 54 63 4A 55 77 35 32  79 34 54 67 33 48 48 52  sTcJUw52y4Tg3HHR
00000040: 35 52 51 62 32 5A 68 75  63 5A 4C 69 6B 59 43 51  5RQb2ZhucZLikYCQ
00000050: 51 75 56 34 47 72 64 66  6D 53 47 45 56 51 59 51  QuV4GrdfmSGEVQYQ
00000060: 72 74 43 32 37 6E 76 4C  6C 65 62 33 32 38 58 5A  rtC27nvLleb328XZ
00000070: 4A 33 32 47 59 6B 34 72  33 6E 73 52 32 68 4E 4E  J32GYk4r3nsR2hNN
00000080: 4B 76 51 50 65 39 6C 53  65 72 34 56 6B 4F 62 58  KvQPe9lSer4VkObX
00000090: 75 51 49 76 66 4E 67 69  51 76 38 58 34 79 73 31  uQIvfNgiQv8X4ys1
000000A0: 5A 70 68 47 61 4F 45 35  52 39 76 63 6C 77 77 45  ZphGaOE5R9vclwwE
000000B0: 79 46 54 39 6E 6C 73 56  35 64 30 45 71 59 44 75  yFT9nlsV5d0EqYDu
000000C0: 30 42 52 6E 66 49 42 44  47 6D 35 6F 41 4F 4A 39  0BRnfIBDGm5oAOJ9
000000D0: 31 57 78 68 51 4C 6A 52  67 37 6E 4A 41 6C 48 4A  1WxhQLjRg7nJAlHJ
000000E0: 31 57 42 7A 4F 42 43 58  70 56 49 4D 32 49 36 34  1WBzOBCXpVIM2I64
000000F0: 70 6F 78 4F 67 37 47 6E  64 4C 69 38 41 4A 48 6A  poxOg7GndLi8AJHj
00000100: 47 78 52 30 7A 50 50 63  4A 4D 52 4D 38 4F 6E 44  GxR0zPPcJMRM8OnD
00000110: 33 6A 55 69 46 57 5A 73  62 7A 79 49 34 38 63 72  3jUiFWZsbzyI48cr
00000120: 39 4C 74 70 70 20 40 75  73 65 72 6E 61 6D 65 5F  9Ltpp @username_
00000130: 33 34 20 68 74 74 70 3A  2F 2F 73 68 6F 72 74 2D  34 http://short-
00000140: 75 72 6C 2F 30 44 51 61  4D 78 34 7A 47 7A 20 68  url/0DQaMx4zGz h
00000150: 74 74 70 3A 2F 2F 73 68  6F 72 74 2D 75 72 6C 2F  ttp://short-url/
00000160: 56 45 63 35 66 6E 67 61  49 33 0F 00 02 0C 00 00  VEc5fngaI3......
00000170: 00 00 0F 00 03 0C 00 00  00 02 0B 00 01 00 00 00  ................
00000180: 1B 68 74 74 70 3A 2F 2F  73 68 6F 72 74 2D 75 72  .http://short-ur
00000190: 6C 2F 30 44 51 61 4D 78  34 7A 47 7A 0B 00 02 00  l/0DQaMx4zGz....
000001A0: 00 00 47 68 74 74 70 3A  2F 2F 73 51 48 65 46 54  ..Ghttp://sQHeFT
000001B0: 4D 47 48 48 68 70 68 70  4F 49 58 70 75 32 37 4D  MGHHhphpOIXpu27M
000001C0: 44 30 68 61 50 77 34 45  36 31 35 76 4B 74 51 78  D0haPw4E615vKtQx
000001D0: 55 6A 6C 30 4C 57 75 76  6A 78 4E 39 6E 66 42 74  Ujl0LWuvjxN9nfBt
000001E0: 51 43 64 59 62 67 58 34  4E 52 00 0B 00 01 00 00  QCdYbgX4NR......
000001F0: 00 1B 68 74 74 70 3A 2F  2F 73 68 6F 72 74 2D 75  ..http://short-u
00000200: 72 6C 2F 56 45 63 35 66  6E 67 61 49 33 0B 00 02  rl/VEc5fngaI3...
00000210: 00 00 00 47 68 74 74 70  3A 2F 2F 63 61 4F 50 34  ...Ghttp://caOP4
00000220: 78 79 66 56 6A 5A 56 65  51 47 35 63 59 71 6F 75  xyfVjZVeQG5cYqou
00000230: 5A 6A 74 31 78 30 58 33  4F 4A 39 30 68 48 65 4D  Zjt1x0X3OJ90hHeM
00000240: 35 37 59 32 73 71 43 48  5A 68 36 65 4E 66 37 5A  57Y2sqCHZh6eNf7Z
00000250: 37 47 53 69 67 4C 38 53  4C 4D 6F 00 00 00        7GSigL8SLMo...
====
STREAM PID 40027.0xffff948328f80b00 (C) > 40016.0xffff9482c72c0b00 (S), length 641
command[40027]: b'./src/ComposePostService/ComposePostService'
command[40016]: b'./cmake-build/src/TextService/TextService'
----
00000000: 00 00 02 7D 80 01 00 01  00 00 00 0B 43 6F 6D 70  ...}........Comp
00000010: 6F 73 65 54 65 78 74 00  00 00 00 0A 00 01 0C 4F  oseText........O
00000020: 0A 5E 78 90 21 80 0B 00  02 00 00 02 4A 31 6E 4F  .^x.!.......J1nO
00000030: 36 76 4E 7A 38 38 45 75  47 50 4C 71 50 38 61 6F  6vNz88EuGPLqP8ao
00000040: 6E 59 42 31 41 33 69 68  51 61 78 34 61 53 4C 6B  nYB1A3ihQax4aSLk
00000050: 4A 78 38 4F 57 32 59 64  61 74 72 4B 53 4F 32 67  Jx8OW2YdatrKSO2g
00000060: 47 4C 74 6B 71 41 6B 31  42 33 4F 69 4C 6A 65 59  GLtkqAk1B3OiLjeY
00000070: 52 34 6A 43 4C 49 46 53  77 39 46 44 61 64 39 76  R4jCLIFSw9FDad9v
00000080: 38 52 5A 30 34 4F 70 74  73 5A 46 39 30 6D 38 73  8RZ04OptsZF90m8s
00000090: 74 4C 33 7A 5A 37 6A 69  34 62 62 57 45 59 34 4A  tL3zZ7ji4bbWEY4J
000000A0: 55 43 37 69 72 77 37 61  6C 61 71 69 70 53 57 4F  UC7irw7alaqipSWO
000000B0: 72 67 49 30 79 34 65 73  55 74 7A 43 36 77 4B 74  rgI0y4esUtzC6wKt
000000C0: 48 64 63 70 37 45 7A 79  45 46 31 41 62 50 64 61  Hdcp7EzyEF1AbPda
000000D0: 51 4A 4E 46 66 63 49 30  32 4B 6D 55 4A 68 6A 50  QJNFfcI02KmUJhjP
000000E0: 74 43 65 59 34 34 6B 6E  50 70 32 49 73 6D 7A 57  tCeY44knPp2IsmzW
000000F0: 75 78 37 46 47 76 62 48  30 6E 54 73 65 51 64 56  ux7FGvbH0nTseQdV
00000100: 35 33 37 6F 7A 4A 6E 67  47 48 54 6B 43 6E 30 48  537ozJngGHTkCn0H
00000110: 74 65 50 38 70 4B 47 54  58 53 68 42 78 49 5A 4F  teP8pKGTXShBxIZO
00000120: 62 6A 34 5A 6B 59 77 61  6E 6E 5A 33 4E 20 40 75  bj4ZkYwannZ3N @u
00000130: 73 65 72 6E 61 6D 65 5F  35 36 39 20 40 75 73 65  sername_569 @use
00000140: 72 6E 61 6D 65 5F 38 38  31 20 40 75 73 65 72 6E  rname_881 @usern
00000150: 61 6D 65 5F 38 39 37 20  68 74 74 70 3A 2F 2F 50  ame_897 http://P
00000160: 53 51 63 45 51 61 65 6D  72 69 64 43 69 43 43 41  SQcEQaemridCiCCA
00000170: 4E 53 52 4D 37 4C 68 61  37 4B 31 33 54 33 61 71  NSRM7Lha7K13T3aq
00000180: 6D 4B 63 41 6F 38 35 63  36 63 58 34 4A 51 4A 57  mKcAo85c6cX4JQJW
00000190: 63 56 52 55 68 56 47 66  44 30 69 6F 31 39 4A 20  cVRUhVGfD0io19J 
000001A0: 68 74 74 70 3A 2F 2F 42  67 6A 4A 65 43 79 6E 73  http://BgjJeCyns
000001B0: 6F 41 63 6F 72 67 4B 58  76 44 53 53 63 76 5A 50  oAcorgKXvDSScvZP
000001C0: 71 61 6B 4E 45 76 4C 32  7A 38 58 34 4D 63 4F 6C  qakNEvL2z8X4McOl
000001D0: 67 35 77 6F 30 6B 66 57  51 51 71 73 66 38 42 69  g5wo0kfWQQqsf8Bi
000001E0: 42 48 71 62 45 7A 6C 20  68 74 74 70 3A 2F 2F 64  BHqbEzl http://d
000001F0: 59 73 37 58 77 79 49 68  5A 70 4E 56 45 52 71 6F  Ys7XwyIhZpNVERqo
00000200: 51 58 57 69 32 35 4D 5A  6A 4A 53 6D 43 6A 38 6F  QXWi25MZjJSmCj8o
00000210: 4E 53 41 33 4D 48 64 36  6D 47 56 32 71 62 79 34  NSA3MHd6mGV2qby4
00000220: 75 48 68 72 46 76 50 6E  4A 41 38 61 48 41 70 20  uHhrFvPnJA8aHAp 
00000230: 68 74 74 70 3A 2F 2F 4B  4B 4A 44 4D 4F 37 69 75  http://KKJDMO7iu
00000240: 48 47 78 49 50 5A 70 56  74 45 6B 67 42 54 4C 39  HGxIPZpVtEkgBTL9
00000250: 55 45 48 4C 77 34 49 4F  36 35 4C 67 56 50 7A 38  UEHLw4IO65LgVPz8
00000260: 53 55 44 57 51 36 47 73  43 47 50 6B 68 61 34 51  SUDWQ6GsCGPkha4Q
00000270: 66 79 6B 69 58 51 42 0D  00 03 0B 0B 00 00 00 00  fykiXQB.........
00000280: 00                                                .
====
STREAM PID 40027.0xffff948328f80b00 (C) > 40016.0xffff9482c72c0b00 (S), length 455
command[40027]: b'./src/ComposePostService/ComposePostService'
command[40016]: b'./cmake-build/src/TextService/TextService'
----
00000000: 00 00 01 C3 80 01 00 01  00 00 00 0B 43 6F 6D 70  ............Comp
00000010: 6F 73 65 54 65 78 74 00  00 00 00 0A 00 01 02 F9  oseText.........
00000020: A9 E2 27 DA 38 A0 0B 00  02 00 00 01 90 75 45 48  ..'.8........uEH
00000030: 5A 53 53 57 64 6A 64 32  4D 6C 4B 32 4C 4D 65 45  ZSSWdjd2MlK2LMeE
00000040: 31 59 38 56 4C 73 50 33  65 71 44 61 48 59 6F 65  1Y8VLsP3eqDaHYoe
00000050: 71 33 34 74 55 53 44 4E  73 58 58 55 52 74 59 35  q34tUSDNsXXURtY5
00000060: 77 4C 62 55 43 4E 71 6A  31 58 69 58 6E 31 5A 75  wLbUCNqj1XiXn1Zu
00000070: 32 55 67 56 61 32 55 6C  61 79 7A 7A 51 6B 43 35  2UgVa2UlayzzQkC5
00000080: 53 71 64 52 39 44 70 4D  34 69 76 6C 6C 49 34 75  SqdR9DpM4ivllI4u
00000090: 35 67 57 69 37 36 35 4E  43 6C 54 66 72 4B 31 4F  5gWi765NClTfrK1O
000000A0: 61 54 61 5A 4B 6F 52 42  4A 77 65 54 61 57 30 78  aTaZKoRBJweTaW0x
000000B0: 35 5A 4F 72 57 35 6D 4D  32 44 42 70 37 6F 49 58  5ZOrW5mM2DBp7oIX
000000C0: 4D 5A 67 6D 6A 46 59 34  30 4D 79 51 73 65 4F 46  MZgmjFY40MyQseOF
000000D0: 56 52 4B 63 54 70 51 73  48 46 70 34 75 50 70 63  VRKcTpQsHFp4uPpc
000000E0: 74 47 65 42 64 4C 50 37  58 57 4C 71 63 39 6A 4D  tGeBdLP7XWLqc9jM
000000F0: 4E 78 56 6C 79 79 31 64  54 45 51 78 6E 76 46 46  NxVlyy1dTEQxnvFF
00000100: 31 76 72 52 72 70 74 31  68 75 59 78 76 58 58 74  1vrRrpt1huYxvXXt
00000110: 34 67 45 69 72 6C 5A 42  6B 67 76 43 79 32 66 45  4gEirlZBkgvCy2fE
00000120: 34 31 46 4A 47 6D 6C 6A  4F 48 52 49 69 20 68 74  41FJGmljOHRIi ht
00000130: 74 70 3A 2F 2F 33 73 32  47 4A 50 67 78 4D 62 33  tp://3s2GJPgxMb3
00000140: 58 68 73 6D 4E 50 57 62  38 4B 37 69 6F 69 70 32  XhsmNPWb8K7ioip2
00000150: 47 52 49 56 35 74 61 42  78 49 7A 57 52 71 6B 71  GRIV5taBxIzWRqkq
00000160: 48 6D 71 63 67 4B 4B 6F  70 51 63 74 45 31 62 35  HmqcgKKopQctE1b5
00000170: 55 39 7A 44 4B 20 68 74  74 70 3A 2F 2F 48 73 51  U9zDK http://HsQ
00000180: 4A 43 45 77 55 76 4E 55  6E 79 77 6F 5A 59 76 4D  JCEwUvNUnywoZYvM
00000190: 4B 73 70 6F 71 4B 62 6A  30 52 33 43 67 50 70 35  KspoqKbj0R3CgPp5
000001A0: 6F 64 55 73 7A 31 6B 70  54 48 39 4B 61 31 35 55  odUsz1kpTH9Ka15U
000001B0: 6B 48 36 41 73 76 65 53  62 4B 6B 53 62 0D 00 03  kH6AsveSbKkSb...
000001C0: 0B 0B 00 00 00 00 00                              .......
====
STREAM PID 40027.0xffff948328f80b00 (C) > 40016.0xffff9482c72c0b00 (S), length 597
command[40027]: b'./src/ComposePostService/ComposePostService'
command[40016]: b'./cmake-build/src/TextService/TextService'
----
00000000: 00 00 02 51 80 01 00 01  00 00 00 0B 43 6F 6D 70  ...Q........Comp
00000010: 6F 73 65 54 65 78 74 00  00 00 00 0A 00 01 0E 86  oseText.........
00000020: BF 35 35 8A 2D 80 0B 00  02 00 00 02 1E 69 69 69  .55.-........iii
00000030: 77 56 57 39 58 4E 59 46  33 30 74 6F 68 59 4B 4E  wVW9XNYF30tohYKN
00000040: 31 38 39 71 73 4C 51 33  37 7A 50 64 4E 36 59 6B  189qsLQ37zPdN6Yk
00000050: 67 6D 73 75 75 4A 6F 33  6B 41 53 52 7A 61 47 53  gmsuuJo3kASRzaGS
00000060: 6D 76 47 37 6C 66 33 75  41 6F 58 77 75 79 49 65  mvG7lf3uAoXwuyIe
00000070: 4A 56 4C 53 66 66 37 43  72 45 6F 6F 6D 6E 4C 46  JVLSff7CrEoomnLF
00000080: 59 58 30 77 52 79 63 47  75 6A 75 78 7A 52 68 41  YX0wRycGujuxzRhA
00000090: 36 4D 79 6A 35 5A 49 6D  4A 73 36 77 6B 65 56 55  6Myj5ZImJs6wkeVU
000000A0: 73 66 70 6D 59 52 47 54  61 58 6C 39 30 6F 77 6A  sfpmYRGTaXl90owj
000000B0: 54 48 73 51 57 51 37 4F  68 62 79 65 51 67 6C 79  THsQWQ7OhbyeQgly
000000C0: 68 4E 54 69 6C 37 52 38  69 49 66 78 34 76 42 54  hNTil7R8iIfx4vBT
000000D0: 79 56 78 37 4C 47 55 4A  78 4A 64 61 6B 4D 66 79  yVx7LGUJxJdakMfy
000000E0: 48 6F 6A 57 6B 48 41 65  79 6B 74 4E 6F 37 47 71  HojWkHAeyktNo7Gq
000000F0: 41 35 6A 47 68 52 76 6D  65 46 70 70 4E 63 74 4B  A5jGhRvmeFppNctK
00000100: 50 30 74 6A 73 5A 75 6E  38 69 56 75 54 63 6A 4A  P0tjsZun8iVuTcjJ
00000110: 38 6A 6F 36 35 38 7A 55  6D 78 57 38 49 64 72 4C  8jo658zUmxW8IdrL
00000120: 65 30 38 38 68 32 63 4D  38 74 4C 66 4E 20 40 75  e088h2cM8tLfN @u
00000130: 73 65 72 6E 61 6D 65 5F  35 39 37 20 40 75 73 65  sername_597 @use
00000140: 72 6E 61 6D 65 5F 35 38  36 20 40 75 73 65 72 6E  rname_586 @usern
00000150: 61 6D 65 5F 35 39 37 20  40 75 73 65 72 6E 61 6D  ame_597 @usernam
00000160: 65 5F 35 36 33 20 40 75  73 65 72 6E 61 6D 65 5F  e_563 @username_
00000170: 37 30 39 20 68 74 74 70  3A 2F 2F 36 64 4A 47 49  709 http://6dJGI
00000180: 4E 62 63 4A 46 69 58 43  52 4B 31 45 33 35 63 36  NbcJFiXCRK1E35c6
00000190: 67 56 47 4F 32 52 32 31  75 76 4C 53 48 4B 69 75  gVGO2R21uvLSHKiu
000001A0: 63 4A 76 70 6C 63 4C 7A  67 6B 5A 50 48 54 43 75  cJvplcLzgkZPHTCu
000001B0: 4E 56 73 38 70 70 64 41  4E 6D 4F 20 68 74 74 70  NVs8ppdANmO http
000001C0: 3A 2F 2F 71 51 6C 34 39  37 70 55 75 69 50 68 34  ://qQl497pUuiPh4
000001D0: 62 70 69 35 72 32 74 35  6C 53 70 57 64 6F 6F 49  bpi5r2t5lSpWdooI
000001E0: 6A 44 31 5A 78 69 57 71  6E 31 4F 77 44 63 72 58  jD1ZxiWqn1OwDcrX
000001F0: 30 6A 69 7A 69 35 6C 63  42 70 6D 58 35 39 49 6A  0jizi5lcBpmX59Ij
00000200: 39 34 46 20 68 74 74 70  3A 2F 2F 43 57 4F 34 54  94F http://CWO4T
00000210: 77 61 55 72 35 64 4E 6B  6E 71 4F 75 61 77 63 62  waUr5dNknqOuawcb
00000220: 32 30 6C 65 47 73 79 44  4A 57 38 39 71 45 6E 35  20leGsyDJW89qEn5
00000230: 38 37 6F 6C 48 52 63 4F  39 49 68 43 56 6C 31 72  87olHRcO9IhCVl1r
00000240: 68 6E 42 36 44 61 75 50  50 4B 70 0D 00 03 0B 0B  hnB6DauPPKp.....
00000250: 00 00 00 00 00                                    .....
====
STREAM PID 40016.0xffff9482c72c0b00 (S) > 40027.0xffff948328f80b00 (C), length 804
command[40016]: b'./cmake-build/src/TextService/TextService'
command[40027]: b'./src/ComposePostService/ComposePostService'
----
00000000: 00 00 03 20 80 01 00 02  00 00 00 0B 43 6F 6D 70  ... ........Comp
00000010: 6F 73 65 54 65 78 74 00  00 00 00 0C 00 00 0B 00  oseText.........
00000020: 01 00 00 01 9A 69 69 69  77 56 57 39 58 4E 59 46  .....iiiwVW9XNYF
00000030: 33 30 74 6F 68 59 4B 4E  31 38 39 71 73 4C 51 33  30tohYKN189qsLQ3
00000040: 37 7A 50 64 4E 36 59 6B  67 6D 73 75 75 4A 6F 33  7zPdN6YkgmsuuJo3
00000050: 6B 41 53 52 7A 61 47 53  6D 76 47 37 6C 66 33 75  kASRzaGSmvG7lf3u
00000060: 41 6F 58 77 75 79 49 65  4A 56 4C 53 66 66 37 43  AoXwuyIeJVLSff7C
00000070: 72 45 6F 6F 6D 6E 4C 46  59 58 30 77 52 79 63 47  rEoomnLFYX0wRycG
00000080: 75 6A 75 78 7A 52 68 41  36 4D 79 6A 35 5A 49 6D  ujuxzRhA6Myj5ZIm
00000090: 4A 73 36 77 6B 65 56 55  73 66 70 6D 59 52 47 54  Js6wkeVUsfpmYRGT
000000A0: 61 58 6C 39 30 6F 77 6A  54 48 73 51 57 51 37 4F  aXl90owjTHsQWQ7O
000000B0: 68 62 79 65 51 67 6C 79  68 4E 54 69 6C 37 52 38  hbyeQglyhNTil7R8
000000C0: 69 49 66 78 34 76 42 54  79 56 78 37 4C 47 55 4A  iIfx4vBTyVx7LGUJ
000000D0: 78 4A 64 61 6B 4D 66 79  48 6F 6A 57 6B 48 41 65  xJdakMfyHojWkHAe
000000E0: 79 6B 74 4E 6F 37 47 71  41 35 6A 47 68 52 76 6D  yktNo7GqA5jGhRvm
000000F0: 65 46 70 70 4E 63 74 4B  50 30 74 6A 73 5A 75 6E  eFppNctKP0tjsZun
00000100: 38 69 56 75 54 63 6A 4A  38 6A 6F 36 35 38 7A 55  8iVuTcjJ8jo658zU
00000110: 6D 78 57 38 49 64 72 4C  65 30 38 38 68 32 63 4D  mxW8IdrLe088h2cM
00000120: 38 74 4C 66 4E 20 40 75  73 65 72 6E 61 6D 65 5F  8tLfN @username_
00000130: 35 39 37 20 40 75 73 65  72 6E 61 6D 65 5F 35 38  597 @username_58
00000140: 36 20 40 75 73 65 72 6E  61 6D 65 5F 35 39 37 20  6 @username_597 
00000150: 40 75 73 65 72 6E 61 6D  65 5F 35 36 33 20 40 75  @username_563 @u
00000160: 73 65 72 6E 61 6D 65 5F  37 30 39 20 68 74 74 70  sername_709 http
00000170: 3A 2F 2F 73 68 6F 72 74  2D 75 72 6C 2F 4F 72 4B  ://short-url/OrK
00000180: 52 69 4F 72 58 69 49 20  68 74 74 70 3A 2F 2F 73  RiOrXiI http://s
00000190: 68 6F 72 74 2D 75 72 6C  2F 70 65 6D 7A 6B 77 4F  hort-url/pemzkwO
000001A0: 66 43 64 20 68 74 74 70  3A 2F 2F 73 68 6F 72 74  fCd http://short
000001B0: 2D 75 72 6C 2F 66 77 56  70 70 33 64 77 73 74 0F  -url/fwVpp3dwst.
000001C0: 00 02 0C 00 00 00 00 0F  00 03 0C 00 00 00 03 0B  ................
000001D0: 00 01 00 00 00 1B 68 74  74 70 3A 2F 2F 73 68 6F  ......http://sho
000001E0: 72 74 2D 75 72 6C 2F 4F  72 4B 52 69 4F 72 58 69  rt-url/OrKRiOrXi
000001F0: 49 0B 00 02 00 00 00 47  68 74 74 70 3A 2F 2F 36  I......Ghttp://6
00000200: 64 4A 47 49 4E 62 63 4A  46 69 58 43 52 4B 31 45  dJGINbcJFiXCRK1E
00000210: 33 35 63 36 67 56 47 4F  32 52 32 31 75 76 4C 53  35c6gVGO2R21uvLS
00000220: 48 4B 69 75 63 4A 76 70  6C 63 4C 7A 67 6B 5A 50  HKiucJvplcLzgkZP
00000230: 48 54 43 75 4E 56 73 38  70 70 64 41 4E 6D 4F 00  HTCuNVs8ppdANmO.
00000240: 0B 00 01 00 00 00 1B 68  74 74 70 3A 2F 2F 73 68  .......http://sh
00000250: 6F 72 74 2D 75 72 6C 2F  70 65 6D 7A 6B 77 4F 66  ort-url/pemzkwOf
00000260: 43 64 0B 00 02 00 00 00  47 68 74 74 70 3A 2F 2F  Cd......Ghttp://
00000270: 71 51 6C 34 39 37 70 55  75 69 50 68 34 62 70 69  qQl497pUuiPh4bpi
00000280: 35 72 32 74 35 6C 53 70  57 64 6F 6F 49 6A 44 31  5r2t5lSpWdooIjD1
00000290: 5A 78 69 57 71 6E 31 4F  77 44 63 72 58 30 6A 69  ZxiWqn1OwDcrX0ji
000002A0: 7A 69 35 6C 63 42 70 6D  58 35 39 49 6A 39 34 46  zi5lcBpmX59Ij94F
000002B0: 00 0B 00 01 00 00 00 1B  68 74 74 70 3A 2F 2F 73  ........http://s
000002C0: 68 6F 72 74 2D 75 72 6C  2F 66 77 56 70 70 33 64  hort-url/fwVpp3d
000002D0: 77 73 74 0B 00 02 00 00  00 47 68 74 74 70 3A 2F  wst......Ghttp:/
000002E0: 2F 43 57 4F 34 54 77 61  55 72 35 64 4E 6B 6E 71  /CWO4TwaUr5dNknq
000002F0: 4F 75 61 77 63 62 32 30  6C 65 47 73 79 44 4A 57  Ouawcb20leGsyDJW
00000300: 38 39 71 45 6E 35 38 37  6F 6C 48 52 63 4F 39 49  89qEn587olHRcO9I
00000310: 68 43 56 6C 31 72 68 6E  42 36 44 61 75 50 50 4B  hCVl1rhnB6DauPPK
00000320: 70 00 00 00                                       p...
====
STREAM PID 40027.0xffff948328f80b00 (C) > 40016.0xffff9482c72c0b00 (S), length 411
command[40027]: b'./src/ComposePostService/ComposePostService'
command[40016]: b'./cmake-build/src/TextService/TextService'
----
00000000: 00 00 01 97 80 01 00 01  00 00 00 0B 43 6F 6D 70  ............Comp
00000010: 6F 73 65 54 65 78 74 00  00 00 00 0A 00 01 0F CB  oseText.........
00000020: 48 FD 53 F0 86 00 0B 00  02 00 00 01 64 4A 74 5A  H.S.........dJtZ
00000030: 55 64 30 33 42 4B 52 50  70 78 41 37 42 50 76 31  Ud03BKRPpxA7BPv1
00000040: 39 77 59 67 4F 45 6D 77  56 4D 46 55 34 72 77 6E  9wYgOEmwVMFU4rwn
00000050: 32 38 32 59 61 4D 33 4D  79 74 52 36 6B 4D 6D 62  282YaM3MytR6kMmb
00000060: 47 76 77 76 56 61 36 36  31 67 76 79 70 32 6B 4B  GvwvVa661gvyp2kK
00000070: 45 31 75 50 75 32 36 32  4C 46 6E 73 6A 4D 54 51  E1uPu262LFnsjMTQ
00000080: 4E 39 51 50 6E 37 6F 4B  44 6A 48 34 33 67 61 44  N9QPn7oKDjH43gaD
00000090: 6B 33 6E 4A 6B 63 48 33  6C 38 38 35 73 73 52 42  k3nJkcH3l885ssRB
000000A0: 67 73 49 76 6B 47 54 33  34 6D 37 68 56 36 74 6E  gsIvkGT34m7hV6tn
000000B0: 51 57 73 4A 76 6A 52 62  6B 4D 75 77 64 31 65 77  QWsJvjRbkMuwd1ew
000000C0: 75 55 44 52 63 52 4C 4B  4B 6F 43 66 62 4A 68 74  uUDRcRLKKoCfbJht
000000D0: 4F 4C 54 4D 5A 48 72 6E  36 6D 55 39 70 37 42 70  OLTMZHrn6mU9p7Bp
000000E0: 6A 30 37 4C 45 41 65 58  62 6A 7A 4A 39 51 39 65  j07LEAeXbjzJ9Q9e
000000F0: 58 4A 75 6B 30 67 38 35  50 58 79 4C 48 69 33 32  XJuk0g85PXyLHi32
00000100: 43 4B 76 4A 75 7A 35 6D  33 71 65 6D 79 32 39 58  CKvJuz5m3qemy29X
00000110: 73 36 67 31 57 73 6A 39  49 76 67 70 76 47 79 41  s6g1Wsj9IvgpvGyA
00000120: 73 38 45 71 68 75 56 78  36 6A 79 76 75 20 40 75  s8EqhuVx6jyvu @u
00000130: 73 65 72 6E 61 6D 65 5F  38 31 33 20 40 75 73 65  sername_813 @use
00000140: 72 6E 61 6D 65 5F 33 34  30 20 68 74 74 70 3A 2F  rname_340 http:/
00000150: 2F 65 6C 4F 48 47 67 7A  31 67 61 73 37 33 5A 33  /elOHGgz1gas73Z3
00000160: 71 76 6B 69 42 63 78 44  6A 57 4F 4A 73 72 6B 45  qvkiBcxDjWOJsrkE
00000170: 36 33 31 71 4B 69 6E 6D  51 65 71 78 6D 59 5A 50  631qKinmQeqxmYZP
00000180: 68 56 35 4D 71 4C 51 53  59 62 50 59 39 30 79 35  hV5MqLQSYbPY90y5
00000190: 78 0D 00 03 0B 0B 00 00  00 00 00                 x..........
====
STREAM PID 40016.0xffff9482c72c0b00 (S) > 40027.0xffff948328f80b00 (C), length 480
command[40016]: b'./cmake-build/src/TextService/TextService'
command[40027]: b'./src/ComposePostService/ComposePostService'
----
00000000: 00 00 01 DC 80 01 00 02  00 00 00 0B 43 6F 6D 70  ............Comp
00000010: 6F 73 65 54 65 78 74 00  00 00 00 0C 00 00 0B 00  oseText.........
00000020: 01 00 00 01 38 4A 74 5A  55 64 30 33 42 4B 52 50  ....8JtZUd03BKRP
00000030: 70 78 41 37 42 50 76 31  39 77 59 67 4F 45 6D 77  pxA7BPv19wYgOEmw
00000040: 56 4D 46 55 34 72 77 6E  32 38 32 59 61 4D 33 4D  VMFU4rwn282YaM3M
00000050: 79 74 52 36 6B 4D 6D 62  47 76 77 76 56 61 36 36  ytR6kMmbGvwvVa66
00000060: 31 67 76 79 70 32 6B 4B  45 31 75 50 75 32 36 32  1gvyp2kKE1uPu262
00000070: 4C 46 6E 73 6A 4D 54 51  4E 39 51 50 6E 37 6F 4B  LFnsjMTQN9QPn7oK
00000080: 44 6A 48 34 33 67 61 44  6B 33 6E 4A 6B 63 48 33  DjH43gaDk3nJkcH3
00000090: 6C 38 38 35 73 73 52 42  67 73 49 76 6B 47 54 33  l885ssRBgsIvkGT3
000000A0: 34 6D 37 68 56 36 74 6E  51 57 73 4A 76 6A 52 62  4m7hV6tnQWsJvjRb
000000B0: 6B 4D 75 77 64 31 65 77  75 55 44 52 63 52 4C 4B  kMuwd1ewuUDRcRLK
000000C0: 4B 6F 43 66 62 4A 68 74  4F 4C 54 4D 5A 48 72 6E  KoCfbJhtOLTMZHrn
000000D0: 36 6D 55 39 70 37 42 70  6A 30 37 4C 45 41 65 58  6mU9p7Bpj07LEAeX
000000E0: 62 6A 7A 4A 39 51 39 65  58 4A 75 6B 30 67 38 35  bjzJ9Q9eXJuk0g85
000000F0: 50 58 79 4C 48 69 33 32  43 4B 76 4A 75 7A 35 6D  PXyLHi32CKvJuz5m
00000100: 33 71 65 6D 79 32 39 58  73 36 67 31 57 73 6A 39  3qemy29Xs6g1Wsj9
00000110: 49 76 67 70 76 47 79 41  73 38 45 71 68 75 56 78  IvgpvGyAs8EqhuVx
00000120: 36 6A 79 76 75 20 40 75  73 65 72 6E 61 6D 65 5F  6jyvu @username_
00000130: 38 31 33 20 40 75 73 65  72 6E 61 6D 65 5F 33 34  813 @username_34
00000140: 30 20 68 74 74 70 3A 2F  2F 73 68 6F 72 74 2D 75  0 http://short-u
00000150: 72 6C 2F 4E 6F 6F 74 46  35 44 6F 68 59 0F 00 02  rl/NootF5DohY...
00000160: 0C 00 00 00 00 0F 00 03  0C 00 00 00 01 0B 00 01  ................
00000170: 00 00 00 1B 68 74 74 70  3A 2F 2F 73 68 6F 72 74  ....http://short
00000180: 2D 75 72 6C 2F 4E 6F 6F  74 46 35 44 6F 68 59 0B  -url/NootF5DohY.
00000190: 00 02 00 00 00 47 68 74  74 70 3A 2F 2F 65 6C 4F  .....Ghttp://elO
000001A0: 48 47 67 7A 31 67 61 73  37 33 5A 33 71 76 6B 69  HGgz1gas73Z3qvki
000001B0: 42 63 78 44 6A 57 4F 4A  73 72 6B 45 36 33 31 71  BcxDjWOJsrkE631q
000001C0: 4B 69 6E 6D 51 65 71 78  6D 59 5A 50 68 56 35 4D  KinmQeqxmYZPhV5M
000001D0: 71 4C 51 53 59 62 50 59  39 30 79 35 78 00 00 00  qLQSYbPY90y5x...
====
STREAM PID 40027.0xffff948328f80b00 (C) > 40016.0xffff9482c72c0b00 (S), length 380
command[40027]: b'./src/ComposePostService/ComposePostService'
command[40016]: b'./cmake-build/src/TextService/TextService'
----
00000000: 00 00 01 78 80 01 00 01  00 00 00 0B 43 6F 6D 70  ...x........Comp
00000010: 6F 73 65 54 65 78 74 00  00 00 00 0A 00 01 08 97  oseText.........
00000020: D2 7B DE EF 0B 80 0B 00  02 00 00 01 45 65 50 57  .{..........EePW
00000030: 7A 4E 6B 6B 72 39 45 6B  6B 45 76 50 46 56 77 44  zNkkr9EkkEvPFVwD
00000040: 49 4E 6B 55 49 65 67 46  4F 46 6A 67 52 6D 62 65  INkUIegFOFjgRmbe
00000050: 63 6B 4A 31 50 48 78 67  62 6F 54 47 33 44 73 56  ckJ1PHxgboTG3DsV
00000060: 71 4C 51 53 51 41 64 4D  72 32 45 4F 41 4B 32 6A  qLQSQAdMr2EOAK2j
00000070: 35 34 33 65 71 7A 49 33  6A 74 38 4D 76 54 45 44  543eqzI3jt8MvTED
00000080: 48 32 6F 7A 63 44 69 62  67 4E 35 52 61 71 51 69  H2ozcDibgN5RaqQi
00000090: 33 65 58 47 68 63 4F 67  55 6D 43 68 4E 73 4A 42  3eXGhcOgUmChNsJB
000000A0: 50 74 49 4E 78 63 56 7A  51 31 70 4F 57 76 59 6F  PtINxcVzQ1pOWvYo
000000B0: 7A 50 41 70 77 63 71 4E  50 73 4D 65 5A 54 46 76  zPApwcqNPsMeZTFv
000000C0: 6E 50 74 52 6D 50 6C 77  67 6C 73 53 69 58 47 31  nPtRmPlwglsSiXG1
000000D0: 54 70 6A 4F 76 62 7A 6E  64 67 68 69 41 71 62 6A  TpjOvbzndghiAqbj
000000E0: 71 4D 73 58 72 72 33 77  32 34 53 56 6E 43 69 4B  qMsXrr3w24SVnCiK
000000F0: 6A 7A 50 58 56 58 65 62  4A 63 39 5A 31 39 59 56  jzPXVXebJc9Z19YV
00000100: 6D 41 6D 6E 79 5A 46 4F  31 42 6A 67 53 66 51 74  mAmnyZFO1BjgSfQt
00000110: 47 50 7A 34 79 37 77 78  79 4A 49 36 53 6E 32 70  GPz4y7wxyJI6Sn2p
00000120: 36 32 41 46 71 48 38 37  68 62 72 37 4C 20 40 75  62AFqH87hbr7L @u
00000130: 73 65 72 6E 61 6D 65 5F  32 38 32 20 40 75 73 65  sername_282 @use
00000140: 72 6E 61 6D 65 5F 32 38  37 20 40 75 73 65 72 6E  rname_287 @usern
00000150: 61 6D 65 5F 37 30 32 20  40 75 73 65 72 6E 61 6D  ame_702 @usernam
00000160: 65 5F 35 33 20 40 75 73  65 72 6E 61 6D 65 5F 38  e_53 @username_8
00000170: 37 30 0D 00 03 0B 0B 00  00 00 00 00              70..........
====
STREAM PID 40027.0xffff948328f80b00 (C) > 40016.0xffff9482c72c0b00 (S), length 483
command[40027]: b'./src/ComposePostService/ComposePostService'
command[40016]: b'./cmake-build/src/TextService/TextService'
----
00000000: 00 00 01 DF 80 01 00 01  00 00 00 0B 43 6F 6D 70  ............Comp
00000010: 6F 73 65 54 65 78 74 00  00 00 00 0A 00 01 06 E9  oseText.........
00000020: F7 CE 44 2C C5 80 0B 00  02 00 00 01 AC 7A 42 36  ..D,.........zB6
00000030: 37 65 6F 6E 5A 4D 6C 57  42 49 71 4E 72 44 4C 55  7eonZMlWBIqNrDLU
00000040: 6F 33 49 69 54 37 4B 69  6B 4F 56 46 4D 58 5A 4C  o3IiT7KikOVFMXZL
00000050: 4A 39 69 30 48 37 56 77  73 54 45 56 74 39 65 79  J9i0H7VwsTEVt9ey
00000060: 67 36 57 62 73 31 39 36  43 6B 79 68 36 41 50 57  g6Wbs196Ckyh6APW
00000070: 77 71 6D 36 67 46 39 4B  51 31 6A 34 78 59 43 41  wqm6gF9KQ1j4xYCA
00000080: 52 42 63 70 31 50 57 51  78 58 67 67 78 4C 36 66  RBcp1PWQxXggxL6f
00000090: 48 39 51 58 50 6B 75 58  70 49 71 67 4B 54 59 6B  H9QXPkuXpIqgKTYk
000000A0: 72 32 78 54 67 62 37 6A  7A 53 5A 6C 33 52 65 37  r2xTgb7jzSZl3Re7
000000B0: 74 73 31 44 77 41 51 62  32 34 50 75 70 30 65 75  ts1DwAQb24Pup0eu
000000C0: 78 57 39 49 54 39 63 71  73 4F 6E 6F 4A 56 43 4D  xW9IT9cqsOnoJVCM
000000D0: 4A 70 39 41 74 57 58 50  6E 67 76 75 6F 50 42 66  Jp9AtWXPngvuoPBf
000000E0: 37 58 32 66 48 5A 32 65  58 50 46 4B 55 76 36 4D  7X2fHZ2eXPFKUv6M
000000F0: 6B 71 5A 57 41 6F 35 31  4D 4F 68 62 49 5A 44 65  kqZWAo51MOhbIZDe
00000100: 65 78 30 55 54 62 77 77  45 34 47 54 62 5A 54 52  ex0UTbwwE4GTbZTR
00000110: 47 51 58 6B 4C 50 73 6A  62 4B 57 62 53 4C 56 76  GQXkLPsjbKWbSLVv
00000120: 32 6B 64 62 56 58 4C 55  46 52 50 47 4D 20 40 75  2kdbVXLUFRPGM @u
00000130: 73 65 72 6E 61 6D 65 5F  32 34 39 20 40 75 73 65  sername_249 @use
00000140: 72 6E 61 6D 65 5F 35 35  36 20 68 74 74 70 3A 2F  rname_556 http:/
00000150: 2F 44 6B 49 4C 56 69 67  6E 78 6F 52 31 73 6B 6D  /DkILVignxoR1skm
00000160: 5A 63 46 32 41 32 67 42  65 32 43 36 6D 69 59 47  ZcF2A2gBe2C6miYG
00000170: 33 49 67 74 6E 72 75 65  62 50 66 32 5A 48 53 6B  3IgtnruebPf2ZHSk
00000180: 36 6D 6E 4F 53 37 72 35  66 63 53 53 49 74 6A 6B  6mnOS7r5fcSSItjk
00000190: 5A 20 68 74 74 70 3A 2F  2F 4E 4B 4F 45 53 35 7A  Z http://NKOES5z
000001A0: 43 38 66 68 39 75 7A 76  55 62 6F 58 49 74 75 37  C8fh9uzvUboXItu7
000001B0: 71 63 53 69 4F 76 6E 58  77 32 69 58 65 41 78 34  qcSiOvnXw2iXeAx4
000001C0: 50 6A 34 6E 38 37 53 4A  55 5A 4A 4F 54 6C 53 4A  Pj4n87SJUZJOTlSJ
000001D0: 39 54 5A 57 5A 63 36 46  36 0D 00 03 0B 0B 00 00  9TZWZc6F6.......
000001E0: 00 00 00                                          ...
====
STREAM PID 40016.0xffff9482c72c0b00 (S) > 40027.0xffff948328f80b00 (C), length 621
command[40016]: b'./cmake-build/src/TextService/TextService'
command[40027]: b'./src/ComposePostService/ComposePostService'
----
00000000: 00 00 02 69 80 01 00 02  00 00 00 0B 43 6F 6D 70  ...i........Comp
00000010: 6F 73 65 54 65 78 74 00  00 00 00 0C 00 00 0B 00  oseText.........
00000020: 01 00 00 01 54 7A 42 36  37 65 6F 6E 5A 4D 6C 57  ....TzB67eonZMlW
00000030: 42 49 71 4E 72 44 4C 55  6F 33 49 69 54 37 4B 69  BIqNrDLUo3IiT7Ki
00000040: 6B 4F 56 46 4D 58 5A 4C  4A 39 69 30 48 37 56 77  kOVFMXZLJ9i0H7Vw
00000050: 73 54 45 56 74 39 65 79  67 36 57 62 73 31 39 36  sTEVt9eyg6Wbs196
00000060: 43 6B 79 68 36 41 50 57  77 71 6D 36 67 46 39 4B  Ckyh6APWwqm6gF9K
00000070: 51 31 6A 34 78 59 43 41  52 42 63 70 31 50 57 51  Q1j4xYCARBcp1PWQ
00000080: 78 58 67 67 78 4C 36 66  48 39 51 58 50 6B 75 58  xXggxL6fH9QXPkuX
00000090: 70 49 71 67 4B 54 59 6B  72 32 78 54 67 62 37 6A  pIqgKTYkr2xTgb7j
000000A0: 7A 53 5A 6C 33 52 65 37  74 73 31 44 77 41 51 62  zSZl3Re7ts1DwAQb
000000B0: 32 34 50 75 70 30 65 75  78 57 39 49 54 39 63 71  24Pup0euxW9IT9cq
000000C0: 73 4F 6E 6F 4A 56 43 4D  4A 70 39 41 74 57 58 50  sOnoJVCMJp9AtWXP
000000D0: 6E 67 76 75 6F 50 42 66  37 58 32 66 48 5A 32 65  ngvuoPBf7X2fHZ2e
000000E0: 58 50 46 4B 55 76 36 4D  6B 71 5A 57 41 6F 35 31  XPFKUv6MkqZWAo51
000000F0: 4D 4F 68 62 49 5A 44 65  65 78 30 55 54 62 77 77  MOhbIZDeex0UTbww
00000100: 45 34 47 54 62 5A 54 52  47 51 58 6B 4C 50 73 6A  E4GTbZTRGQXkLPsj
00000110: 62 4B 57 62 53 4C 56 76  32 6B 64 62 56 58 4C 55  bKWbSLVv2kdbVXLU
00000120: 46 52 50 47 4D 20 40 75  73 65 72 6E 61 6D 65 5F  FRPGM @username_
00000130: 32 34 39 20 40 75 73 65  72 6E 61 6D 65 5F 35 35  249 @username_55
00000140: 36 20 68 74 74 70 3A 2F  2F 73 68 6F 72 74 2D 75  6 http://short-u
00000150: 72 6C 2F 49 58 4C 42 6B  51 36 52 32 46 20 68 74  rl/IXLBkQ6R2F ht
00000160: 74 70 3A 2F 2F 73 68 6F  72 74 2D 75 72 6C 2F 61  tp://short-url/a
00000170: 48 31 47 79 58 4E 4D 4C  6A 0F 00 02 0C 00 00 00  H1GyXNMLj.......
00000180: 00 0F 00 03 0C 00 00 00  02 0B 00 01 00 00 00 1B  ................
00000190: 68 74 74 70 3A 2F 2F 73  68 6F 72 74 2D 75 72 6C  http://short-url
000001A0: 2F 49 58 4C 42 6B 51 36  52 32 46 0B 00 02 00 00  /IXLBkQ6R2F.....
000001B0: 00 47 68 74 74 70 3A 2F  2F 44 6B 49 4C 56 69 67  .Ghttp://DkILVig
000001C0: 6E 78 6F 52 31 73 6B 6D  5A 63 46 32 41 32 67 42  nxoR1skmZcF2A2gB
000001D0: 65 32 43 36 6D 69 59 47  33 49 67 74 6E 72 75 65  e2C6miYG3Igtnrue
000001E0: 62 50 66 32 5A 48 53 6B  36 6D 6E 4F 53 37 72 35  bPf2ZHSk6mnOS7r5
000001F0: 66 63 53 53 49 74 6A 6B  5A 00 0B 00 01 00 00 00  fcSSItjkZ.......
00000200: 1B 68 74 74 70 3A 2F 2F  73 68 6F 72 74 2D 75 72  .http://short-ur
00000210: 6C 2F 61 48 31 47 79 58  4E 4D 4C 6A 0B 00 02 00  l/aH1GyXNMLj....
00000220: 00 00 47 68 74 74 70 3A  2F 2F 4E 4B 4F 45 53 35  ..Ghttp://NKOES5
00000230: 7A 43 38 66 68 39 75 7A  76 55 62 6F 58 49 74 75  zC8fh9uzvUboXItu
00000240: 37 71 63 53 69 4F 76 6E  58 77 32 69 58 65 41 78  7qcSiOvnXw2iXeAx
00000250: 34 50 6A 34 6E 38 37 53  4A 55 5A 4A 4F 54 6C 53  4Pj4n87SJUZJOTlS
00000260: 4A 39 54 5A 57 5A 63 36  46 36 00 00 00           J9TZWZc6F6...
====
STREAM PID 40027.0xffff948328f80b00 (C) > 40016.0xffff9482c72c0b00 (S), length 655
command[40027]: b'./src/ComposePostService/ComposePostService'
command[40016]: b'./cmake-build/src/TextService/TextService'
----
00000000: 00 00 02 8B 80 01 00 01  00 00 00 0B 43 6F 6D 70  ............Comp
00000010: 6F 73 65 54 65 78 74 00  00 00 00 0A 00 01 08 24  oseText........$
00000020: BE 58 21 B7 14 00 0B 00  02 00 00 02 58 76 77 68  .X!.........Xvwh
00000030: 4B 74 46 6C 53 74 56 6E  33 67 73 37 62 37 44 77  KtFlStVn3gs7b7Dw
00000040: 53 30 6D 4A 4F 48 57 58  6D 53 62 50 4A 63 62 70  S0mJOHWXmSbPJcbp
00000050: 70 69 79 52 68 6B 47 77  30 4F 38 34 7A 65 50 54  piyRhkGw0O84zePT
00000060: 74 44 5A 71 39 76 77 76  42 43 6C 73 43 75 52 37  tDZq9vwvBClsCuR7
00000070: 52 37 6C 59 79 79 35 6A  61 57 4C 6D 37 57 61 39  R7lYyy5jaWLm7Wa9
00000080: 74 57 39 53 30 66 76 51  6F 51 69 32 45 54 62 55  tW9S0fvQoQi2ETbU
00000090: 34 44 52 79 53 56 32 54  4B 75 69 64 49 70 4D 32  4DRySV2TKuidIpM2
000000A0: 30 49 65 44 56 6B 66 69  6A 45 55 33 31 6D 6B 59  0IeDVkfijEU31mkY
000000B0: 51 6B 49 5A 53 6A 6A 47  38 53 46 33 6F 33 59 4B  QkIZSjjG8SF3o3YK
000000C0: 65 36 70 78 67 7A 36 62  74 67 30 52 30 66 70 45  e6pxgz6btg0R0fpE
000000D0: 34 56 49 7A 57 47 57 49  39 58 65 45 76 67 43 65  4VIzWGWI9XeEvgCe
000000E0: 79 53 69 72 5A 42 67 38  4C 6A 59 55 4E 59 4D 47  ySirZBg8LjYUNYMG
000000F0: 79 41 54 4A 5A 4D 4D 73  6D 68 6D 78 42 6E 6C 57  yATJZMMsmhmxBnlW
00000100: 6B 50 70 53 64 73 34 65  57 77 50 42 63 79 6E 58  kPpSds4eWwPBcynX
00000110: 43 66 50 34 59 6E 32 4B  35 41 41 6B 39 32 52 71  CfP4Yn2K5AAk92Rq
00000120: 47 50 51 42 38 31 79 78  6C 78 31 74 61 20 40 75  GPQB81yxlx1ta @u
00000130: 73 65 72 6E 61 6D 65 5F  38 33 35 20 40 75 73 65  sername_835 @use
00000140: 72 6E 61 6D 65 5F 31 39  39 20 40 75 73 65 72 6E  rname_199 @usern
00000150: 61 6D 65 5F 33 30 32 20  40 75 73 65 72 6E 61 6D  ame_302 @usernam
00000160: 65 5F 31 32 38 20 68 74  74 70 3A 2F 2F 4D 6E 75  e_128 http://Mnu
00000170: 39 4F 45 73 71 61 5A 69  75 7A 75 43 63 64 41 59  9OEsqaZiuzuCcdAY
00000180: 4E 41 6D 59 58 6B 58 62  5A 72 6F 37 43 44 37 75  NAmYXkXbZro7CD7u
00000190: 78 33 36 49 34 56 44 65  59 4D 79 65 7A 78 77 32  x36I4VDeYMyezxw2
000001A0: 65 6D 36 34 4B 74 59 33  53 58 77 46 33 20 68 74  em64KtY3SXwF3 ht
000001B0: 74 70 3A 2F 2F 74 56 54  58 58 79 6F 48 4B 49 37  tp://tVTXXyoHKI7
000001C0: 6D 7A 33 30 51 57 43 31  61 4B 6F 37 38 39 4D 35  mz30QWC1aKo789M5
000001D0: 4A 4C 78 5A 75 64 65 6B  31 35 75 63 31 76 6B 64  JLxZudek15uc1vkd
000001E0: 65 58 64 59 61 69 65 6D  65 6F 35 79 35 6B 31 4B  eXdYaiemeo5y5k1K
000001F0: 4C 69 39 7A 74 20 68 74  74 70 3A 2F 2F 54 54 61  Li9zt http://TTa
00000200: 32 42 6B 6F 71 41 54 45  43 43 48 61 56 39 6C 45  2BkoqATECCHaV9lE
00000210: 61 57 48 6F 30 64 65 47  6C 70 64 65 54 45 63 6E  aWHo0deGlpdeTEcn
00000220: 30 32 31 65 71 54 4B 32  47 77 35 42 31 69 45 77  021eqTK2Gw5B1iEw
00000230: 41 32 64 5A 67 42 69 42  67 51 6C 67 33 20 68 74  A2dZgBiBgQlg3 ht
00000240: 74 70 3A 2F 2F 44 6B 75  73 6F 39 42 44 61 6D 36  tp://Dkuso9BDam6
00000250: 31 37 34 77 38 74 42 30  37 71 51 50 69 6A 67 4B  174w8tB07qQPijgK
00000260: 38 41 78 78 45 46 36 6F  34 54 62 5A 36 32 6E 74  8AxxEF6o4TbZ62nt
00000270: 6E 35 35 72 6B 6E 37 7A  43 4D 4B 6F 53 49 48 43  n55rkn7zCMKoSIHC
00000280: 76 75 61 42 44 0D 00 03  0B 0B 00 00 00 00 00     vuaBD..........
====
STREAM PID 40016.0xffff9482c72c0b00 (S) > 40027.0xffff948328f80b00 (C), length 931
command[40016]: b'./cmake-build/src/TextService/TextService'
command[40027]: b'./src/ComposePostService/ComposePostService'
----
00000000: 00 00 03 9F 80 01 00 02  00 00 00 0B 43 6F 6D 70  ............Comp
00000010: 6F 73 65 54 65 78 74 00  00 00 00 0C 00 00 0B 00  oseText.........
00000020: 01 00 00 01 A8 76 77 68  4B 74 46 6C 53 74 56 6E  .....vwhKtFlStVn
00000030: 33 67 73 37 62 37 44 77  53 30 6D 4A 4F 48 57 58  3gs7b7DwS0mJOHWX
00000040: 6D 53 62 50 4A 63 62 70  70 69 79 52 68 6B 47 77  mSbPJcbppiyRhkGw
00000050: 30 4F 38 34 7A 65 50 54  74 44 5A 71 39 76 77 76  0O84zePTtDZq9vwv
00000060: 42 43 6C 73 43 75 52 37  52 37 6C 59 79 79 35 6A  BClsCuR7R7lYyy5j
00000070: 61 57 4C 6D 37 57 61 39  74 57 39 53 30 66 76 51  aWLm7Wa9tW9S0fvQ
00000080: 6F 51 69 32 45 54 62 55  34 44 52 79 53 56 32 54  oQi2ETbU4DRySV2T
00000090: 4B 75 69 64 49 70 4D 32  30 49 65 44 56 6B 66 69  KuidIpM20IeDVkfi
000000A0: 6A 45 55 33 31 6D 6B 59  51 6B 49 5A 53 6A 6A 47  jEU31mkYQkIZSjjG
000000B0: 38 53 46 33 6F 33 59 4B  65 36 70 78 67 7A 36 62  8SF3o3YKe6pxgz6b
000000C0: 74 67 30 52 30 66 70 45  34 56 49 7A 57 47 57 49  tg0R0fpE4VIzWGWI
000000D0: 39 58 65 45 76 67 43 65  79 53 69 72 5A 42 67 38  9XeEvgCeySirZBg8
000000E0: 4C 6A 59 55 4E 59 4D 47  79 41 54 4A 5A 4D 4D 73  LjYUNYMGyATJZMMs
000000F0: 6D 68 6D 78 42 6E 6C 57  6B 50 70 53 64 73 34 65  mhmxBnlWkPpSds4e
00000100: 57 77 50 42 63 79 6E 58  43 66 50 34 59 6E 32 4B  WwPBcynXCfP4Yn2K
00000110: 35 41 41 6B 39 32 52 71  47 50 51 42 38 31 79 78  5AAk92RqGPQB81yx
00000120: 6C 78 31 74 61 20 40 75  73 65 72 6E 61 6D 65 5F  lx1ta @username_
00000130: 38 33 35 20 40 75 73 65  72 6E 61 6D 65 5F 31 39  835 @username_19
00000140: 39 20 40 75 73 65 72 6E  61 6D 65 5F 33 30 32 20  9 @username_302 
00000150: 40 75 73 65 72 6E 61 6D  65 5F 31 32 38 20 68 74  @username_128 ht
00000160: 74 70 3A 2F 2F 73 68 6F  72 74 2D 75 72 6C 2F 64  tp://short-url/d
00000170: 51 70 41 30 6D 6B 43 78  78 20 68 74 74 70 3A 2F  QpA0mkCxx http:/
00000180: 2F 73 68 6F 72 74 2D 75  72 6C 2F 33 55 5A 70 58  /short-url/3UZpX
00000190: 4C 4F 72 36 73 20 68 74  74 70 3A 2F 2F 73 68 6F  LOr6s http://sho
000001A0: 72 74 2D 75 72 6C 2F 37  7A 72 69 30 6B 63 77 39  rt-url/7zri0kcw9
000001B0: 52 20 68 74 74 70 3A 2F  2F 73 68 6F 72 74 2D 75  R http://short-u
000001C0: 72 6C 2F 52 50 49 44 45  53 73 32 6C 51 0F 00 02  rl/RPIDESs2lQ...
000001D0: 0C 00 00 00 00 0F 00 03  0C 00 00 00 04 0B 00 01  ................
000001E0: 00 00 00 1B 68 74 74 70  3A 2F 2F 73 68 6F 72 74  ....http://short
000001F0: 2D 75 72 6C 2F 64 51 70  41 30 6D 6B 43 78 78 0B  -url/dQpA0mkCxx.
00000200: 00 02 00 00 00 47 68 74  74 70 3A 2F 2F 4D 6E 75  .....Ghttp://Mnu
00000210: 39 4F 45 73 71 61 5A 69  75 7A 75 43 63 64 41 59  9OEsqaZiuzuCcdAY
00000220: 4E 41 6D 59 58 6B 58 62  5A 72 6F 37 43 44 37 75  NAmYXkXbZro7CD7u
00000230: 78 33 36 49 34 56 44 65  59 4D 79 65 7A 78 77 32  x36I4VDeYMyezxw2
00000240: 65 6D 36 34 4B 74 59 33  53 58 77 46 33 00 0B 00  em64KtY3SXwF3...
00000250: 01 00 00 00 1B 68 74 74  70 3A 2F 2F 73 68 6F 72  .....http://shor
00000260: 74 2D 75 72 6C 2F 33 55  5A 70 58 4C 4F 72 36 73  t-url/3UZpXLOr6s
00000270: 0B 00 02 00 00 00 47 68  74 74 70 3A 2F 2F 74 56  ......Ghttp://tV
00000280: 54 58 58 79 6F 48 4B 49  37 6D 7A 33 30 51 57 43  TXXyoHKI7mz30QWC
00000290: 31 61 4B 6F 37 38 39 4D  35 4A 4C 78 5A 75 64 65  1aKo789M5JLxZude
000002A0: 6B 31 35 75 63 31 76 6B  64 65 58 64 59 61 69 65  k15uc1vkdeXdYaie
000002B0: 6D 65 6F 35 79 35 6B 31  4B 4C 69 39 7A 74 00 0B  meo5y5k1KLi9zt..
000002C0: 00 01 00 00 00 1B 68 74  74 70 3A 2F 2F 73 68 6F  ......http://sho
000002D0: 72 74 2D 75 72 6C 2F 37  7A 72 69 30 6B 63 77 39  rt-url/7zri0kcw9
000002E0: 52 0B 00 02 00 00 00 47  68 74 74 70 3A 2F 2F 54  R......Ghttp://T
000002F0: 54 61 32 42 6B 6F 71 41  54 45 43 43 48 61 56 39  Ta2BkoqATECCHaV9
00000300: 6C 45 61 57 48 6F 30 64  65 47 6C 70 64 65 54 45  lEaWHo0deGlpdeTE
00000310: 63 6E 30 32 31 65 71 54  4B 32 47 77 35 42 31 69  cn021eqTK2Gw5B1i
00000320: 45 77 41 32 64 5A 67 42  69 42 67 51 6C 67 33 00  EwA2dZgBiBgQlg3.
00000330: 0B 00 01 00 00 00 1B 68  74 74 70 3A 2F 2F 73 68  .......http://sh
00000340: 6F 72 74 2D 75 72 6C 2F  52 50 49 44 45 53 73 32  ort-url/RPIDESs2
00000350: 6C 51 0B 00 02 00 00 00  47 68 74 74 70 3A 2F 2F  lQ......Ghttp://
00000360: 44 6B 75 73 6F 39 42 44  61 6D 36 31 37 34 77 38  Dkuso9BDam6174w8
00000370: 74 42 30 37 71 51 50 69  6A 67 4B 38 41 78 78 45  tB07qQPijgK8AxxE
00000380: 46 36 6F 34 54 62 5A 36  32 6E 74 6E 35 35 72 6B  F6o4TbZ62ntn55rk
00000390: 6E 37 7A 43 4D 4B 6F 53  49 48 43 76 75 61 42 44  n7zCMKoSIHCvuaBD
000003A0: 00 00 00                                          ...
====
STREAM PID 40027.0xffff948328f80b00 (C) > 40016.0xffff9482c72c0b00 (S), length 497
command[40027]: b'./src/ComposePostService/ComposePostService'
command[40016]: b'./cmake-build/src/TextService/TextService'
----
00000000: 00 00 01 ED 80 01 00 01  00 00 00 0B 43 6F 6D 70  ............Comp
00000010: 6F 73 65 54 65 78 74 00  00 00 00 0A 00 01 09 DF  oseText.........
00000020: AB 62 10 2C 78 00 0B 00  02 00 00 01 BA 57 47 32  .b.,x........WG2
00000030: 4B 76 49 67 38 73 58 63  4C 78 75 61 65 36 63 6A  KvIg8sXcLxuae6cj
00000040: 65 53 6E 44 36 65 77 58  79 47 56 57 36 46 51 30  eSnD6ewXyGVW6FQ0
00000050: 34 61 42 4B 36 54 4A 4D  41 44 4E 57 49 45 33 4B  4aBK6TJMADNWIE3K
00000060: 72 42 33 6A 68 47 6A 32  6C 45 72 75 48 4A 5A 46  rB3jhGj2lEruHJZF
00000070: 47 45 4A 68 4C 41 4C 33  75 32 77 31 61 7A 4F 4C  GEJhLAL3u2w1azOL
00000080: 4F 77 33 75 6D 51 4F 58  71 49 33 37 59 32 77 34  Ow3umQOXqI37Y2w4
00000090: 69 32 4C 6E 4E 72 32 73  57 32 53 66 4D 42 38 4D  i2LnNr2sW2SfMB8M
000000A0: 4C 58 4A 4A 64 34 37 70  65 59 6E 47 31 46 45 43  LXJJd47peYnG1FEC
000000B0: 57 4C 64 4C 54 72 54 68  67 4A 71 41 75 55 78 47  WLdLTrThgJqAuUxG
000000C0: 7A 65 6C 79 7A 31 4B 55  62 74 50 49 6B 53 49 56  zelyz1KUbtPIkSIV
000000D0: 4E 30 62 41 6D 70 6F 76  33 56 78 76 35 35 6D 30  N0bAmpov3Vxv55m0
000000E0: 54 37 46 6F 50 4C 35 31  71 38 35 37 46 32 39 65  T7FoPL51q857F29e
000000F0: 30 31 79 57 4A 46 70 35  79 32 61 70 75 71 79 4E  01yWJFp5y2apuqyN
00000100: 55 35 75 32 73 43 52 77  4E 6A 53 39 68 6E 46 43  U5u2sCRwNjS9hnFC
00000110: 4E 41 52 41 36 33 7A 6C  35 4D 71 6A 74 47 42 6B  NARA63zl5MqjtGBk
00000120: 6F 34 46 61 67 46 74 70  38 76 7A 4F 59 20 40 75  o4FagFtp8vzOY @u
00000130: 73 65 72 6E 61 6D 65 5F  35 32 30 20 40 75 73 65  sername_520 @use
00000140: 72 6E 61 6D 65 5F 35 30  31 20 40 75 73 65 72 6E  rname_501 @usern
00000150: 61 6D 65 5F 39 35 33 20  68 74 74 70 3A 2F 2F 42  ame_953 http://B
00000160: 72 61 74 64 49 44 4F 6B  6B 51 49 6A 57 56 37 4D  ratdIDOkkQIjWV7M
00000170: 66 74 38 32 53 5A 4A 56  44 6B 68 6D 49 6C 48 6B  ft82SZJVDkhmIlHk
00000180: 78 4E 70 43 4D 47 52 65  6B 43 67 75 35 56 74 31  xNpCMGRekCgu5Vt1
00000190: 72 6E 41 53 62 62 61 32  4C 4F 74 72 6A 35 74 20  rnASbba2LOtrj5t 
000001A0: 68 74 74 70 3A 2F 2F 66  62 67 31 46 68 71 73 61  http://fbg1Fhqsa
000001B0: 51 4D 56 4D 53 32 35 51  36 76 52 45 57 4E 74 51  QMVMS25Q6vREWNtQ
000001C0: 59 6E 4A 65 4D 58 34 58  48 30 64 49 44 4A 64 32  YnJeMX4XH0dIDJd2
000001D0: 66 76 35 31 63 75 64 63  39 34 35 48 50 74 70 53  fv51cudc945HPtpS
000001E0: 42 6D 43 33 48 4C 50 0D  00 03 0B 0B 00 00 00 00  BmC3HLP.........
000001F0: 00                                                .
====
STREAM PID 40016.0xffff9482c72c0b00 (S) > 40027.0xffff948328f80b00 (C), length 635
command[40016]: b'./cmake-build/src/TextService/TextService'
command[40027]: b'./src/ComposePostService/ComposePostService'
----
00000000: 00 00 02 77 80 01 00 02  00 00 00 0B 43 6F 6D 70  ...w........Comp
00000010: 6F 73 65 54 65 78 74 00  00 00 00 0C 00 00 0B 00  oseText.........
00000020: 01 00 00 01 62 57 47 32  4B 76 49 67 38 73 58 63  ....bWG2KvIg8sXc
00000030: 4C 78 75 61 65 36 63 6A  65 53 6E 44 36 65 77 58  Lxuae6cjeSnD6ewX
00000040: 79 47 56 57 36 46 51 30  34 61 42 4B 36 54 4A 4D  yGVW6FQ04aBK6TJM
00000050: 41 44 4E 57 49 45 33 4B  72 42 33 6A 68 47 6A 32  ADNWIE3KrB3jhGj2
00000060: 6C 45 72 75 48 4A 5A 46  47 45 4A 68 4C 41 4C 33  lEruHJZFGEJhLAL3
00000070: 75 32 77 31 61 7A 4F 4C  4F 77 33 75 6D 51 4F 58  u2w1azOLOw3umQOX
00000080: 71 49 33 37 59 32 77 34  69 32 4C 6E 4E 72 32 73  qI37Y2w4i2LnNr2s
00000090: 57 32 53 66 4D 42 38 4D  4C 58 4A 4A 64 34 37 70  W2SfMB8MLXJJd47p
000000A0: 65 59 6E 47 31 46 45 43  57 4C 64 4C 54 72 54 68  eYnG1FECWLdLTrTh
000000B0: 67 4A 71 41 75 55 78 47  7A 65 6C 79 7A 31 4B 55  gJqAuUxGzelyz1KU
000000C0: 62 74 50 49 6B 53 49 56  4E 30 62 41 6D 70 6F 76  btPIkSIVN0bAmpov
000000D0: 33 56 78 76 35 35 6D 30  54 37 46 6F 50 4C 35 31  3Vxv55m0T7FoPL51
000000E0: 71 38 35 37 46 32 39 65  30 31 79 57 4A 46 70 35  q857F29e01yWJFp5
000000F0: 79 32 61 70 75 71 79 4E  55 35 75 32 73 43 52 77  y2apuqyNU5u2sCRw
00000100: 4E 6A 53 39 68 6E 46 43  4E 41 52 41 36 33 7A 6C  NjS9hnFCNARA63zl
00000110: 35 4D 71 6A 74 47 42 6B  6F 34 46 61 67 46 74 70  5MqjtGBko4FagFtp
00000120: 38 76 7A 4F 59 20 40 75  73 65 72 6E 61 6D 65 5F  8vzOY @username_
00000130: 35 32 30 20 40 75 73 65  72 6E 61 6D 65 5F 35 30  520 @username_50
00000140: 31 20 40 75 73 65 72 6E  61 6D 65 5F 39 35 33 20  1 @username_953 
00000150: 68 74 74 70 3A 2F 2F 73  68 6F 72 74 2D 75 72 6C  http://short-url
00000160: 2F 43 63 6F 67 5A 63 35  45 6A 45 20 68 74 74 70  /CcogZc5EjE http
00000170: 3A 2F 2F 73 68 6F 72 74  2D 75 72 6C 2F 47 53 45  ://short-url/GSE
00000180: 30 69 38 6A 66 6E 4C 0F  00 02 0C 00 00 00 00 0F  0i8jfnL.........
00000190: 00 03 0C 00 00 00 02 0B  00 01 00 00 00 1B 68 74  ..............ht
000001A0: 74 70 3A 2F 2F 73 68 6F  72 74 2D 75 72 6C 2F 43  tp://short-url/C
000001B0: 63 6F 67 5A 63 35 45 6A  45 0B 00 02 00 00 00 47  cogZc5EjE......G
000001C0: 68 74 74 70 3A 2F 2F 42  72 61 74 64 49 44 4F 6B  http://BratdIDOk
000001D0: 6B 51 49 6A 57 56 37 4D  66 74 38 32 53 5A 4A 56  kQIjWV7Mft82SZJV
000001E0: 44 6B 68 6D 49 6C 48 6B  78 4E 70 43 4D 47 52 65  DkhmIlHkxNpCMGRe
000001F0: 6B 43 67 75 35 56 74 31  72 6E 41 53 62 62 61 32  kCgu5Vt1rnASbba2
00000200: 4C 4F 74 72 6A 35 74 00  0B 00 01 00 00 00 1B 68  LOtrj5t........h
00000210: 74 74 70 3A 2F 2F 73 68  6F 72 74 2D 75 72 6C 2F  ttp://short-url/
00000220: 47 53 45 30 69 38 6A 66  6E 4C 0B 00 02 00 00 00  GSE0i8jfnL......
00000230: 47 68 74 74 70 3A 2F 2F  66 62 67 31 46 68 71 73  Ghttp://fbg1Fhqs
00000240: 61 51 4D 56 4D 53 32 35  51 36 76 52 45 57 4E 74  aQMVMS25Q6vREWNt
00000250: 51 59 6E 4A 65 4D 58 34  58 48 30 64 49 44 4A 64  QYnJeMX4XH0dIDJd
00000260: 32 66 76 35 31 63 75 64  63 39 34 35 48 50 74 70  2fv51cudc945HPtp
00000270: 53 42 6D 43 33 48 4C 50  00 00 00                 SBmC3HLP...
====
STREAM PID 40027.0xffff948328f80b00 (C) > 40016.0xffff9482c72c0b00 (S), length 597
command[40027]: b'./src/ComposePostService/ComposePostService'
command[40016]: b'./cmake-build/src/TextService/TextService'
----
00000000: 00 00 02 51 80 01 00 01  00 00 00 0B 43 6F 6D 70  ...Q........Comp
00000010: 6F 73 65 54 65 78 74 00  00 00 00 0A 00 01 0B C2  oseText.........
00000020: 26 95 4A A5 7F 00 0B 00  02 00 00 02 1E 34 53 77  &.J..........4Sw
00000030: 39 75 7A 4C 47 58 45 4A  6A 36 6E 6F 52 55 65 6F  9uzLGXEJj6noRUeo
00000040: 32 77 4C 37 44 51 52 46  4B 32 47 39 71 5A 75 4A  2wL7DQRFK2G9qZuJ
00000050: 52 7A 49 47 45 50 54 45  61 72 79 43 52 6A 68 45  RzIGEPTEaryCRjhE
00000060: 31 4F 72 77 5A 38 59 47  6F 55 50 39 48 4A 64 55  1OrwZ8YGoUP9HJdU
00000070: 30 44 58 6D 39 54 61 6A  79 73 49 64 5A 48 35 42  0DXm9TajysIdZH5B
00000080: 63 5A 6C 62 44 54 4E 71  61 52 6B 72 58 4B 56 53  cZlbDTNqaRkrXKVS
00000090: 38 50 30 73 56 38 39 38  33 47 72 44 61 56 76 62  8P0sV8983GrDaVvb
000000A0: 47 4B 6B 58 41 50 65 6B  44 35 34 36 66 68 55 79  GKkXAPekD546fhUy
000000B0: 51 73 53 76 58 54 67 53  56 4B 68 59 41 32 6D 34  QsSvXTgSVKhYA2m4
000000C0: 72 7A 63 44 35 4B 49 74  31 45 66 78 6A 51 71 4B  rzcD5KIt1EfxjQqK
000000D0: 50 6A 57 32 67 4E 57 57  33 69 58 39 50 79 32 35  PjW2gNWW3iX9Py25
000000E0: 39 31 78 6F 64 42 47 30  38 31 5A 49 57 6E 31 77  91xodBG081ZIWn1w
000000F0: 78 38 32 48 74 79 51 6D  5A 4F 5A 49 33 36 62 67  x82HtyQmZOZI36bg
00000100: 4E 43 6A 48 73 30 6F 51  55 46 30 32 49 63 45 6D  NCjHs0oQUF02IcEm
00000110: 76 75 67 74 79 6A 34 4D  6D 70 59 58 45 58 32 44  vugtyj4MmpYXEX2D
00000120: 56 6D 76 6F 4A 57 79 37  6E 35 70 6A 52 20 40 75  VmvoJWy7n5pjR @u
00000130: 73 65 72 6E 61 6D 65 5F  32 37 31 20 40 75 73 65  sername_271 @use
00000140: 72 6E 61 6D 65 5F 32 31  39 20 40 75 73 65 72 6E  rname_219 @usern
00000150: 61 6D 65 5F 34 30 36 20  40 75 73 65 72 6E 61 6D  ame_406 @usernam
00000160: 65 5F 31 34 39 20 40 75  73 65 72 6E 61 6D 65 5F  e_149 @username_
00000170: 35 34 30 20 68 74 74 70  3A 2F 2F 53 33 76 6A 6E  540 http://S3vjn
00000180: 49 32 74 79 47 32 39 73  6A 76 61 78 32 50 73 41  I2tyG29sjvax2PsA
00000190: 71 55 6D 33 32 44 48 72  61 45 70 32 5A 70 79 6E  qUm32DHraEp2Zpyn
000001A0: 72 73 6C 37 62 54 34 63  52 6A 49 52 71 66 31 68  rsl7bT4cRjIRqf1h
000001B0: 42 4D 4E 39 56 6E 6E 36  37 43 71 20 68 74 74 70  BMN9Vnn67Cq http
000001C0: 3A 2F 2F 47 6A 45 53 32  76 38 45 52 41 78 71 6C  ://GjES2v8ERAxql
000001D0: 41 78 78 63 70 6D 65 68  43 51 69 5A 71 49 4F 38  AxxcpmehCQiZqIO8
000001E0: 4E 32 4A 41 55 65 4D 64  76 53 68 54 33 6C 32 74  N2JAUeMdvShT3l2t
000001F0: 36 72 68 76 78 39 4F 53  49 49 55 4C 72 42 4B 76  6rhvx9OSIIULrBKv
00000200: 5A 37 71 20 68 74 74 70  3A 2F 2F 77 33 7A 64 30  Z7q http://w3zd0
00000210: 57 47 6F 70 79 36 6D 49  33 66 41 72 75 64 48 4F  WGopy6mI3fArudHO
00000220: 6B 6C 74 56 32 5A 57 35  44 57 69 41 51 47 45 61  kltV2ZW5DWiAQGEa
00000230: 58 6A 51 48 7A 30 44 51  4E 6C 31 71 64 75 57 33  XjQHz0DQNl1qduW3
00000240: 4B 6F 79 70 4D 54 43 64  58 67 66 0D 00 03 0B 0B  KoypMTCdXgf.....
00000250: 00 00 00 00 00                                    .....
====
STREAM PID 40016.0xffff9482c72c0b00 (S) > 40027.0xffff948328f80b00 (C), length 804
command[40016]: b'./cmake-build/src/TextService/TextService'
command[40027]: b'./src/ComposePostService/ComposePostService'
----
00000000: 00 00 03 20 80 01 00 02  00 00 00 0B 43 6F 6D 70  ... ........Comp
00000010: 6F 73 65 54 65 78 74 00  00 00 00 0C 00 00 0B 00  oseText.........
00000020: 01 00 00 01 9A 34 53 77  39 75 7A 4C 47 58 45 4A  .....4Sw9uzLGXEJ
00000030: 6A 36 6E 6F 52 55 65 6F  32 77 4C 37 44 51 52 46  j6noRUeo2wL7DQRF
00000040: 4B 32 47 39 71 5A 75 4A  52 7A 49 47 45 50 54 45  K2G9qZuJRzIGEPTE
00000050: 61 72 79 43 52 6A 68 45  31 4F 72 77 5A 38 59 47  aryCRjhE1OrwZ8YG
00000060: 6F 55 50 39 48 4A 64 55  30 44 58 6D 39 54 61 6A  oUP9HJdU0DXm9Taj
00000070: 79 73 49 64 5A 48 35 42  63 5A 6C 62 44 54 4E 71  ysIdZH5BcZlbDTNq
00000080: 61 52 6B 72 58 4B 56 53  38 50 30 73 56 38 39 38  aRkrXKVS8P0sV898
00000090: 33 47 72 44 61 56 76 62  47 4B 6B 58 41 50 65 6B  3GrDaVvbGKkXAPek
000000A0: 44 35 34 36 66 68 55 79  51 73 53 76 58 54 67 53  D546fhUyQsSvXTgS
000000B0: 56 4B 68 59 41 32 6D 34  72 7A 63 44 35 4B 49 74  VKhYA2m4rzcD5KIt
000000C0: 31 45 66 78 6A 51 71 4B  50 6A 57 32 67 4E 57 57  1EfxjQqKPjW2gNWW
000000D0: 33 69 58 39 50 79 32 35  39 31 78 6F 64 42 47 30  3iX9Py2591xodBG0
000000E0: 38 31 5A 49 57 6E 31 77  78 38 32 48 74 79 51 6D  81ZIWn1wx82HtyQm
000000F0: 5A 4F 5A 49 33 36 62 67  4E 43 6A 48 73 30 6F 51  ZOZI36bgNCjHs0oQ
00000100: 55 46 30 32 49 63 45 6D  76 75 67 74 79 6A 34 4D  UF02IcEmvugtyj4M
00000110: 6D 70 59 58 45 58 32 44  56 6D 76 6F 4A 57 79 37  mpYXEX2DVmvoJWy7
00000120: 6E 35 70 6A 52 20 40 75  73 65 72 6E 61 6D 65 5F  n5pjR @username_
00000130: 32 37 31 20 40 75 73 65  72 6E 61 6D 65 5F 32 31  271 @username_21
00000140: 39 20 40 75 73 65 72 6E  61 6D 65 5F 34 30 36 20  9 @username_406 
00000150: 40 75 73 65 72 6E 61 6D  65 5F 31 34 39 20 40 75  @username_149 @u
00000160: 73 65 72 6E 61 6D 65 5F  35 34 30 20 68 74 74 70  sername_540 http
00000170: 3A 2F 2F 73 68 6F 72 74  2D 75 72 6C 2F 6E 49 4E  ://short-url/nIN
00000180: 30 59 74 51 72 4D 6C 20  68 74 74 70 3A 2F 2F 73  0YtQrMl http://s
00000190: 68 6F 72 74 2D 75 72 6C  2F 45 4E 79 79 78 49 43  hort-url/ENyyxIC
000001A0: 35 47 31 20 68 74 74 70  3A 2F 2F 73 68 6F 72 74  5G1 http://short
000001B0: 2D 75 72 6C 2F 77 64 78  72 31 6E 46 37 63 4D 0F  -url/wdxr1nF7cM.
000001C0: 00 02 0C 00 00 00 00 0F  00 03 0C 00 00 00 03 0B  ................
000001D0: 00 01 00 00 00 1B 68 74  74 70 3A 2F 2F 73 68 6F  ......http://sho
000001E0: 72 74 2D 75 72 6C 2F 6E  49 4E 30 59 74 51 72 4D  rt-url/nIN0YtQrM
000001F0: 6C 0B 00 02 00 00 00 47  68 74 74 70 3A 2F 2F 53  l......Ghttp://S
00000200: 33 76 6A 6E 49 32 74 79  47 32 39 73 6A 76 61 78  3vjnI2tyG29sjvax
00000210: 32 50 73 41 71 55 6D 33  32 44 48 72 61 45 70 32  2PsAqUm32DHraEp2
00000220: 5A 70 79 6E 72 73 6C 37  62 54 34 63 52 6A 49 52  Zpynrsl7bT4cRjIR
00000230: 71 66 31 68 42 4D 4E 39  56 6E 6E 36 37 43 71 00  qf1hBMN9Vnn67Cq.
00000240: 0B 00 01 00 00 00 1B 68  74 74 70 3A 2F 2F 73 68  .......http://sh
00000250: 6F 72 74 2D 75 72 6C 2F  45 4E 79 79 78 49 43 35  ort-url/ENyyxIC5
00000260: 47 31 0B 00 02 00 00 00  47 68 74 74 70 3A 2F 2F  G1......Ghttp://
00000270: 47 6A 45 53 32 76 38 45  52 41 78 71 6C 41 78 78  GjES2v8ERAxqlAxx
00000280: 63 70 6D 65 68 43 51 69  5A 71 49 4F 38 4E 32 4A  cpmehCQiZqIO8N2J
00000290: 41 55 65 4D 64 76 53 68  54 33 6C 32 74 36 72 68  AUeMdvShT3l2t6rh
000002A0: 76 78 39 4F 53 49 49 55  4C 72 42 4B 76 5A 37 71  vx9OSIIULrBKvZ7q
000002B0: 00 0B 00 01 00 00 00 1B  68 74 74 70 3A 2F 2F 73  ........http://s
000002C0: 68 6F 72 74 2D 75 72 6C  2F 77 64 78 72 31 6E 46  hort-url/wdxr1nF
000002D0: 37 63 4D 0B 00 02 00 00  00 47 68 74 74 70 3A 2F  7cM......Ghttp:/
000002E0: 2F 77 33 7A 64 30 57 47  6F 70 79 36 6D 49 33 66  /w3zd0WGopy6mI3f
000002F0: 41 72 75 64 48 4F 6B 6C  74 56 32 5A 57 35 44 57  ArudHOkltV2ZW5DW
00000300: 69 41 51 47 45 61 58 6A  51 48 7A 30 44 51 4E 6C  iAQGEaXjQHz0DQNl
00000310: 31 71 64 75 57 33 4B 6F  79 70 4D 54 43 64 58 67  1qduW3KoypMTCdXg
00000320: 66 00 00 00                                       f...
====
STREAM PID 40027.0xffff948328f80b00 (C) > 40016.0xffff9482c72c0b00 (S), length 367
command[40027]: b'./src/ComposePostService/ComposePostService'
command[40016]: b'./cmake-build/src/TextService/TextService'
----
00000000: 00 00 01 6B 80 01 00 01  00 00 00 0B 43 6F 6D 70  ...k........Comp
00000010: 6F 73 65 54 65 78 74 00  00 00 00 0A 00 01 0A 0D  oseText.........
00000020: 54 8F F8 6E 91 80 0B 00  02 00 00 01 38 65 31 37  T..n........8e17
00000030: 43 39 64 79 4D 54 4E 48  79 51 4F 4F 67 51 73 44  C9dyMTNHyQOOgQsD
00000040: 63 4B 55 64 36 70 77 36  53 4B 72 55 7A 71 4B 6A  cKUd6pw6SKrUzqKj
00000050: 30 36 30 34 78 4D 36 4A  4F 44 35 66 65 48 51 52  0604xM6JOD5feHQR
00000060: 47 51 31 42 72 44 4C 35  44 45 6C 66 67 54 6A 70  GQ1BrDL5DElfgTjp
00000070: 5A 30 45 4B 46 7A 30 67  4D 55 59 6A 52 46 7A 31  Z0EKFz0gMUYjRFz1
00000080: 45 62 78 6F 77 4A 39 4D  30 72 59 54 43 36 52 75  EbxowJ9M0rYTC6Ru
00000090: 4B 61 39 6A 75 38 4B 48  34 53 69 75 70 6D 48 4B  Ka9ju8KH4SiupmHK
000000A0: 59 51 47 4F 54 49 67 54  68 68 35 49 6F 6E 6F 43  YQGOTIgThh5IonoC
000000B0: 58 4C 6B 47 41 47 44 4C  4F 76 6A 4A 68 4F 4F 71  XLkGAGDLOvjJhOOq
000000C0: 6D 4E 51 48 65 79 53 4F  6C 6B 6F 4B 75 58 4E 37  mNQHeySOlkoKuXN7
000000D0: 52 67 32 6F 48 34 66 49  50 45 6A 58 77 5A 57 41  Rg2oH4fIPEjXwZWA
000000E0: 74 52 34 4E 4A 6B 71 42  6F 37 6E 41 37 30 43 71  tR4NJkqBo7nA70Cq
000000F0: 67 30 4B 32 37 41 75 58  4C 31 71 70 46 49 48 49  g0K27AuXL1qpFIHI
00000100: 65 45 73 74 6A 76 39 32  62 55 38 30 51 79 54 55  eEstjv92bU80QyTU
00000110: 6C 71 79 64 49 7A 78 35  6D 32 35 4A 73 48 39 5A  lqydIzx5m25JsH9Z
00000120: 50 71 6C 57 50 4E 36 63  6E 4D 6F 41 4A 20 40 75  PqlWPN6cnMoAJ @u
00000130: 73 65 72 6E 61 6D 65 5F  31 32 31 20 40 75 73 65  sername_121 @use
00000140: 72 6E 61 6D 65 5F 32 35  32 20 40 75 73 65 72 6E  rname_252 @usern
00000150: 61 6D 65 5F 38 37 30 20  40 75 73 65 72 6E 61 6D  ame_870 @usernam
00000160: 65 5F 36 33 38 0D 00 03  0B 0B 00 00 00 00 00     e_638..........
====
STREAM PID 40016.0xffff9482c72c0b00 (S) > 40027.0xffff948328f80b00 (C), length 367
command[40016]: b'./cmake-build/src/TextService/TextService'
command[40027]: b'./src/ComposePostService/ComposePostService'
----
00000000: 00 00 01 6B 80 01 00 02  00 00 00 0B 43 6F 6D 70  ...k........Comp
00000010: 6F 73 65 54 65 78 74 00  00 00 00 0C 00 00 0B 00  oseText.........
00000020: 01 00 00 01 38 65 31 37  43 39 64 79 4D 54 4E 48  ....8e17C9dyMTNH
00000030: 79 51 4F 4F 67 51 73 44  63 4B 55 64 36 70 77 36  yQOOgQsDcKUd6pw6
00000040: 53 4B 72 55 7A 71 4B 6A  30 36 30 34 78 4D 36 4A  SKrUzqKj0604xM6J
00000050: 4F 44 35 66 65 48 51 52  47 51 31 42 72 44 4C 35  OD5feHQRGQ1BrDL5
00000060: 44 45 6C 66 67 54 6A 70  5A 30 45 4B 46 7A 30 67  DElfgTjpZ0EKFz0g
00000070: 4D 55 59 6A 52 46 7A 31  45 62 78 6F 77 4A 39 4D  MUYjRFz1EbxowJ9M
00000080: 30 72 59 54 43 36 52 75  4B 61 39 6A 75 38 4B 48  0rYTC6RuKa9ju8KH
00000090: 34 53 69 75 70 6D 48 4B  59 51 47 4F 54 49 67 54  4SiupmHKYQGOTIgT
000000A0: 68 68 35 49 6F 6E 6F 43  58 4C 6B 47 41 47 44 4C  hh5IonoCXLkGAGDL
000000B0: 4F 76 6A 4A 68 4F 4F 71  6D 4E 51 48 65 79 53 4F  OvjJhOOqmNQHeySO
000000C0: 6C 6B 6F 4B 75 58 4E 37  52 67 32 6F 48 34 66 49  lkoKuXN7Rg2oH4fI
000000D0: 50 45 6A 58 77 5A 57 41  74 52 34 4E 4A 6B 71 42  PEjXwZWAtR4NJkqB
000000E0: 6F 37 6E 41 37 30 43 71  67 30 4B 32 37 41 75 58  o7nA70Cqg0K27AuX
000000F0: 4C 31 71 70 46 49 48 49  65 45 73 74 6A 76 39 32  L1qpFIHIeEstjv92
00000100: 62 55 38 30 51 79 54 55  6C 71 79 64 49 7A 78 35  bU80QyTUlqydIzx5
00000110: 6D 32 35 4A 73 48 39 5A  50 71 6C 57 50 4E 36 63  m25JsH9ZPqlWPN6c
00000120: 6E 4D 6F 41 4A 20 40 75  73 65 72 6E 61 6D 65 5F  nMoAJ @username_
00000130: 31 32 31 20 40 75 73 65  72 6E 61 6D 65 5F 32 35  121 @username_25
00000140: 32 20 40 75 73 65 72 6E  61 6D 65 5F 38 37 30 20  2 @username_870 
00000150: 40 75 73 65 72 6E 61 6D  65 5F 36 33 38 0F 00 02  @username_638...
00000160: 0C 00 00 00 00 0F 00 03  0C 00 00 00 00 00 00     ...............
====
STREAM PID 40027.0xffff948328f80b00 (C) > 40016.0xffff9482c72c0b00 (S), length 383
command[40027]: b'./src/ComposePostService/ComposePostService'
command[40016]: b'./cmake-build/src/TextService/TextService'
----
00000000: 00 00 01 7B 80 01 00 01  00 00 00 0B 43 6F 6D 70  ...{........Comp
00000010: 6F 73 65 54 65 78 74 00  00 00 00 0A 00 01 0A 83  oseText.........
00000020: E3 D1 21 4A 08 80 0B 00  02 00 00 01 48 59 5A 39  ..!J........HYZ9
00000030: 42 4B 47 4E 63 79 33 6D  6E 6E 73 57 7A 61 55 74  BKGNcy3mnnsWzaUt
00000040: 56 32 70 48 34 4F 49 70  44 78 43 5A 43 43 41 39  V2pH4OIpDxCZCCA9
00000050: 37 53 70 35 46 34 61 4B  42 51 68 38 34 47 76 65  7Sp5F4aKBQh84Gve
00000060: 39 51 6E 6A 64 38 31 4B  49 79 58 31 76 79 78 58  9Qnjd81KIyX1vyxX
00000070: 65 62 52 66 4F 41 7A 61  54 59 45 73 62 57 44 79  ebRfOAzaTYEsbWDy
00000080: 61 55 75 32 78 30 77 4A  74 6B 65 4F 38 70 30 7A  aUu2x0wJtkeO8p0z
00000090: 63 61 32 68 75 73 4F 78  54 54 54 70 37 77 7A 6D  ca2husOxTTTp7wzm
000000A0: 38 6C 53 66 57 34 6D 68  58 58 6B 52 69 4D 38 53  8lSfW4mhXXkRiM8S
000000B0: 32 69 34 47 6D 76 73 6C  33 45 48 6D 43 36 41 55  2i4Gmvsl3EHmC6AU
000000C0: 39 6E 54 6C 6B 65 78 75  37 48 30 42 68 48 32 45  9nTlkexu7H0BhH2E
000000D0: 4C 41 7A 54 74 5A 59 69  64 34 4D 62 64 75 36 36  LAzTtZYid4Mbdu66
000000E0: 4F 38 76 51 65 79 38 32  6A 4B 62 32 77 64 39 79  O8vQey82jKb2wd9y
000000F0: 69 33 65 6D 38 4E 53 37  56 76 64 32 41 34 35 61  i3em8NS7Vvd2A45a
00000100: 61 39 52 47 6C 49 52 35  7A 5A 50 43 39 52 45 32  a9RGlIR5zZPC9RE2
00000110: 78 43 32 63 6A 44 6D 32  36 4D 7A 4D 79 72 67 65  xC2cjDm26MzMyrge
00000120: 4E 30 77 49 52 42 74 38  4B 37 73 62 4E 20 68 74  N0wIRBt8K7sbN ht
00000130: 74 70 3A 2F 2F 44 42 58  48 76 38 61 69 4D 76 42  tp://DBXHv8aiMvB
00000140: 71 58 58 68 50 76 69 5A  46 31 38 6C 77 47 52 36  qXXhPviZF18lwGR6
00000150: 45 72 66 54 52 53 75 61  5A 4B 35 68 43 37 74 46  ErfTRSuaZK5hC7tF
00000160: 68 79 46 71 36 48 76 70  54 49 78 50 6A 6A 50 34  hyFq6HvpTIxPjjP4
00000170: 39 6D 51 72 55 0D 00 03  0B 0B 00 00 00 00 00     9mQrU..........
====
STREAM PID 40016.0xffff9482c72c0b00 (S) > 40027.0xffff948328f80b00 (C), length 452
command[40016]: b'./cmake-build/src/TextService/TextService'
command[40027]: b'./src/ComposePostService/ComposePostService'
----
00000000: 00 00 01 C0 80 01 00 02  00 00 00 0B 43 6F 6D 70  ............Comp
00000010: 6F 73 65 54 65 78 74 00  00 00 00 0C 00 00 0B 00  oseText.........
00000020: 01 00 00 01 1C 59 5A 39  42 4B 47 4E 63 79 33 6D  .....YZ9BKGNcy3m
00000030: 6E 6E 73 57 7A 61 55 74  56 32 70 48 34 4F 49 70  nnsWzaUtV2pH4OIp
00000040: 44 78 43 5A 43 43 41 39  37 53 70 35 46 34 61 4B  DxCZCCA97Sp5F4aK
00000050: 42 51 68 38 34 47 76 65  39 51 6E 6A 64 38 31 4B  BQh84Gve9Qnjd81K
00000060: 49 79 58 31 76 79 78 58  65 62 52 66 4F 41 7A 61  IyX1vyxXebRfOAza
00000070: 54 59 45 73 62 57 44 79  61 55 75 32 78 30 77 4A  TYEsbWDyaUu2x0wJ
00000080: 74 6B 65 4F 38 70 30 7A  63 61 32 68 75 73 4F 78  tkeO8p0zca2husOx
00000090: 54 54 54 70 37 77 7A 6D  38 6C 53 66 57 34 6D 68  TTTp7wzm8lSfW4mh
000000A0: 58 58 6B 52 69 4D 38 53  32 69 34 47 6D 76 73 6C  XXkRiM8S2i4Gmvsl
000000B0: 33 45 48 6D 43 36 41 55  39 6E 54 6C 6B 65 78 75  3EHmC6AU9nTlkexu
000000C0: 37 48 30 42 68 48 32 45  4C 41 7A 54 74 5A 59 69  7H0BhH2ELAzTtZYi
000000D0: 64 34 4D 62 64 75 36 36  4F 38 76 51 65 79 38 32  d4Mbdu66O8vQey82
000000E0: 6A 4B 62 32 77 64 39 79  69 33 65 6D 38 4E 53 37  jKb2wd9yi3em8NS7
000000F0: 56 76 64 32 41 34 35 61  61 39 52 47 6C 49 52 35  Vvd2A45aa9RGlIR5
00000100: 7A 5A 50 43 39 52 45 32  78 43 32 63 6A 44 6D 32  zZPC9RE2xC2cjDm2
00000110: 36 4D 7A 4D 79 72 67 65  4E 30 77 49 52 42 74 38  6MzMyrgeN0wIRBt8
00000120: 4B 37 73 62 4E 20 68 74  74 70 3A 2F 2F 73 68 6F  K7sbN http://sho
00000130: 72 74 2D 75 72 6C 2F 6F  52 78 4A 4C 34 74 54 4A  rt-url/oRxJL4tTJ
00000140: 77 0F 00 02 0C 00 00 00  00 0F 00 03 0C 00 00 00  w...............
00000150: 01 0B 00 01 00 00 00 1B  68 74 74 70 3A 2F 2F 73  ........http://s
00000160: 68 6F 72 74 2D 75 72 6C  2F 6F 52 78 4A 4C 34 74  hort-url/oRxJL4t
00000170: 54 4A 77 0B 00 02 00 00  00 47 68 74 74 70 3A 2F  TJw......Ghttp:/
00000180: 2F 44 42 58 48 76 38 61  69 4D 76 42 71 58 58 68  /DBXHv8aiMvBqXXh
00000190: 50 76 69 5A 46 31 38 6C  77 47 52 36 45 72 66 54  PviZF18lwGR6ErfT
000001A0: 52 53 75 61 5A 4B 35 68  43 37 74 46 68 79 46 71  RSuaZK5hC7tFhyFq
000001B0: 36 48 76 70 54 49 78 50  6A 6A 50 34 39 6D 51 72  6HvpTIxPjjP49mQr
000001C0: 55 00 00 00                                       U...
====
STREAM PID 40027.0xffff948328f80b00 (C) > 40016.0xffff9482c72c0b00 (S), length 613
command[40027]: b'./src/ComposePostService/ComposePostService'
command[40016]: b'./cmake-build/src/TextService/TextService'
----
00000000: 00 00 02 61 80 01 00 01  00 00 00 0B 43 6F 6D 70  ...a........Comp
00000010: 6F 73 65 54 65 78 74 00  00 00 00 0A 00 01 05 21  oseText........!
00000020: FD 71 9B 0C E8 00 0B 00  02 00 00 02 2E 72 6F 54  .q...........roT
00000030: 6F 4E 72 61 33 54 51 69  4B 4D 77 63 72 70 77 58  oNra3TQiKMwcrpwX
00000040: 30 72 30 34 44 64 39 6F  68 4D 71 6A 4F 46 4C 42  0r04Dd9ohMqjOFLB
00000050: 70 71 75 30 36 69 75 62  4D 50 30 69 6A 45 75 4E  pqu06iubMP0ijEuN
00000060: 4C 48 73 6E 4D 34 54 52  4C 5A 33 5A 53 52 57 6B  LHsnM4TRLZ3ZSRWk
00000070: 32 4B 37 48 74 72 51 68  65 64 70 38 61 48 78 6B  2K7HtrQhedp8aHxk
00000080: 4D 51 47 71 4F 46 73 36  6E 6D 6B 61 78 44 6E 66  MQGqOFs6nmkaxDnf
00000090: 4F 5A 63 54 31 6B 61 46  44 46 4D 30 71 52 4F 64  OZcT1kaFDFM0qROd
000000A0: 74 4B 6D 58 77 4A 51 61  57 78 51 6C 6C 75 35 4B  tKmXwJQaWxQllu5K
000000B0: 41 78 42 55 47 6B 6F 72  6F 44 75 56 74 43 67 52  AxBUGkoroDuVtCgR
000000C0: 67 49 64 4F 5A 61 79 35  75 48 58 61 71 56 6F 70  gIdOZay5uHXaqVop
000000D0: 46 35 61 76 53 64 6D 4E  4F 39 63 31 4A 71 45 66  F5avSdmNO9c1JqEf
000000E0: 76 63 4B 34 42 4B 73 48  64 64 43 6F 71 61 77 53  vcK4BKsHddCoqawS
000000F0: 79 64 77 52 6B 6D 74 6C  46 57 73 39 4B 69 47 67  ydwRkmtlFWs9KiGg
00000100: 6F 33 39 36 4B 77 79 78  48 4B 72 47 51 7A 56 34  o396KwyxHKrGQzV4
00000110: 45 75 6F 79 71 74 66 69  70 36 74 57 41 39 75 68  Euoyqtfip6tWA9uh
00000120: 77 47 5A 6A 77 64 32 38  78 62 50 49 69 20 40 75  wGZjwd28xbPIi @u
00000130: 73 65 72 6E 61 6D 65 5F  38 39 32 20 68 74 74 70  sername_892 http
00000140: 3A 2F 2F 61 65 67 73 31  36 57 4F 6E 6F 39 6D 46  ://aegs16WOno9mF
00000150: 65 7A 43 77 6F 34 32 32  70 6A 45 44 55 6A 49 62  ezCwo422pjEDUjIb
00000160: 41 6C 78 4F 50 65 50 70  6F 36 78 41 61 68 30 55  AlxOPePpo6xAah0U
00000170: 37 74 4A 75 57 33 64 67  58 50 43 77 44 42 6E 7A  7tJuW3dgXPCwDBnz
00000180: 6D 5A 6F 20 68 74 74 70  3A 2F 2F 38 67 4D 48 78  mZo http://8gMHx
00000190: 4E 58 6C 6F 70 68 76 53  31 62 53 73 4C 58 73 4B  NXlophvS1bSsLXsK
000001A0: 4C 6A 75 37 30 50 4A 59  6A 51 49 6D 30 4A 69 76  Lju70PJYjQIm0Jiv
000001B0: 4A 42 72 70 4A 4E 30 67  61 53 58 73 47 36 48 55  JBrpJN0gaSXsG6HU
000001C0: 65 56 51 4C 6C 61 34 73  4D 72 57 20 68 74 74 70  eVQLla4sMrW http
000001D0: 3A 2F 2F 44 75 65 33 6B  67 36 74 41 72 34 54 7A  ://Due3kg6tAr4Tz
000001E0: 53 52 51 63 71 45 43 61  46 6C 39 57 75 53 51 44  SRQcqECaFl9WuSQD
000001F0: 56 6D 4E 43 59 55 50 52  4B 46 46 6E 41 73 4F 41  VmNCYUPRKFFnAsOA
00000200: 58 4D 30 7A 52 6A 4F 78  48 5A 52 56 79 49 76 66  XM0zRjOxHZRVyIvf
00000210: 74 46 68 20 68 74 74 70  3A 2F 2F 53 51 4A 77 71  tFh http://SQJwq
00000220: 32 36 38 39 46 73 56 70  65 53 73 62 6B 69 4E 45  2689FsVpeSsbkiNE
00000230: 4C 34 67 69 6F 31 66 4B  32 44 45 4D 48 41 41 46  L4gio1fK2DEMHAAF
00000240: 6C 30 61 68 39 51 6A 6E  51 66 53 74 4C 77 33 75  l0ah9QjnQfStLw3u
00000250: 45 65 57 6B 53 48 34 57  56 6A 5A 0D 00 03 0B 0B  EeWkSH4WVjZ.....
00000260: 00 00 00 00 00                                    .....
====
STREAM PID 40016.0xffff9482c72c0b00 (S) > 40027.0xffff948328f80b00 (C), length 889
command[40016]: b'./cmake-build/src/TextService/TextService'
command[40027]: b'./src/ComposePostService/ComposePostService'
----
00000000: 00 00 03 75 80 01 00 02  00 00 00 0B 43 6F 6D 70  ...u........Comp
00000010: 6F 73 65 54 65 78 74 00  00 00 00 0C 00 00 0B 00  oseText.........
00000020: 01 00 00 01 7E 72 6F 54  6F 4E 72 61 33 54 51 69  ....~roToNra3TQi
00000030: 4B 4D 77 63 72 70 77 58  30 72 30 34 44 64 39 6F  KMwcrpwX0r04Dd9o
00000040: 68 4D 71 6A 4F 46 4C 42  70 71 75 30 36 69 75 62  hMqjOFLBpqu06iub
00000050: 4D 50 30 69 6A 45 75 4E  4C 48 73 6E 4D 34 54 52  MP0ijEuNLHsnM4TR
00000060: 4C 5A 33 5A 53 52 57 6B  32 4B 37 48 74 72 51 68  LZ3ZSRWk2K7HtrQh
00000070: 65 64 70 38 61 48 78 6B  4D 51 47 71 4F 46 73 36  edp8aHxkMQGqOFs6
00000080: 6E 6D 6B 61 78 44 6E 66  4F 5A 63 54 31 6B 61 46  nmkaxDnfOZcT1kaF
00000090: 44 46 4D 30 71 52 4F 64  74 4B 6D 58 77 4A 51 61  DFM0qROdtKmXwJQa
000000A0: 57 78 51 6C 6C 75 35 4B  41 78 42 55 47 6B 6F 72  WxQllu5KAxBUGkor
000000B0: 6F 44 75 56 74 43 67 52  67 49 64 4F 5A 61 79 35  oDuVtCgRgIdOZay5
000000C0: 75 48 58 61 71 56 6F 70  46 35 61 76 53 64 6D 4E  uHXaqVopF5avSdmN
000000D0: 4F 39 63 31 4A 71 45 66  76 63 4B 34 42 4B 73 48  O9c1JqEfvcK4BKsH
000000E0: 64 64 43 6F 71 61 77 53  79 64 77 52 6B 6D 74 6C  ddCoqawSydwRkmtl
000000F0: 46 57 73 39 4B 69 47 67  6F 33 39 36 4B 77 79 78  FWs9KiGgo396Kwyx
00000100: 48 4B 72 47 51 7A 56 34  45 75 6F 79 71 74 66 69  HKrGQzV4Euoyqtfi
00000110: 70 36 74 57 41 39 75 68  77 47 5A 6A 77 64 32 38  p6tWA9uhwGZjwd28
00000120: 78 62 50 49 69 20 40 75  73 65 72 6E 61 6D 65 5F  xbPIi @username_
00000130: 38 39 32 20 68 74 74 70  3A 2F 2F 73 68 6F 72 74  892 http://short
00000140: 2D 75 72 6C 2F 5A 41 6B  39 30 6B 46 52 54 61 20  -url/ZAk90kFRTa 
00000150: 68 74 74 70 3A 2F 2F 73  68 6F 72 74 2D 75 72 6C  http://short-url
00000160: 2F 79 50 4D 43 32 43 6D  37 43 35 20 68 74 74 70  /yPMC2Cm7C5 http
00000170: 3A 2F 2F 73 68 6F 72 74  2D 75 72 6C 2F 44 7A 37  ://short-url/Dz7
00000180: 70 78 4B 71 6B 69 32 20  68 74 74 70 3A 2F 2F 73  pxKqki2 http://s
00000190: 68 6F 72 74 2D 75 72 6C  2F 62 72 54 51 65 79 48  hort-url/brTQeyH
000001A0: 32 6F 72 0F 00 02 0C 00  00 00 00 0F 00 03 0C 00  2or.............
000001B0: 00 00 04 0B 00 01 00 00  00 1B 68 74 74 70 3A 2F  ..........http:/
000001C0: 2F 73 68 6F 72 74 2D 75  72 6C 2F 5A 41 6B 39 30  /short-url/ZAk90
000001D0: 6B 46 52 54 61 0B 00 02  00 00 00 47 68 74 74 70  kFRTa......Ghttp
000001E0: 3A 2F 2F 61 65 67 73 31  36 57 4F 6E 6F 39 6D 46  ://aegs16WOno9mF
000001F0: 65 7A 43 77 6F 34 32 32  70 6A 45 44 55 6A 49 62  ezCwo422pjEDUjIb
00000200: 41 6C 78 4F 50 65 50 70  6F 36 78 41 61 68 30 55  AlxOPePpo6xAah0U
00000210: 37 74 4A 75 57 33 64 67  58 50 43 77 44 42 6E 7A  7tJuW3dgXPCwDBnz
00000220: 6D 5A 6F 00 0B 00 01 00  00 00 1B 68 74 74 70 3A  mZo........http:
00000230: 2F 2F 73 68 6F 72 74 2D  75 72 6C 2F 79 50 4D 43  //short-url/yPMC
00000240: 32 43 6D 37 43 35 0B 00  02 00 00 00 47 68 74 74  2Cm7C5......Ghtt
00000250: 70 3A 2F 2F 38 67 4D 48  78 4E 58 6C 6F 70 68 76  p://8gMHxNXlophv
00000260: 53 31 62 53 73 4C 58 73  4B 4C 6A 75 37 30 50 4A  S1bSsLXsKLju70PJ
00000270: 59 6A 51 49 6D 30 4A 69  76 4A 42 72 70 4A 4E 30  YjQIm0JivJBrpJN0
00000280: 67 61 53 58 73 47 36 48  55 65 56 51 4C 6C 61 34  gaSXsG6HUeVQLla4
00000290: 73 4D 72 57 00 0B 00 01  00 00 00 1B 68 74 74 70  sMrW........http
000002A0: 3A 2F 2F 73 68 6F 72 74  2D 75 72 6C 2F 44 7A 37  ://short-url/Dz7
000002B0: 70 78 4B 71 6B 69 32 0B  00 02 00 00 00 47 68 74  pxKqki2......Ght
000002C0: 74 70 3A 2F 2F 44 75 65  33 6B 67 36 74 41 72 34  tp://Due3kg6tAr4
000002D0: 54 7A 53 52 51 63 71 45  43 61 46 6C 39 57 75 53  TzSRQcqECaFl9WuS
000002E0: 51 44 56 6D 4E 43 59 55  50 52 4B 46 46 6E 41 73  QDVmNCYUPRKFFnAs
000002F0: 4F 41 58 4D 30 7A 52 6A  4F 78 48 5A 52 56 79 49  OAXM0zRjOxHZRVyI
00000300: 76 66 74 46 68 00 0B 00  01 00 00 00 1B 68 74 74  vftFh........htt
00000310: 70 3A 2F 2F 73 68 6F 72  74 2D 75 72 6C 2F 62 72  p://short-url/br
00000320: 54 51 65 79 48 32 6F 72  0B 00 02 00 00 00 47 68  TQeyH2or......Gh
00000330: 74 74 70 3A 2F 2F 53 51  4A 77 71 32 36 38 39 46  ttp://SQJwq2689F
00000340: 73 56 70 65 53 73 62 6B  69 4E 45 4C 34 67 69 6F  sVpeSsbkiNEL4gio
00000350: 31 66 4B 32 44 45 4D 48  41 41 46 6C 30 61 68 39  1fK2DEMHAAFl0ah9
00000360: 51 6A 6E 51 66 53 74 4C  77 33 75 45 65 57 6B 53  QjnQfStLw3uEeWkS
00000370: 48 34 57 56 6A 5A 00 00  00                       H4WVjZ...
====
STREAM PID 40027.0xffff948328f80b00 (C) > 40016.0xffff9482c72c0b00 (S), length 453
command[40027]: b'./src/ComposePostService/ComposePostService'
command[40016]: b'./cmake-build/src/TextService/TextService'
----
00000000: 00 00 01 C1 80 01 00 01  00 00 00 0B 43 6F 6D 70  ............Comp
00000010: 6F 73 65 54 65 78 74 00  00 00 00 0A 00 01 0E 35  oseText........5
00000020: E8 3E 13 1E 89 00 0B 00  02 00 00 01 8E 47 45 75  .>...........GEu
00000030: 6D 59 73 70 44 4D 34 42  4E 46 6E 6E 65 43 4C 59  mYspDM4BNFnneCLY
00000040: 4D 58 39 6A 54 43 53 44  62 77 50 4C 30 70 44 66  MX9jTCSDbwPL0pDf
00000050: 32 6D 65 7A 62 59 34 57  4C 76 43 35 4C 71 42 33  2mezbY4WLvC5LqB3
00000060: 68 64 70 4C 30 6D 43 65  61 63 63 55 7A 75 46 5A  hdpL0mCeaccUzuFZ
00000070: 52 75 66 43 71 67 42 71  6B 71 56 49 49 58 75 62  RufCqgBqkqVIIXub
00000080: 54 78 6E 38 4B 45 6F 43  34 75 66 34 4C 62 33 38  Txn8KEoC4uf4Lb38
00000090: 41 6A 54 47 4A 74 64 6A  6E 6F 4E 36 59 42 59 37  AjTGJtdjnoN6YBY7
000000A0: 30 64 45 58 4C 48 6B 53  38 47 32 52 43 4F 39 4E  0dEXLHkS8G2RCO9N
000000B0: 51 34 4A 4C 77 79 5A 42  6F 34 55 56 55 66 63 54  Q4JLwyZBo4UVUfcT
000000C0: 4B 45 73 67 52 37 42 55  72 72 33 76 77 33 73 38  KEsgR7BUrr3vw3s8
000000D0: 49 77 59 6D 76 46 7A 58  4A 69 53 70 31 31 71 6A  IwYmvFzXJiSp11qj
000000E0: 42 41 7A 67 6F 64 58 4F  55 59 67 47 7A 62 49 34  BAzgodXOUYgGzbI4
000000F0: 4A 70 41 66 73 6C 75 33  64 31 50 33 4B 6F 46 49  JpAfslu3d1P3KoFI
00000100: 52 53 32 5A 33 64 55 7A  4D 61 48 63 58 49 55 75  RS2Z3dUzMaHcXIUu
00000110: 6D 59 67 6B 53 78 35 41  36 6C 72 46 72 4D 72 44  mYgkSx5A6lrFrMrD
00000120: 52 5A 52 4E 6B 61 6B 38  7A 36 69 54 39 20 40 75  RZRNkak8z6iT9 @u
00000130: 73 65 72 6E 61 6D 65 5F  39 33 32 20 40 75 73 65  sername_932 @use
00000140: 72 6E 61 6D 65 5F 37 34  34 20 40 75 73 65 72 6E  rname_744 @usern
00000150: 61 6D 65 5F 36 37 34 20  40 75 73 65 72 6E 61 6D  ame_674 @usernam
00000160: 65 5F 36 38 35 20 40 75  73 65 72 6E 61 6D 65 5F  e_685 @username_
00000170: 33 30 34 20 68 74 74 70  3A 2F 2F 74 6A 31 44 5A  304 http://tj1DZ
00000180: 52 76 43 6F 73 6D 4D 69  73 33 59 56 36 52 46 75  RvCosmMis3YV6RFu
00000190: 51 4C 74 53 42 4F 6F 4C  39 32 6D 5A 71 6F 44 44  QLtSBOoL92mZqoDD
000001A0: 4A 55 57 6D 72 68 39 4C  66 51 4B 6E 4F 51 6F 33  JUWmrh9LfQKnOQo3
000001B0: 52 4B 79 38 34 33 4C 63  6B 58 6B 0D 00 03 0B 0B  RKy843LckXk.....
000001C0: 00 00 00 00 00                                    .....
====
STREAM PID 40016.0xffff9482c72c0b00 (S) > 40027.0xffff948328f80b00 (C), length 522
command[40016]: b'./cmake-build/src/TextService/TextService'
command[40027]: b'./src/ComposePostService/ComposePostService'
----
00000000: 00 00 02 06 80 01 00 02  00 00 00 0B 43 6F 6D 70  ............Comp
00000010: 6F 73 65 54 65 78 74 00  00 00 00 0C 00 00 0B 00  oseText.........
00000020: 01 00 00 01 62 47 45 75  6D 59 73 70 44 4D 34 42  ....bGEumYspDM4B
00000030: 4E 46 6E 6E 65 43 4C 59  4D 58 39 6A 54 43 53 44  NFnneCLYMX9jTCSD
00000040: 62 77 50 4C 30 70 44 66  32 6D 65 7A 62 59 34 57  bwPL0pDf2mezbY4W
00000050: 4C 76 43 35 4C 71 42 33  68 64 70 4C 30 6D 43 65  LvC5LqB3hdpL0mCe
00000060: 61 63 63 55 7A 75 46 5A  52 75 66 43 71 67 42 71  accUzuFZRufCqgBq
00000070: 6B 71 56 49 49 58 75 62  54 78 6E 38 4B 45 6F 43  kqVIIXubTxn8KEoC
00000080: 34 75 66 34 4C 62 33 38  41 6A 54 47 4A 74 64 6A  4uf4Lb38AjTGJtdj
00000090: 6E 6F 4E 36 59 42 59 37  30 64 45 58 4C 48 6B 53  noN6YBY70dEXLHkS
000000A0: 38 47 32 52 43 4F 39 4E  51 34 4A 4C 77 79 5A 42  8G2RCO9NQ4JLwyZB
000000B0: 6F 34 55 56 55 66 63 54  4B 45 73 67 52 37 42 55  o4UVUfcTKEsgR7BU
000000C0: 72 72 33 76 77 33 73 38  49 77 59 6D 76 46 7A 58  rr3vw3s8IwYmvFzX
000000D0: 4A 69 53 70 31 31 71 6A  42 41 7A 67 6F 64 58 4F  JiSp11qjBAzgodXO
000000E0: 55 59 67 47 7A 62 49 34  4A 70 41 66 73 6C 75 33  UYgGzbI4JpAfslu3
000000F0: 64 31 50 33 4B 6F 46 49  52 53 32 5A 33 64 55 7A  d1P3KoFIRS2Z3dUz
00000100: 4D 61 48 63 58 49 55 75  6D 59 67 6B 53 78 35 41  MaHcXIUumYgkSx5A
00000110: 36 6C 72 46 72 4D 72 44  52 5A 52 4E 6B 61 6B 38  6lrFrMrDRZRNkak8
00000120: 7A 36 69 54 39 20 40 75  73 65 72 6E 61 6D 65 5F  z6iT9 @username_
00000130: 39 33 32 20 40 75 73 65  72 6E 61 6D 65 5F 37 34  932 @username_74
00000140: 34 20 40 75 73 65 72 6E  61 6D 65 5F 36 37 34 20  4 @username_674 
00000150: 40 75 73 65 72 6E 61 6D  65 5F 36 38 35 20 40 75  @username_685 @u
00000160: 73 65 72 6E 61 6D 65 5F  33 30 34 20 68 74 74 70  sername_304 http
00000170: 3A 2F 2F 73 68 6F 72 74  2D 75 72 6C 2F 6D 4E 46  ://short-url/mNF
00000180: 30 59 30 55 4C 6B 6F 0F  00 02 0C 00 00 00 00 0F  0Y0ULko.........
00000190: 00 03 0C 00 00 00 01 0B  00 01 00 00 00 1B 68 74  ..............ht
000001A0: 74 70 3A 2F 2F 73 68 6F  72 74 2D 75 72 6C 2F 6D  tp://short-url/m
000001B0: 4E 46 30 59 30 55 4C 6B  6F 0B 00 02 00 00 00 47  NF0Y0ULko......G
000001C0: 68 74 74 70 3A 2F 2F 74  6A 31 44 5A 52 76 43 6F  http://tj1DZRvCo
000001D0: 73 6D 4D 69 73 33 59 56  36 52 46 75 51 4C 74 53  smMis3YV6RFuQLtS
000001E0: 42 4F 6F 4C 39 32 6D 5A  71 6F 44 44 4A 55 57 6D  BOoL92mZqoDDJUWm
000001F0: 72 68 39 4C 66 51 4B 6E  4F 51 6F 33 52 4B 79 38  rh9LfQKnOQo3RKy8
00000200: 34 33 4C 63 6B 58 6B 00  00 00                    43LckXk...
====
STREAM PID 40027.0xffff948328f80b00 (C) > 40016.0xffff9482c72c0b00 (S), length 469
command[40027]: b'./src/ComposePostService/ComposePostService'
command[40016]: b'./cmake-build/src/TextService/TextService'
----
00000000: 00 00 01 D1 80 01 00 01  00 00 00 0B 43 6F 6D 70  ............Comp
00000010: 6F 73 65 54 65 78 74 00  00 00 00 0A 00 01 0E C7  oseText.........
00000020: 47 11 EA 91 57 00 0B 00  02 00 00 01 9E 49 70 32  G...W........Ip2
00000030: 37 68 34 65 44 4C 4E 62  6C 6F 30 4F 4A 6D 6F 6D  7h4eDLNblo0OJmom
00000040: 42 6F 68 75 58 51 54 4F  59 48 6E 5A 6A 6F 4F 53  BohuXQTOYHnZjoOS
00000050: 76 57 6D 38 4E 70 71 42  66 56 4C 39 6A 5A 51 6F  vWm8NpqBfVL9jZQo
00000060: 5A 47 32 57 77 50 6A 62  78 33 78 53 33 54 6A 56  ZG2WwPjbx3xS3TjV
00000070: 33 47 4A 70 62 32 70 78  30 4E 43 4E 6C 31 63 51  3GJpb2px0NCNl1cQ
00000080: 4C 38 5A 54 46 4F 32 70  38 73 35 35 55 46 53 39  L8ZTFO2p8s55UFS9
00000090: 78 4B 44 67 34 6D 46 6A  43 41 6B 71 41 30 69 7A  xKDg4mFjCAkqA0iz
000000A0: 30 6F 53 55 7A 39 54 51  6B 37 33 6C 44 68 4C 33  0oSUz9TQk73lDhL3
000000B0: 39 4B 65 33 38 68 38 59  57 57 34 71 45 7A 33 32  9Ke38h8YWW4qEz32
000000C0: 4C 36 74 76 63 35 74 44  74 47 4D 75 75 56 73 75  L6tvc5tDtGMuuVsu
000000D0: 36 44 75 77 48 57 79 6F  77 57 39 7A 4C 61 4D 4C  6DuwHWyowW9zLaML
000000E0: 43 35 70 44 68 48 75 73  73 65 6A 57 65 55 75 49  C5pDhHussejWeUuI
000000F0: 67 64 39 64 50 74 6C 4C  4A 57 49 6A 6F 72 35 34  gd9dPtlLJWIjor54
00000100: 46 63 4E 78 65 61 32 73  47 4C 78 78 30 33 50 54  FcNxea2sGLxx03PT
00000110: 33 39 4C 30 4A 41 6F 33  77 50 58 72 53 33 33 59  39L0JAo3wPXrS33Y
00000120: 78 68 65 4A 47 6F 45 63  74 6E 44 31 67 20 40 75  xheJGoEctnD1g @u
00000130: 73 65 72 6E 61 6D 65 5F  33 36 30 20 68 74 74 70  sername_360 http
00000140: 3A 2F 2F 4E 6E 54 77 71  4B 6C 56 45 4A 70 34 72  ://NnTwqKlVEJp4r
00000150: 32 79 55 78 6B 32 56 4A  6B 70 77 65 39 77 35 73  2yUxk2VJkpwe9w5s
00000160: 52 45 5A 52 4C 4D 6A 47  37 46 47 76 55 49 47 64  REZRLMjG7FGvUIGd
00000170: 76 5A 68 37 34 58 49 6F  69 68 35 31 42 67 4C 58  vZh74XIoih51BgLX
00000180: 35 71 44 20 68 74 74 70  3A 2F 2F 51 71 74 31 47  5qD http://Qqt1G
00000190: 53 53 78 77 32 71 73 39  57 6E 78 63 6C 75 74 43  SSxw2qs9WnxclutC
000001A0: 34 33 45 6A 41 64 4B 45  62 6A 47 7A 30 30 41 72  43EjAdKEbjGz00Ar
000001B0: 4E 4E 62 68 32 57 76 76  6C 7A 4F 4B 33 61 69 78  NNbh2WvvlzOK3aix
000001C0: 6C 65 72 67 54 78 4B 49  4A 48 34 0D 00 03 0B 0B  lergTxKIJH4.....
000001D0: 00 00 00 00 00                                    .....
====
STREAM PID 40016.0xffff9482c72c0b00 (S) > 40027.0xffff948328f80b00 (C), length 607
command[40016]: b'./cmake-build/src/TextService/TextService'
command[40027]: b'./src/ComposePostService/ComposePostService'
----
00000000: 00 00 02 5B 80 01 00 02  00 00 00 0B 43 6F 6D 70  ...[........Comp
00000010: 6F 73 65 54 65 78 74 00  00 00 00 0C 00 00 0B 00  oseText.........
00000020: 01 00 00 01 46 49 70 32  37 68 34 65 44 4C 4E 62  ....FIp27h4eDLNb
00000030: 6C 6F 30 4F 4A 6D 6F 6D  42 6F 68 75 58 51 54 4F  lo0OJmomBohuXQTO
00000040: 59 48 6E 5A 6A 6F 4F 53  76 57 6D 38 4E 70 71 42  YHnZjoOSvWm8NpqB
00000050: 66 56 4C 39 6A 5A 51 6F  5A 47 32 57 77 50 6A 62  fVL9jZQoZG2WwPjb
00000060: 78 33 78 53 33 54 6A 56  33 47 4A 70 62 32 70 78  x3xS3TjV3GJpb2px
00000070: 30 4E 43 4E 6C 31 63 51  4C 38 5A 54 46 4F 32 70  0NCNl1cQL8ZTFO2p
00000080: 38 73 35 35 55 46 53 39  78 4B 44 67 34 6D 46 6A  8s55UFS9xKDg4mFj
00000090: 43 41 6B 71 41 30 69 7A  30 6F 53 55 7A 39 54 51  CAkqA0iz0oSUz9TQ
000000A0: 6B 37 33 6C 44 68 4C 33  39 4B 65 33 38 68 38 59  k73lDhL39Ke38h8Y
000000B0: 57 57 34 71 45 7A 33 32  4C 36 74 76 63 35 74 44  WW4qEz32L6tvc5tD
000000C0: 74 47 4D 75 75 56 73 75  36 44 75 77 48 57 79 6F  tGMuuVsu6DuwHWyo
000000D0: 77 57 39 7A 4C 61 4D 4C  43 35 70 44 68 48 75 73  wW9zLaMLC5pDhHus
000000E0: 73 65 6A 57 65 55 75 49  67 64 39 64 50 74 6C 4C  sejWeUuIgd9dPtlL
000000F0: 4A 57 49 6A 6F 72 35 34  46 63 4E 78 65 61 32 73  JWIjor54FcNxea2s
00000100: 47 4C 78 78 30 33 50 54  33 39 4C 30 4A 41 6F 33  GLxx03PT39L0JAo3
00000110: 77 50 58 72 53 33 33 59  78 68 65 4A 47 6F 45 63  wPXrS33YxheJGoEc
00000120: 74 6E 44 31 67 20 40 75  73 65 72 6E 61 6D 65 5F  tnD1g @username_
00000130: 33 36 30 20 68 74 74 70  3A 2F 2F 73 68 6F 72 74  360 http://short
00000140: 2D 75 72 6C 2F 54 37 36  30 67 61 51 67 6C 46 20  -url/T760gaQglF 
00000150: 68 74 74 70 3A 2F 2F 73  68 6F 72 74 2D 75 72 6C  http://short-url
00000160: 2F 70 35 70 33 59 44 4F  5A 4F 38 0F 00 02 0C 00  /p5p3YDOZO8.....
00000170: 00 00 00 0F 00 03 0C 00  00 00 02 0B 00 01 00 00  ................
00000180: 00 1B 68 74 74 70 3A 2F  2F 73 68 6F 72 74 2D 75  ..http://short-u
00000190: 72 6C 2F 54 37 36 30 67  61 51 67 6C 46 0B 00 02  rl/T760gaQglF...
000001A0: 00 00 00 47 68 74 74 70  3A 2F 2F 4E 6E 54 77 71  ...Ghttp://NnTwq
000001B0: 4B 6C 56 45 4A 70 34 72  32 79 55 78 6B 32 56 4A  KlVEJp4r2yUxk2VJ
000001C0: 6B 70 77 65 39 77 35 73  52 45 5A 52 4C 4D 6A 47  kpwe9w5sREZRLMjG
000001D0: 37 46 47 76 55 49 47 64  76 5A 68 37 34 58 49 6F  7FGvUIGdvZh74XIo
000001E0: 69 68 35 31 42 67 4C 58  35 71 44 00 0B 00 01 00  ih51BgLX5qD.....
000001F0: 00 00 1B 68 74 74 70 3A  2F 2F 73 68 6F 72 74 2D  ...http://short-
00000200: 75 72 6C 2F 70 35 70 33  59 44 4F 5A 4F 38 0B 00  url/p5p3YDOZO8..
00000210: 02 00 00 00 47 68 74 74  70 3A 2F 2F 51 71 74 31  ....Ghttp://Qqt1
00000220: 47 53 53 78 77 32 71 73  39 57 6E 78 63 6C 75 74  GSSxw2qs9Wnxclut
00000230: 43 34 33 45 6A 41 64 4B  45 62 6A 47 7A 30 30 41  C43EjAdKEbjGz00A
00000240: 72 4E 4E 62 68 32 57 76  76 6C 7A 4F 4B 33 61 69  rNNbh2WvvlzOK3ai
00000250: 78 6C 65 72 67 54 78 4B  49 4A 48 34 00 00 00     xlergTxKIJH4...
====
STREAM PID 40027.0xffff948328f80b00 (C) > 40016.0xffff9482c72c0b00 (S), length 527
command[40027]: b'./src/ComposePostService/ComposePostService'
command[40016]: b'./cmake-build/src/TextService/TextService'
----
00000000: 00 00 02 0B 80 01 00 01  00 00 00 0B 43 6F 6D 70  ............Comp
00000010: 6F 73 65 54 65 78 74 00  00 00 00 0A 00 01 04 37  oseText........7
00000020: E8 20 F7 EC E8 00 0B 00  02 00 00 01 D8 4F 46 56  . ...........OFV
00000030: 6D 71 61 6F 53 73 67 6F  35 6F 55 77 71 59 5A 53  mqaoSsgo5oUwqYZS
00000040: 72 56 4E 7A 38 4F 75 30  6C 4D 42 34 4C 6B 49 62  rVNz8Ou0lMB4LkIb
00000050: 66 66 61 57 4E 4C 71 50  6B 78 69 33 79 54 43 39  ffaWNLqPkxi3yTC9
00000060: 6E 69 54 4D 61 6F 68 48  73 35 6F 41 4F 55 66 6D  niTMaohHs5oAOUfm
00000070: 68 4B 73 62 52 6B 45 6D  6E 45 6D 73 39 39 4E 75  hKsbRkEmnEms99Nu
00000080: 4B 76 48 35 49 71 79 4F  32 52 77 79 37 4F 35 55  KvH5IqyO2Rwy7O5U
00000090: 53 4D 78 4F 72 72 45 5A  75 34 31 63 44 51 6C 70  SMxOrrEZu41cDQlp
000000A0: 6F 63 63 49 61 47 74 63  4D 6B 37 4F 6D 4E 67 4A  occIaGtcMk7OmNgJ
000000B0: 35 51 36 66 67 48 6A 43  6A 37 49 42 32 63 51 44  5Q6fgHjCj7IB2cQD
000000C0: 55 54 5A 39 66 45 62 62  51 32 78 71 58 77 7A 35  UTZ9fEbbQ2xqXwz5
000000D0: 4E 4F 76 52 34 48 35 68  30 4A 31 5A 36 79 53 30  NOvR4H5h0J1Z6yS0
000000E0: 4B 4A 65 72 33 37 6F 6A  61 67 68 47 48 62 62 66  KJer37ojaghGHbbf
000000F0: 6A 4F 62 39 36 6C 36 57  4D 48 66 37 37 6A 64 70  jOb96l6WMHf77jdp
00000100: 4C 65 48 43 4A 70 43 52  72 6A 52 52 50 6B 53 4D  LeHCJpCRrjRRPkSM
00000110: 39 54 74 42 6B 77 57 70  74 76 54 52 33 55 38 71  9TtBkwWptvTR3U8q
00000120: 37 55 50 36 79 39 61 67  30 55 34 36 5A 20 68 74  7UP6y9ag0U46Z ht
00000130: 74 70 3A 2F 2F 64 52 5A  4A 61 79 52 32 47 45 7A  tp://dRZJayR2GEz
00000140: 46 4D 41 63 6E 47 69 4C  42 30 44 4D 35 4E 55 51  FMAcnGiLB0DM5NUQ
00000150: 68 54 57 73 44 4E 4A 76  46 33 78 73 75 62 69 74  hTWsDNJvF3xsubit
00000160: 75 4A 44 64 72 33 46 4C  7A 55 42 76 7A 71 44 46  uJDdr3FLzUBvzqDF
00000170: 43 69 52 4F 71 20 68 74  74 70 3A 2F 2F 77 4E 51  CiROq http://wNQ
00000180: 6A 77 75 34 36 47 79 6D  36 35 58 67 4F 47 77 76  jwu46Gym65XgOGwv
00000190: 56 4A 58 59 49 50 6B 34  36 7A 67 72 36 72 65 58  VJXYIPk46zgr6reX
000001A0: 63 31 43 34 41 4C 57 34  46 71 4E 44 65 6E 70 69  c1C4ALW4FqNDenpi
000001B0: 66 72 55 50 47 42 53 56  43 30 6E 6A 76 20 68 74  frUPGBSVC0njv ht
000001C0: 74 70 3A 2F 2F 64 68 6D  70 5A 75 68 68 53 45 4C  tp://dhmpZuhhSEL
000001D0: 79 35 67 6F 38 33 70 78  4E 74 63 62 64 4F 4B 58  y5go83pxNtcbdOKX
000001E0: 62 35 31 72 41 72 6E 54  5A 33 6E 63 33 77 55 4B  b51rArnTZ3nc3wUK
000001F0: 62 38 35 4C 75 6E 71 41  71 4F 73 74 34 50 6B 76  b85LunqAqOst4Pkv
00000200: 4F 7A 61 70 59 0D 00 03  0B 0B 00 00 00 00 00     OzapY..........
====
STREAM PID 40027.0xffff948328f80b00 (C) > 40016.0xffff9482c72c0b00 (S), length 439
command[40027]: b'./src/ComposePostService/ComposePostService'
command[40016]: b'./cmake-build/src/TextService/TextService'
----
00000000: 00 00 01 B3 80 01 00 01  00 00 00 0B 43 6F 6D 70  ............Comp
00000010: 6F 73 65 54 65 78 74 00  00 00 00 0A 00 01 0A C1  oseText.........
00000020: DD C0 34 1D 55 80 0B 00  02 00 00 01 80 44 54 75  ..4.U........DTu
00000030: 57 45 41 66 76 4B 4F 61  75 38 69 37 32 76 53 61  WEAfvKOau8i72vSa
00000040: 72 6D 50 43 76 59 57 58  75 54 49 79 35 65 54 50  rmPCvYWXuTIy5eTP
00000050: 47 31 39 4B 59 6B 54 6E  4A 55 54 41 30 45 41 48  G19KYkTnJUTA0EAH
00000060: 54 6D 69 5A 4F 69 68 57  58 4A 5A 68 79 4E 73 43  TmiZOihWXJZhyNsC
00000070: 6B 55 77 71 76 42 58 72  72 67 4C 69 46 55 66 54  kUwqvBXrrgLiFUfT
00000080: 49 59 39 32 57 46 77 51  50 6D 77 52 57 4E 6B 6B  IY92WFwQPmwRWNkk
00000090: 54 34 73 39 37 4B 67 57  4D 36 37 38 52 33 44 65  T4s97KgWM678R3De
000000A0: 39 44 39 78 66 61 5A 33  74 33 32 58 59 4E 36 42  9D9xfaZ3t32XYN6B
000000B0: 63 58 51 37 74 7A 46 68  30 59 54 4E 4F 57 67 4C  cXQ7tzFh0YTNOWgL
000000C0: 41 51 4C 54 58 76 6E 55  4B 43 33 34 63 68 51 36  AQLTXvnUKC34chQ6
000000D0: 46 35 6D 6F 76 55 43 61  31 64 66 45 34 59 51 6E  F5movUCa1dfE4YQn
000000E0: 69 65 65 69 65 6B 5A 34  53 4D 74 4E 55 36 77 77  ieeiekZ4SMtNU6ww
000000F0: 76 50 66 34 67 34 6D 73  39 57 52 59 61 65 57 6F  vPf4g4ms9WRYaeWo
00000100: 72 6B 7A 6D 45 6F 73 72  4D 52 4A 5A 66 47 4A 62  rkzmEosrMRJZfGJb
00000110: 76 4E 76 49 56 44 30 52  4B 70 35 58 55 6E 58 35  vNvIVD0RKp5XUnX5
00000120: 4E 77 53 6A 53 70 34 62  69 77 32 54 65 20 40 75  NwSjSp4biw2Te @u
00000130: 73 65 72 6E 61 6D 65 5F  36 35 33 20 40 75 73 65  sername_653 @use
00000140: 72 6E 61 6D 65 5F 33 31  30 20 40 75 73 65 72 6E  rname_310 @usern
00000150: 61 6D 65 5F 34 36 36 20  40 75 73 65 72 6E 61 6D  ame_466 @usernam
00000160: 65 5F 32 31 32 20 68 74  74 70 3A 2F 2F 37 6F 38  e_212 http://7o8
00000170: 35 63 54 4F 4E 6A 6D 45  56 57 4D 73 64 68 4B 4F  5cTONjmEVWMsdhKO
00000180: 4D 52 43 43 32 6E 79 78  57 70 74 4E 73 6F 38 61  MRCC2nyxWptNso8a
00000190: 78 43 74 67 72 73 73 4B  33 33 4C 41 4C 72 61 7A  xCtgrssK33LALraz
000001A0: 42 5A 43 52 47 73 6F 63  69 6C 4A 53 41 0D 00 03  BZCRGsocilJSA...
000001B0: 0B 0B 00 00 00 00 00                              .......
====
STREAM PID 40016.0xffff9482c72c0b00 (S) > 40027.0xffff948328f80b00 (C), length 508
command[40016]: b'./cmake-build/src/TextService/TextService'
command[40027]: b'./src/ComposePostService/ComposePostService'
----
00000000: 00 00 01 F8 80 01 00 02  00 00 00 0B 43 6F 6D 70  ............Comp
00000010: 6F 73 65 54 65 78 74 00  00 00 00 0C 00 00 0B 00  oseText.........
00000020: 01 00 00 01 54 44 54 75  57 45 41 66 76 4B 4F 61  ....TDTuWEAfvKOa
00000030: 75 38 69 37 32 76 53 61  72 6D 50 43 76 59 57 58  u8i72vSarmPCvYWX
00000040: 75 54 49 79 35 65 54 50  47 31 39 4B 59 6B 54 6E  uTIy5eTPG19KYkTn
00000050: 4A 55 54 41 30 45 41 48  54 6D 69 5A 4F 69 68 57  JUTA0EAHTmiZOihW
00000060: 58 4A 5A 68 79 4E 73 43  6B 55 77 71 76 42 58 72  XJZhyNsCkUwqvBXr
00000070: 72 67 4C 69 46 55 66 54  49 59 39 32 57 46 77 51  rgLiFUfTIY92WFwQ
00000080: 50 6D 77 52 57 4E 6B 6B  54 34 73 39 37 4B 67 57  PmwRWNkkT4s97KgW
00000090: 4D 36 37 38 52 33 44 65  39 44 39 78 66 61 5A 33  M678R3De9D9xfaZ3
000000A0: 74 33 32 58 59 4E 36 42  63 58 51 37 74 7A 46 68  t32XYN6BcXQ7tzFh
000000B0: 30 59 54 4E 4F 57 67 4C  41 51 4C 54 58 76 6E 55  0YTNOWgLAQLTXvnU
000000C0: 4B 43 33 34 63 68 51 36  46 35 6D 6F 76 55 43 61  KC34chQ6F5movUCa
000000D0: 31 64 66 45 34 59 51 6E  69 65 65 69 65 6B 5A 34  1dfE4YQnieeiekZ4
000000E0: 53 4D 74 4E 55 36 77 77  76 50 66 34 67 34 6D 73  SMtNU6wwvPf4g4ms
000000F0: 39 57 52 59 61 65 57 6F  72 6B 7A 6D 45 6F 73 72  9WRYaeWorkzmEosr
00000100: 4D 52 4A 5A 66 47 4A 62  76 4E 76 49 56 44 30 52  MRJZfGJbvNvIVD0R
00000110: 4B 70 35 58 55 6E 58 35  4E 77 53 6A 53 70 34 62  Kp5XUnX5NwSjSp4b
00000120: 69 77 32 54 65 20 40 75  73 65 72 6E 61 6D 65 5F  iw2Te @username_
00000130: 36 35 33 20 40 75 73 65  72 6E 61 6D 65 5F 33 31  653 @username_31
00000140: 30 20 40 75 73 65 72 6E  61 6D 65 5F 34 36 36 20  0 @username_466 
00000150: 40 75 73 65 72 6E 61 6D  65 5F 32 31 32 20 68 74  @username_212 ht
00000160: 74 70 3A 2F 2F 73 68 6F  72 74 2D 75 72 6C 2F 41  tp://short-url/A
00000170: 48 6E 42 5A 55 51 6D 30  6E 0F 00 02 0C 00 00 00  HnBZUQm0n.......
00000180: 00 0F 00 03 0C 00 00 00  01 0B 00 01 00 00 00 1B  ................
00000190: 68 74 74 70 3A 2F 2F 73  68 6F 72 74 2D 75 72 6C  http://short-url
000001A0: 2F 41 48 6E 42 5A 55 51  6D 30 6E 0B 00 02 00 00  /AHnBZUQm0n.....
000001B0: 00 47 68 74 74 70 3A 2F  2F 37 6F 38 35 63 54 4F  .Ghttp://7o85cTO
000001C0: 4E 6A 6D 45 56 57 4D 73  64 68 4B 4F 4D 52 43 43  NjmEVWMsdhKOMRCC
000001D0: 32 6E 79 78 57 70 74 4E  73 6F 38 61 78 43 74 67  2nyxWptNso8axCtg
000001E0: 72 73 73 4B 33 33 4C 41  4C 72 61 7A 42 5A 43 52  rssK33LALrazBZCR
000001F0: 47 73 6F 63 69 6C 4A 53  41 00 00 00              GsocilJSA...
====
STREAM PID 40027.0xffff948328f80b00 (C) > 40016.0xffff9482c72c0b00 (S), length 627
command[40027]: b'./src/ComposePostService/ComposePostService'
command[40016]: b'./cmake-build/src/TextService/TextService'
----
00000000: 00 00 02 6F 80 01 00 01  00 00 00 0B 43 6F 6D 70  ...o........Comp
00000010: 6F 73 65 54 65 78 74 00  00 00 00 0A 00 01 0C D0  oseText.........
00000020: 28 A8 03 AF 2F 00 0B 00  02 00 00 02 3C 54 58 59  (.../.......<TXY
00000030: 43 38 64 4D 35 78 37 77  54 71 74 6D 51 6D 41 49  C8dM5x7wTqtmQmAI
00000040: 73 42 32 6E 43 74 54 54  4E 4F 68 62 6E 53 43 47  sB2nCtTTNOhbnSCG
00000050: 66 6B 6E 49 41 6D 7A 36  73 6F 68 54 64 73 74 54  fknIAmz6sohTdstT
00000060: 75 37 55 35 37 36 6F 43  68 6E 35 70 52 53 36 70  u7U576oChn5pRS6p
00000070: 33 74 70 6B 66 53 37 6B  6D 7A 6A 45 46 79 47 77  3tpkfS7kmzjEFyGw
00000080: 6F 32 66 39 38 31 78 68  5A 4C 59 4B 63 6D 41 72  o2f981xhZLYKcmAr
00000090: 66 42 4B 74 6A 6F 77 51  6A 6B 32 61 70 75 51 52  fBKtjowQjk2apuQR
000000A0: 32 38 4E 65 39 35 31 6F  6F 76 58 34 37 77 31 4B  28Ne951oovX47w1K
000000B0: 4C 62 77 30 50 68 41 4D  51 54 6D 4F 68 58 7A 6A  Lbw0PhAMQTmOhXzj
000000C0: 47 7A 45 43 41 68 49 53  42 53 51 77 35 73 78 79  GzECAhISBSQw5sxy
000000D0: 54 72 38 79 47 66 4D 48  68 33 6A 47 36 79 74 41  Tr8yGfMHh3jG6ytA
000000E0: 4F 55 4C 52 79 61 57 31  46 78 32 61 66 6E 36 52  OULRyaW1Fx2afn6R
000000F0: 63 4C 78 45 69 56 31 55  6B 48 38 71 53 5A 6D 67  cLxEiV1UkH8qSZmg
00000100: 4D 49 73 61 38 43 7A 66  50 73 72 69 74 77 36 43  MIsa8CzfPsritw6C
00000110: 79 79 43 67 71 30 79 59  69 74 6A 75 73 78 34 43  yyCgq0yYitjusx4C
00000120: 48 39 71 77 65 30 47 6C  6E 34 65 73 76 20 40 75  H9qwe0Gln4esv @u
00000130: 73 65 72 6E 61 6D 65 5F  32 38 38 20 40 75 73 65  sername_288 @use
00000140: 72 6E 61 6D 65 5F 38 39  34 20 68 74 74 70 3A 2F  rname_894 http:/
00000150: 2F 46 51 42 6C 76 6C 46  4A 72 49 41 6C 75 69 5A  /FQBlvlFJrIAluiZ
00000160: 37 4B 5A 59 6E 4C 67 4F  45 44 47 74 30 6A 69 63  7KZYnLgOEDGt0jic
00000170: 49 7A 34 79 6F 6A 66 42  56 56 33 66 4C 75 33 59  Iz4yojfBVV3fLu3Y
00000180: 36 45 72 44 4D 48 51 65  54 51 74 46 38 69 4C 36  6ErDMHQeTQtF8iL6
00000190: 63 20 68 74 74 70 3A 2F  2F 4A 75 41 4C 61 72 4B  c http://JuALarK
000001A0: 73 50 5A 6E 45 4D 4E 76  6B 6D 7A 75 4C 73 50 69  sPZnEMNvkmzuLsPi
000001B0: 79 35 59 48 44 50 35 52  76 33 4C 6B 47 6A 71 4C  y5YHDP5Rv3LkGjqL
000001C0: 71 55 76 46 42 31 47 39  6A 32 4C 76 5A 6A 52 6E  qUvFB1G9j2LvZjRn
000001D0: 32 62 74 4F 35 6C 53 52  49 20 68 74 74 70 3A 2F  2btO5lSRI http:/
000001E0: 2F 4C 62 5A 55 4F 56 55  72 32 57 64 32 35 35 51  /LbZUOVUr2Wd255Q
000001F0: 6C 44 71 51 4A 44 71 50  44 62 6C 74 32 7A 77 77  lDqQJDqPDblt2zww
00000200: 67 43 4D 54 64 4F 4F 47  4F 63 6A 6F 47 76 30 34  gCMTdOOGOcjoGv04
00000210: 78 61 54 5A 4D 78 67 72  6B 6B 71 54 70 30 63 75  xaTZMxgrkkqTp0cu
00000220: 49 20 68 74 74 70 3A 2F  2F 59 38 77 4A 4A 4A 75  I http://Y8wJJJu
00000230: 74 4D 63 32 4C 32 4A 55  37 69 7A 38 62 5A 43 44  tMc2L2JU7iz8bZCD
00000240: 48 7A 77 4D 47 4B 6E 42  44 53 52 7A 70 66 34 6D  HzwMGKnBDSRzpf4m
00000250: 36 6C 77 57 56 32 59 72  38 4C 6D 4A 49 74 65 70  6lwWV2Yr8LmJItep
00000260: 68 64 77 53 4F 66 41 42  4D 0D 00 03 0B 0B 00 00  hdwSOfABM.......
00000270: 00 00 00                                          ...
====
STREAM PID 40016.0xffff9482c72c0b00 (S) > 40027.0xffff948328f80b00 (C), length 903
command[40016]: b'./cmake-build/src/TextService/TextService'
command[40027]: b'./src/ComposePostService/ComposePostService'
----
00000000: 00 00 03 83 80 01 00 02  00 00 00 0B 43 6F 6D 70  ............Comp
00000010: 6F 73 65 54 65 78 74 00  00 00 00 0C 00 00 0B 00  oseText.........
00000020: 01 00 00 01 8C 54 58 59  43 38 64 4D 35 78 37 77  .....TXYC8dM5x7w
00000030: 54 71 74 6D 51 6D 41 49  73 42 32 6E 43 74 54 54  TqtmQmAIsB2nCtTT
00000040: 4E 4F 68 62 6E 53 43 47  66 6B 6E 49 41 6D 7A 36  NOhbnSCGfknIAmz6
00000050: 73 6F 68 54 64 73 74 54  75 37 55 35 37 36 6F 43  sohTdstTu7U576oC
00000060: 68 6E 35 70 52 53 36 70  33 74 70 6B 66 53 37 6B  hn5pRS6p3tpkfS7k
00000070: 6D 7A 6A 45 46 79 47 77  6F 32 66 39 38 31 78 68  mzjEFyGwo2f981xh
00000080: 5A 4C 59 4B 63 6D 41 72  66 42 4B 74 6A 6F 77 51  ZLYKcmArfBKtjowQ
00000090: 6A 6B 32 61 70 75 51 52  32 38 4E 65 39 35 31 6F  jk2apuQR28Ne951o
000000A0: 6F 76 58 34 37 77 31 4B  4C 62 77 30 50 68 41 4D  ovX47w1KLbw0PhAM
000000B0: 51 54 6D 4F 68 58 7A 6A  47 7A 45 43 41 68 49 53  QTmOhXzjGzECAhIS
000000C0: 42 53 51 77 35 73 78 79  54 72 38 79 47 66 4D 48  BSQw5sxyTr8yGfMH
000000D0: 68 33 6A 47 36 79 74 41  4F 55 4C 52 79 61 57 31  h3jG6ytAOULRyaW1
000000E0: 46 78 32 61 66 6E 36 52  63 4C 78 45 69 56 31 55  Fx2afn6RcLxEiV1U
000000F0: 6B 48 38 71 53 5A 6D 67  4D 49 73 61 38 43 7A 66  kH8qSZmgMIsa8Czf
00000100: 50 73 72 69 74 77 36 43  79 79 43 67 71 30 79 59  Psritw6CyyCgq0yY
00000110: 69 74 6A 75 73 78 34 43  48 39 71 77 65 30 47 6C  itjusx4CH9qwe0Gl
00000120: 6E 34 65 73 76 20 40 75  73 65 72 6E 61 6D 65 5F  n4esv @username_
00000130: 32 38 38 20 40 75 73 65  72 6E 61 6D 65 5F 38 39  288 @username_89
00000140: 34 20 68 74 74 70 3A 2F  2F 73 68 6F 72 74 2D 75  4 http://short-u
00000150: 72 6C 2F 55 35 6E 41 44  44 30 59 32 38 20 68 74  rl/U5nADD0Y28 ht
00000160: 74 70 3A 2F 2F 73 68 6F  72 74 2D 75 72 6C 2F 43  tp://short-url/C
00000170: 4B 73 4F 71 39 6C 57 38  53 20 68 74 74 70 3A 2F  KsOq9lW8S http:/
00000180: 2F 73 68 6F 72 74 2D 75  72 6C 2F 67 39 6B 6D 33  /short-url/g9km3
00000190: 4B 36 39 57 37 20 68 74  74 70 3A 2F 2F 73 68 6F  K69W7 http://sho
000001A0: 72 74 2D 75 72 6C 2F 68  71 6D 63 45 69 6F 31 44  rt-url/hqmcEio1D
000001B0: 55 0F 00 02 0C 00 00 00  00 0F 00 03 0C 00 00 00  U...............
000001C0: 04 0B 00 01 00 00 00 1B  68 74 74 70 3A 2F 2F 73  ........http://s
000001D0: 68 6F 72 74 2D 75 72 6C  2F 55 35 6E 41 44 44 30  hort-url/U5nADD0
000001E0: 59 32 38 0B 00 02 00 00  00 47 68 74 74 70 3A 2F  Y28......Ghttp:/
000001F0: 2F 46 51 42 6C 76 6C 46  4A 72 49 41 6C 75 69 5A  /FQBlvlFJrIAluiZ
00000200: 37 4B 5A 59 6E 4C 67 4F  45 44 47 74 30 6A 69 63  7KZYnLgOEDGt0jic
00000210: 49 7A 34 79 6F 6A 66 42  56 56 33 66 4C 75 33 59  Iz4yojfBVV3fLu3Y
00000220: 36 45 72 44 4D 48 51 65  54 51 74 46 38 69 4C 36  6ErDMHQeTQtF8iL6
00000230: 63 00 0B 00 01 00 00 00  1B 68 74 74 70 3A 2F 2F  c........http://
00000240: 73 68 6F 72 74 2D 75 72  6C 2F 43 4B 73 4F 71 39  short-url/CKsOq9
00000250: 6C 57 38 53 0B 00 02 00  00 00 47 68 74 74 70 3A  lW8S......Ghttp:
00000260: 2F 2F 4A 75 41 4C 61 72  4B 73 50 5A 6E 45 4D 4E  //JuALarKsPZnEMN
00000270: 76 6B 6D 7A 75 4C 73 50  69 79 35 59 48 44 50 35  vkmzuLsPiy5YHDP5
00000280: 52 76 33 4C 6B 47 6A 71  4C 71 55 76 46 42 31 47  Rv3LkGjqLqUvFB1G
00000290: 39 6A 32 4C 76 5A 6A 52  6E 32 62 74 4F 35 6C 53  9j2LvZjRn2btO5lS
000002A0: 52 49 00 0B 00 01 00 00  00 1B 68 74 74 70 3A 2F  RI........http:/
000002B0: 2F 73 68 6F 72 74 2D 75  72 6C 2F 67 39 6B 6D 33  /short-url/g9km3
000002C0: 4B 36 39 57 37 0B 00 02  00 00 00 47 68 74 74 70  K69W7......Ghttp
000002D0: 3A 2F 2F 4C 62 5A 55 4F  56 55 72 32 57 64 32 35  ://LbZUOVUr2Wd25
000002E0: 35 51 6C 44 71 51 4A 44  71 50 44 62 6C 74 32 7A  5QlDqQJDqPDblt2z
000002F0: 77 77 67 43 4D 54 64 4F  4F 47 4F 63 6A 6F 47 76  wwgCMTdOOGOcjoGv
00000300: 30 34 78 61 54 5A 4D 78  67 72 6B 6B 71 54 70 30  04xaTZMxgrkkqTp0
00000310: 63 75 49 00 0B 00 01 00  00 00 1B 68 74 74 70 3A  cuI........http:
00000320: 2F 2F 73 68 6F 72 74 2D  75 72 6C 2F 68 71 6D 63  //short-url/hqmc
00000330: 45 69 6F 31 44 55 0B 00  02 00 00 00 47 68 74 74  Eio1DU......Ghtt
00000340: 70 3A 2F 2F 59 38 77 4A  4A 4A 75 74 4D 63 32 4C  p://Y8wJJJutMc2L
00000350: 32 4A 55 37 69 7A 38 62  5A 43 44 48 7A 77 4D 47  2JU7iz8bZCDHzwMG
00000360: 4B 6E 42 44 53 52 7A 70  66 34 6D 36 6C 77 57 56  KnBDSRzpf4m6lwWV
00000370: 32 59 72 38 4C 6D 4A 49  74 65 70 68 64 77 53 4F  2Yr8LmJItephdwSO
00000380: 66 41 42 4D 00 00 00                              fABM...
====
STREAM PID 40027.0xffff948328f80b00 (C) > 40016.0xffff9482c72c0b00 (S), length 397
command[40027]: b'./src/ComposePostService/ComposePostService'
command[40016]: b'./cmake-build/src/TextService/TextService'
----
00000000: 00 00 01 89 80 01 00 01  00 00 00 0B 43 6F 6D 70  ............Comp
00000010: 6F 73 65 54 65 78 74 00  00 00 00 0A 00 01 01 66  oseText........f
00000020: 8F 7C 64 A0 CC 80 0B 00  02 00 00 01 56 6B 43 79  .|d.........VkCy
00000030: 63 72 56 64 51 52 42 34  45 52 63 68 61 62 48 59  crVdQRB4ERchabHY
00000040: 52 79 6D 31 52 62 32 66  77 70 42 4B 72 4D 4C 4C  Rym1Rb2fwpBKrMLL
00000050: 6B 62 50 6C 78 6B 66 34  62 34 33 69 53 54 38 71  kbPlxkf4b43iST8q
00000060: 58 45 6C 41 5A 37 51 66  38 32 68 49 5A 41 62 6A  XElAZ7Qf82hIZAbj
00000070: 52 61 53 36 49 45 49 51  79 30 55 47 43 33 77 45  RaS6IEIQy0UGC3wE
00000080: 6D 54 4A 6B 55 76 39 68  32 47 4E 48 30 51 63 62  mTJkUv9h2GNH0Qcb
00000090: 56 39 66 32 45 4A 64 6E  32 6D 30 75 55 39 31 74  V9f2EJdn2m0uU91t
000000A0: 35 71 73 45 61 78 48 45  74 5A 57 70 47 32 65 76  5qsEaxHEtZWpG2ev
000000B0: 70 6D 65 53 69 64 48 65  59 73 5A 30 39 5A 45 57  pmeSidHeYsZ09ZEW
000000C0: 6C 78 78 4E 6E 4F 59 33  70 39 49 52 38 68 78 6B  lxxNnOY3p9IR8hxk
000000D0: 79 69 52 58 4F 31 6A 41  30 53 65 57 65 58 49 37  yiRXO1jA0SeWeXI7
000000E0: 45 62 42 6B 7A 6E 56 37  79 58 72 78 6C 6D 67 48  EbBkznV7yXrxlmgH
000000F0: 62 63 62 6A 4B 31 4E 70  52 42 66 6B 70 69 53 67  bcbjK1NpRBfkpiSg
00000100: 46 58 37 56 4A 74 59 42  77 76 77 78 70 5A 78 44  FX7VJtYBwvwxpZxD
00000110: 43 48 65 5A 48 58 59 68  6A 4D 57 33 55 4F 73 45  CHeZHXYhjMW3UOsE
00000120: 6D 6F 34 32 44 38 76 6E  67 4F 50 62 51 20 40 75  mo42D8vngOPbQ @u
00000130: 73 65 72 6E 61 6D 65 5F  36 35 31 20 68 74 74 70  sername_651 http
00000140: 3A 2F 2F 66 63 78 49 30  7A 72 79 76 69 76 79 37  ://fcxI0zryvivy7
00000150: 62 63 76 73 78 6E 44 6B  58 74 79 35 6C 37 61 33  bcvsxnDkXty5l7a3
00000160: 41 73 57 48 36 54 4F 31  49 47 66 53 36 31 35 6D  AsWH6TO1IGfS615m
00000170: 66 52 74 5A 65 48 56 65  76 48 58 6E 58 63 5A 44  fRtZeHVevHXnXcZD
00000180: 42 52 68 0D 00 03 0B 0B  00 00 00 00 00           BRh..........
====
STREAM PID 40016.0xffff9482c72c0b00 (S) > 40027.0xffff948328f80b00 (C), length 466
command[40016]: b'./cmake-build/src/TextService/TextService'
command[40027]: b'./src/ComposePostService/ComposePostService'
----
00000000: 00 00 01 CE 80 01 00 02  00 00 00 0B 43 6F 6D 70  ............Comp
00000010: 6F 73 65 54 65 78 74 00  00 00 00 0C 00 00 0B 00  oseText.........
00000020: 01 00 00 01 2A 6B 43 79  63 72 56 64 51 52 42 34  ....*kCycrVdQRB4
00000030: 45 52 63 68 61 62 48 59  52 79 6D 31 52 62 32 66  ERchabHYRym1Rb2f
00000040: 77 70 42 4B 72 4D 4C 4C  6B 62 50 6C 78 6B 66 34  wpBKrMLLkbPlxkf4
00000050: 62 34 33 69 53 54 38 71  58 45 6C 41 5A 37 51 66  b43iST8qXElAZ7Qf
00000060: 38 32 68 49 5A 41 62 6A  52 61 53 36 49 45 49 51  82hIZAbjRaS6IEIQ
00000070: 79 30 55 47 43 33 77 45  6D 54 4A 6B 55 76 39 68  y0UGC3wEmTJkUv9h
00000080: 32 47 4E 48 30 51 63 62  56 39 66 32 45 4A 64 6E  2GNH0QcbV9f2EJdn
00000090: 32 6D 30 75 55 39 31 74  35 71 73 45 61 78 48 45  2m0uU91t5qsEaxHE
000000A0: 74 5A 57 70 47 32 65 76  70 6D 65 53 69 64 48 65  tZWpG2evpmeSidHe
000000B0: 59 73 5A 30 39 5A 45 57  6C 78 78 4E 6E 4F 59 33  YsZ09ZEWlxxNnOY3
000000C0: 70 39 49 52 38 68 78 6B  79 69 52 58 4F 31 6A 41  p9IR8hxkyiRXO1jA
000000D0: 30 53 65 57 65 58 49 37  45 62 42 6B 7A 6E 56 37  0SeWeXI7EbBkznV7
000000E0: 79 58 72 78 6C 6D 67 48  62 63 62 6A 4B 31 4E 70  yXrxlmgHbcbjK1Np
000000F0: 52 42 66 6B 70 69 53 67  46 58 37 56 4A 74 59 42  RBfkpiSgFX7VJtYB
00000100: 77 76 77 78 70 5A 78 44  43 48 65 5A 48 58 59 68  wvwxpZxDCHeZHXYh
00000110: 6A 4D 57 33 55 4F 73 45  6D 6F 34 32 44 38 76 6E  jMW3UOsEmo42D8vn
00000120: 67 4F 50 62 51 20 40 75  73 65 72 6E 61 6D 65 5F  gOPbQ @username_
00000130: 36 35 31 20 68 74 74 70  3A 2F 2F 73 68 6F 72 74  651 http://short
00000140: 2D 75 72 6C 2F 69 4A 6F  47 77 75 7A 67 73 48 0F  -url/iJoGwuzgsH.
00000150: 00 02 0C 00 00 00 00 0F  00 03 0C 00 00 00 01 0B  ................
00000160: 00 01 00 00 00 1B 68 74  74 70 3A 2F 2F 73 68 6F  ......http://sho
00000170: 72 74 2D 75 72 6C 2F 69  4A 6F 47 77 75 7A 67 73  rt-url/iJoGwuzgs
00000180: 48 0B 00 02 00 00 00 47  68 74 74 70 3A 2F 2F 66  H......Ghttp://f
00000190: 63 78 49 30 7A 72 79 76  69 76 79 37 62 63 76 73  cxI0zryvivy7bcvs
000001A0: 78 6E 44 6B 58 74 79 35  6C 37 61 33 41 73 57 48  xnDkXty5l7a3AsWH
000001B0: 36 54 4F 31 49 47 66 53  36 31 35 6D 66 52 74 5A  6TO1IGfS615mfRtZ
000001C0: 65 48 56 65 76 48 58 6E  58 63 5A 44 42 52 68 00  eHVevHXnXcZDBRh.
000001D0: 00 00                                             ..
====
STREAM PID 40027.0xffff948328f80b00 (C) > 40016.0xffff9482c72c0b00 (S), length 425
command[40027]: b'./src/ComposePostService/ComposePostService'
command[40016]: b'./cmake-build/src/TextService/TextService'
----
00000000: 00 00 01 A5 80 01 00 01  00 00 00 0B 43 6F 6D 70  ............Comp
00000010: 6F 73 65 54 65 78 74 00  00 00 00 0A 00 01 0F F3  oseText.........
00000020: C1 31 85 37 BB 80 0B 00  02 00 00 01 72 6B 45 71  .1.7........rkEq
00000030: 63 43 66 75 36 5A 42 4B  49 67 38 54 36 6C 73 61  cCfu6ZBKIg8T6lsa
00000040: 48 66 38 4C 37 45 76 51  57 6E 42 65 36 61 35 47  Hf8L7EvQWnBe6a5G
00000050: 67 78 33 4E 55 36 67 37  56 47 72 74 77 45 51 75  gx3NU6g7VGrtwEQu
00000060: 71 65 69 74 77 74 55 53  43 78 54 51 71 31 6B 6A  qeitwtUSCxTQq1kj
00000070: 72 6A 52 31 4A 41 44 59  38 4B 69 48 48 51 68 41  rjR1JADY8KiHHQhA
00000080: 41 4C 39 69 67 58 51 41  70 4A 43 63 33 72 48 4B  AL9igXQApJCc3rHK
00000090: 53 70 61 50 54 71 41 4B  31 4F 30 6D 6A 73 79 54  SpaPTqAK1O0mjsyT
000000A0: 6F 6B 73 44 36 44 59 4C  7A 41 7A 44 34 4F 7A 66  oksD6DYLzAzD4Ozf
000000B0: 6F 54 42 38 56 56 47 61  36 7A 53 4C 32 55 6A 48  oTB8VVGa6zSL2UjH
000000C0: 63 7A 35 44 76 64 4F 46  4C 73 30 62 64 30 4B 67  cz5DvdOFLs0bd0Kg
000000D0: 46 56 31 46 54 46 6E 39  52 48 43 5A 56 73 61 78  FV1FTFn9RHCZVsax
000000E0: 39 79 6D 61 48 68 4D 73  6B 32 6F 46 63 4B 64 6E  9ymaHhMsk2oFcKdn
000000F0: 74 4F 58 55 73 68 32 37  64 46 45 43 65 6D 51 64  tOXUsh27dFECemQd
00000100: 6A 37 59 67 50 54 48 63  35 67 30 63 69 61 45 6A  j7YgPTHc5g0ciaEj
00000110: 6A 51 6E 31 56 5A 6A 34  76 66 46 4E 48 31 73 6B  jQn1VZj4vfFNH1sk
00000120: 78 7A 61 44 4F 6C 69 64  4D 66 6A 45 45 20 40 75  xzaDOlidMfjEE @u
00000130: 73 65 72 6E 61 6D 65 5F  38 30 35 20 40 75 73 65  sername_805 @use
00000140: 72 6E 61 6D 65 5F 35 30  31 20 40 75 73 65 72 6E  rname_501 @usern
00000150: 61 6D 65 5F 34 36 36 20  68 74 74 70 3A 2F 2F 73  ame_466 http://s
00000160: 51 63 4A 76 74 30 79 4B  79 78 57 58 45 57 78 70  QcJvt0yKyxWXEWxp
00000170: 4F 35 39 37 4C 4A 53 6A  54 37 76 78 35 64 64 6D  O597LJSjT7vx5ddm
00000180: 39 32 79 4F 38 34 6A 37  41 46 4A 34 37 35 7A 34  92yO84j7AFJ475z4
00000190: 78 67 39 75 4B 66 72 6B  46 61 38 71 31 4D 4B 0D  xg9uKfrkFa8q1MK.
000001A0: 00 03 0B 0B 00 00 00 00  00                       .........
====
STREAM PID 40016.0xffff9482c72c0b00 (S) > 40027.0xffff948328f80b00 (C), length 494
command[40016]: b'./cmake-build/src/TextService/TextService'
command[40027]: b'./src/ComposePostService/ComposePostService'
----
00000000: 00 00 01 EA 80 01 00 02  00 00 00 0B 43 6F 6D 70  ............Comp
00000010: 6F 73 65 54 65 78 74 00  00 00 00 0C 00 00 0B 00  oseText.........
00000020: 01 00 00 01 46 6B 45 71  63 43 66 75 36 5A 42 4B  ....FkEqcCfu6ZBK
00000030: 49 67 38 54 36 6C 73 61  48 66 38 4C 37 45 76 51  Ig8T6lsaHf8L7EvQ
00000040: 57 6E 42 65 36 61 35 47  67 78 33 4E 55 36 67 37  WnBe6a5Ggx3NU6g7
00000050: 56 47 72 74 77 45 51 75  71 65 69 74 77 74 55 53  VGrtwEQuqeitwtUS
00000060: 43 78 54 51 71 31 6B 6A  72 6A 52 31 4A 41 44 59  CxTQq1kjrjR1JADY
00000070: 38 4B 69 48 48 51 68 41  41 4C 39 69 67 58 51 41  8KiHHQhAAL9igXQA
00000080: 70 4A 43 63 33 72 48 4B  53 70 61 50 54 71 41 4B  pJCc3rHKSpaPTqAK
00000090: 31 4F 30 6D 6A 73 79 54  6F 6B 73 44 36 44 59 4C  1O0mjsyToksD6DYL
000000A0: 7A 41 7A 44 34 4F 7A 66  6F 54 42 38 56 56 47 61  zAzD4OzfoTB8VVGa
000000B0: 36 7A 53 4C 32 55 6A 48  63 7A 35 44 76 64 4F 46  6zSL2UjHcz5DvdOF
000000C0: 4C 73 30 62 64 30 4B 67  46 56 31 46 54 46 6E 39  Ls0bd0KgFV1FTFn9
000000D0: 52 48 43 5A 56 73 61 78  39 79 6D 61 48 68 4D 73  RHCZVsax9ymaHhMs
000000E0: 6B 32 6F 46 63 4B 64 6E  74 4F 58 55 73 68 32 37  k2oFcKdntOXUsh27
000000F0: 64 46 45 43 65 6D 51 64  6A 37 59 67 50 54 48 63  dFECemQdj7YgPTHc
00000100: 35 67 30 63 69 61 45 6A  6A 51 6E 31 56 5A 6A 34  5g0ciaEjjQn1VZj4
00000110: 76 66 46 4E 48 31 73 6B  78 7A 61 44 4F 6C 69 64  vfFNH1skxzaDOlid
00000120: 4D 66 6A 45 45 20 40 75  73 65 72 6E 61 6D 65 5F  MfjEE @username_
00000130: 38 30 35 20 40 75 73 65  72 6E 61 6D 65 5F 35 30  805 @username_50
00000140: 31 20 40 75 73 65 72 6E  61 6D 65 5F 34 36 36 20  1 @username_466 
00000150: 68 74 74 70 3A 2F 2F 73  68 6F 72 74 2D 75 72 6C  http://short-url
00000160: 2F 52 52 47 37 58 46 70  37 41 32 0F 00 02 0C 00  /RRG7XFp7A2.....
00000170: 00 00 00 0F 00 03 0C 00  00 00 01 0B 00 01 00 00  ................
00000180: 00 1B 68 74 74 70 3A 2F  2F 73 68 6F 72 74 2D 75  ..http://short-u
00000190: 72 6C 2F 52 52 47 37 58  46 70 37 41 32 0B 00 02  rl/RRG7XFp7A2...
000001A0: 00 00 00 47 68 74 74 70  3A 2F 2F 73 51 63 4A 76  ...Ghttp://sQcJv
000001B0: 74 30 79 4B 79 78 57 58  45 57 78 70 4F 35 39 37  t0yKyxWXEWxpO597
000001C0: 4C 4A 53 6A 54 37 76 78  35 64 64 6D 39 32 79 4F  LJSjT7vx5ddm92yO
000001D0: 38 34 6A 37 41 46 4A 34  37 35 7A 34 78 67 39 75  84j7AFJ475z4xg9u
000001E0: 4B 66 72 6B 46 61 38 71  31 4D 4B 00 00 00        KfrkFa8q1MK...
====
STREAM PID 40027.0xffff948328f80b00 (C) > 40016.0xffff9482c72c0b00 (S), length 410
command[40027]: b'./src/ComposePostService/ComposePostService'
command[40016]: b'./cmake-build/src/TextService/TextService'
----
00000000: 00 00 01 96 80 01 00 01  00 00 00 0B 43 6F 6D 70  ............Comp
00000010: 6F 73 65 54 65 78 74 00  00 00 00 0A 00 01 09 6A  oseText........j
00000020: 5C 3A DA 64 0A 00 0B 00  02 00 00 01 63 6A 4C 4F  \:.d........cjLO
00000030: 55 4F 6C 61 48 6E 7A 6F  46 34 78 4E 4D 52 38 6F  UOlaHnzoF4xNMR8o
00000040: 30 5A 6C 69 52 43 4E 44  45 6F 79 4E 37 31 74 55  0ZliRCNDEoyN71tU
00000050: 74 46 79 6A 6E 4E 4C 78  65 4E 57 46 33 78 78 76  tFyjnNLxeNWF3xxv
00000060: 4F 4D 41 46 41 77 53 6F  72 32 37 4C 33 6B 55 58  OMAFAwSor27L3kUX
00000070: 4A 34 70 39 51 33 41 4D  44 76 41 61 59 4A 37 67  J4p9Q3AMDvAaYJ7g
00000080: 44 66 6B 54 67 4F 79 30  57 57 54 34 71 56 70 63  DfkTgOy0WWT4qVpc
00000090: 4E 6C 44 41 46 6D 32 48  6A 6F 6B 4D 42 4C 67 43  NlDAFm2HjokMBLgC
000000A0: 39 66 5A 67 6F 65 4D 74  35 4A 49 63 68 4A 62 45  9fZgoeMt5JIchJbE
000000B0: 34 50 56 49 67 67 4A 32  67 47 73 68 6B 44 67 51  4PVIggJ2gGshkDgQ
000000C0: 51 73 45 59 74 78 4F 47  70 4B 42 57 63 31 74 4F  QsEYtxOGpKBWc1tO
000000D0: 4B 61 72 44 55 74 49 59  43 44 6A 43 74 50 4B 77  KarDUtIYCDjCtPKw
000000E0: 74 76 77 4F 37 6B 6F 59  36 59 6B 4B 65 72 70 53  tvwO7koY6YkKerpS
000000F0: 39 50 42 4D 4A 36 4A 78  72 73 5A 32 6F 6B 7A 63  9PBMJ6JxrsZ2okzc
00000100: 66 72 77 62 54 74 45 62  66 30 30 59 39 4F 5A 47  frwbTtEbf00Y9OZG
00000110: 53 71 61 66 42 52 6D 42  78 36 6D 4A 67 33 77 5A  SqafBRmBx6mJg3wZ
00000120: 51 67 66 5A 39 34 68 66  68 75 70 56 61 20 40 75  QgfZ94hfhupVa @u
00000130: 73 65 72 6E 61 6D 65 5F  36 39 33 20 40 75 73 65  sername_693 @use
00000140: 72 6E 61 6D 65 5F 35 35  20 68 74 74 70 3A 2F 2F  rname_55 http://
00000150: 4F 4B 46 74 65 54 69 35  37 73 37 4A 66 76 4B 55  OKFteTi57s7JfvKU
00000160: 41 37 67 5A 50 63 7A 35  34 47 44 4A 33 75 34 63  A7gZPcz54GDJ3u4c
00000170: 55 4F 67 45 5A 4D 6E 42  43 56 6C 41 64 70 58 4F  UOgEZMnBCVlAdpXO
00000180: 75 52 33 6B 5A 52 41 4E  32 37 53 79 6E 79 76 69  uR3kZRAN27Synyvi
00000190: 0D 00 03 0B 0B 00 00 00  00 00                    ..........
====
STREAM PID 40016.0xffff9482c72c0b00 (S) > 40027.0xffff948328f80b00 (C), length 479
command[40016]: b'./cmake-build/src/TextService/TextService'
command[40027]: b'./src/ComposePostService/ComposePostService'
----
00000000: 00 00 01 DB 80 01 00 02  00 00 00 0B 43 6F 6D 70  ............Comp
00000010: 6F 73 65 54 65 78 74 00  00 00 00 0C 00 00 0B 00  oseText.........
00000020: 01 00 00 01 37 6A 4C 4F  55 4F 6C 61 48 6E 7A 6F  ....7jLOUOlaHnzo
00000030: 46 34 78 4E 4D 52 38 6F  30 5A 6C 69 52 43 4E 44  F4xNMR8o0ZliRCND
00000040: 45 6F 79 4E 37 31 74 55  74 46 79 6A 6E 4E 4C 78  EoyN71tUtFyjnNLx
00000050: 65 4E 57 46 33 78 78 76  4F 4D 41 46 41 77 53 6F  eNWF3xxvOMAFAwSo
00000060: 72 32 37 4C 33 6B 55 58  4A 34 70 39 51 33 41 4D  r27L3kUXJ4p9Q3AM
00000070: 44 76 41 61 59 4A 37 67  44 66 6B 54 67 4F 79 30  DvAaYJ7gDfkTgOy0
00000080: 57 57 54 34 71 56 70 63  4E 6C 44 41 46 6D 32 48  WWT4qVpcNlDAFm2H
00000090: 6A 6F 6B 4D 42 4C 67 43  39 66 5A 67 6F 65 4D 74  jokMBLgC9fZgoeMt
000000A0: 35 4A 49 63 68 4A 62 45  34 50 56 49 67 67 4A 32  5JIchJbE4PVIggJ2
000000B0: 67 47 73 68 6B 44 67 51  51 73 45 59 74 78 4F 47  gGshkDgQQsEYtxOG
000000C0: 70 4B 42 57 63 31 74 4F  4B 61 72 44 55 74 49 59  pKBWc1tOKarDUtIY
000000D0: 43 44 6A 43 74 50 4B 77  74 76 77 4F 37 6B 6F 59  CDjCtPKwtvwO7koY
000000E0: 36 59 6B 4B 65 72 70 53  39 50 42 4D 4A 36 4A 78  6YkKerpS9PBMJ6Jx
000000F0: 72 73 5A 32 6F 6B 7A 63  66 72 77 62 54 74 45 62  rsZ2okzcfrwbTtEb
00000100: 66 30 30 59 39 4F 5A 47  53 71 61 66 42 52 6D 42  f00Y9OZGSqafBRmB
00000110: 78 36 6D 4A 67 33 77 5A  51 67 66 5A 39 34 68 66  x6mJg3wZQgfZ94hf
00000120: 68 75 70 56 61 20 40 75  73 65 72 6E 61 6D 65 5F  hupVa @username_
00000130: 36 39 33 20 40 75 73 65  72 6E 61 6D 65 5F 35 35  693 @username_55
00000140: 20 68 74 74 70 3A 2F 2F  73 68 6F 72 74 2D 75 72   http://short-ur
00000150: 6C 2F 74 68 43 4D 73 6A  6E 6D 75 51 0F 00 02 0C  l/thCMsjnmuQ....
00000160: 00 00 00 00 0F 00 03 0C  00 00 00 01 0B 00 01 00  ................
00000170: 00 00 1B 68 74 74 70 3A  2F 2F 73 68 6F 72 74 2D  ...http://short-
00000180: 75 72 6C 2F 74 68 43 4D  73 6A 6E 6D 75 51 0B 00  url/thCMsjnmuQ..
00000190: 02 00 00 00 47 68 74 74  70 3A 2F 2F 4F 4B 46 74  ....Ghttp://OKFt
000001A0: 65 54 69 35 37 73 37 4A  66 76 4B 55 41 37 67 5A  eTi57s7JfvKUA7gZ
000001B0: 50 63 7A 35 34 47 44 4A  33 75 34 63 55 4F 67 45  Pcz54GDJ3u4cUOgE
000001C0: 5A 4D 6E 42 43 56 6C 41  64 70 58 4F 75 52 33 6B  ZMnBCVlAdpXOuR3k
000001D0: 5A 52 41 4E 32 37 53 79  6E 79 76 69 00 00 00     ZRAN27Synyvi...
====
STREAM PID 40027.0xffff948328f80b00 (C) > 40016.0xffff9482c72c0b00 (S), length 353
command[40027]: b'./src/ComposePostService/ComposePostService'
command[40016]: b'./cmake-build/src/TextService/TextService'
----
00000000: 00 00 01 5D 80 01 00 01  00 00 00 0B 43 6F 6D 70  ...]........Comp
00000010: 6F 73 65 54 65 78 74 00  00 00 00 0A 00 01 0B F0  oseText.........
00000020: 67 FA 66 E8 0E 00 0B 00  02 00 00 01 2A 62 74 6F  g.f.........*bto
00000030: 66 66 68 6F 4F 52 76 73  4F 73 4B 70 44 6D 4E 59  ffhoORvsOsKpDmNY
00000040: 77 6E 41 45 73 50 77 45  69 6C 32 48 47 53 31 54  wnAEsPwEil2HGS1T
00000050: 37 6F 61 62 4C 70 4E 41  6B 51 58 6E 31 7A 4B 33  7oabLpNAkQXn1zK3
00000060: 66 6C 41 7A 79 48 73 78  44 54 6C 62 41 59 59 4C  flAzyHsxDTlbAYYL
00000070: 70 6C 71 67 44 35 42 37  62 6B 68 35 69 5A 76 6F  plqgD5B7bkh5iZvo
00000080: 55 70 76 65 6A 31 47 39  6D 44 4D 6B 61 51 73 37  Upvej1G9mDMkaQs7
00000090: 49 75 61 33 58 46 72 4A  51 54 36 56 73 59 48 4C  Iua3XFrJQT6VsYHL
000000A0: 54 34 59 57 4C 35 46 65  36 58 72 37 36 4E 4A 6B  T4YWL5Fe6Xr76NJk
000000B0: 34 64 47 64 6B 78 4E 42  4F 6A 58 49 30 75 67 51  4dGdkxNBOjXI0ugQ
000000C0: 41 33 79 5A 5A 67 78 31  31 67 52 6A 41 54 51 62  A3yZZgx11gRjATQb
000000D0: 42 56 62 72 50 49 44 71  65 68 72 5A 61 67 61 44  BVbrPIDqehrZagaD
000000E0: 6A 79 34 33 6E 33 53 69  67 45 54 73 33 54 73 77  jy43n3SigETs3Tsw
000000F0: 6A 56 38 4F 46 68 66 37  62 4B 51 67 71 58 72 52  jV8OFhf7bKQgqXrR
00000100: 70 43 75 4C 55 36 67 78  4F 41 30 70 36 41 64 32  pCuLU6gxOA0p6Ad2
00000110: 42 38 68 72 79 38 78 38  46 58 51 54 30 48 37 76  B8hry8x8FXQT0H7v
00000120: 56 51 58 41 35 76 6E 57  45 37 49 78 62 20 40 75  VQXA5vnWE7Ixb @u
00000130: 73 65 72 6E 61 6D 65 5F  36 33 37 20 40 75 73 65  sername_637 @use
00000140: 72 6E 61 6D 65 5F 39 33  32 20 40 75 73 65 72 6E  rname_932 @usern
00000150: 61 6D 65 5F 36 38 37 0D  00 03 0B 0B 00 00 00 00  ame_687.........
00000160: 00                                                .
====
STREAM PID 40016.0xffff9482c72c0b00 (S) > 40027.0xffff948328f80b00 (C), length 353
command[40016]: b'./cmake-build/src/TextService/TextService'
command[40027]: b'./src/ComposePostService/ComposePostService'
----
00000000: 00 00 01 5D 80 01 00 02  00 00 00 0B 43 6F 6D 70  ...]........Comp
00000010: 6F 73 65 54 65 78 74 00  00 00 00 0C 00 00 0B 00  oseText.........
00000020: 01 00 00 01 2A 62 74 6F  66 66 68 6F 4F 52 76 73  ....*btoffhoORvs
00000030: 4F 73 4B 70 44 6D 4E 59  77 6E 41 45 73 50 77 45  OsKpDmNYwnAEsPwE
00000040: 69 6C 32 48 47 53 31 54  37 6F 61 62 4C 70 4E 41  il2HGS1T7oabLpNA
00000050: 6B 51 58 6E 31 7A 4B 33  66 6C 41 7A 79 48 73 78  kQXn1zK3flAzyHsx
00000060: 44 54 6C 62 41 59 59 4C  70 6C 71 67 44 35 42 37  DTlbAYYLplqgD5B7
00000070: 62 6B 68 35 69 5A 76 6F  55 70 76 65 6A 31 47 39  bkh5iZvoUpvej1G9
00000080: 6D 44 4D 6B 61 51 73 37  49 75 61 33 58 46 72 4A  mDMkaQs7Iua3XFrJ
00000090: 51 54 36 56 73 59 48 4C  54 34 59 57 4C 35 46 65  QT6VsYHLT4YWL5Fe
000000A0: 36 58 72 37 36 4E 4A 6B  34 64 47 64 6B 78 4E 42  6Xr76NJk4dGdkxNB
000000B0: 4F 6A 58 49 30 75 67 51  41 33 79 5A 5A 67 78 31  OjXI0ugQA3yZZgx1
000000C0: 31 67 52 6A 41 54 51 62  42 56 62 72 50 49 44 71  1gRjATQbBVbrPIDq
000000D0: 65 68 72 5A 61 67 61 44  6A 79 34 33 6E 33 53 69  ehrZagaDjy43n3Si
000000E0: 67 45 54 73 33 54 73 77  6A 56 38 4F 46 68 66 37  gETs3TswjV8OFhf7
000000F0: 62 4B 51 67 71 58 72 52  70 43 75 4C 55 36 67 78  bKQgqXrRpCuLU6gx
00000100: 4F 41 30 70 36 41 64 32  42 38 68 72 79 38 78 38  OA0p6Ad2B8hry8x8
00000110: 46 58 51 54 30 48 37 76  56 51 58 41 35 76 6E 57  FXQT0H7vVQXA5vnW
00000120: 45 37 49 78 62 20 40 75  73 65 72 6E 61 6D 65 5F  E7Ixb @username_
00000130: 36 33 37 20 40 75 73 65  72 6E 61 6D 65 5F 39 33  637 @username_93
00000140: 32 20 40 75 73 65 72 6E  61 6D 65 5F 36 38 37 0F  2 @username_687.
00000150: 00 02 0C 00 00 00 00 0F  00 03 0C 00 00 00 00 00  ................
00000160: 00                                                .
====
STREAM PID 40027.0xffff948328f80b00 (C) > 40016.0xffff9482c72c0b00 (S), length 367
command[40027]: b'./src/ComposePostService/ComposePostService'
command[40016]: b'./cmake-build/src/TextService/TextService'
----
00000000: 00 00 01 6B 80 01 00 01  00 00 00 0B 43 6F 6D 70  ...k........Comp
00000010: 6F 73 65 54 65 78 74 00  00 00 00 0A 00 01 0B 49  oseText........I
00000020: 0E F0 AE 14 0B 80 0B 00  02 00 00 01 38 4B 72 73  ............8Krs
00000030: 59 52 6B 4B 32 37 34 6F  32 5A 45 6C 50 4D 46 31  YRkK274o2ZElPMF1
00000040: 76 44 46 67 62 64 4C 45  6D 4A 39 49 4D 76 45 64  vDFgbdLEmJ9IMvEd
00000050: 32 32 52 67 30 64 4C 4F  41 70 74 4C 32 76 57 36  22Rg0dLOAptL2vW6
00000060: 41 63 32 6D 39 74 76 4A  69 31 4C 31 71 67 35 69  Ac2m9tvJi1L1qg5i
00000070: 4C 39 34 6B 4F 4C 41 6B  69 71 4A 6E 63 35 36 75  L94kOLAkiqJnc56u
00000080: 52 44 46 70 57 73 64 35  74 55 36 6B 58 78 4A 4F  RDFpWsd5tU6kXxJO
00000090: 41 4B 73 4D 6F 77 57 68  6C 44 47 33 75 66 73 44  AKsMowWhlDG3ufsD
000000A0: 36 62 65 47 51 34 6A 44  4A 37 75 32 31 71 64 63  6beGQ4jDJ7u21qdc
000000B0: 62 45 7A 6E 72 43 4F 43  58 4C 57 55 74 56 6A 45  bEznrCOCXLWUtVjE
000000C0: 56 4B 6D 32 65 37 6D 72  53 61 74 5A 74 72 33 6F  VKm2e7mrSatZtr3o
000000D0: 34 7A 31 64 52 34 46 31  47 39 69 52 5A 50 32 43  4z1dR4F1G9iRZP2C
000000E0: 54 30 69 79 54 30 72 4F  4E 52 76 62 30 41 30 69  T0iyT0rONRvb0A0i
000000F0: 55 33 50 39 78 43 33 39  52 49 63 41 4B 64 66 70  U3P9xC39RIcAKdfp
00000100: 67 58 66 4B 44 50 6D 46  35 78 41 75 57 53 7A 47  gXfKDPmF5xAuWSzG
00000110: 66 4D 70 6A 4D 54 67 49  6A 37 30 34 4A 52 6E 45  fMpjMTgIj704JRnE
00000120: 4B 43 6C 64 62 4B 4E 67  52 30 4F 34 4B 20 40 75  KCldbKNgR0O4K @u
00000130: 73 65 72 6E 61 6D 65 5F  32 32 36 20 40 75 73 65  sername_226 @use
00000140: 72 6E 61 6D 65 5F 33 36  37 20 40 75 73 65 72 6E  rname_367 @usern
00000150: 61 6D 65 5F 31 37 32 20  40 75 73 65 72 6E 61 6D  ame_172 @usernam
00000160: 65 5F 32 35 36 0D 00 03  0B 0B 00 00 00 00 00     e_256..........
====
STREAM PID 40016.0xffff9482c72c0b00 (S) > 40027.0xffff948328f80b00 (C), length 367
command[40016]: b'./cmake-build/src/TextService/TextService'
command[40027]: b'./src/ComposePostService/ComposePostService'
----
00000000: 00 00 01 6B 80 01 00 02  00 00 00 0B 43 6F 6D 70  ...k........Comp
00000010: 6F 73 65 54 65 78 74 00  00 00 00 0C 00 00 0B 00  oseText.........
00000020: 01 00 00 01 38 4B 72 73  59 52 6B 4B 32 37 34 6F  ....8KrsYRkK274o
00000030: 32 5A 45 6C 50 4D 46 31  76 44 46 67 62 64 4C 45  2ZElPMF1vDFgbdLE
00000040: 6D 4A 39 49 4D 76 45 64  32 32 52 67 30 64 4C 4F  mJ9IMvEd22Rg0dLO
00000050: 41 70 74 4C 32 76 57 36  41 63 32 6D 39 74 76 4A  AptL2vW6Ac2m9tvJ
00000060: 69 31 4C 31 71 67 35 69  4C 39 34 6B 4F 4C 41 6B  i1L1qg5iL94kOLAk
00000070: 69 71 4A 6E 63 35 36 75  52 44 46 70 57 73 64 35  iqJnc56uRDFpWsd5
00000080: 74 55 36 6B 58 78 4A 4F  41 4B 73 4D 6F 77 57 68  tU6kXxJOAKsMowWh
00000090: 6C 44 47 33 75 66 73 44  36 62 65 47 51 34 6A 44  lDG3ufsD6beGQ4jD
000000A0: 4A 37 75 32 31 71 64 63  62 45 7A 6E 72 43 4F 43  J7u21qdcbEznrCOC
000000B0: 58 4C 57 55 74 56 6A 45  56 4B 6D 32 65 37 6D 72  XLWUtVjEVKm2e7mr
000000C0: 53 61 74 5A 74 72 33 6F  34 7A 31 64 52 34 46 31  SatZtr3o4z1dR4F1
000000D0: 47 39 69 52 5A 50 32 43  54 30 69 79 54 30 72 4F  G9iRZP2CT0iyT0rO
000000E0: 4E 52 76 62 30 41 30 69  55 33 50 39 78 43 33 39  NRvb0A0iU3P9xC39
000000F0: 52 49 63 41 4B 64 66 70  67 58 66 4B 44 50 6D 46  RIcAKdfpgXfKDPmF
00000100: 35 78 41 75 57 53 7A 47  66 4D 70 6A 4D 54 67 49  5xAuWSzGfMpjMTgI
00000110: 6A 37 30 34 4A 52 6E 45  4B 43 6C 64 62 4B 4E 67  j704JRnEKCldbKNg
00000120: 52 30 4F 34 4B 20 40 75  73 65 72 6E 61 6D 65 5F  R0O4K @username_
00000130: 32 32 36 20 40 75 73 65  72 6E 61 6D 65 5F 33 36  226 @username_36
00000140: 37 20 40 75 73 65 72 6E  61 6D 65 5F 31 37 32 20  7 @username_172 
00000150: 40 75 73 65 72 6E 61 6D  65 5F 32 35 36 0F 00 02  @username_256...
00000160: 0C 00 00 00 00 0F 00 03  0C 00 00 00 00 00 00     ...............
====
STREAM PID 40027.0xffff948328f80b00 (C) > 40016.0xffff9482c72c0b00 (S), length 453
command[40027]: b'./src/ComposePostService/ComposePostService'
command[40016]: b'./cmake-build/src/TextService/TextService'
----
00000000: 00 00 01 C1 80 01 00 01  00 00 00 0B 43 6F 6D 70  ............Comp
00000010: 6F 73 65 54 65 78 74 00  00 00 00 0A 00 01 0F 48  oseText........H
00000020: 86 A8 87 53 3F 00 0B 00  02 00 00 01 8E 48 4E 4E  ...S?........HNN
00000030: 65 36 73 71 32 51 45 54  71 56 38 31 7A 35 4A 72  e6sq2QETqV81z5Jr
00000040: 4E 68 59 78 38 64 5A 53  62 37 58 65 49 67 74 52  NhYx8dZSb7XeIgtR
00000050: 36 59 4D 34 46 49 6A 6F  78 48 35 75 44 41 6C 32  6YM4FIjoxH5uDAl2
00000060: 43 67 73 64 74 39 66 4E  78 75 76 62 33 31 44 66  Cgsdt9fNxuvb31Df
00000070: 4B 42 75 42 45 44 36 4C  4E 77 63 36 53 4D 42 6B  KBuBED6LNwc6SMBk
00000080: 50 48 55 4B 63 74 49 44  38 69 56 46 44 36 79 49  PHUKctID8iVFD6yI
00000090: 4C 31 44 61 68 38 6B 4A  53 4A 45 42 75 7A 52 7A  L1Dah8kJSJEBuzRz
000000A0: 58 6E 6A 74 42 47 51 6D  6B 7A 6A 61 57 4E 61 4F  XnjtBGQmkzjaWNaO
000000B0: 6C 69 6E 32 39 6C 77 6F  4D 76 48 6E 6A 6E 57 70  lin29lwoMvHnjnWp
000000C0: 6C 67 54 6D 56 6C 54 6F  48 59 56 6B 6D 39 30 73  lgTmVlToHYVkm90s
000000D0: 6A 44 65 4D 48 59 57 4F  64 45 57 56 74 41 52 57  jDeMHYWOdEWVtARW
000000E0: 45 78 58 7A 4F 33 6E 32  30 69 61 42 65 6D 32 46  ExXzO3n20iaBem2F
000000F0: 4B 6E 6C 71 37 32 42 46  36 41 42 50 6E 68 69 77  Knlq72BF6ABPnhiw
00000100: 36 79 4D 5A 78 36 51 4A  47 54 73 33 4F 51 62 54  6yMZx6QJGTs3OQbT
00000110: 31 75 45 45 47 59 37 6C  41 6E 4A 38 34 42 53 34  1uEEGY7lAnJ84BS4
00000120: 57 56 38 4E 6B 78 75 4C  73 75 54 41 37 20 40 75  WV8NkxuLsuTA7 @u
00000130: 73 65 72 6E 61 6D 65 5F  32 39 34 20 40 75 73 65  sername_294 @use
00000140: 72 6E 61 6D 65 5F 33 33  38 20 40 75 73 65 72 6E  rname_338 @usern
00000150: 61 6D 65 5F 31 38 32 20  40 75 73 65 72 6E 61 6D  ame_182 @usernam
00000160: 65 5F 39 33 37 20 40 75  73 65 72 6E 61 6D 65 5F  e_937 @username_
00000170: 33 31 37 20 68 74 74 70  3A 2F 2F 74 37 69 68 39  317 http://t7ih9
00000180: 61 61 52 4F 44 4B 77 7A  35 7A 6A 77 35 73 4F 5A  aaRODKwz5zjw5sOZ
00000190: 7A 4F 6C 7A 37 49 76 49  69 4B 71 54 55 5A 79 51  zOlz7IvIiKqTUZyQ
000001A0: 52 43 4E 31 6A 6A 46 72  78 31 78 4A 77 70 6C 42  RCN1jjFrx1xJwplB
000001B0: 4B 5A 45 4D 62 30 68 49  4E 57 67 0D 00 03 0B 0B  KZEMb0hINWg.....
000001C0: 00 00 00 00 00                                    .....
====
STREAM PID 40016.0xffff9482c72c0b00 (S) > 40027.0xffff948328f80b00 (C), length 522
command[40016]: b'./cmake-build/src/TextService/TextService'
command[40027]: b'./src/ComposePostService/ComposePostService'
----
00000000: 00 00 02 06 80 01 00 02  00 00 00 0B 43 6F 6D 70  ............Comp
00000010: 6F 73 65 54 65 78 74 00  00 00 00 0C 00 00 0B 00  oseText.........
00000020: 01 00 00 01 62 48 4E 4E  65 36 73 71 32 51 45 54  ....bHNNe6sq2QET
00000030: 71 56 38 31 7A 35 4A 72  4E 68 59 78 38 64 5A 53  qV81z5JrNhYx8dZS
00000040: 62 37 58 65 49 67 74 52  36 59 4D 34 46 49 6A 6F  b7XeIgtR6YM4FIjo
00000050: 78 48 35 75 44 41 6C 32  43 67 73 64 74 39 66 4E  xH5uDAl2Cgsdt9fN
00000060: 78 75 76 62 33 31 44 66  4B 42 75 42 45 44 36 4C  xuvb31DfKBuBED6L
00000070: 4E 77 63 36 53 4D 42 6B  50 48 55 4B 63 74 49 44  Nwc6SMBkPHUKctID
00000080: 38 69 56 46 44 36 79 49  4C 31 44 61 68 38 6B 4A  8iVFD6yIL1Dah8kJ
00000090: 53 4A 45 42 75 7A 52 7A  58 6E 6A 74 42 47 51 6D  SJEBuzRzXnjtBGQm
000000A0: 6B 7A 6A 61 57 4E 61 4F  6C 69 6E 32 39 6C 77 6F  kzjaWNaOlin29lwo
000000B0: 4D 76 48 6E 6A 6E 57 70  6C 67 54 6D 56 6C 54 6F  MvHnjnWplgTmVlTo
000000C0: 48 59 56 6B 6D 39 30 73  6A 44 65 4D 48 59 57 4F  HYVkm90sjDeMHYWO
000000D0: 64 45 57 56 74 41 52 57  45 78 58 7A 4F 33 6E 32  dEWVtARWExXzO3n2
000000E0: 30 69 61 42 65 6D 32 46  4B 6E 6C 71 37 32 42 46  0iaBem2FKnlq72BF
000000F0: 36 41 42 50 6E 68 69 77  36 79 4D 5A 78 36 51 4A  6ABPnhiw6yMZx6QJ
00000100: 47 54 73 33 4F 51 62 54  31 75 45 45 47 59 37 6C  GTs3OQbT1uEEGY7l
00000110: 41 6E 4A 38 34 42 53 34  57 56 38 4E 6B 78 75 4C  AnJ84BS4WV8NkxuL
00000120: 73 75 54 41 37 20 40 75  73 65 72 6E 61 6D 65 5F  suTA7 @username_
00000130: 32 39 34 20 40 75 73 65  72 6E 61 6D 65 5F 33 33  294 @username_33
00000140: 38 20 40 75 73 65 72 6E  61 6D 65 5F 31 38 32 20  8 @username_182 
00000150: 40 75 73 65 72 6E 61 6D  65 5F 39 33 37 20 40 75  @username_937 @u
00000160: 73 65 72 6E 61 6D 65 5F  33 31 37 20 68 74 74 70  sername_317 http
00000170: 3A 2F 2F 73 68 6F 72 74  2D 75 72 6C 2F 79 61 4F  ://short-url/yaO
00000180: 33 46 6C 5A 75 78 34 0F  00 02 0C 00 00 00 00 0F  3FlZux4.........
00000190: 00 03 0C 00 00 00 01 0B  00 01 00 00 00 1B 68 74  ..............ht
000001A0: 74 70 3A 2F 2F 73 68 6F  72 74 2D 75 72 6C 2F 79  tp://short-url/y
000001B0: 61 4F 33 46 6C 5A 75 78  34 0B 00 02 00 00 00 47  aO3FlZux4......G
000001C0: 68 74 74 70 3A 2F 2F 74  37 69 68 39 61 61 52 4F  http://t7ih9aaRO
000001D0: 44 4B 77 7A 35 7A 6A 77  35 73 4F 5A 7A 4F 6C 7A  DKwz5zjw5sOZzOlz
000001E0: 37 49 76 49 69 4B 71 54  55 5A 79 51 52 43 4E 31  7IvIiKqTUZyQRCN1
000001F0: 6A 6A 46 72 78 31 78 4A  77 70 6C 42 4B 5A 45 4D  jjFrx1xJwplBKZEM
00000200: 62 30 68 49 4E 57 67 00  00 00                    b0hINWg...
====
STREAM PID 40027.0xffff948328f80b00 (C) > 40016.0xffff9482c72c0b00 (S), length 511
command[40027]: b'./src/ComposePostService/ComposePostService'
command[40016]: b'./cmake-build/src/TextService/TextService'
----
00000000: 00 00 01 FB 80 01 00 01  00 00 00 0B 43 6F 6D 70  ............Comp
00000010: 6F 73 65 54 65 78 74 00  00 00 00 0A 00 01 0F 89  oseText.........
00000020: C1 07 AB 1B 55 80 0B 00  02 00 00 01 C8 39 4C 34  ....U........9L4
00000030: 4D 30 61 45 6F 54 78 64  79 75 5A 50 63 44 47 76  M0aEoTxdyuZPcDGv
00000040: 44 38 34 4B 4D 65 49 4B  46 6C 45 53 53 41 43 6B  D84KMeIKFlESSACk
00000050: 6E 73 67 59 6B 45 44 71  4C 6A 47 6F 32 77 6B 69  nsgYkEDqLjGo2wki
00000060: 54 4A 71 6E 63 4A 53 69  31 4F 34 57 57 35 62 66  TJqncJSi1O4WW5bf
00000070: 71 49 57 5A 6D 64 66 6E  6B 59 79 64 50 73 74 44  qIWZmdfnkYydPstD
00000080: 6B 39 64 6A 56 56 38 5A  70 71 46 39 45 67 71 47  k9djVV8ZpqF9EgqG
00000090: 69 38 39 63 33 68 56 35  43 6D 53 31 54 30 4F 59  i89c3hV5CmS1T0OY
000000A0: 7A 4D 35 45 41 61 4F 51  76 38 76 37 41 47 72 58  zM5EAaOQv8v7AGrX
000000B0: 6F 6E 76 4C 4D 53 6C 6E  6C 62 69 4A 70 55 76 4D  onvLMSlnlbiJpUvM
000000C0: 64 4C 5A 4F 73 42 44 66  74 65 33 65 50 30 34 4D  dLZOsBDfte3eP04M
000000D0: 4C 62 4D 4D 52 56 35 7A  7A 52 71 73 6B 46 47 5A  LbMMRV5zzRqskFGZ
000000E0: 69 48 66 43 46 52 70 78  70 37 56 71 76 6B 6E 70  iHfCFRpxp7Vqvknp
000000F0: 62 61 50 79 4E 58 42 31  53 78 72 6E 68 33 4E 42  baPyNXB1Sxrnh3NB
00000100: 63 69 52 74 7A 56 7A 57  6E 67 36 32 39 46 70 43  ciRtzVzWng629FpC
00000110: 4A 6C 4F 70 4D 72 4D 71  4B 45 76 54 6A 41 38 4C  JlOpMrMqKEvTjA8L
00000120: 58 46 75 67 6D 35 77 32  4D 45 57 77 78 20 40 75  XFugm5w2MEWwx @u
00000130: 73 65 72 6E 61 6D 65 5F  37 37 36 20 40 75 73 65  sername_776 @use
00000140: 72 6E 61 6D 65 5F 39 31  36 20 40 75 73 65 72 6E  rname_916 @usern
00000150: 61 6D 65 5F 35 32 33 20  40 75 73 65 72 6E 61 6D  ame_523 @usernam
00000160: 65 5F 36 34 37 20 68 74  74 70 3A 2F 2F 37 35 62  e_647 http://75b
00000170: 41 41 39 6A 70 39 69 71  35 76 79 72 55 46 6E 69  AA9jp9iq5vyrUFni
00000180: 4F 4F 4E 35 61 78 4B 4E  76 7A 77 70 65 6B 6E 5A  OON5axKNvzwpeknZ
00000190: 5A 65 51 76 59 5A 61 4C  50 78 6C 43 4F 6E 4C 39  ZeQvYZaLPxlCOnL9
000001A0: 36 57 6B 67 37 4A 6A 51  52 76 73 48 49 20 68 74  6Wkg7JjQRvsHI ht
000001B0: 74 70 3A 2F 2F 78 56 39  31 5A 4E 53 6E 32 44 61  tp://xV91ZNSn2Da
000001C0: 54 6C 41 48 70 4C 64 38  52 30 34 77 42 79 36 65  TlAHpLd8R04wBy6e
000001D0: 35 79 6F 5A 4D 4F 37 66  34 6E 56 43 76 39 61 58  5yoZMO7f4nVCv9aX
000001E0: 63 32 71 65 70 74 56 6D  4A 55 46 50 4D 79 4F 47  c2qeptVmJUFPMyOG
000001F0: 52 7A 58 72 49 0D 00 03  0B 0B 00 00 00 00 00     RzXrI..........
====
STREAM PID 40016.0xffff9482c72c0b00 (S) > 40027.0xffff948328f80b00 (C), length 649
command[40016]: b'./cmake-build/src/TextService/TextService'
command[40027]: b'./src/ComposePostService/ComposePostService'
----
00000000: 00 00 02 85 80 01 00 02  00 00 00 0B 43 6F 6D 70  ............Comp
00000010: 6F 73 65 54 65 78 74 00  00 00 00 0C 00 00 0B 00  oseText.........
00000020: 01 00 00 01 70 39 4C 34  4D 30 61 45 6F 54 78 64  ....p9L4M0aEoTxd
00000030: 79 75 5A 50 63 44 47 76  44 38 34 4B 4D 65 49 4B  yuZPcDGvD84KMeIK
00000040: 46 6C 45 53 53 41 43 6B  6E 73 67 59 6B 45 44 71  FlESSACknsgYkEDq
00000050: 4C 6A 47 6F 32 77 6B 69  54 4A 71 6E 63 4A 53 69  LjGo2wkiTJqncJSi
00000060: 31 4F 34 57 57 35 62 66  71 49 57 5A 6D 64 66 6E  1O4WW5bfqIWZmdfn
00000070: 6B 59 79 64 50 73 74 44  6B 39 64 6A 56 56 38 5A  kYydPstDk9djVV8Z
00000080: 70 71 46 39 45 67 71 47  69 38 39 63 33 68 56 35  pqF9EgqGi89c3hV5
00000090: 43 6D 53 31 54 30 4F 59  7A 4D 35 45 41 61 4F 51  CmS1T0OYzM5EAaOQ
000000A0: 76 38 76 37 41 47 72 58  6F 6E 76 4C 4D 53 6C 6E  v8v7AGrXonvLMSln
000000B0: 6C 62 69 4A 70 55 76 4D  64 4C 5A 4F 73 42 44 66  lbiJpUvMdLZOsBDf
000000C0: 74 65 33 65 50 30 34 4D  4C 62 4D 4D 52 56 35 7A  te3eP04MLbMMRV5z
000000D0: 7A 52 71 73 6B 46 47 5A  69 48 66 43 46 52 70 78  zRqskFGZiHfCFRpx
000000E0: 70 37 56 71 76 6B 6E 70  62 61 50 79 4E 58 42 31  p7VqvknpbaPyNXB1
000000F0: 53 78 72 6E 68 33 4E 42  63 69 52 74 7A 56 7A 57  Sxrnh3NBciRtzVzW
00000100: 6E 67 36 32 39 46 70 43  4A 6C 4F 70 4D 72 4D 71  ng629FpCJlOpMrMq
00000110: 4B 45 76 54 6A 41 38 4C  58 46 75 67 6D 35 77 32  KEvTjA8LXFugm5w2
00000120: 4D 45 57 77 78 20 40 75  73 65 72 6E 61 6D 65 5F  MEWwx @username_
00000130: 37 37 36 20 40 75 73 65  72 6E 61 6D 65 5F 39 31  776 @username_91
00000140: 36 20 40 75 73 65 72 6E  61 6D 65 5F 35 32 33 20  6 @username_523 
00000150: 40 75 73 65 72 6E 61 6D  65 5F 36 34 37 20 68 74  @username_647 ht
00000160: 74 70 3A 2F 2F 73 68 6F  72 74 2D 75 72 6C 2F 56  tp://short-url/V
00000170: 77 44 49 4C 61 78 64 75  71 20 68 74 74 70 3A 2F  wDILaxduq http:/
00000180: 2F 73 68 6F 72 74 2D 75  72 6C 2F 41 42 66 44 6E  /short-url/ABfDn
00000190: 4A 62 71 67 4B 0F 00 02  0C 00 00 00 00 0F 00 03  JbqgK...........
000001A0: 0C 00 00 00 02 0B 00 01  00 00 00 1B 68 74 74 70  ............http
000001B0: 3A 2F 2F 73 68 6F 72 74  2D 75 72 6C 2F 56 77 44  ://short-url/VwD
000001C0: 49 4C 61 78 64 75 71 0B  00 02 00 00 00 47 68 74  ILaxduq......Ght
000001D0: 74 70 3A 2F 2F 37 35 62  41 41 39 6A 70 39 69 71  tp://75bAA9jp9iq
000001E0: 35 76 79 72 55 46 6E 69  4F 4F 4E 35 61 78 4B 4E  5vyrUFniOON5axKN
000001F0: 76 7A 77 70 65 6B 6E 5A  5A 65 51 76 59 5A 61 4C  vzwpeknZZeQvYZaL
00000200: 50 78 6C 43 4F 6E 4C 39  36 57 6B 67 37 4A 6A 51  PxlCOnL96Wkg7JjQ
00000210: 52 76 73 48 49 00 0B 00  01 00 00 00 1B 68 74 74  RvsHI........htt
00000220: 70 3A 2F 2F 73 68 6F 72  74 2D 75 72 6C 2F 41 42  p://short-url/AB
00000230: 66 44 6E 4A 62 71 67 4B  0B 00 02 00 00 00 47 68  fDnJbqgK......Gh
00000240: 74 74 70 3A 2F 2F 78 56  39 31 5A 4E 53 6E 32 44  ttp://xV91ZNSn2D
00000250: 61 54 6C 41 48 70 4C 64  38 52 30 34 77 42 79 36  aTlAHpLd8R04wBy6
00000260: 65 35 79 6F 5A 4D 4F 37  66 34 6E 56 43 76 39 61  e5yoZMO7f4nVCv9a
00000270: 58 63 32 71 65 70 74 56  6D 4A 55 46 50 4D 79 4F  Xc2qeptVmJUFPMyO
00000280: 47 52 7A 58 72 49 00 00  00                       GRzXrI...
====
STREAM PID 40027.0xffff948328f80b00 (C) > 40016.0xffff9482c72c0b00 (S), length 641
command[40027]: b'./src/ComposePostService/ComposePostService'
command[40016]: b'./cmake-build/src/TextService/TextService'
----
00000000: 00 00 02 7D 80 01 00 01  00 00 00 0B 43 6F 6D 70  ...}........Comp
00000010: 6F 73 65 54 65 78 74 00  00 00 00 0A 00 01 05 14  oseText.........
00000020: 47 A6 1D 30 64 80 0B 00  02 00 00 02 4A 41 46 50  G..0d.......JAFP
00000030: 73 6C 64 59 37 70 59 54  35 43 6D 44 38 63 59 6F  sldY7pYT5CmD8cYo
00000040: 79 4E 47 53 48 31 67 47  7A 4E 35 4C 62 4B 36 36  yNGSH1gGzN5LbK66
00000050: 59 61 69 76 54 53 68 4E  72 72 55 53 45 4C 73 4C  YaivTShNrrUSELsL
00000060: 58 58 57 77 50 72 70 74  34 4D 35 42 32 7A 48 33  XXWwPrpt4M5B2zH3
00000070: 46 34 44 49 71 45 4D 37  51 37 47 58 62 72 79 6B  F4DIqEM7Q7GXbryk
00000080: 4F 69 73 33 70 5A 5A 36  5A 69 70 71 4B 6C 45 6E  Ois3pZZ6ZipqKlEn
00000090: 7A 36 4F 54 62 72 4E 49  77 35 49 32 37 59 62 42  z6OTbrNIw5I27YbB
000000A0: 32 4A 33 62 56 62 71 37  4B 68 4A 47 74 44 49 6F  2J3bVbq7KhJGtDIo
000000B0: 35 43 62 39 58 52 46 34  58 66 74 35 4C 48 38 62  5Cb9XRF4Xft5LH8b
000000C0: 5A 72 48 4A 73 54 6B 33  39 57 49 58 39 36 39 76  ZrHJsTk39WIX969v
000000D0: 54 6F 54 79 48 68 41 4C  78 73 6C 51 50 6E 42 36  ToTyHhALxslQPnB6
000000E0: 4E 36 44 65 4B 49 7A 59  42 39 77 55 4B 42 4D 31  N6DeKIzYB9wUKBM1
000000F0: 36 6D 58 49 6C 6C 4B 52  4C 74 47 64 69 77 31 51  6mXIllKRLtGdiw1Q
00000100: 58 51 39 4F 37 4E 6C 79  6B 4D 46 65 34 77 6E 79  XQ9O7NlykMFe4wny
00000110: 48 65 6C 7A 31 61 73 74  76 51 30 6A 35 56 7A 4A  Helz1astvQ0j5VzJ
00000120: 49 67 79 6B 41 32 70 6D  35 58 66 39 36 20 40 75  IgykA2pm5Xf96 @u
00000130: 73 65 72 6E 61 6D 65 5F  35 31 31 20 40 75 73 65  sername_511 @use
00000140: 72 6E 61 6D 65 5F 37 39  36 20 40 75 73 65 72 6E  rname_796 @usern
00000150: 61 6D 65 5F 37 35 32 20  68 74 74 70 3A 2F 2F 59  ame_752 http://Y
00000160: 58 78 71 78 4B 65 69 52  4D 45 47 63 34 4B 74 64  XxqxKeiRMEGc4Ktd
00000170: 55 52 76 41 4D 30 33 6C  6D 30 48 59 6D 59 45 72  URvAM03lm0HYmYEr
00000180: 54 62 76 58 79 71 73 42  56 48 47 54 74 62 35 48  TbvXyqsBVHGTtb5H
00000190: 6B 39 66 73 77 65 59 33  79 73 64 7A 75 66 64 20  k9fsweY3ysdzufd 
000001A0: 68 74 74 70 3A 2F 2F 4B  66 4E 37 78 35 66 4B 56  http://KfN7x5fKV
000001B0: 76 50 51 56 51 57 79 46  50 34 31 50 72 67 4A 68  vPQVQWyFP41PrgJh
000001C0: 55 64 79 69 74 38 79 65  78 55 72 4D 56 44 75 74  Udyit8yexUrMVDut
000001D0: 6F 74 64 66 59 76 54 52  65 45 4A 54 77 54 72 31  otdfYvTReEJTwTr1
000001E0: 54 63 64 6C 63 61 32 20  68 74 74 70 3A 2F 2F 70  Tcdlca2 http://p
000001F0: 52 6C 66 47 75 68 69 61  74 65 77 30 46 44 4F 39  RlfGuhiatew0FDO9
00000200: 43 30 32 71 70 6F 33 51  53 62 36 71 36 4D 52 4D  C02qpo3QSb6q6MRM
00000210: 4C 78 4B 33 52 44 38 72  46 37 6C 55 4C 78 53 64  LxK3RD8rF7lULxSd
00000220: 30 52 79 67 67 70 4C 6D  57 49 32 78 44 49 46 20  0RyggpLmWI2xDIF 
00000230: 68 74 74 70 3A 2F 2F 4F  36 53 49 67 61 55 37 37  http://O6SIgaU77
00000240: 51 59 70 6D 53 48 4B 42  63 72 30 66 78 42 36 4E  QYpmSHKBcr0fxB6N
00000250: 64 48 35 59 49 4D 47 5A  38 51 38 30 49 6E 4D 66  dH5YIMGZ8Q80InMf
00000260: 42 6F 75 52 63 37 6B 62  6F 49 58 38 72 46 44 42  BouRc7kboIX8rFDB
00000270: 47 7A 38 4C 4A 4B 38 0D  00 03 0B 0B 00 00 00 00  Gz8LJK8.........
00000280: 00                                                .
====
STREAM PID 40016.0xffff9482c72c0b00 (S) > 40027.0xffff948328f80b00 (C), length 917
command[40016]: b'./cmake-build/src/TextService/TextService'
command[40027]: b'./src/ComposePostService/ComposePostService'
----
00000000: 00 00 03 91 80 01 00 02  00 00 00 0B 43 6F 6D 70  ............Comp
00000010: 6F 73 65 54 65 78 74 00  00 00 00 0C 00 00 0B 00  oseText.........
00000020: 01 00 00 01 9A 41 46 50  73 6C 64 59 37 70 59 54  .....AFPsldY7pYT
00000030: 35 43 6D 44 38 63 59 6F  79 4E 47 53 48 31 67 47  5CmD8cYoyNGSH1gG
00000040: 7A 4E 35 4C 62 4B 36 36  59 61 69 76 54 53 68 4E  zN5LbK66YaivTShN
00000050: 72 72 55 53 45 4C 73 4C  58 58 57 77 50 72 70 74  rrUSELsLXXWwPrpt
00000060: 34 4D 35 42 32 7A 48 33  46 34 44 49 71 45 4D 37  4M5B2zH3F4DIqEM7
00000070: 51 37 47 58 62 72 79 6B  4F 69 73 33 70 5A 5A 36  Q7GXbrykOis3pZZ6
00000080: 5A 69 70 71 4B 6C 45 6E  7A 36 4F 54 62 72 4E 49  ZipqKlEnz6OTbrNI
00000090: 77 35 49 32 37 59 62 42  32 4A 33 62 56 62 71 37  w5I27YbB2J3bVbq7
000000A0: 4B 68 4A 47 74 44 49 6F  35 43 62 39 58 52 46 34  KhJGtDIo5Cb9XRF4
000000B0: 58 66 74 35 4C 48 38 62  5A 72 48 4A 73 54 6B 33  Xft5LH8bZrHJsTk3
000000C0: 39 57 49 58 39 36 39 76  54 6F 54 79 48 68 41 4C  9WIX969vToTyHhAL
000000D0: 78 73 6C 51 50 6E 42 36  4E 36 44 65 4B 49 7A 59  xslQPnB6N6DeKIzY
000000E0: 42 39 77 55 4B 42 4D 31  36 6D 58 49 6C 6C 4B 52  B9wUKBM16mXIllKR
000000F0: 4C 74 47 64 69 77 31 51  58 51 39 4F 37 4E 6C 79  LtGdiw1QXQ9O7Nly
00000100: 6B 4D 46 65 34 77 6E 79  48 65 6C 7A 31 61 73 74  kMFe4wnyHelz1ast
00000110: 76 51 30 6A 35 56 7A 4A  49 67 79 6B 41 32 70 6D  vQ0j5VzJIgykA2pm
00000120: 35 58 66 39 36 20 40 75  73 65 72 6E 61 6D 65 5F  5Xf96 @username_
00000130: 35 31 31 20 40 75 73 65  72 6E 61 6D 65 5F 37 39  511 @username_79
00000140: 36 20 40 75 73 65 72 6E  61 6D 65 5F 37 35 32 20  6 @username_752 
00000150: 68 74 74 70 3A 2F 2F 73  68 6F 72 74 2D 75 72 6C  http://short-url
00000160: 2F 68 4E 46 53 65 58 75  34 6B 35 20 68 74 74 70  /hNFSeXu4k5 http
00000170: 3A 2F 2F 73 68 6F 72 74  2D 75 72 6C 2F 61 72 75  ://short-url/aru
00000180: 47 67 71 57 6B 32 34 20  68 74 74 70 3A 2F 2F 73  GgqWk24 http://s
00000190: 68 6F 72 74 2D 75 72 6C  2F 42 37 54 6F 41 32 36  hort-url/B7ToA26
000001A0: 52 4F 36 20 68 74 74 70  3A 2F 2F 73 68 6F 72 74  RO6 http://short
000001B0: 2D 75 72 6C 2F 47 7A 45  53 69 31 5A 75 52 5A 0F  -url/GzESi1ZuRZ.
000001C0: 00 02 0C 00 00 00 00 0F  00 03 0C 00 00 00 04 0B  ................
000001D0: 00 01 00 00 00 1B 68 74  74 70 3A 2F 2F 73 68 6F  ......http://sho
000001E0: 72 74 2D 75 72 6C 2F 68  4E 46 53 65 58 75 34 6B  rt-url/hNFSeXu4k
000001F0: 35 0B 00 02 00 00 00 47  68 74 74 70 3A 2F 2F 59  5......Ghttp://Y
00000200: 58 78 71 78 4B 65 69 52  4D 45 47 63 34 4B 74 64  XxqxKeiRMEGc4Ktd
00000210: 55 52 76 41 4D 30 33 6C  6D 30 48 59 6D 59 45 72  URvAM03lm0HYmYEr
00000220: 54 62 76 58 79 71 73 42  56 48 47 54 74 62 35 48  TbvXyqsBVHGTtb5H
00000230: 6B 39 66 73 77 65 59 33  79 73 64 7A 75 66 64 00  k9fsweY3ysdzufd.
00000240: 0B 00 01 00 00 00 1B 68  74 74 70 3A 2F 2F 73 68  .......http://sh
00000250: 6F 72 74 2D 75 72 6C 2F  61 72 75 47 67 71 57 6B  ort-url/aruGgqWk
00000260: 32 34 0B 00 02 00 00 00  47 68 74 74 70 3A 2F 2F  24......Ghttp://
00000270: 4B 66 4E 37 78 35 66 4B  56 76 50 51 56 51 57 79  KfN7x5fKVvPQVQWy
00000280: 46 50 34 31 50 72 67 4A  68 55 64 79 69 74 38 79  FP41PrgJhUdyit8y
00000290: 65 78 55 72 4D 56 44 75  74 6F 74 64 66 59 76 54  exUrMVDutotdfYvT
000002A0: 52 65 45 4A 54 77 54 72  31 54 63 64 6C 63 61 32  ReEJTwTr1Tcdlca2
000002B0: 00 0B 00 01 00 00 00 1B  68 74 74 70 3A 2F 2F 73  ........http://s
000002C0: 68 6F 72 74 2D 75 72 6C  2F 42 37 54 6F 41 32 36  hort-url/B7ToA26
000002D0: 52 4F 36 0B 00 02 00 00  00 47 68 74 74 70 3A 2F  RO6......Ghttp:/
000002E0: 2F 70 52 6C 66 47 75 68  69 61 74 65 77 30 46 44  /pRlfGuhiatew0FD
000002F0: 4F 39 43 30 32 71 70 6F  33 51 53 62 36 71 36 4D  O9C02qpo3QSb6q6M
00000300: 52 4D 4C 78 4B 33 52 44  38 72 46 37 6C 55 4C 78  RMLxK3RD8rF7lULx
00000310: 53 64 30 52 79 67 67 70  4C 6D 57 49 32 78 44 49  Sd0RyggpLmWI2xDI
00000320: 46 00 0B 00 01 00 00 00  1B 68 74 74 70 3A 2F 2F  F........http://
00000330: 73 68 6F 72 74 2D 75 72  6C 2F 47 7A 45 53 69 31  short-url/GzESi1
00000340: 5A 75 52 5A 0B 00 02 00  00 00 47 68 74 74 70 3A  ZuRZ......Ghttp:
00000350: 2F 2F 4F 36 53 49 67 61  55 37 37 51 59 70 6D 53  //O6SIgaU77QYpmS
00000360: 48 4B 42 63 72 30 66 78  42 36 4E 64 48 35 59 49  HKBcr0fxB6NdH5YI
00000370: 4D 47 5A 38 51 38 30 49  6E 4D 66 42 6F 75 52 63  MGZ8Q80InMfBouRc
00000380: 37 6B 62 6F 49 58 38 72  46 44 42 47 7A 38 4C 4A  7kboIX8rFDBGz8LJ
00000390: 4B 38 00 00 00                                    K8...
====
STREAM PID 40027.0xffff948328f80b00 (C) > 40016.0xffff9482c72c0b00 (S), length 483
command[40027]: b'./src/ComposePostService/ComposePostService'
command[40016]: b'./cmake-build/src/TextService/TextService'
----
00000000: 00 00 01 DF 80 01 00 01  00 00 00 0B 43 6F 6D 70  ............Comp
00000010: 6F 73 65 54 65 78 74 00  00 00 00 0A 00 01 0F 1F  oseText.........
00000020: 44 C0 24 8F 2A 80 0B 00  02 00 00 01 AC 76 59 53  D.$.*........vYS
00000030: 68 55 51 66 48 52 4E 4F  31 64 73 58 66 4A 63 45  hUQfHRNO1dsXfJcE
00000040: 61 59 74 56 78 6D 79 62  79 4E 49 59 35 50 56 57  aYtVxmybyNIY5PVW
00000050: 6A 30 48 50 77 38 64 55  79 41 71 78 62 53 49 64  j0HPw8dUyAqxbSId
00000060: 70 52 6D 41 55 36 78 72  4A 7A 36 70 44 5A 72 4C  pRmAU6xrJz6pDZrL
00000070: 32 35 76 77 4A 7A 6E 71  68 45 70 4A 34 6B 7A 4A  25vwJznqhEpJ4kzJ
00000080: 61 43 39 66 57 66 59 42  42 72 67 56 6B 33 56 61  aC9fWfYBBrgVk3Va
00000090: 74 70 62 73 56 4E 39 4A  33 6E 4E 6A 4B 68 57 35  tpbsVN9J3nNjKhW5
000000A0: 55 36 77 70 4A 61 4C 6B  51 34 6F 53 68 35 6D 58  U6wpJaLkQ4oSh5mX
000000B0: 54 67 5A 47 67 4D 6F 31  72 58 46 78 76 6B 49 67  TgZGgMo1rXFxvkIg
000000C0: 50 55 45 4A 31 39 42 74  31 57 37 62 6F 36 6D 7A  PUEJ19Bt1W7bo6mz
000000D0: 6D 7A 76 4E 57 48 71 67  5A 50 62 70 49 36 42 73  mzvNWHqgZPbpI6Bs
000000E0: 66 71 64 67 42 6C 49 4F  77 59 71 6A 71 78 6F 4C  fqdgBlIOwYqjqxoL
000000F0: 73 53 78 76 4C 79 62 64  73 62 6E 32 72 5A 71 55  sSxvLybdsbn2rZqU
00000100: 7A 51 33 4B 54 6E 6A 47  4C 63 70 30 77 39 55 49  zQ3KTnjGLcp0w9UI
00000110: 30 6C 50 6B 43 45 41 42  7A 6E 75 6B 38 38 79 65  0lPkCEABznuk88ye
00000120: 71 34 39 30 4D 56 6B 53  67 4F 41 67 6E 20 40 75  q490MVkSgOAgn @u
00000130: 73 65 72 6E 61 6D 65 5F  35 38 33 20 40 75 73 65  sername_583 @use
00000140: 72 6E 61 6D 65 5F 34 36  35 20 68 74 74 70 3A 2F  rname_465 http:/
00000150: 2F 4E 45 6B 6B 63 67 55  62 64 74 66 6D 35 71 6A  /NEkkcgUbdtfm5qj
00000160: 78 4C 75 45 53 66 69 68  53 38 75 79 42 6E 53 46  xLuESfihS8uyBnSF
00000170: 61 70 79 56 31 6D 6F 6B  54 50 53 39 49 37 62 75  apyV1mokTPS9I7bu
00000180: 78 39 47 61 6A 57 53 31  52 6E 34 6E 64 59 32 53  x9GajWS1Rn4ndY2S
00000190: 34 20 68 74 74 70 3A 2F  2F 46 47 36 78 39 6C 61  4 http://FG6x9la
000001A0: 6C 6D 46 78 36 46 33 4F  42 49 31 4D 6B 79 70 46  lmFx6F3OBI1MkypF
000001B0: 65 6D 52 7A 47 63 47 57  57 66 72 4E 6B 67 45 30  emRzGcGWWfrNkgE0
000001C0: 77 66 5A 49 74 4E 5A 6F  54 76 44 79 73 6F 45 44  wfZItNZoTvDysoED
000001D0: 4D 34 73 62 6A 6F 64 39  4B 0D 00 03 0B 0B 00 00  M4sbjod9K.......
000001E0: 00 00 00                                          ...
====
STREAM PID 40016.0xffff9482c72c0b00 (S) > 40027.0xffff948328f80b00 (C), length 621
command[40016]: b'./cmake-build/src/TextService/TextService'
command[40027]: b'./src/ComposePostService/ComposePostService'
----
00000000: 00 00 02 69 80 01 00 02  00 00 00 0B 43 6F 6D 70  ...i........Comp
00000010: 6F 73 65 54 65 78 74 00  00 00 00 0C 00 00 0B 00  oseText.........
00000020: 01 00 00 01 54 76 59 53  68 55 51 66 48 52 4E 4F  ....TvYShUQfHRNO
00000030: 31 64 73 58 66 4A 63 45  61 59 74 56 78 6D 79 62  1dsXfJcEaYtVxmyb
00000040: 79 4E 49 59 35 50 56 57  6A 30 48 50 77 38 64 55  yNIY5PVWj0HPw8dU
00000050: 79 41 71 78 62 53 49 64  70 52 6D 41 55 36 78 72  yAqxbSIdpRmAU6xr
00000060: 4A 7A 36 70 44 5A 72 4C  32 35 76 77 4A 7A 6E 71  Jz6pDZrL25vwJznq
00000070: 68 45 70 4A 34 6B 7A 4A  61 43 39 66 57 66 59 42  hEpJ4kzJaC9fWfYB
00000080: 42 72 67 56 6B 33 56 61  74 70 62 73 56 4E 39 4A  BrgVk3VatpbsVN9J
00000090: 33 6E 4E 6A 4B 68 57 35  55 36 77 70 4A 61 4C 6B  3nNjKhW5U6wpJaLk
000000A0: 51 34 6F 53 68 35 6D 58  54 67 5A 47 67 4D 6F 31  Q4oSh5mXTgZGgMo1
000000B0: 72 58 46 78 76 6B 49 67  50 55 45 4A 31 39 42 74  rXFxvkIgPUEJ19Bt
000000C0: 31 57 37 62 6F 36 6D 7A  6D 7A 76 4E 57 48 71 67  1W7bo6mzmzvNWHqg
000000D0: 5A 50 62 70 49 36 42 73  66 71 64 67 42 6C 49 4F  ZPbpI6BsfqdgBlIO
000000E0: 77 59 71 6A 71 78 6F 4C  73 53 78 76 4C 79 62 64  wYqjqxoLsSxvLybd
000000F0: 73 62 6E 32 72 5A 71 55  7A 51 33 4B 54 6E 6A 47  sbn2rZqUzQ3KTnjG
00000100: 4C 63 70 30 77 39 55 49  30 6C 50 6B 43 45 41 42  Lcp0w9UI0lPkCEAB
00000110: 7A 6E 75 6B 38 38 79 65  71 34 39 30 4D 56 6B 53  znuk88yeq490MVkS
00000120: 67 4F 41 67 6E 20 40 75  73 65 72 6E 61 6D 65 5F  gOAgn @username_
00000130: 35 38 33 20 40 75 73 65  72 6E 61 6D 65 5F 34 36  583 @username_46
00000140: 35 20 68 74 74 70 3A 2F  2F 73 68 6F 72 74 2D 75  5 http://short-u
00000150: 72 6C 2F 66 54 4C 74 62  37 50 79 6D 4E 20 68 74  rl/fTLtb7PymN ht
00000160: 74 70 3A 2F 2F 73 68 6F  72 74 2D 75 72 6C 2F 6C  tp://short-url/l
00000170: 4A 52 58 33 4E 51 43 38  57 0F 00 02 0C 00 00 00  JRX3NQC8W.......
00000180: 00 0F 00 03 0C 00 00 00  02 0B 00 01 00 00 00 1B  ................
00000190: 68 74 74 70 3A 2F 2F 73  68 6F 72 74 2D 75 72 6C  http://short-url
000001A0: 2F 66 54 4C 74 62 37 50  79 6D 4E 0B 00 02 00 00  /fTLtb7PymN.....
000001B0: 00 47 68 74 74 70 3A 2F  2F 4E 45 6B 6B 63 67 55  .Ghttp://NEkkcgU
000001C0: 62 64 74 66 6D 35 71 6A  78 4C 75 45 53 66 69 68  bdtfm5qjxLuESfih
000001D0: 53 38 75 79 42 6E 53 46  61 70 79 56 31 6D 6F 6B  S8uyBnSFapyV1mok
000001E0: 54 50 53 39 49 37 62 75  78 39 47 61 6A 57 53 31  TPS9I7bux9GajWS1
000001F0: 52 6E 34 6E 64 59 32 53  34 00 0B 00 01 00 00 00  Rn4ndY2S4.......
00000200: 1B 68 74 74 70 3A 2F 2F  73 68 6F 72 74 2D 75 72  .http://short-ur
00000210: 6C 2F 6C 4A 52 58 33 4E  51 43 38 57 0B 00 02 00  l/lJRX3NQC8W....
00000220: 00 00 47 68 74 74 70 3A  2F 2F 46 47 36 78 39 6C  ..Ghttp://FG6x9l
00000230: 61 6C 6D 46 78 36 46 33  4F 42 49 31 4D 6B 79 70  almFx6F3OBI1Mkyp
00000240: 46 65 6D 52 7A 47 63 47  57 57 66 72 4E 6B 67 45  FemRzGcGWWfrNkgE
00000250: 30 77 66 5A 49 74 4E 5A  6F 54 76 44 79 73 6F 45  0wfZItNZoTvDysoE
00000260: 44 4D 34 73 62 6A 6F 64  39 4B 00 00 00           DM4sbjod9K...
====
STREAM PID 40027.0xffff948328f80b00 (C) > 40016.0xffff9482c72c0b00 (S), length 655
command[40027]: b'./src/ComposePostService/ComposePostService'
command[40016]: b'./cmake-build/src/TextService/TextService'
----
00000000: 00 00 02 8B 80 01 00 01  00 00 00 0B 43 6F 6D 70  ............Comp
00000010: 6F 73 65 54 65 78 74 00  00 00 00 0A 00 01 05 A9  oseText.........
00000020: 74 7E 8A 87 B0 00 0B 00  02 00 00 02 58 51 56 76  t~..........XQVv
00000030: 43 4D 78 4B 71 51 47 72  57 4F 31 39 7A 6F 46 4A  CMxKqQGrWO19zoFJ
00000040: 4B 55 44 51 4E 4C 58 72  35 44 34 33 68 41 39 79  KUDQNLXr5D43hA9y
00000050: 44 65 50 70 56 78 50 79  65 4D 4E 68 58 6F 34 38  DePpVxPyeMNhXo48
00000060: 43 55 4A 6D 5A 38 38 5A  31 39 63 78 45 66 49 74  CUJmZ88Z19cxEfIt
00000070: 6E 42 77 52 54 4C 77 4C  39 68 5A 68 70 72 72 75  nBwRTLwL9hZhprru
00000080: 56 47 55 75 34 4E 56 74  46 41 41 71 42 4C 6C 4D  VGUu4NVtFAAqBLlM
00000090: 36 6C 57 36 72 71 39 76  42 63 45 62 64 6A 66 76  6lW6rq9vBcEbdjfv
000000A0: 63 70 56 37 71 51 41 61  61 63 47 43 37 65 70 76  cpV7qQAaacGC7epv
000000B0: 7A 67 47 61 37 73 35 4F  74 5A 6A 6B 76 43 75 6C  zgGa7s5OtZjkvCul
000000C0: 63 6A 47 65 70 70 45 35  38 7A 31 42 6C 36 55 50  cjGeppE58z1Bl6UP
000000D0: 69 73 6B 6E 41 4E 55 65  48 49 68 49 39 34 56 63  isknANUeHIhI94Vc
000000E0: 6C 4B 51 65 57 66 46 67  52 4B 6D 54 37 39 64 72  lKQeWfFgRKmT79dr
000000F0: 71 49 36 78 43 46 30 51  52 45 31 6C 77 79 78 6A  qI6xCF0QRE1lwyxj
00000100: 57 64 73 6D 65 6A 41 75  67 67 45 31 34 57 56 6A  WdsmejAuggE14WVj
00000110: 31 45 53 36 7A 63 59 76  4F 6B 41 6E 51 62 76 36  1ES6zcYvOkAnQbv6
00000120: 52 6B 41 46 72 55 57 35  5A 66 73 72 47 20 40 75  RkAFrUW5ZfsrG @u
00000130: 73 65 72 6E 61 6D 65 5F  31 30 39 20 40 75 73 65  sername_109 @use
00000140: 72 6E 61 6D 65 5F 35 33  39 20 40 75 73 65 72 6E  rname_539 @usern
00000150: 61 6D 65 5F 35 35 36 20  40 75 73 65 72 6E 61 6D  ame_556 @usernam
00000160: 65 5F 38 35 33 20 68 74  74 70 3A 2F 2F 47 69 78  e_853 http://Gix
00000170: 4C 63 4B 39 41 4D 42 73  72 52 77 52 37 58 75 77  LcK9AMBsrRwR7Xuw
00000180: 76 34 34 53 68 74 41 35  68 55 79 69 4D 71 4D 6A  v44ShtA5hUyiMqMj
00000190: 71 64 76 79 6C 7A 5A 56  4D 6C 4D 72 4C 4F 33 6C  qdvylzZVMlMrLO3l
000001A0: 52 36 6B 62 33 70 39 71  61 76 52 37 73 20 68 74  R6kb3p9qavR7s ht
000001B0: 74 70 3A 2F 2F 4D 41 4E  79 47 59 37 31 44 37 70  tp://MANyGY71D7p
000001C0: 58 59 74 49 73 4D 76 42  43 33 52 67 65 62 63 53  XYtIsMvBC3RgebcS
000001D0: 39 31 54 72 63 75 31 4B  73 6C 45 5A 70 4D 68 39  91Trcu1KslEZpMh9
000001E0: 45 4B 59 59 75 7A 31 75  6D 43 39 73 36 36 69 34  EKYYuz1umC9s66i4
000001F0: 73 31 32 50 43 20 68 74  74 70 3A 2F 2F 61 76 59  s12PC http://avY
00000200: 5A 47 66 79 66 48 6D 39  7A 6C 6A 58 6A 41 68 62  ZGfyfHm9zljXjAhb
00000210: 49 36 79 64 30 51 52 6B  72 6D 71 58 46 4D 30 32  I6yd0QRkrmqXFM02
00000220: 6F 7A 74 62 73 6B 44 30  64 66 7A 32 46 49 4B 71  oztbskD0dfz2FIKq
00000230: 35 31 64 4D 73 61 6C 34  47 4C 39 65 33 20 68 74  51dMsal4GL9e3 ht
00000240: 74 70 3A 2F 2F 62 6E 43  7A 41 44 37 69 46 35 6B  tp://bnCzAD7iF5k
00000250: 70 70 44 41 62 58 35 43  50 62 65 61 4F 4B 57 4C  ppDAbX5CPbeaOKWL
00000260: 58 72 72 55 36 64 43 65  74 45 7A 77 7A 34 73 59  XrrU6dCetEzwz4sY
00000270: 72 49 37 73 79 54 50 6E  34 4B 6F 51 63 45 61 71  rI7syTPn4KoQcEaq
00000280: 48 6E 39 4A 41 0D 00 03  0B 0B 00 00 00 00 00     Hn9JA..........
====
STREAM PID 40016.0xffff9482c72c0b00 (S) > 40027.0xffff948328f80b00 (C), length 931
command[40016]: b'./cmake-build/src/TextService/TextService'
command[40027]: b'./src/ComposePostService/ComposePostService'
----
00000000: 00 00 03 9F 80 01 00 02  00 00 00 0B 43 6F 6D 70  ............Comp
00000010: 6F 73 65 54 65 78 74 00  00 00 00 0C 00 00 0B 00  oseText.........
00000020: 01 00 00 01 A8 51 56 76  43 4D 78 4B 71 51 47 72  .....QVvCMxKqQGr
00000030: 57 4F 31 39 7A 6F 46 4A  4B 55 44 51 4E 4C 58 72  WO19zoFJKUDQNLXr
00000040: 35 44 34 33 68 41 39 79  44 65 50 70 56 78 50 79  5D43hA9yDePpVxPy
00000050: 65 4D 4E 68 58 6F 34 38  43 55 4A 6D 5A 38 38 5A  eMNhXo48CUJmZ88Z
00000060: 31 39 63 78 45 66 49 74  6E 42 77 52 54 4C 77 4C  19cxEfItnBwRTLwL
00000070: 39 68 5A 68 70 72 72 75  56 47 55 75 34 4E 56 74  9hZhprruVGUu4NVt
00000080: 46 41 41 71 42 4C 6C 4D  36 6C 57 36 72 71 39 76  FAAqBLlM6lW6rq9v
00000090: 42 63 45 62 64 6A 66 76  63 70 56 37 71 51 41 61  BcEbdjfvcpV7qQAa
000000A0: 61 63 47 43 37 65 70 76  7A 67 47 61 37 73 35 4F  acGC7epvzgGa7s5O
000000B0: 74 5A 6A 6B 76 43 75 6C  63 6A 47 65 70 70 45 35  tZjkvCulcjGeppE5
000000C0: 38 7A 31 42 6C 36 55 50  69 73 6B 6E 41 4E 55 65  8z1Bl6UPisknANUe
000000D0: 48 49 68 49 39 34 56 63  6C 4B 51 65 57 66 46 67  HIhI94VclKQeWfFg
000000E0: 52 4B 6D 54 37 39 64 72  71 49 36 78 43 46 30 51  RKmT79drqI6xCF0Q
000000F0: 52 45 31 6C 77 79 78 6A  57 64 73 6D 65 6A 41 75  RE1lwyxjWdsmejAu
00000100: 67 67 45 31 34 57 56 6A  31 45 53 36 7A 63 59 76  ggE14WVj1ES6zcYv
00000110: 4F 6B 41 6E 51 62 76 36  52 6B 41 46 72 55 57 35  OkAnQbv6RkAFrUW5
00000120: 5A 66 73 72 47 20 40 75  73 65 72 6E 61 6D 65 5F  ZfsrG @username_
00000130: 31 30 39 20 40 75 73 65  72 6E 61 6D 65 5F 35 33  109 @username_53
00000140: 39 20 40 75 73 65 72 6E  61 6D 65 5F 35 35 36 20  9 @username_556 
00000150: 40 75 73 65 72 6E 61 6D  65 5F 38 35 33 20 68 74  @username_853 ht
00000160: 74 70 3A 2F 2F 73 68 6F  72 74 2D 75 72 6C 2F 6B  tp://short-url/k
00000170: 4C 7A 4A 77 33 52 6D 4D  6B 20 68 74 74 70 3A 2F  LzJw3RmMk http:/
00000180: 2F 73 68 6F 72 74 2D 75  72 6C 2F 70 74 44 43 5A  /short-url/ptDCZ
00000190: 59 56 49 66 57 20 68 74  74 70 3A 2F 2F 73 68 6F  YVIfW http://sho
000001A0: 72 74 2D 75 72 6C 2F 34  6F 72 68 45 75 62 6D 76  rt-url/4orhEubmv
000001B0: 50 20 68 74 74 70 3A 2F  2F 73 68 6F 72 74 2D 75  P http://short-u
000001C0: 72 6C 2F 6E 68 39 51 64  66 33 6D 67 30 0F 00 02  rl/nh9Qdf3mg0...
000001D0: 0C 00 00 00 00 0F 00 03  0C 00 00 00 04 0B 00 01  ................
000001E0: 00 00 00 1B 68 74 74 70  3A 2F 2F 73 68 6F 72 74  ....http://short
000001F0: 2D 75 72 6C 2F 6B 4C 7A  4A 77 33 52 6D 4D 6B 0B  -url/kLzJw3RmMk.
00000200: 00 02 00 00 00 47 68 74  74 70 3A 2F 2F 47 69 78  .....Ghttp://Gix
00000210: 4C 63 4B 39 41 4D 42 73  72 52 77 52 37 58 75 77  LcK9AMBsrRwR7Xuw
00000220: 76 34 34 53 68 74 41 35  68 55 79 69 4D 71 4D 6A  v44ShtA5hUyiMqMj
00000230: 71 64 76 79 6C 7A 5A 56  4D 6C 4D 72 4C 4F 33 6C  qdvylzZVMlMrLO3l
00000240: 52 36 6B 62 33 70 39 71  61 76 52 37 73 00 0B 00  R6kb3p9qavR7s...
00000250: 01 00 00 00 1B 68 74 74  70 3A 2F 2F 73 68 6F 72  .....http://shor
00000260: 74 2D 75 72 6C 2F 70 74  44 43 5A 59 56 49 66 57  t-url/ptDCZYVIfW
00000270: 0B 00 02 00 00 00 47 68  74 74 70 3A 2F 2F 4D 41  ......Ghttp://MA
00000280: 4E 79 47 59 37 31 44 37  70 58 59 74 49 73 4D 76  NyGY71D7pXYtIsMv
00000290: 42 43 33 52 67 65 62 63  53 39 31 54 72 63 75 31  BC3RgebcS91Trcu1
000002A0: 4B 73 6C 45 5A 70 4D 68  39 45 4B 59 59 75 7A 31  KslEZpMh9EKYYuz1
000002B0: 75 6D 43 39 73 36 36 69  34 73 31 32 50 43 00 0B  umC9s66i4s12PC..
000002C0: 00 01 00 00 00 1B 68 74  74 70 3A 2F 2F 73 68 6F  ......http://sho
000002D0: 72 74 2D 75 72 6C 2F 34  6F 72 68 45 75 62 6D 76  rt-url/4orhEubmv
000002E0: 50 0B 00 02 00 00 00 47  68 74 74 70 3A 2F 2F 61  P......Ghttp://a
000002F0: 76 59 5A 47 66 79 66 48  6D 39 7A 6C 6A 58 6A 41  vYZGfyfHm9zljXjA
00000300: 68 62 49 36 79 64 30 51  52 6B 72 6D 71 58 46 4D  hbI6yd0QRkrmqXFM
00000310: 30 32 6F 7A 74 62 73 6B  44 30 64 66 7A 32 46 49  02oztbskD0dfz2FI
00000320: 4B 71 35 31 64 4D 73 61  6C 34 47 4C 39 65 33 00  Kq51dMsal4GL9e3.
00000330: 0B 00 01 00 00 00 1B 68  74 74 70 3A 2F 2F 73 68  .......http://sh
00000340: 6F 72 74 2D 75 72 6C 2F  6E 68 39 51 64 66 33 6D  ort-url/nh9Qdf3m
00000350: 67 30 0B 00 02 00 00 00  47 68 74 74 70 3A 2F 2F  g0......Ghttp://
00000360: 62 6E 43 7A 41 44 37 69  46 35 6B 70 70 44 41 62  bnCzAD7iF5kppDAb
00000370: 58 35 43 50 62 65 61 4F  4B 57 4C 58 72 72 55 36  X5CPbeaOKWLXrrU6
00000380: 64 43 65 74 45 7A 77 7A  34 73 59 72 49 37 73 79  dCetEzwz4sYrI7sy
00000390: 54 50 6E 34 4B 6F 51 63  45 61 71 48 6E 39 4A 41  TPn4KoQcEaqHn9JA
000003A0: 00 00 00                                          ...
====
STREAM PID 40027.0xffff948328f80b00 (C) > 40016.0xffff9482c72c0b00 (S), length 367
command[40027]: b'./src/ComposePostService/ComposePostService'
command[40016]: b'./cmake-build/src/TextService/TextService'
----
00000000: 00 00 01 6B 80 01 00 01  00 00 00 0B 43 6F 6D 70  ...k........Comp
00000010: 6F 73 65 54 65 78 74 00  00 00 00 0A 00 01 0B E0  oseText.........
00000020: 65 55 D4 4A A9 00 0B 00  02 00 00 01 38 75 69 7A  eU.J........8uiz
00000030: 73 34 6B 7A 77 6C 72 4A  58 61 77 6D 43 56 61 6F  s4kzwlrJXawmCVao
00000040: 30 48 71 54 47 66 67 43  76 4B 77 32 34 78 7A 36  0HqTGfgCvKw24xz6
00000050: 76 47 54 68 52 33 39 65  48 58 67 72 68 36 43 31  vGThR39eHXgrh6C1
00000060: 78 67 6D 59 45 49 59 70  43 69 49 41 59 71 56 50  xgmYEIYpCiIAYqVP
00000070: 79 62 32 75 30 66 72 32  30 31 6D 34 36 64 32 4D  yb2u0fr201m46d2M
00000080: 59 6D 68 5A 34 33 6A 79  56 34 31 62 71 73 62 5A  YmhZ43jyV41bqsbZ
00000090: 79 4A 64 57 4E 5A 62 43  51 66 50 36 57 6C 69 75  yJdWNZbCQfP6Wliu
000000A0: 6F 67 6E 5A 64 6A 51 65  6C 61 31 32 73 43 35 68  ognZdjQela12sC5h
000000B0: 4B 38 4D 6E 30 6F 67 42  4F 34 4F 38 68 32 4C 4D  K8Mn0ogBO4O8h2LM
000000C0: 77 48 44 30 5A 4F 4C 35  64 61 6F 4B 62 6B 4D 75  wHD0ZOL5daoKbkMu
000000D0: 4B 76 78 4D 63 69 57 77  79 77 70 48 35 6F 42 4E  KvxMciWwywpH5oBN
000000E0: 33 50 51 50 73 38 6D 33  39 34 4A 79 41 46 6E 50  3PQPs8m394JyAFnP
000000F0: 4A 4E 55 70 79 5A 74 58  6D 31 53 33 49 70 78 4C  JNUpyZtXm1S3IpxL
00000100: 4D 47 51 73 48 4E 4A 55  5A 33 69 67 6F 46 30 31  MGQsHNJUZ3igoF01
00000110: 68 67 72 7A 4E 43 79 31  37 5A 57 4A 32 77 74 74  hgrzNCy17ZWJ2wtt
00000120: 42 6E 6D 78 6E 75 76 4D  44 6E 4B 6F 31 20 40 75  BnmxnuvMDnKo1 @u
00000130: 73 65 72 6E 61 6D 65 5F  37 39 38 20 40 75 73 65  sername_798 @use
00000140: 72 6E 61 6D 65 5F 33 33  38 20 40 75 73 65 72 6E  rname_338 @usern
00000150: 61 6D 65 5F 36 38 32 20  40 75 73 65 72 6E 61 6D  ame_682 @usernam
00000160: 65 5F 36 38 31 0D 00 03  0B 0B 00 00 00 00 00     e_681..........
====
STREAM PID 40016.0xffff9482c72c0b00 (S) > 40027.0xffff948328f80b00 (C), length 367
command[40016]: b'./cmake-build/src/TextService/TextService'
command[40027]: b'./src/ComposePostService/ComposePostService'
----
00000000: 00 00 01 6B 80 01 00 02  00 00 00 0B 43 6F 6D 70  ...k........Comp
00000010: 6F 73 65 54 65 78 74 00  00 00 00 0C 00 00 0B 00  oseText.........
00000020: 01 00 00 01 38 75 69 7A  73 34 6B 7A 77 6C 72 4A  ....8uizs4kzwlrJ
00000030: 58 61 77 6D 43 56 61 6F  30 48 71 54 47 66 67 43  XawmCVao0HqTGfgC
00000040: 76 4B 77 32 34 78 7A 36  76 47 54 68 52 33 39 65  vKw24xz6vGThR39e
00000050: 48 58 67 72 68 36 43 31  78 67 6D 59 45 49 59 70  HXgrh6C1xgmYEIYp
00000060: 43 69 49 41 59 71 56 50  79 62 32 75 30 66 72 32  CiIAYqVPyb2u0fr2
00000070: 30 31 6D 34 36 64 32 4D  59 6D 68 5A 34 33 6A 79  01m46d2MYmhZ43jy
00000080: 56 34 31 62 71 73 62 5A  79 4A 64 57 4E 5A 62 43  V41bqsbZyJdWNZbC
00000090: 51 66 50 36 57 6C 69 75  6F 67 6E 5A 64 6A 51 65  QfP6WliuognZdjQe
000000A0: 6C 61 31 32 73 43 35 68  4B 38 4D 6E 30 6F 67 42  la12sC5hK8Mn0ogB
000000B0: 4F 34 4F 38 68 32 4C 4D  77 48 44 30 5A 4F 4C 35  O4O8h2LMwHD0ZOL5
000000C0: 64 61 6F 4B 62 6B 4D 75  4B 76 78 4D 63 69 57 77  daoKbkMuKvxMciWw
000000D0: 79 77 70 48 35 6F 42 4E  33 50 51 50 73 38 6D 33  ywpH5oBN3PQPs8m3
000000E0: 39 34 4A 79 41 46 6E 50  4A 4E 55 70 79 5A 74 58  94JyAFnPJNUpyZtX
000000F0: 6D 31 53 33 49 70 78 4C  4D 47 51 73 48 4E 4A 55  m1S3IpxLMGQsHNJU
00000100: 5A 33 69 67 6F 46 30 31  68 67 72 7A 4E 43 79 31  Z3igoF01hgrzNCy1
00000110: 37 5A 57 4A 32 77 74 74  42 6E 6D 78 6E 75 76 4D  7ZWJ2wttBnmxnuvM
00000120: 44 6E 4B 6F 31 20 40 75  73 65 72 6E 61 6D 65 5F  DnKo1 @username_
00000130: 37 39 38 20 40 75 73 65  72 6E 61 6D 65 5F 33 33  798 @username_33
00000140: 38 20 40 75 73 65 72 6E  61 6D 65 5F 36 38 32 20  8 @username_682 
00000150: 40 75 73 65 72 6E 61 6D  65 5F 36 38 31 0F 00 02  @username_681...
00000160: 0C 00 00 00 00 0F 00 03  0C 00 00 00 00 00 00     ...............
====
STREAM PID 40027.0xffff948328f80b00 (C) > 40016.0xffff9482c72c0b00 (S), length 525
command[40027]: b'./src/ComposePostService/ComposePostService'
command[40016]: b'./cmake-build/src/TextService/TextService'
----
00000000: 00 00 02 09 80 01 00 01  00 00 00 0B 43 6F 6D 70  ............Comp
00000010: 6F 73 65 54 65 78 74 00  00 00 00 0A 00 01 0C 8A  oseText.........
00000020: DF 4C 71 01 58 00 0B 00  02 00 00 01 D6 48 69 59  .Lq.X........HiY
00000030: 43 68 51 59 53 74 49 62  56 72 31 75 30 49 54 48  ChQYStIbVr1u0ITH
00000040: 70 6B 41 39 37 34 34 72  35 76 64 45 74 74 42 6C  pkA9744r5vdEttBl
00000050: 78 53 77 50 72 35 78 5A  58 35 74 50 79 58 47 6A  xSwPr5xZX5tPyXGj
00000060: 6D 45 48 46 35 69 74 52  38 77 57 76 33 48 58 44  mEHF5itR8wWv3HXD
00000070: 6B 32 74 48 73 31 70 7A  52 6A 4B 31 54 49 37 50  k2tHs1pzRjK1TI7P
00000080: 71 4D 67 41 31 71 70 49  34 77 35 63 66 4C 44 54  qMgA1qpI4w5cfLDT
00000090: 6E 59 38 68 48 74 38 6F  62 54 66 73 5A 41 74 39  nY8hHt8obTfsZAt9
000000A0: 61 4B 79 4B 41 62 54 58  4F 30 71 49 54 55 72 39  aKyKAbTXO0qITUr9
000000B0: 38 67 6A 63 42 55 63 66  67 55 35 43 4D 79 41 7A  8gjcBUcfgU5CMyAz
000000C0: 58 4D 54 6D 35 57 48 77  53 31 6D 50 72 64 38 73  XMTm5WHwS1mPrd8s
000000D0: 62 74 57 4A 74 6E 4F 50  33 68 58 44 55 36 5A 6F  btWJtnOP3hXDU6Zo
000000E0: 43 6A 53 55 59 69 64 68  4D 42 5A 48 68 46 42 65  CjSUYidhMBZHhFBe
000000F0: 73 4F 46 72 37 49 52 41  39 67 77 44 74 46 6F 6A  sOFr7IRA9gwDtFoj
00000100: 4C 74 71 45 30 50 6F 71  33 69 73 54 38 58 46 34  LtqE0Poq3isT8XF4
00000110: 74 6C 4A 5A 70 72 4D 63  62 50 41 4F 47 57 47 58  tlJZprMcbPAOGWGX
00000120: 50 4C 64 76 72 4A 79 67  64 69 56 68 59 20 40 75  PLdvrJygdiVhY @u
00000130: 73 65 72 6E 61 6D 65 5F  31 33 32 20 40 75 73 65  sername_132 @use
00000140: 72 6E 61 6D 65 5F 35 35  39 20 40 75 73 65 72 6E  rname_559 @usern
00000150: 61 6D 65 5F 39 33 33 20  40 75 73 65 72 6E 61 6D  ame_933 @usernam
00000160: 65 5F 33 37 30 20 40 75  73 65 72 6E 61 6D 65 5F  e_370 @username_
00000170: 33 32 31 20 68 74 74 70  3A 2F 2F 69 6B 38 39 65  321 http://ik89e
00000180: 47 39 54 30 63 6F 49 6A  62 6B 77 6B 4B 38 38 45  G9T0coIjbkwkK88E
00000190: 75 4D 64 61 52 55 73 53  42 58 43 52 59 50 74 39  uMdaRUsSBXCRYPt9
000001A0: 30 4D 65 67 52 62 30 75  66 35 50 30 71 47 56 49  0MegRb0uf5P0qGVI
000001B0: 52 79 50 46 6F 56 63 42  5A 65 48 20 68 74 74 70  RyPFoVcBZeH http
000001C0: 3A 2F 2F 57 63 5A 57 70  6B 6C 38 71 72 39 62 56  ://WcZWpkl8qr9bV
000001D0: 77 79 50 32 38 66 58 74  4C 42 56 58 49 36 48 44  wyP28fXtLBVXI6HD
000001E0: 43 50 59 32 6A 4B 46 6B  47 64 67 41 52 5A 58 52  CPY2jKFkGdgARZXR
000001F0: 34 6F 38 61 50 78 47 70  46 32 58 52 50 7A 59 69  4o8aPxGpF2XRPzYi
00000200: 67 42 31 0D 00 03 0B 0B  00 00 00 00 00           gB1..........
====
STREAM PID 40016.0xffff9482c72c0b00 (S) > 40027.0xffff948328f80b00 (C), length 663
command[40016]: b'./cmake-build/src/TextService/TextService'
command[40027]: b'./src/ComposePostService/ComposePostService'
----
00000000: 00 00 02 93 80 01 00 02  00 00 00 0B 43 6F 6D 70  ............Comp
00000010: 6F 73 65 54 65 78 74 00  00 00 00 0C 00 00 0B 00  oseText.........
00000020: 01 00 00 01 7E 48 69 59  43 68 51 59 53 74 49 62  ....~HiYChQYStIb
00000030: 56 72 31 75 30 49 54 48  70 6B 41 39 37 34 34 72  Vr1u0ITHpkA9744r
00000040: 35 76 64 45 74 74 42 6C  78 53 77 50 72 35 78 5A  5vdEttBlxSwPr5xZ
00000050: 58 35 74 50 79 58 47 6A  6D 45 48 46 35 69 74 52  X5tPyXGjmEHF5itR
00000060: 38 77 57 76 33 48 58 44  6B 32 74 48 73 31 70 7A  8wWv3HXDk2tHs1pz
00000070: 52 6A 4B 31 54 49 37 50  71 4D 67 41 31 71 70 49  RjK1TI7PqMgA1qpI
00000080: 34 77 35 63 66 4C 44 54  6E 59 38 68 48 74 38 6F  4w5cfLDTnY8hHt8o
00000090: 62 54 66 73 5A 41 74 39  61 4B 79 4B 41 62 54 58  bTfsZAt9aKyKAbTX
000000A0: 4F 30 71 49 54 55 72 39  38 67 6A 63 42 55 63 66  O0qITUr98gjcBUcf
000000B0: 67 55 35 43 4D 79 41 7A  58 4D 54 6D 35 57 48 77  gU5CMyAzXMTm5WHw
000000C0: 53 31 6D 50 72 64 38 73  62 74 57 4A 74 6E 4F 50  S1mPrd8sbtWJtnOP
000000D0: 33 68 58 44 55 36 5A 6F  43 6A 53 55 59 69 64 68  3hXDU6ZoCjSUYidh
000000E0: 4D 42 5A 48 68 46 42 65  73 4F 46 72 37 49 52 41  MBZHhFBesOFr7IRA
000000F0: 39 67 77 44 74 46 6F 6A  4C 74 71 45 30 50 6F 71  9gwDtFojLtqE0Poq
00000100: 33 69 73 54 38 58 46 34  74 6C 4A 5A 70 72 4D 63  3isT8XF4tlJZprMc
00000110: 62 50 41 4F 47 57 47 58  50 4C 64 76 72 4A 79 67  bPAOGWGXPLdvrJyg
00000120: 64 69 56 68 59 20 40 75  73 65 72 6E 61 6D 65 5F  diVhY @username_
00000130: 31 33 32 20 40 75 73 65  72 6E 61 6D 65 5F 35 35  132 @username_55
00000140: 39 20 40 75 73 65 72 6E  61 6D 65 5F 39 33 33 20  9 @username_933 
00000150: 40 75 73 65 72 6E 61 6D  65 5F 33 37 30 20 40 75  @username_370 @u
00000160: 73 65 72 6E 61 6D 65 5F  33 32 31 20 68 74 74 70  sername_321 http
00000170: 3A 2F 2F 73 68 6F 72 74  2D 75 72 6C 2F 6B 4D 49  ://short-url/kMI
00000180: 35 6C 6A 46 46 43 37 20  68 74 74 70 3A 2F 2F 73  5ljFFC7 http://s
00000190: 68 6F 72 74 2D 75 72 6C  2F 33 6B 32 46 70 75 4B  hort-url/3k2FpuK
000001A0: 6C 57 43 0F 00 02 0C 00  00 00 00 0F 00 03 0C 00  lWC.............
000001B0: 00 00 02 0B 00 01 00 00  00 1B 68 74 74 70 3A 2F  ..........http:/
000001C0: 2F 73 68 6F 72 74 2D 75  72 6C 2F 6B 4D 49 35 6C  /short-url/kMI5l
000001D0: 6A 46 46 43 37 0B 00 02  00 00 00 47 68 74 74 70  jFFC7......Ghttp
000001E0: 3A 2F 2F 69 6B 38 39 65  47 39 54 30 63 6F 49 6A  ://ik89eG9T0coIj
000001F0: 62 6B 77 6B 4B 38 38 45  75 4D 64 61 52 55 73 53  bkwkK88EuMdaRUsS
00000200: 42 58 43 52 59 50 74 39  30 4D 65 67 52 62 30 75  BXCRYPt90MegRb0u
00000210: 66 35 50 30 71 47 56 49  52 79 50 46 6F 56 63 42  f5P0qGVIRyPFoVcB
00000220: 5A 65 48 00 0B 00 01 00  00 00 1B 68 74 74 70 3A  ZeH........http:
00000230: 2F 2F 73 68 6F 72 74 2D  75 72 6C 2F 33 6B 32 46  //short-url/3k2F
00000240: 70 75 4B 6C 57 43 0B 00  02 00 00 00 47 68 74 74  puKlWC......Ghtt
00000250: 70 3A 2F 2F 57 63 5A 57  70 6B 6C 38 71 72 39 62  p://WcZWpkl8qr9b
00000260: 56 77 79 50 32 38 66 58  74 4C 42 56 58 49 36 48  VwyP28fXtLBVXI6H
00000270: 44 43 50 59 32 6A 4B 46  6B 47 64 67 41 52 5A 58  DCPY2jKFkGdgARZX
00000280: 52 34 6F 38 61 50 78 47  70 46 32 58 52 50 7A 59  R4o8aPxGpF2XRPzY
00000290: 69 67 42 31 00 00 00                              igB1...
====
STREAM PID 40027.0xffff948328f80b00 (C) > 40016.0xffff9482c72c0b00 (S), length 555
command[40027]: b'./src/ComposePostService/ComposePostService'
command[40016]: b'./cmake-build/src/TextService/TextService'
----
00000000: 00 00 02 27 80 01 00 01  00 00 00 0B 43 6F 6D 70  ...'........Comp
00000010: 6F 73 65 54 65 78 74 00  00 00 00 0A 00 01 01 3F  oseText........?
00000020: 49 F5 1D FF DC A0 0B 00  02 00 00 01 F4 63 62 38  I............cb8
00000030: 54 7A 58 69 64 51 68 79  56 55 5A 50 6F 71 42 78  TzXidQhyVUZPoqBx
00000040: 76 6E 45 74 42 70 76 71  48 48 6A 6C 6D 52 44 58  vnEtBpvqHHjlmRDX
00000050: 36 4A 4E 5A 41 37 41 78  71 59 36 57 44 5A 44 31  6JNZA7AxqY6WDZD1
00000060: 55 76 4E 4A 31 61 35 72  51 43 38 30 37 46 47 58  UvNJ1a5rQC807FGX
00000070: 33 4D 31 45 51 50 6A 48  71 69 54 4F 54 71 33 6C  3M1EQPjHqiTOTq3l
00000080: 67 4A 68 41 35 35 79 6F  4E 6E 36 47 42 49 38 36  gJhA55yoNn6GBI86
00000090: 4B 4B 53 7A 48 31 4C 39  58 53 7A 75 67 42 30 69  KKSzH1L9XSzugB0i
000000A0: 47 52 42 62 44 73 74 4B  71 47 55 5A 63 6E 68 67  GRBbDstKqGUZcnhg
000000B0: 35 7A 46 77 37 6A 39 76  7A 4E 6D 35 66 64 45 59  5zFw7j9vzNm5fdEY
000000C0: 5A 4D 47 31 35 68 58 61  4A 70 6E 68 6E 36 67 67  ZMG15hXaJpnhn6gg
000000D0: 33 71 6C 71 48 43 56 63  30 67 76 4D 4E 66 73 32  3qlqHCVc0gvMNfs2
000000E0: 6A 56 49 47 37 70 74 6C  47 36 77 61 33 4B 55 65  jVIG7ptlG6wa3KUe
000000F0: 64 4C 69 34 34 44 4C 6A  64 54 70 36 65 73 4F 6A  dLi44DLjdTp6esOj
00000100: 49 4C 76 4C 53 73 48 57  5A 45 77 4E 77 4A 33 57  ILvLSsHWZEwNwJ3W
00000110: 6B 46 49 74 6A 67 76 47  69 51 49 38 34 62 66 48  kFItjgvGiQI84bfH
00000120: 76 69 4F 30 45 54 71 6B  65 69 37 50 64 20 40 75  viO0ETqkei7Pd @u
00000130: 73 65 72 6E 61 6D 65 5F  31 35 31 20 40 75 73 65  sername_151 @use
00000140: 72 6E 61 6D 65 5F 33 34  34 20 68 74 74 70 3A 2F  rname_344 http:/
00000150: 2F 4A 72 48 61 44 67 66  51 33 73 6B 6A 59 6D 77  /JrHaDgfQ3skjYmw
00000160: 48 39 30 42 43 63 70 69  53 4D 5A 46 33 77 79 61  H90BCcpiSMZF3wya
00000170: 66 46 43 66 77 6A 6C 6C  31 79 73 55 4B 69 66 66  fFCfwjll1ysUKiff
00000180: 56 75 56 41 56 62 71 72  35 58 57 30 32 4C 57 48  VuVAVbqr5XW02LWH
00000190: 6A 20 68 74 74 70 3A 2F  2F 55 73 47 30 6F 38 6F  j http://UsG0o8o
000001A0: 42 66 4A 42 61 42 6A 76  66 47 79 71 49 37 4C 51  BfJBaBjvfGyqI7LQ
000001B0: 58 32 76 63 35 63 65 6B  4A 70 6C 67 4A 77 68 4B  X2vc5cekJplgJwhK
000001C0: 70 48 36 61 45 45 6A 71  55 4F 4E 58 32 39 53 56  pH6aEEjqUONX29SV
000001D0: 77 4C 64 66 77 73 39 66  57 20 68 74 74 70 3A 2F  wLdfws9fW http:/
000001E0: 2F 73 4D 69 6D 66 6A 41  62 6B 77 4E 4F 6F 30 51  /sMimfjAbkwNOo0Q
000001F0: 36 6D 56 63 50 6E 48 6D  6B 65 69 65 39 30 47 49  6mVcPnHmkeie90GI
00000200: 73 78 34 4B 45 46 42 59  6D 74 63 6A 5A 36 31 36  sx4KEFBYmtcjZ616
00000210: 59 61 68 64 71 38 4A 4D  72 33 75 54 31 49 75 4F  Yahdq8JMr3uT1IuO
00000220: 43 0D 00 03 0B 0B 00 00  00 00 00                 C..........
====
STREAM PID 40016.0xffff9482c72c0b00 (S) > 40027.0xffff948328f80b00 (C), length 762
command[40016]: b'./cmake-build/src/TextService/TextService'
command[40027]: b'./src/ComposePostService/ComposePostService'
----
00000000: 00 00 02 F6 80 01 00 02  00 00 00 0B 43 6F 6D 70  ............Comp
00000010: 6F 73 65 54 65 78 74 00  00 00 00 0C 00 00 0B 00  oseText.........
00000020: 01 00 00 01 70 63 62 38  54 7A 58 69 64 51 68 79  ....pcb8TzXidQhy
00000030: 56 55 5A 50 6F 71 42 78  76 6E 45 74 42 70 76 71  VUZPoqBxvnEtBpvq
00000040: 48 48 6A 6C 6D 52 44 58  36 4A 4E 5A 41 37 41 78  HHjlmRDX6JNZA7Ax
00000050: 71 59 36 57 44 5A 44 31  55 76 4E 4A 31 61 35 72  qY6WDZD1UvNJ1a5r
00000060: 51 43 38 30 37 46 47 58  33 4D 31 45 51 50 6A 48  QC807FGX3M1EQPjH
00000070: 71 69 54 4F 54 71 33 6C  67 4A 68 41 35 35 79 6F  qiTOTq3lgJhA55yo
00000080: 4E 6E 36 47 42 49 38 36  4B 4B 53 7A 48 31 4C 39  Nn6GBI86KKSzH1L9
00000090: 58 53 7A 75 67 42 30 69  47 52 42 62 44 73 74 4B  XSzugB0iGRBbDstK
000000A0: 71 47 55 5A 63 6E 68 67  35 7A 46 77 37 6A 39 76  qGUZcnhg5zFw7j9v
000000B0: 7A 4E 6D 35 66 64 45 59  5A 4D 47 31 35 68 58 61  zNm5fdEYZMG15hXa
000000C0: 4A 70 6E 68 6E 36 67 67  33 71 6C 71 48 43 56 63  Jpnhn6gg3qlqHCVc
000000D0: 30 67 76 4D 4E 66 73 32  6A 56 49 47 37 70 74 6C  0gvMNfs2jVIG7ptl
000000E0: 47 36 77 61 33 4B 55 65  64 4C 69 34 34 44 4C 6A  G6wa3KUedLi44DLj
000000F0: 64 54 70 36 65 73 4F 6A  49 4C 76 4C 53 73 48 57  dTp6esOjILvLSsHW
00000100: 5A 45 77 4E 77 4A 33 57  6B 46 49 74 6A 67 76 47  ZEwNwJ3WkFItjgvG
00000110: 69 51 49 38 34 62 66 48  76 69 4F 30 45 54 71 6B  iQI84bfHviO0ETqk
00000120: 65 69 37 50 64 20 40 75  73 65 72 6E 61 6D 65 5F  ei7Pd @username_
00000130: 31 35 31 20 40 75 73 65  72 6E 61 6D 65 5F 33 34  151 @username_34
00000140: 34 20 68 74 74 70 3A 2F  2F 73 68 6F 72 74 2D 75  4 http://short-u
00000150: 72 6C 2F 50 54 77 6B 4C  5A 30 76 6C 74 20 68 74  rl/PTwkLZ0vlt ht
00000160: 74 70 3A 2F 2F 73 68 6F  72 74 2D 75 72 6C 2F 54  tp://short-url/T
00000170: 42 49 54 42 42 68 6E 33  71 20 68 74 74 70 3A 2F  BITBBhn3q http:/
00000180: 2F 73 68 6F 72 74 2D 75  72 6C 2F 74 64 59 75 7A  /short-url/tdYuz
00000190: 43 62 47 4E 31 0F 00 02  0C 00 00 00 00 0F 00 03  CbGN1...........
000001A0: 0C 00 00 00 03 0B 00 01  00 00 00 1B 68 74 74 70  ............http
000001B0: 3A 2F 2F 73 68 6F 72 74  2D 75 72 6C 2F 50 54 77  ://short-url/PTw
000001C0: 6B 4C 5A 30 76 6C 74 0B  00 02 00 00 00 47 68 74  kLZ0vlt......Ght
000001D0: 74 70 3A 2F 2F 4A 72 48  61 44 67 66 51 33 73 6B  tp://JrHaDgfQ3sk
000001E0: 6A 59 6D 77 48 39 30 42  43 63 70 69 53 4D 5A 46  jYmwH90BCcpiSMZF
000001F0: 33 77 79 61 66 46 43 66  77 6A 6C 6C 31 79 73 55  3wyafFCfwjll1ysU
00000200: 4B 69 66 66 56 75 56 41  56 62 71 72 35 58 57 30  KiffVuVAVbqr5XW0
00000210: 32 4C 57 48 6A 00 0B 00  01 00 00 00 1B 68 74 74  2LWHj........htt
00000220: 70 3A 2F 2F 73 68 6F 72  74 2D 75 72 6C 2F 54 42  p://short-url/TB
00000230: 49 54 42 42 68 6E 33 71  0B 00 02 00 00 00 47 68  ITBBhn3q......Gh
00000240: 74 74 70 3A 2F 2F 55 73  47 30 6F 38 6F 42 66 4A  ttp://UsG0o8oBfJ
00000250: 42 61 42 6A 76 66 47 79  71 49 37 4C 51 58 32 76  BaBjvfGyqI7LQX2v
00000260: 63 35 63 65 6B 4A 70 6C  67 4A 77 68 4B 70 48 36  c5cekJplgJwhKpH6
00000270: 61 45 45 6A 71 55 4F 4E  58 32 39 53 56 77 4C 64  aEEjqUONX29SVwLd
00000280: 66 77 73 39 66 57 00 0B  00 01 00 00 00 1B 68 74  fws9fW........ht
00000290: 74 70 3A 2F 2F 73 68 6F  72 74 2D 75 72 6C 2F 74  tp://short-url/t
000002A0: 64 59 75 7A 43 62 47 4E  31 0B 00 02 00 00 00 47  dYuzCbGN1......G
000002B0: 68 74 74 70 3A 2F 2F 73  4D 69 6D 66 6A 41 62 6B  http://sMimfjAbk
000002C0: 77 4E 4F 6F 30 51 36 6D  56 63 50 6E 48 6D 6B 65  wNOo0Q6mVcPnHmke
000002D0: 69 65 39 30 47 49 73 78  34 4B 45 46 42 59 6D 74  ie90GIsx4KEFBYmt
000002E0: 63 6A 5A 36 31 36 59 61  68 64 71 38 4A 4D 72 33  cjZ616Yahdq8JMr3
000002F0: 75 54 31 49 75 4F 43 00  00 00                    uT1IuOC...
====
STREAM PID 40027.0xffff948328f80b00 (C) > 40016.0xffff9482c72c0b00 (S), length 597
command[40027]: b'./src/ComposePostService/ComposePostService'
command[40016]: b'./cmake-build/src/TextService/TextService'
----
00000000: 00 00 02 51 80 01 00 01  00 00 00 0B 43 6F 6D 70  ...Q........Comp
00000010: 6F 73 65 54 65 78 74 00  00 00 00 0A 00 01 06 62  oseText........b
00000020: D2 7F 2F BD 49 80 0B 00  02 00 00 02 1E 78 34 31  ../.I........x41
00000030: 4A 6A 56 53 72 33 61 50  61 78 55 46 55 33 34 76  JjVSr3aPaxUFU34v
00000040: 6B 61 67 4D 38 69 34 74  74 4D 69 74 45 51 39 7A  kagM8i4ttMitEQ9z
00000050: 73 71 59 4D 66 70 76 59  4A 77 57 30 67 57 77 77  sqYMfpvYJwW0gWww
00000060: 65 58 55 6B 30 55 47 57  6A 47 61 4B 36 49 66 37  eXUk0UGWjGaK6If7
00000070: 45 4B 46 54 50 56 6C 4B  61 4E 77 51 57 66 50 4A  EKFTPVlKaNwQWfPJ
00000080: 4E 4F 5A 45 77 6E 50 70  39 6C 6C 79 41 68 6D 6A  NOZEwnPp9llyAhmj
00000090: 33 6C 6B 6B 37 38 4A 6E  73 44 4F 78 79 6B 53 62  3lkk78JnsDOxykSb
000000A0: 56 74 4D 6F 41 58 43 55  46 78 32 4B 47 6D 57 68  VtMoAXCUFx2KGmWh
000000B0: 56 65 4C 68 5A 77 4B 73  39 66 72 32 65 4A 38 45  VeLhZwKs9fr2eJ8E
000000C0: 66 62 76 4A 56 5A 70 35  49 75 62 43 4E 6F 43 47  fbvJVZp5IubCNoCG
000000D0: 6D 73 33 30 39 47 6A 53  33 39 62 34 43 68 4C 5A  ms309GjS39b4ChLZ
000000E0: 58 56 39 72 6E 73 79 6E  51 56 6E 69 78 74 42 79  XV9rnsynQVnixtBy
000000F0: 41 66 72 31 72 59 61 45  30 50 69 72 66 68 37 4F  Afr1rYaE0Pirfh7O
00000100: 4B 42 7A 6B 32 4B 68 4D  6F 69 4C 41 66 38 45 5A  KBzk2KhMoiLAf8EZ
00000110: 59 6C 57 47 39 50 65 6C  55 58 50 53 53 30 44 64  YlWG9PelUXPSS0Dd
00000120: 72 49 79 46 6B 73 4C 6F  51 32 33 66 6E 20 40 75  rIyFksLoQ23fn @u
00000130: 73 65 72 6E 61 6D 65 5F  36 38 31 20 40 75 73 65  sername_681 @use
00000140: 72 6E 61 6D 65 5F 38 36  33 20 40 75 73 65 72 6E  rname_863 @usern
00000150: 61 6D 65 5F 31 34 37 20  40 75 73 65 72 6E 61 6D  ame_147 @usernam
00000160: 65 5F 38 38 38 20 40 75  73 65 72 6E 61 6D 65 5F  e_888 @username_
00000170: 37 37 36 20 68 74 74 70  3A 2F 2F 57 72 6A 72 39  776 http://Wrjr9
00000180: 41 54 76 71 71 71 75 33  45 37 65 63 53 34 57 51  ATvqqqu3E7ecS4WQ
00000190: 73 37 64 75 31 73 47 47  5A 76 31 4F 69 36 46 51  s7du1sGGZv1Oi6FQ
000001A0: 4A 4C 58 76 73 4F 30 5A  6E 4E 5A 63 4B 43 76 33  JLXvsO0ZnNZcKCv3
000001B0: 6E 56 57 39 42 52 45 39  52 71 38 20 68 74 74 70  nVW9BRE9Rq8 http
000001C0: 3A 2F 2F 4C 6A 50 37 4E  71 59 55 68 30 48 6A 50  ://LjP7NqYUh0HjP
000001D0: 47 75 4F 75 4E 70 31 32  56 63 30 41 61 42 46 6B  GuOuNp12Vc0AaBFk
000001E0: 50 45 6E 43 50 4E 54 51  76 67 6E 6B 7A 76 64 32  PEnCPNTQvgnkzvd2
000001F0: 57 53 73 58 5A 72 46 71  54 42 6E 58 69 45 48 57  WSsXZrFqTBnXiEHW
00000200: 75 4F 4F 20 68 74 74 70  3A 2F 2F 37 62 7A 6A 63  uOO http://7bzjc
00000210: 38 56 34 43 66 49 73 7A  61 31 73 6D 35 45 75 48  8V4CfIsza1sm5EuH
00000220: 63 51 30 4D 36 57 79 5A  79 47 32 7A 50 4C 37 4A  cQ0M6WyZyG2zPL7J
00000230: 59 73 7A 72 37 51 7A 38  43 44 50 55 4F 34 34 66  Yszr7Qz8CDPUO44f
00000240: 4E 6E 4A 37 6D 54 6A 49  64 56 58 0D 00 03 0B 0B  NnJ7mTjIdVX.....
00000250: 00 00 00 00 00                                    .....
====
STREAM PID 40016.0xffff9482c72c0b00 (S) > 40027.0xffff948328f80b00 (C), length 804
command[40016]: b'./cmake-build/src/TextService/TextService'
command[40027]: b'./src/ComposePostService/ComposePostService'
----
00000000: 00 00 03 20 80 01 00 02  00 00 00 0B 43 6F 6D 70  ... ........Comp
00000010: 6F 73 65 54 65 78 74 00  00 00 00 0C 00 00 0B 00  oseText.........
00000020: 01 00 00 01 9A 78 34 31  4A 6A 56 53 72 33 61 50  .....x41JjVSr3aP
00000030: 61 78 55 46 55 33 34 76  6B 61 67 4D 38 69 34 74  axUFU34vkagM8i4t
00000040: 74 4D 69 74 45 51 39 7A  73 71 59 4D 66 70 76 59  tMitEQ9zsqYMfpvY
00000050: 4A 77 57 30 67 57 77 77  65 58 55 6B 30 55 47 57  JwW0gWwweXUk0UGW
00000060: 6A 47 61 4B 36 49 66 37  45 4B 46 54 50 56 6C 4B  jGaK6If7EKFTPVlK
00000070: 61 4E 77 51 57 66 50 4A  4E 4F 5A 45 77 6E 50 70  aNwQWfPJNOZEwnPp
00000080: 39 6C 6C 79 41 68 6D 6A  33 6C 6B 6B 37 38 4A 6E  9llyAhmj3lkk78Jn
00000090: 73 44 4F 78 79 6B 53 62  56 74 4D 6F 41 58 43 55  sDOxykSbVtMoAXCU
000000A0: 46 78 32 4B 47 6D 57 68  56 65 4C 68 5A 77 4B 73  Fx2KGmWhVeLhZwKs
000000B0: 39 66 72 32 65 4A 38 45  66 62 76 4A 56 5A 70 35  9fr2eJ8EfbvJVZp5
000000C0: 49 75 62 43 4E 6F 43 47  6D 73 33 30 39 47 6A 53  IubCNoCGms309GjS
000000D0: 33 39 62 34 43 68 4C 5A  58 56 39 72 6E 73 79 6E  39b4ChLZXV9rnsyn
000000E0: 51 56 6E 69 78 74 42 79  41 66 72 31 72 59 61 45  QVnixtByAfr1rYaE
000000F0: 30 50 69 72 66 68 37 4F  4B 42 7A 6B 32 4B 68 4D  0Pirfh7OKBzk2KhM
00000100: 6F 69 4C 41 66 38 45 5A  59 6C 57 47 39 50 65 6C  oiLAf8EZYlWG9Pel
00000110: 55 58 50 53 53 30 44 64  72 49 79 46 6B 73 4C 6F  UXPSS0DdrIyFksLo
00000120: 51 32 33 66 6E 20 40 75  73 65 72 6E 61 6D 65 5F  Q23fn @username_
00000130: 36 38 31 20 40 75 73 65  72 6E 61 6D 65 5F 38 36  681 @username_86
00000140: 33 20 40 75 73 65 72 6E  61 6D 65 5F 31 34 37 20  3 @username_147 
00000150: 40 75 73 65 72 6E 61 6D  65 5F 38 38 38 20 40 75  @username_888 @u
00000160: 73 65 72 6E 61 6D 65 5F  37 37 36 20 68 74 74 70  sername_776 http
00000170: 3A 2F 2F 73 68 6F 72 74  2D 75 72 6C 2F 61 67 51  ://short-url/agQ
00000180: 37 77 75 55 59 78 59 20  68 74 74 70 3A 2F 2F 73  7wuUYxY http://s
00000190: 68 6F 72 74 2D 75 72 6C  2F 7A 53 61 49 61 37 76  hort-url/zSaIa7v
000001A0: 6C 44 79 20 68 74 74 70  3A 2F 2F 73 68 6F 72 74  lDy http://short
000001B0: 2D 75 72 6C 2F 34 64 4A  77 6C 6C 70 4B 34 39 0F  -url/4dJwllpK49.
000001C0: 00 02 0C 00 00 00 00 0F  00 03 0C 00 00 00 03 0B  ................
000001D0: 00 01 00 00 00 1B 68 74  74 70 3A 2F 2F 73 68 6F  ......http://sho
000001E0: 72 74 2D 75 72 6C 2F 61  67 51 37 77 75 55 59 78  rt-url/agQ7wuUYx
000001F0: 59 0B 00 02 00 00 00 47  68 74 74 70 3A 2F 2F 57  Y......Ghttp://W
00000200: 72 6A 72 39 41 54 76 71  71 71 75 33 45 37 65 63  rjr9ATvqqqu3E7ec
00000210: 53 34 57 51 73 37 64 75  31 73 47 47 5A 76 31 4F  S4WQs7du1sGGZv1O
00000220: 69 36 46 51 4A 4C 58 76  73 4F 30 5A 6E 4E 5A 63  i6FQJLXvsO0ZnNZc
00000230: 4B 43 76 33 6E 56 57 39  42 52 45 39 52 71 38 00  KCv3nVW9BRE9Rq8.
00000240: 0B 00 01 00 00 00 1B 68  74 74 70 3A 2F 2F 73 68  .......http://sh
00000250: 6F 72 74 2D 75 72 6C 2F  7A 53 61 49 61 37 76 6C  ort-url/zSaIa7vl
00000260: 44 79 0B 00 02 00 00 00  47 68 74 74 70 3A 2F 2F  Dy......Ghttp://
00000270: 4C 6A 50 37 4E 71 59 55  68 30 48 6A 50 47 75 4F  LjP7NqYUh0HjPGuO
00000280: 75 4E 70 31 32 56 63 30  41 61 42 46 6B 50 45 6E  uNp12Vc0AaBFkPEn
00000290: 43 50 4E 54 51 76 67 6E  6B 7A 76 64 32 57 53 73  CPNTQvgnkzvd2WSs
000002A0: 58 5A 72 46 71 54 42 6E  58 69 45 48 57 75 4F 4F  XZrFqTBnXiEHWuOO
000002B0: 00 0B 00 01 00 00 00 1B  68 74 74 70 3A 2F 2F 73  ........http://s
000002C0: 68 6F 72 74 2D 75 72 6C  2F 34 64 4A 77 6C 6C 70  hort-url/4dJwllp
000002D0: 4B 34 39 0B 00 02 00 00  00 47 68 74 74 70 3A 2F  K49......Ghttp:/
000002E0: 2F 37 62 7A 6A 63 38 56  34 43 66 49 73 7A 61 31  /7bzjc8V4CfIsza1
000002F0: 73 6D 35 45 75 48 63 51  30 4D 36 57 79 5A 79 47  sm5EuHcQ0M6WyZyG
00000300: 32 7A 50 4C 37 4A 59 73  7A 72 37 51 7A 38 43 44  2zPL7JYszr7Qz8CD
00000310: 50 55 4F 34 34 66 4E 6E  4A 37 6D 54 6A 49 64 56  PUO44fNnJ7mTjIdV
00000320: 58 00 00 00                                       X...
====
STREAM PID 40027.0xffff948328f80b00 (C) > 40016.0xffff9482c72c0b00 (S), length 455
command[40027]: b'./src/ComposePostService/ComposePostService'
command[40016]: b'./cmake-build/src/TextService/TextService'
----
00000000: 00 00 01 C3 80 01 00 01  00 00 00 0B 43 6F 6D 70  ............Comp
00000010: 6F 73 65 54 65 78 74 00  00 00 00 0A 00 01 08 A0  oseText.........
00000020: CE DF CF 78 22 80 0B 00  02 00 00 01 90 4F 79 62  ...x"........Oyb
00000030: 77 67 32 4F 4A 31 57 52  55 47 39 4F 79 32 6D 5A  wg2OJ1WRUG9Oy2mZ
00000040: 65 37 41 38 69 6C 31 64  64 50 43 36 70 74 54 6E  e7A8il1ddPC6ptTn
00000050: 7A 47 57 39 72 51 78 44  4B 37 43 4C 6D 36 4F 59  zGW9rQxDK7CLm6OY
00000060: 4F 36 74 46 7A 49 37 38  73 48 45 71 54 32 38 43  O6tFzI78sHEqT28C
00000070: 42 68 59 30 57 33 66 6F  4C 50 48 51 79 56 4F 30  BhY0W3foLPHQyVO0
00000080: 68 30 50 66 4F 59 41 31  6E 72 6D 4F 53 65 69 66  h0PfOYA1nrmOSeif
00000090: 6C 66 72 54 4F 59 5A 6B  39 67 58 36 53 61 4F 6F  lfrTOYZk9gX6SaOo
000000A0: 56 46 34 51 64 6D 49 4D  6B 6F 6D 4A 42 57 31 6B  VF4QdmIMkomJBW1k
000000B0: 6E 52 70 43 6C 67 63 30  42 4F 75 47 30 30 44 5A  nRpClgc0BOuG00DZ
000000C0: 54 79 69 63 64 4E 31 76  6F 34 6E 4F 59 53 53 4C  TyicdN1vo4nOYSSL
000000D0: 55 4E 4D 76 6D 74 71 6B  31 66 6E 67 32 4C 61 65  UNMvmtqk1fng2Lae
000000E0: 68 77 47 6B 48 35 74 48  44 74 71 35 46 79 6D 70  hwGkH5tHDtq5Fymp
000000F0: 75 5A 5A 6C 31 37 51 67  4B 6C 64 4D 6F 71 42 5A  uZZl17QgKldMoqBZ
00000100: 77 70 44 34 65 50 62 30  52 63 33 30 65 5A 4E 6E  wpD4ePb0Rc30eZNn
00000110: 70 6D 73 48 72 47 36 37  38 5A 53 6B 70 7A 49 4E  pmsHrG678ZSkpzIN
00000120: 38 6F 42 59 57 65 69 74  68 74 55 5A 35 20 68 74  8oBYWeithtUZ5 ht
00000130: 74 70 3A 2F 2F 45 46 49  6E 63 71 63 62 52 69 4A  tp://EFIncqcbRiJ
00000140: 38 75 4A 76 65 41 69 48  39 77 41 46 48 42 47 55  8uJveAiH9wAFHBGU
00000150: 64 44 74 32 51 70 47 65  68 42 58 58 62 6B 6A 6B  dDt2QpGehBXXbkjk
00000160: 57 70 44 59 67 52 6F 46  4E 34 4A 63 38 57 75 58  WpDYgRoFN4Jc8WuX
00000170: 6A 39 31 4D 42 20 68 74  74 70 3A 2F 2F 48 4E 44  j91MB http://HND
00000180: 79 62 55 34 51 4B 70 31  57 73 41 79 76 59 36 58  ybU4QKp1WsAyvY6X
00000190: 45 4C 30 77 4A 74 35 4D  59 58 6F 79 45 45 77 66  EL0wJt5MYXoyEEwf
000001A0: 66 4A 6C 78 76 46 5A 71  47 39 78 78 48 67 51 56  fJlxvFZqG9xxHgQV
000001B0: 43 78 7A 73 72 36 72 37  71 6B 6A 36 38 0D 00 03  Cxzsr6r7qkj68...
000001C0: 0B 0B 00 00 00 00 00                              .......
====
STREAM PID 40016.0xffff9482c72c0b00 (S) > 40027.0xffff948328f80b00 (C), length 593
command[40016]: b'./cmake-build/src/TextService/TextService'
command[40027]: b'./src/ComposePostService/ComposePostService'
----
00000000: 00 00 02 4D 80 01 00 02  00 00 00 0B 43 6F 6D 70  ...M........Comp
00000010: 6F 73 65 54 65 78 74 00  00 00 00 0C 00 00 0B 00  oseText.........
00000020: 01 00 00 01 38 4F 79 62  77 67 32 4F 4A 31 57 52  ....8Oybwg2OJ1WR
00000030: 55 47 39 4F 79 32 6D 5A  65 37 41 38 69 6C 31 64  UG9Oy2mZe7A8il1d
00000040: 64 50 43 36 70 74 54 6E  7A 47 57 39 72 51 78 44  dPC6ptTnzGW9rQxD
00000050: 4B 37 43 4C 6D 36 4F 59  4F 36 74 46 7A 49 37 38  K7CLm6OYO6tFzI78
00000060: 73 48 45 71 54 32 38 43  42 68 59 30 57 33 66 6F  sHEqT28CBhY0W3fo
00000070: 4C 50 48 51 79 56 4F 30  68 30 50 66 4F 59 41 31  LPHQyVO0h0PfOYA1
00000080: 6E 72 6D 4F 53 65 69 66  6C 66 72 54 4F 59 5A 6B  nrmOSeiflfrTOYZk
00000090: 39 67 58 36 53 61 4F 6F  56 46 34 51 64 6D 49 4D  9gX6SaOoVF4QdmIM
000000A0: 6B 6F 6D 4A 42 57 31 6B  6E 52 70 43 6C 67 63 30  komJBW1knRpClgc0
000000B0: 42 4F 75 47 30 30 44 5A  54 79 69 63 64 4E 31 76  BOuG00DZTyicdN1v
000000C0: 6F 34 6E 4F 59 53 53 4C  55 4E 4D 76 6D 74 71 6B  o4nOYSSLUNMvmtqk
000000D0: 31 66 6E 67 32 4C 61 65  68 77 47 6B 48 35 74 48  1fng2LaehwGkH5tH
000000E0: 44 74 71 35 46 79 6D 70  75 5A 5A 6C 31 37 51 67  Dtq5FympuZZl17Qg
000000F0: 4B 6C 64 4D 6F 71 42 5A  77 70 44 34 65 50 62 30  KldMoqBZwpD4ePb0
00000100: 52 63 33 30 65 5A 4E 6E  70 6D 73 48 72 47 36 37  Rc30eZNnpmsHrG67
00000110: 38 5A 53 6B 70 7A 49 4E  38 6F 42 59 57 65 69 74  8ZSkpzIN8oBYWeit
00000120: 68 74 55 5A 35 20 68 74  74 70 3A 2F 2F 73 68 6F  htUZ5 http://sho
00000130: 72 74 2D 75 72 6C 2F 79  6E 71 68 41 65 72 68 4A  rt-url/ynqhAerhJ
00000140: 68 20 68 74 74 70 3A 2F  2F 73 68 6F 72 74 2D 75  h http://short-u
00000150: 72 6C 2F 61 4B 47 54 46  7A 41 41 4B 55 0F 00 02  rl/aKGTFzAAKU...
00000160: 0C 00 00 00 00 0F 00 03  0C 00 00 00 02 0B 00 01  ................
00000170: 00 00 00 1B 68 74 74 70  3A 2F 2F 73 68 6F 72 74  ....http://short
00000180: 2D 75 72 6C 2F 79 6E 71  68 41 65 72 68 4A 68 0B  -url/ynqhAerhJh.
00000190: 00 02 00 00 00 47 68 74  74 70 3A 2F 2F 45 46 49  .....Ghttp://EFI
000001A0: 6E 63 71 63 62 52 69 4A  38 75 4A 76 65 41 69 48  ncqcbRiJ8uJveAiH
000001B0: 39 77 41 46 48 42 47 55  64 44 74 32 51 70 47 65  9wAFHBGUdDt2QpGe
000001C0: 68 42 58 58 62 6B 6A 6B  57 70 44 59 67 52 6F 46  hBXXbkjkWpDYgRoF
000001D0: 4E 34 4A 63 38 57 75 58  6A 39 31 4D 42 00 0B 00  N4Jc8WuXj91MB...
000001E0: 01 00 00 00 1B 68 74 74  70 3A 2F 2F 73 68 6F 72  .....http://shor
000001F0: 74 2D 75 72 6C 2F 61 4B  47 54 46 7A 41 41 4B 55  t-url/aKGTFzAAKU
00000200: 0B 00 02 00 00 00 47 68  74 74 70 3A 2F 2F 48 4E  ......Ghttp://HN
00000210: 44 79 62 55 34 51 4B 70  31 57 73 41 79 76 59 36  DybU4QKp1WsAyvY6
00000220: 58 45 4C 30 77 4A 74 35  4D 59 58 6F 79 45 45 77  XEL0wJt5MYXoyEEw
00000230: 66 66 4A 6C 78 76 46 5A  71 47 39 78 78 48 67 51  ffJlxvFZqG9xxHgQ
00000240: 56 43 78 7A 73 72 36 72  37 71 6B 6A 36 38 00 00  VCxzsr6r7qkj68..
00000250: 00                                                .
====
STREAM PID 40027.0xffff948328f80b00 (C) > 40016.0xffff9482c72c0b00 (S), length 580
command[40027]: b'./src/ComposePostService/ComposePostService'
command[40016]: b'./cmake-build/src/TextService/TextService'
----
00000000: 00 00 02 40 80 01 00 01  00 00 00 0B 43 6F 6D 70  ...@........Comp
00000010: 6F 73 65 54 65 78 74 00  00 00 00 0A 00 01 06 66  oseText........f
00000020: AD CF 50 BD 46 40 0B 00  02 00 00 02 0D 58 74 58  ..P.F@.......XtX
00000030: 49 42 61 66 30 32 5A 63  42 39 59 68 50 36 4C 70  IBaf02ZcB9YhP6Lp
00000040: 44 64 63 70 47 61 75 73  46 72 79 53 50 36 47 68  DdcpGausFrySP6Gh
00000050: 42 71 30 35 69 64 56 70  63 42 76 51 51 74 33 6D  Bq05idVpcBvQQt3m
00000060: 41 6A 31 48 6D 61 6F 33  55 5A 55 31 73 72 36 6D  Aj1Hmao3UZU1sr6m
00000070: 30 7A 78 32 53 53 58 48  68 58 45 69 58 46 4E 4A  0zx2SSXHhXEiXFNJ
00000080: 46 75 74 64 62 72 6C 5A  6D 4A 74 51 4F 78 38 44  FutdbrlZmJtQOx8D
00000090: 37 37 67 47 35 71 39 36  43 76 76 50 48 41 69 30  77gG5q96CvvPHAi0
000000A0: 49 65 66 73 4A 61 78 4B  5A 48 58 64 67 36 57 35  IefsJaxKZHXdg6W5
000000B0: 59 66 5A 64 4C 78 50 32  6A 58 4E 59 74 51 45 69  YfZdLxP2jXNYtQEi
000000C0: 48 55 4E 6D 6E 4D 6A 32  68 42 50 31 4B 59 79 79  HUNmnMj2hBP1KYyy
000000D0: 51 30 73 54 47 72 37 79  76 41 64 4C 6E 51 6F 77  Q0sTGr7yvAdLnQow
000000E0: 57 32 53 43 52 59 6D 65  6C 66 64 61 6D 49 37 6C  W2SCRYmelfdamI7l
000000F0: 34 65 45 4A 44 6E 36 4A  43 6F 68 35 41 31 4E 39  4eEJDn6JCoh5A1N9
00000100: 42 45 61 55 5A 56 73 61  39 51 30 49 70 33 30 59  BEaUZVsa9Q0Ip30Y
00000110: 50 34 6F 76 75 65 31 7A  78 78 4C 31 6B 4F 36 79  P4ovue1zxxL1kO6y
00000120: 36 52 57 38 68 4D 4F 51  59 34 63 36 59 20 40 75  6RW8hMOQY4c6Y @u
00000130: 73 65 72 6E 61 6D 65 5F  39 31 20 40 75 73 65 72  sername_91 @user
00000140: 6E 61 6D 65 5F 39 35 20  40 75 73 65 72 6E 61 6D  name_95 @usernam
00000150: 65 5F 38 39 34 20 40 75  73 65 72 6E 61 6D 65 5F  e_894 @username_
00000160: 38 36 20 68 74 74 70 3A  2F 2F 4E 69 53 59 4B 58  86 http://NiSYKX
00000170: 42 79 37 55 67 74 59 53  41 50 69 30 34 44 55 35  By7UgtYSAPi04DU5
00000180: 50 6D 6D 44 41 72 6B 6C  66 62 46 75 45 53 50 38  PmmDArklfbFuESP8
00000190: 4E 55 47 46 56 74 70 64  63 4E 32 33 6B 6C 51 73  NUGFVtpdcN23klQs
000001A0: 51 61 6D 37 77 44 42 44  6A 6F 20 68 74 74 70 3A  Qam7wDBDjo http:
000001B0: 2F 2F 49 34 78 51 77 69  73 50 4C 77 58 74 48 44  //I4xQwisPLwXtHD
000001C0: 52 39 69 31 4B 6F 65 53  36 6F 75 6F 6B 30 52 58  R9i1KoeS6ouok0RX
000001D0: 63 77 6B 73 4A 76 41 63  42 63 4C 59 74 38 68 74  cwksJvAcBcLYt8ht
000001E0: 52 47 65 41 72 7A 7A 4A  48 6E 45 41 51 46 58 56  RGeArzzJHnEAQFXV
000001F0: 79 47 20 68 74 74 70 3A  2F 2F 48 51 6F 43 7A 31  yG http://HQoCz1
00000200: 79 50 6E 61 79 4C 34 50  37 4E 57 66 65 68 73 38  yPnayL4P7NWfehs8
00000210: 6A 46 34 49 30 56 49 65  4C 37 6D 4D 4D 52 33 51  jF4I0VIeL7mMMR3Q
00000220: 50 63 35 43 36 41 30 59  6A 4B 61 50 6C 42 4A 68  Pc5C6A0YjKaPlBJh
00000230: 61 4B 58 41 56 66 7A 50  31 53 0D 00 03 0B 0B 00  aKXAVfzP1S......
00000240: 00 00 00 00                                       ....
====
STREAM PID 40016.0xffff9482c72c0b00 (S) > 40027.0xffff948328f80b00 (C), length 787
command[40016]: b'./cmake-build/src/TextService/TextService'
command[40027]: b'./src/ComposePostService/ComposePostService'
----
00000000: 00 00 03 0F 80 01 00 02  00 00 00 0B 43 6F 6D 70  ............Comp
00000010: 6F 73 65 54 65 78 74 00  00 00 00 0C 00 00 0B 00  oseText.........
00000020: 01 00 00 01 89 58 74 58  49 42 61 66 30 32 5A 63  .....XtXIBaf02Zc
00000030: 42 39 59 68 50 36 4C 70  44 64 63 70 47 61 75 73  B9YhP6LpDdcpGaus
00000040: 46 72 79 53 50 36 47 68  42 71 30 35 69 64 56 70  FrySP6GhBq05idVp
00000050: 63 42 76 51 51 74 33 6D  41 6A 31 48 6D 61 6F 33  cBvQQt3mAj1Hmao3
00000060: 55 5A 55 31 73 72 36 6D  30 7A 78 32 53 53 58 48  UZU1sr6m0zx2SSXH
00000070: 68 58 45 69 58 46 4E 4A  46 75 74 64 62 72 6C 5A  hXEiXFNJFutdbrlZ
00000080: 6D 4A 74 51 4F 78 38 44  37 37 67 47 35 71 39 36  mJtQOx8D77gG5q96
00000090: 43 76 76 50 48 41 69 30  49 65 66 73 4A 61 78 4B  CvvPHAi0IefsJaxK
000000A0: 5A 48 58 64 67 36 57 35  59 66 5A 64 4C 78 50 32  ZHXdg6W5YfZdLxP2
000000B0: 6A 58 4E 59 74 51 45 69  48 55 4E 6D 6E 4D 6A 32  jXNYtQEiHUNmnMj2
000000C0: 68 42 50 31 4B 59 79 79  51 30 73 54 47 72 37 79  hBP1KYyyQ0sTGr7y
000000D0: 76 41 64 4C 6E 51 6F 77  57 32 53 43 52 59 6D 65  vAdLnQowW2SCRYme
000000E0: 6C 66 64 61 6D 49 37 6C  34 65 45 4A 44 6E 36 4A  lfdamI7l4eEJDn6J
000000F0: 43 6F 68 35 41 31 4E 39  42 45 61 55 5A 56 73 61  Coh5A1N9BEaUZVsa
00000100: 39 51 30 49 70 33 30 59  50 34 6F 76 75 65 31 7A  9Q0Ip30YP4ovue1z
00000110: 78 78 4C 31 6B 4F 36 79  36 52 57 38 68 4D 4F 51  xxL1kO6y6RW8hMOQ
00000120: 59 34 63 36 59 20 40 75  73 65 72 6E 61 6D 65 5F  Y4c6Y @username_
00000130: 39 31 20 40 75 73 65 72  6E 61 6D 65 5F 39 35 20  91 @username_95 
00000140: 40 75 73 65 72 6E 61 6D  65 5F 38 39 34 20 40 75  @username_894 @u
00000150: 73 65 72 6E 61 6D 65 5F  38 36 20 68 74 74 70 3A  sername_86 http:
00000160: 2F 2F 73 68 6F 72 74 2D  75 72 6C 2F 47 46 4E 71  //short-url/GFNq
00000170: 53 48 7A 55 58 39 20 68  74 74 70 3A 2F 2F 73 68  SHzUX9 http://sh
00000180: 6F 72 74 2D 75 72 6C 2F  4F 34 76 46 78 68 6E 76  ort-url/O4vFxhnv
00000190: 61 30 20 68 74 74 70 3A  2F 2F 73 68 6F 72 74 2D  a0 http://short-
000001A0: 75 72 6C 2F 42 59 67 49  64 6B 6E 42 4D 77 0F 00  url/BYgIdknBMw..
000001B0: 02 0C 00 00 00 00 0F 00  03 0C 00 00 00 03 0B 00  ................
000001C0: 01 00 00 00 1B 68 74 74  70 3A 2F 2F 73 68 6F 72  .....http://shor
000001D0: 74 2D 75 72 6C 2F 47 46  4E 71 53 48 7A 55 58 39  t-url/GFNqSHzUX9
000001E0: 0B 00 02 00 00 00 47 68  74 74 70 3A 2F 2F 4E 69  ......Ghttp://Ni
000001F0: 53 59 4B 58 42 79 37 55  67 74 59 53 41 50 69 30  SYKXBy7UgtYSAPi0
00000200: 34 44 55 35 50 6D 6D 44  41 72 6B 6C 66 62 46 75  4DU5PmmDArklfbFu
00000210: 45 53 50 38 4E 55 47 46  56 74 70 64 63 4E 32 33  ESP8NUGFVtpdcN23
00000220: 6B 6C 51 73 51 61 6D 37  77 44 42 44 6A 6F 00 0B  klQsQam7wDBDjo..
00000230: 00 01 00 00 00 1B 68 74  74 70 3A 2F 2F 73 68 6F  ......http://sho
00000240: 72 74 2D 75 72 6C 2F 4F  34 76 46 78 68 6E 76 61  rt-url/O4vFxhnva
00000250: 30 0B 00 02 00 00 00 47  68 74 74 70 3A 2F 2F 49  0......Ghttp://I
00000260: 34 78 51 77 69 73 50 4C  77 58 74 48 44 52 39 69  4xQwisPLwXtHDR9i
00000270: 31 4B 6F 65 53 36 6F 75  6F 6B 30 52 58 63 77 6B  1KoeS6ouok0RXcwk
00000280: 73 4A 76 41 63 42 63 4C  59 74 38 68 74 52 47 65  sJvAcBcLYt8htRGe
00000290: 41 72 7A 7A 4A 48 6E 45  41 51 46 58 56 79 47 00  ArzzJHnEAQFXVyG.
000002A0: 0B 00 01 00 00 00 1B 68  74 74 70 3A 2F 2F 73 68  .......http://sh
000002B0: 6F 72 74 2D 75 72 6C 2F  42 59 67 49 64 6B 6E 42  ort-url/BYgIdknB
000002C0: 4D 77 0B 00 02 00 00 00  47 68 74 74 70 3A 2F 2F  Mw......Ghttp://
000002D0: 48 51 6F 43 7A 31 79 50  6E 61 79 4C 34 50 37 4E  HQoCz1yPnayL4P7N
000002E0: 57 66 65 68 73 38 6A 46  34 49 30 56 49 65 4C 37  Wfehs8jF4I0VIeL7
000002F0: 6D 4D 4D 52 33 51 50 63  35 43 36 41 30 59 6A 4B  mMMR3QPc5C6A0YjK
00000300: 61 50 6C 42 4A 68 61 4B  58 41 56 66 7A 50 31 53  aPlBJhaKXAVfzP1S
00000310: 00 00 00                                          ...
====
STREAM PID 40027.0xffff948328f80b00 (C) > 40016.0xffff9482c72c0b00 (S), length 699
command[40027]: b'./src/ComposePostService/ComposePostService'
command[40016]: b'./cmake-build/src/TextService/TextService'
----
00000000: 00 00 02 B7 80 01 00 01  00 00 00 0B 43 6F 6D 70  ............Comp
00000010: 6F 73 65 54 65 78 74 00  00 00 00 0A 00 01 04 5F  oseText........_
00000020: FC 0A F0 83 D0 C0 0B 00  02 00 00 02 84 4E 7A 4E  .............NzN
00000030: 71 59 75 71 49 63 43 65  4F 6E 71 4B 52 65 34 7A  qYuqIcCeOnqKRe4z
00000040: 51 53 69 73 37 6D 55 65  63 55 6B 73 66 6D 41 4C  QSis7mUecUksfmAL
00000050: 36 31 58 44 32 71 67 6E  52 59 4D 63 69 76 6B 53  61XD2qgnRYMcivkS
00000060: 4E 75 70 43 78 37 48 67  35 32 42 4D 62 75 79 37  NupCx7Hg52BMbuy7
00000070: 4B 57 69 75 37 73 43 48  31 67 50 4C 7A 54 49 74  KWiu7sCH1gPLzTIt
00000080: 5A 55 68 73 73 4B 6E 76  4A 30 53 4F 4B 50 72 4F  ZUhssKnvJ0SOKPrO
00000090: 69 70 32 6E 35 4B 56 66  49 30 74 6D 79 56 6D 69  ip2n5KVfI0tmyVmi
000000A0: 61 6D 62 6C 79 75 5A 37  70 61 54 64 54 4E 6C 70  amblyuZ7paTdTNlp
000000B0: 39 42 45 72 4B 50 7A 69  50 48 57 6E 52 54 7A 6D  9BErKPziPHWnRTzm
000000C0: 30 4F 51 43 65 71 6E 52  41 4F 65 51 65 48 39 69  0OQCeqnRAOeQeH9i
000000D0: 4B 67 63 70 39 45 6A 67  6C 77 7A 46 76 4D 58 55  Kgcp9EjglwzFvMXU
000000E0: 31 57 38 63 4B 4C 30 30  71 77 59 6F 75 33 4F 70  1W8cKL00qwYou3Op
000000F0: 38 52 38 56 49 59 31 4F  44 76 45 65 39 36 57 69  8R8VIY1ODvEe96Wi
00000100: 39 51 50 5A 53 6E 4D 63  7A 41 7A 52 56 32 54 56  9QPZSnMczAzRV2TV
00000110: 38 44 4E 45 55 4C 61 79  58 4E 76 79 39 76 49 57  8DNEULayXNvy9vIW
00000120: 6F 67 63 32 71 5A 70 77  45 7A 6B 73 62 20 40 75  ogc2qZpwEzksb @u
00000130: 73 65 72 6E 61 6D 65 5F  31 34 39 20 40 75 73 65  sername_149 @use
00000140: 72 6E 61 6D 65 5F 31 33  35 20 68 74 74 70 3A 2F  rname_135 http:/
00000150: 2F 49 51 43 36 65 57 34  4B 4D 57 77 57 49 36 45  /IQC6eW4KMWwWI6E
00000160: 7A 57 39 50 53 52 55 4C  43 34 56 4B 6C 4A 78 68  zW9PSRULC4VKlJxh
00000170: 4D 54 53 58 45 47 76 54  6A 64 5A 36 66 4D 77 50  MTSXEGvTjdZ6fMwP
00000180: 59 72 59 6F 53 79 53 76  4F 37 36 6C 72 31 35 51  YrYoSySvO76lr15Q
00000190: 45 20 68 74 74 70 3A 2F  2F 4E 7A 75 39 69 59 57  E http://Nzu9iYW
000001A0: 45 32 51 36 46 38 36 4A  6F 56 35 53 42 34 67 64  E2Q6F86JoV5SB4gd
000001B0: 37 43 49 70 6E 6D 4E 39  47 65 71 4E 34 46 65 50  7CIpnmN9GeqN4FeP
000001C0: 73 73 61 7A 47 4D 72 37  37 58 33 52 47 66 76 37  ssazGMr77X3RGfv7
000001D0: 44 55 6F 53 37 34 51 59  44 20 68 74 74 70 3A 2F  DUoS74QYD http:/
000001E0: 2F 67 66 57 6A 33 77 44  77 46 49 35 32 45 6B 36  /gfWj3wDwFI52Ek6
000001F0: 4E 79 61 46 73 52 57 76  32 46 70 42 61 61 35 66  NyaFsRWv2FpBaa5f
00000200: 35 4B 67 4C 66 76 4E 7A  33 69 67 76 63 66 77 66  5KgLfvNz3igvcfwf
00000210: 47 71 37 49 5A 50 63 58  58 49 33 39 72 79 31 61  Gq7IZPcXXI39ry1a
00000220: 5A 20 68 74 74 70 3A 2F  2F 77 65 66 42 47 52 45  Z http://wefBGRE
00000230: 6C 6A 56 55 44 63 30 68  67 41 4B 77 7A 51 69 57  ljVUDc0hgAKwzQiW
00000240: 58 67 6A 4B 68 30 32 4B  62 53 74 4C 75 31 6F 32  XgjKh02KbStLu1o2
00000250: 6B 48 55 33 4A 30 66 31  4B 62 4E 54 78 54 32 42  kHU3J0f1KbNTxT2B
00000260: 53 6A 5A 72 33 6F 62 36  4D 20 68 74 74 70 3A 2F  SjZr3ob6M http:/
00000270: 2F 45 53 74 4D 6A 36 74  56 66 63 35 6D 4B 6F 57  /EStMj6tVfc5mKoW
00000280: 4A 42 57 54 49 66 4F 73  63 6A 55 49 78 4C 42 55  JBWTIfOscjUIxLBU
00000290: 35 35 52 63 74 33 76 54  46 78 4F 35 67 51 75 46  55Rct3vTFxO5gQuF
000002A0: 66 4B 50 44 6C 48 4F 41  36 35 5A 4A 6B 69 75 33  fKPDlHOA65ZJkiu3
000002B0: 5A 0D 00 03 0B 0B 00 00  00 00 00                 Z..........
====
STREAM PID 40027.0xffff948328f80b00 (C) > 40016.0xffff9482c72c0b00 (S), length 338
command[40027]: b'./src/ComposePostService/ComposePostService'
command[40016]: b'./cmake-build/src/TextService/TextService'
----
00000000: 00 00 01 4E 80 01 00 01  00 00 00 0B 43 6F 6D 70  ...N........Comp
00000010: 6F 73 65 54 65 78 74 00  00 00 00 0A 00 01 0D 03  oseText.........
00000020: 03 B7 05 A6 CF 00 0B 00  02 00 00 01 1B 31 30 4F  .............10O
00000030: 42 62 4D 67 72 57 65 37  4B 62 32 67 59 69 4D 70  BbMgrWe7Kb2gYiMp
00000040: 6B 70 67 72 5A 31 51 63  6C 49 62 4D 74 4D 57 65  kpgrZ1QclIbMtMWe
00000050: 34 6D 30 4C 49 69 30 78  58 75 79 65 6B 30 33 74  4m0LIi0xXuyek03t
00000060: 31 63 6D 7A 6E 77 50 4D  42 78 35 30 76 70 63 77  1cmznwPMBx50vpcw
00000070: 51 33 35 4F 63 66 55 33  75 56 61 4A 58 34 31 31  Q35OcfU3uVaJX411
00000080: 36 78 56 4A 39 46 6C 66  38 61 6E 61 6C 4F 35 48  6xVJ9Flf8analO5H
00000090: 6F 50 77 6C 63 4D 41 69  73 51 54 56 7A 33 49 54  oPwlcMAisQTVz3IT
000000A0: 6E 64 69 65 73 72 79 77  36 72 72 70 54 49 45 73  ndiesryw6rrpTIEs
000000B0: 57 4C 57 6B 5A 45 41 5A  4C 33 34 37 53 4D 67 42  WLWkZEAZL347SMgB
000000C0: 4F 34 48 6B 39 6A 6B 4D  78 68 65 76 39 56 4F 31  O4Hk9jkMxhev9VO1
000000D0: 58 70 41 68 70 51 4E 79  4D 39 7A 31 32 6C 6B 53  XpAhpQNyM9z12lkS
000000E0: 66 72 30 38 65 79 58 4E  58 44 4C 6B 73 52 74 6A  fr08eyXNXDLksRtj
000000F0: 56 49 32 69 56 5A 42 45  62 6A 71 49 75 71 42 72  VI2iVZBEbjqIuqBr
00000100: 63 38 4A 65 6D 57 77 4B  31 50 6B 59 5A 76 74 61  c8JemWwK1PkYZvta
00000110: 36 77 37 64 77 52 4D 32  73 4C 45 36 6D 4C 7A 59  6w7dwRM2sLE6mLzY
00000120: 66 65 53 62 54 52 59 76  39 4D 75 71 32 20 40 75  feSbTRYv9Muq2 @u
00000130: 73 65 72 6E 61 6D 65 5F  34 31 20 40 75 73 65 72  sername_41 @user
00000140: 6E 61 6D 65 5F 36 30 32  0D 00 03 0B 0B 00 00 00  name_602........
00000150: 00 00                                             ..
====
STREAM PID 40016.0xffff9482c72c0b00 (S) > 40027.0xffff948328f80b00 (C), length 338
command[40016]: b'./cmake-build/src/TextService/TextService'
command[40027]: b'./src/ComposePostService/ComposePostService'
----
00000000: 00 00 01 4E 80 01 00 02  00 00 00 0B 43 6F 6D 70  ...N........Comp
00000010: 6F 73 65 54 65 78 74 00  00 00 00 0C 00 00 0B 00  oseText.........
00000020: 01 00 00 01 1B 31 30 4F  42 62 4D 67 72 57 65 37  .....10OBbMgrWe7
00000030: 4B 62 32 67 59 69 4D 70  6B 70 67 72 5A 31 51 63  Kb2gYiMpkpgrZ1Qc
00000040: 6C 49 62 4D 74 4D 57 65  34 6D 30 4C 49 69 30 78  lIbMtMWe4m0LIi0x
00000050: 58 75 79 65 6B 30 33 74  31 63 6D 7A 6E 77 50 4D  Xuyek03t1cmznwPM
00000060: 42 78 35 30 76 70 63 77  51 33 35 4F 63 66 55 33  Bx50vpcwQ35OcfU3
00000070: 75 56 61 4A 58 34 31 31  36 78 56 4A 39 46 6C 66  uVaJX4116xVJ9Flf
00000080: 38 61 6E 61 6C 4F 35 48  6F 50 77 6C 63 4D 41 69  8analO5HoPwlcMAi
00000090: 73 51 54 56 7A 33 49 54  6E 64 69 65 73 72 79 77  sQTVz3ITndiesryw
000000A0: 36 72 72 70 54 49 45 73  57 4C 57 6B 5A 45 41 5A  6rrpTIEsWLWkZEAZ
000000B0: 4C 33 34 37 53 4D 67 42  4F 34 48 6B 39 6A 6B 4D  L347SMgBO4Hk9jkM
000000C0: 78 68 65 76 39 56 4F 31  58 70 41 68 70 51 4E 79  xhev9VO1XpAhpQNy
000000D0: 4D 39 7A 31 32 6C 6B 53  66 72 30 38 65 79 58 4E  M9z12lkSfr08eyXN
000000E0: 58 44 4C 6B 73 52 74 6A  56 49 32 69 56 5A 42 45  XDLksRtjVI2iVZBE
000000F0: 62 6A 71 49 75 71 42 72  63 38 4A 65 6D 57 77 4B  bjqIuqBrc8JemWwK
00000100: 31 50 6B 59 5A 76 74 61  36 77 37 64 77 52 4D 32  1PkYZvta6w7dwRM2
00000110: 73 4C 45 36 6D 4C 7A 59  66 65 53 62 54 52 59 76  sLE6mLzYfeSbTRYv
00000120: 39 4D 75 71 32 20 40 75  73 65 72 6E 61 6D 65 5F  9Muq2 @username_
00000130: 34 31 20 40 75 73 65 72  6E 61 6D 65 5F 36 30 32  41 @username_602
00000140: 0F 00 02 0C 00 00 00 00  0F 00 03 0C 00 00 00 00  ................
00000150: 00 00                                             ..
====
STREAM PID 40027.0xffff948328f80b00 (C) > 40016.0xffff9482c72c0b00 (S), length 497
command[40027]: b'./src/ComposePostService/ComposePostService'
command[40016]: b'./cmake-build/src/TextService/TextService'
----
00000000: 00 00 01 ED 80 01 00 01  00 00 00 0B 43 6F 6D 70  ............Comp
00000010: 6F 73 65 54 65 78 74 00  00 00 00 0A 00 01 04 98  oseText.........
00000020: A5 90 40 9D 2A 00 0B 00  02 00 00 01 BA 45 64 7A  ..@.*........Edz
00000030: 66 38 54 6C 58 6D 7A 31  30 4D 44 6B 6B 37 4B 32  f8TlXmz10MDkk7K2
00000040: 57 63 71 54 6A 6F 48 6D  45 70 58 76 54 46 6B 51  WcqTjoHmEpXvTFkQ
00000050: 35 5A 49 54 6C 46 71 36  6F 45 6E 4A 37 4A 79 31  5ZITlFq6oEnJ7Jy1
00000060: 50 78 63 49 46 4B 36 71  77 43 67 30 51 55 4A 57  PxcIFK6qwCg0QUJW
00000070: 32 74 63 51 59 36 39 70  78 71 4C 4D 74 6E 6F 64  2tcQY69pxqLMtnod
00000080: 65 70 77 79 59 66 76 30  45 4F 4C 78 53 32 52 76  epwyYfv0EOLxS2Rv
00000090: 74 70 39 78 66 6B 77 55  75 43 49 64 4F 4D 48 73  tp9xfkwUuCIdOMHs
000000A0: 44 70 6D 77 79 74 61 61  57 57 6B 66 6B 61 35 64  DpmwytaaWWkfka5d
000000B0: 32 51 4A 76 73 59 65 43  4E 6A 53 38 47 33 75 6A  2QJvsYeCNjS8G3uj
000000C0: 79 49 6D 4A 79 39 36 6C  76 48 4D 47 49 44 30 7A  yImJy96lvHMGID0z
000000D0: 59 48 31 43 47 48 64 73  73 42 38 37 6D 34 43 6D  YH1CGHdssB87m4Cm
000000E0: 4D 36 63 50 62 71 33 74  77 30 6A 6B 79 78 70 64  M6cPbq3tw0jkyxpd
000000F0: 58 66 39 51 31 38 75 48  6E 77 45 69 63 64 34 54  Xf9Q18uHnwEicd4T
00000100: 63 53 6B 66 61 6A 64 46  6F 4A 67 6B 7A 65 71 4E  cSkfajdFoJgkzeqN
00000110: 78 4B 51 6D 72 38 51 67  4D 55 75 65 77 55 33 34  xKQmr8QgMUuewU34
00000120: 53 35 65 72 61 4A 46 70  7A 62 43 64 4A 20 40 75  S5eraJFpzbCdJ @u
00000130: 73 65 72 6E 61 6D 65 5F  32 34 39 20 40 75 73 65  sername_249 @use
00000140: 72 6E 61 6D 65 5F 36 39  35 20 40 75 73 65 72 6E  rname_695 @usern
00000150: 61 6D 65 5F 31 34 32 20  68 74 74 70 3A 2F 2F 6D  ame_142 http://m
00000160: 33 70 39 55 57 72 6A 56  70 6C 69 35 43 72 58 6D  3p9UWrjVpli5CrXm
00000170: 44 39 6F 74 73 4E 34 56  4B 42 43 64 48 6D 43 78  D9otsN4VKBCdHmCx
00000180: 6D 75 4A 35 4E 47 4F 74  77 6E 34 77 54 67 30 51  muJ5NGOtwn4wTg0Q
00000190: 69 49 50 4B 64 71 39 56  50 30 59 79 30 67 4D 20  iIPKdq9VP0Yy0gM 
000001A0: 68 74 74 70 3A 2F 2F 67  36 39 69 6B 50 6D 78 6B  http://g69ikPmxk
000001B0: 6E 69 63 64 66 76 48 52  42 45 36 34 50 61 46 49  nicdfvHRBE64PaFI
000001C0: 67 32 53 76 54 42 54 72  4C 63 61 61 62 30 50 6D  g2SvTBTrLcaab0Pm
000001D0: 37 6D 34 5A 52 53 53 6A  75 42 47 39 4B 70 75 4A  7m4ZRSSjuBG9KpuJ
000001E0: 69 6E 50 4D 45 36 59 0D  00 03 0B 0B 00 00 00 00  inPME6Y.........
000001F0: 00                                                .
====
STREAM PID 40016.0xffff9482c72c0b00 (S) > 40027.0xffff948328f80b00 (C), length 635
command[40016]: b'./cmake-build/src/TextService/TextService'
command[40027]: b'./src/ComposePostService/ComposePostService'
----
00000000: 00 00 02 77 80 01 00 02  00 00 00 0B 43 6F 6D 70  ...w........Comp
00000010: 6F 73 65 54 65 78 74 00  00 00 00 0C 00 00 0B 00  oseText.........
00000020: 01 00 00 01 62 45 64 7A  66 38 54 6C 58 6D 7A 31  ....bEdzf8TlXmz1
00000030: 30 4D 44 6B 6B 37 4B 32  57 63 71 54 6A 6F 48 6D  0MDkk7K2WcqTjoHm
00000040: 45 70 58 76 54 46 6B 51  35 5A 49 54 6C 46 71 36  EpXvTFkQ5ZITlFq6
00000050: 6F 45 6E 4A 37 4A 79 31  50 78 63 49 46 4B 36 71  oEnJ7Jy1PxcIFK6q
00000060: 77 43 67 30 51 55 4A 57  32 74 63 51 59 36 39 70  wCg0QUJW2tcQY69p
00000070: 78 71 4C 4D 74 6E 6F 64  65 70 77 79 59 66 76 30  xqLMtnodepwyYfv0
00000080: 45 4F 4C 78 53 32 52 76  74 70 39 78 66 6B 77 55  EOLxS2Rvtp9xfkwU
00000090: 75 43 49 64 4F 4D 48 73  44 70 6D 77 79 74 61 61  uCIdOMHsDpmwytaa
000000A0: 57 57 6B 66 6B 61 35 64  32 51 4A 76 73 59 65 43  WWkfka5d2QJvsYeC
000000B0: 4E 6A 53 38 47 33 75 6A  79 49 6D 4A 79 39 36 6C  NjS8G3ujyImJy96l
000000C0: 76 48 4D 47 49 44 30 7A  59 48 31 43 47 48 64 73  vHMGID0zYH1CGHds
000000D0: 73 42 38 37 6D 34 43 6D  4D 36 63 50 62 71 33 74  sB87m4CmM6cPbq3t
000000E0: 77 30 6A 6B 79 78 70 64  58 66 39 51 31 38 75 48  w0jkyxpdXf9Q18uH
000000F0: 6E 77 45 69 63 64 34 54  63 53 6B 66 61 6A 64 46  nwEicd4TcSkfajdF
00000100: 6F 4A 67 6B 7A 65 71 4E  78 4B 51 6D 72 38 51 67  oJgkzeqNxKQmr8Qg
00000110: 4D 55 75 65 77 55 33 34  53 35 65 72 61 4A 46 70  MUuewU34S5eraJFp
00000120: 7A 62 43 64 4A 20 40 75  73 65 72 6E 61 6D 65 5F  zbCdJ @username_
00000130: 32 34 39 20 40 75 73 65  72 6E 61 6D 65 5F 36 39  249 @username_69
00000140: 35 20 40 75 73 65 72 6E  61 6D 65 5F 31 34 32 20  5 @username_142 
00000150: 68 74 74 70 3A 2F 2F 73  68 6F 72 74 2D 75 72 6C  http://short-url
00000160: 2F 69 4C 30 67 73 6E 75  58 4B 43 20 68 74 74 70  /iL0gsnuXKC http
00000170: 3A 2F 2F 73 68 6F 72 74  2D 75 72 6C 2F 6D 76 7A  ://short-url/mvz
00000180: 55 37 31 69 42 75 74 0F  00 02 0C 00 00 00 00 0F  U71iBut.........
00000190: 00 03 0C 00 00 00 02 0B  00 01 00 00 00 1B 68 74  ..............ht
000001A0: 74 70 3A 2F 2F 73 68 6F  72 74 2D 75 72 6C 2F 69  tp://short-url/i
000001B0: 4C 30 67 73 6E 75 58 4B  43 0B 00 02 00 00 00 47  L0gsnuXKC......G
000001C0: 68 74 74 70 3A 2F 2F 6D  33 70 39 55 57 72 6A 56  http://m3p9UWrjV
000001D0: 70 6C 69 35 43 72 58 6D  44 39 6F 74 73 4E 34 56  pli5CrXmD9otsN4V
000001E0: 4B 42 43 64 48 6D 43 78  6D 75 4A 35 4E 47 4F 74  KBCdHmCxmuJ5NGOt
000001F0: 77 6E 34 77 54 67 30 51  69 49 50 4B 64 71 39 56  wn4wTg0QiIPKdq9V
00000200: 50 30 59 79 30 67 4D 00  0B 00 01 00 00 00 1B 68  P0Yy0gM........h
00000210: 74 74 70 3A 2F 2F 73 68  6F 72 74 2D 75 72 6C 2F  ttp://short-url/
00000220: 6D 76 7A 55 37 31 69 42  75 74 0B 00 02 00 00 00  mvzU71iBut......
00000230: 47 68 74 74 70 3A 2F 2F  67 36 39 69 6B 50 6D 78  Ghttp://g69ikPmx
00000240: 6B 6E 69 63 64 66 76 48  52 42 45 36 34 50 61 46  knicdfvHRBE64PaF
00000250: 49 67 32 53 76 54 42 54  72 4C 63 61 61 62 30 50  Ig2SvTBTrLcaab0P
00000260: 6D 37 6D 34 5A 52 53 53  6A 75 42 47 39 4B 70 75  m7m4ZRSSjuBG9Kpu
00000270: 4A 69 6E 50 4D 45 36 59  00 00 00                 JinPME6Y...
====
STREAM PID 40027.0xffff948328f80b00 (C) > 40016.0xffff9482c72c0b00 (S), length 339
command[40027]: b'./src/ComposePostService/ComposePostService'
command[40016]: b'./cmake-build/src/TextService/TextService'
----
00000000: 00 00 01 4F 80 01 00 01  00 00 00 0B 43 6F 6D 70  ...O........Comp
00000010: 6F 73 65 54 65 78 74 00  00 00 00 0A 00 01 04 AA  oseText.........
00000020: B8 2A C8 9B 01 00 0B 00  02 00 00 01 1C 77 77 44  .*...........wwD
00000030: 33 37 4A 45 63 38 72 4C  4E 43 4D 6C 44 62 45 55  37JEc8rLNCMlDbEU
00000040: 30 62 6F 4E 50 52 79 57  71 4F 39 76 44 71 76 73  0boNPRyWqO9vDqvs
00000050: 78 4E 70 5A 36 78 34 6D  66 62 52 4B 57 6A 4B 6D  xNpZ6x4mfbRKWjKm
00000060: 72 7A 38 4C 6F 72 52 4E  6A 65 45 74 57 56 55 68  rz8LorRNjeEtWVUh
00000070: 65 6D 68 68 58 6F 56 43  57 5A 43 6D 77 41 71 4C  emhhXoVCWZCmwAqL
00000080: 59 4E 35 37 57 77 4D 34  6E 63 44 64 73 72 31 47  YN57WwM4ncDdsr1G
00000090: 51 78 6C 50 6D 46 30 33  4D 69 33 5A 50 77 63 33  QxlPmF03Mi3ZPwc3
000000A0: 55 68 72 4D 59 49 30 6E  5A 72 54 56 4F 61 4F 4C  UhrMYI0nZrTVOaOL
000000B0: 6E 49 37 7A 61 68 66 4E  6E 79 6D 7A 34 65 49 4B  nI7zahfNnymz4eIK
000000C0: 4E 42 41 46 58 71 74 5A  51 64 31 72 33 73 6F 62  NBAFXqtZQd1r3sob
000000D0: 4C 6E 4A 34 33 4E 35 34  33 30 52 56 37 78 6D 35  LnJ43N5430RV7xm5
000000E0: 31 53 4C 35 55 5A 75 70  67 67 31 47 46 43 6B 4E  1SL5UZupgg1GFCkN
000000F0: 6A 45 68 6A 65 37 74 78  69 4C 77 36 32 33 31 70  jEhje7txiLw6231p
00000100: 42 67 47 6E 39 38 51 55  6C 79 39 6D 38 48 32 44  BgGn98QUly9m8H2D
00000110: 46 31 6F 78 33 30 73 32  64 4D 4D 56 68 6B 69 6E  F1ox30s2dMMVhkin
00000120: 38 74 4F 72 67 6F 38 7A  35 36 57 69 53 20 40 75  8tOrgo8z56WiS @u
00000130: 73 65 72 6E 61 6D 65 5F  32 37 36 20 40 75 73 65  sername_276 @use
00000140: 72 6E 61 6D 65 5F 37 36  37 0D 00 03 0B 0B 00 00  rname_767.......
00000150: 00 00 00                                          ...
====
STREAM PID 40016.0xffff9482c72c0b00 (S) > 40027.0xffff948328f80b00 (C), length 339
command[40016]: b'./cmake-build/src/TextService/TextService'
command[40027]: b'./src/ComposePostService/ComposePostService'
----
00000000: 00 00 01 4F 80 01 00 02  00 00 00 0B 43 6F 6D 70  ...O........Comp
00000010: 6F 73 65 54 65 78 74 00  00 00 00 0C 00 00 0B 00  oseText.........
00000020: 01 00 00 01 1C 77 77 44  33 37 4A 45 63 38 72 4C  .....wwD37JEc8rL
00000030: 4E 43 4D 6C 44 62 45 55  30 62 6F 4E 50 52 79 57  NCMlDbEU0boNPRyW
00000040: 71 4F 39 76 44 71 76 73  78 4E 70 5A 36 78 34 6D  qO9vDqvsxNpZ6x4m
00000050: 66 62 52 4B 57 6A 4B 6D  72 7A 38 4C 6F 72 52 4E  fbRKWjKmrz8LorRN
00000060: 6A 65 45 74 57 56 55 68  65 6D 68 68 58 6F 56 43  jeEtWVUhemhhXoVC
00000070: 57 5A 43 6D 77 41 71 4C  59 4E 35 37 57 77 4D 34  WZCmwAqLYN57WwM4
00000080: 6E 63 44 64 73 72 31 47  51 78 6C 50 6D 46 30 33  ncDdsr1GQxlPmF03
00000090: 4D 69 33 5A 50 77 63 33  55 68 72 4D 59 49 30 6E  Mi3ZPwc3UhrMYI0n
000000A0: 5A 72 54 56 4F 61 4F 4C  6E 49 37 7A 61 68 66 4E  ZrTVOaOLnI7zahfN
000000B0: 6E 79 6D 7A 34 65 49 4B  4E 42 41 46 58 71 74 5A  nymz4eIKNBAFXqtZ
000000C0: 51 64 31 72 33 73 6F 62  4C 6E 4A 34 33 4E 35 34  Qd1r3sobLnJ43N54
000000D0: 33 30 52 56 37 78 6D 35  31 53 4C 35 55 5A 75 70  30RV7xm51SL5UZup
000000E0: 67 67 31 47 46 43 6B 4E  6A 45 68 6A 65 37 74 78  gg1GFCkNjEhje7tx
000000F0: 69 4C 77 36 32 33 31 70  42 67 47 6E 39 38 51 55  iLw6231pBgGn98QU
00000100: 6C 79 39 6D 38 48 32 44  46 31 6F 78 33 30 73 32  ly9m8H2DF1ox30s2
00000110: 64 4D 4D 56 68 6B 69 6E  38 74 4F 72 67 6F 38 7A  dMMVhkin8tOrgo8z
00000120: 35 36 57 69 53 20 40 75  73 65 72 6E 61 6D 65 5F  56WiS @username_
00000130: 32 37 36 20 40 75 73 65  72 6E 61 6D 65 5F 37 36  276 @username_76
00000140: 37 0F 00 02 0C 00 00 00  00 0F 00 03 0C 00 00 00  7...............
00000150: 00 00 00                                          ...
====
STREAM PID 40027.0xffff948328f80b00 (C) > 40016.0xffff9482c72c0b00 (S), length 483
command[40027]: b'./src/ComposePostService/ComposePostService'
command[40016]: b'./cmake-build/src/TextService/TextService'
----
00000000: 00 00 01 DF 80 01 00 01  00 00 00 0B 43 6F 6D 70  ............Comp
00000010: 6F 73 65 54 65 78 74 00  00 00 00 0A 00 01 00 8D  oseText.........
00000020: 3F 10 0D B1 D7 70 0B 00  02 00 00 01 AC 6C 58 4F  ?....p.......lXO
00000030: 78 73 72 42 61 36 57 37  44 71 58 79 76 57 77 54  xsrBa6W7DqXyvWwT
00000040: 52 63 39 57 6A 56 42 70  67 66 55 56 37 38 5A 52  Rc9WjVBpgfUV78ZR
00000050: 71 76 57 70 33 50 61 4E  5A 42 6A 36 7A 7A 75 46  qvWp3PaNZBj6zzuF
00000060: 76 76 59 6A 46 4A 68 59  7A 59 67 4D 39 65 6A 51  vvYjFJhYzYgM9ejQ
00000070: 71 44 6C 66 68 30 34 54  78 6C 69 34 73 79 63 56  qDlfh04Txli4sycV
00000080: 58 4C 4B 41 34 41 39 66  72 30 57 77 65 65 48 79  XLKA4A9fr0WweeHy
00000090: 36 42 74 4F 33 79 78 58  58 59 49 45 64 56 44 59  6BtO3yxXXYIEdVDY
000000A0: 75 39 42 75 54 76 57 71  4C 57 58 6C 73 4A 53 30  u9BuTvWqLWXlsJS0
000000B0: 54 63 70 6F 76 67 32 6A  56 6F 36 58 63 6C 65 32  Tcpovg2jVo6Xcle2
000000C0: 6A 6C 7A 72 7A 56 42 74  32 39 4A 4D 53 32 38 51  jlzrzVBt29JMS28Q
000000D0: 61 45 70 75 30 52 51 34  57 72 61 62 75 51 62 4C  aEpu0RQ4WrabuQbL
000000E0: 6B 62 31 53 4F 4F 64 6B  78 6C 34 33 75 61 56 46  kb1SOOdkxl43uaVF
000000F0: 55 34 49 4D 63 41 51 52  6F 4F 35 46 47 48 77 48  U4IMcAQRoO5FGHwH
00000100: 77 48 7A 6D 53 4A 38 47  59 61 48 41 65 71 49 53  wHzmSJ8GYaHAeqIS
00000110: 44 48 64 5A 6D 4B 49 58  74 32 58 69 71 37 58 35  DHdZmKIXt2Xiq7X5
00000120: 62 5A 57 44 35 64 54 5A  74 71 4D 37 6E 20 40 75  bZWD5dTZtqM7n @u
00000130: 73 65 72 6E 61 6D 65 5F  37 35 33 20 40 75 73 65  sername_753 @use
00000140: 72 6E 61 6D 65 5F 33 34  35 20 68 74 74 70 3A 2F  rname_345 http:/
00000150: 2F 4B 42 58 39 35 4D 62  6F 76 53 41 44 31 49 79  /KBX95MbovSAD1Iy
00000160: 64 78 6F 33 74 7A 7A 42  77 70 52 78 56 31 50 4F  dxo3tzzBwpRxV1PO
00000170: 6A 7A 4F 4E 78 6F 66 32  48 67 5A 55 45 45 6C 49  jzONxof2HgZUEElI
00000180: 76 54 4D 73 73 68 74 52  4A 39 56 69 67 46 37 34  vTMsshtRJ9VigF74
00000190: 48 20 68 74 74 70 3A 2F  2F 4A 4D 4E 32 47 58 78  H http://JMN2GXx
000001A0: 5A 6F 53 47 79 5A 30 4C  56 62 49 4D 36 6F 56 66  ZoSGyZ0LVbIM6oVf
000001B0: 39 57 4F 6E 7A 37 39 47  45 48 75 6A 55 35 67 4F  9WOnz79GEHujU5gO
000001C0: 33 73 6B 6D 6B 44 6F 56  46 68 75 61 58 77 33 38  3skmkDoVFhuaXw38
000001D0: 71 79 5A 64 71 64 56 75  32 0D 00 03 0B 0B 00 00  qyZdqdVu2.......
000001E0: 00 00 00                                          ...
====
STREAM PID 40016.0xffff9482c72c0b00 (S) > 40027.0xffff948328f80b00 (C), length 621
command[40016]: b'./cmake-build/src/TextService/TextService'
command[40027]: b'./src/ComposePostService/ComposePostService'
----
00000000: 00 00 02 69 80 01 00 02  00 00 00 0B 43 6F 6D 70  ...i........Comp
00000010: 6F 73 65 54 65 78 74 00  00 00 00 0C 00 00 0B 00  oseText.........
00000020: 01 00 00 01 54 6C 58 4F  78 73 72 42 61 36 57 37  ....TlXOxsrBa6W7
00000030: 44 71 58 79 76 57 77 54  52 63 39 57 6A 56 42 70  DqXyvWwTRc9WjVBp
00000040: 67 66 55 56 37 38 5A 52  71 76 57 70 33 50 61 4E  gfUV78ZRqvWp3PaN
00000050: 5A 42 6A 36 7A 7A 75 46  76 76 59 6A 46 4A 68 59  ZBj6zzuFvvYjFJhY
00000060: 7A 59 67 4D 39 65 6A 51  71 44 6C 66 68 30 34 54  zYgM9ejQqDlfh04T
00000070: 78 6C 69 34 73 79 63 56  58 4C 4B 41 34 41 39 66  xli4sycVXLKA4A9f
00000080: 72 30 57 77 65 65 48 79  36 42 74 4F 33 79 78 58  r0WweeHy6BtO3yxX
00000090: 58 59 49 45 64 56 44 59  75 39 42 75 54 76 57 71  XYIEdVDYu9BuTvWq
000000A0: 4C 57 58 6C 73 4A 53 30  54 63 70 6F 76 67 32 6A  LWXlsJS0Tcpovg2j
000000B0: 56 6F 36 58 63 6C 65 32  6A 6C 7A 72 7A 56 42 74  Vo6Xcle2jlzrzVBt
000000C0: 32 39 4A 4D 53 32 38 51  61 45 70 75 30 52 51 34  29JMS28QaEpu0RQ4
000000D0: 57 72 61 62 75 51 62 4C  6B 62 31 53 4F 4F 64 6B  WrabuQbLkb1SOOdk
000000E0: 78 6C 34 33 75 61 56 46  55 34 49 4D 63 41 51 52  xl43uaVFU4IMcAQR
000000F0: 6F 4F 35 46 47 48 77 48  77 48 7A 6D 53 4A 38 47  oO5FGHwHwHzmSJ8G
00000100: 59 61 48 41 65 71 49 53  44 48 64 5A 6D 4B 49 58  YaHAeqISDHdZmKIX
00000110: 74 32 58 69 71 37 58 35  62 5A 57 44 35 64 54 5A  t2Xiq7X5bZWD5dTZ
00000120: 74 71 4D 37 6E 20 40 75  73 65 72 6E 61 6D 65 5F  tqM7n @username_
00000130: 37 35 33 20 40 75 73 65  72 6E 61 6D 65 5F 33 34  753 @username_34
00000140: 35 20 68 74 74 70 3A 2F  2F 73 68 6F 72 74 2D 75  5 http://short-u
00000150: 72 6C 2F 68 61 58 39 76  55 44 4B 34 68 20 68 74  rl/haX9vUDK4h ht
00000160: 74 70 3A 2F 2F 73 68 6F  72 74 2D 75 72 6C 2F 6C  tp://short-url/l
00000170: 34 30 4F 68 6F 6D 6A 6B  79 0F 00 02 0C 00 00 00  40Ohomjky.......
00000180: 00 0F 00 03 0C 00 00 00  02 0B 00 01 00 00 00 1B  ................
00000190: 68 74 74 70 3A 2F 2F 73  68 6F 72 74 2D 75 72 6C  http://short-url
000001A0: 2F 68 61 58 39 76 55 44  4B 34 68 0B 00 02 00 00  /haX9vUDK4h.....
000001B0: 00 47 68 74 74 70 3A 2F  2F 4B 42 58 39 35 4D 62  .Ghttp://KBX95Mb
000001C0: 6F 76 53 41 44 31 49 79  64 78 6F 33 74 7A 7A 42  ovSAD1Iydxo3tzzB
000001D0: 77 70 52 78 56 31 50 4F  6A 7A 4F 4E 78 6F 66 32  wpRxV1POjzONxof2
000001E0: 48 67 5A 55 45 45 6C 49  76 54 4D 73 73 68 74 52  HgZUEElIvTMsshtR
000001F0: 4A 39 56 69 67 46 37 34  48 00 0B 00 01 00 00 00  J9VigF74H.......
00000200: 1B 68 74 74 70 3A 2F 2F  73 68 6F 72 74 2D 75 72  .http://short-ur
00000210: 6C 2F 6C 34 30 4F 68 6F  6D 6A 6B 79 0B 00 02 00  l/l40Ohomjky....
00000220: 00 00 47 68 74 74 70 3A  2F 2F 4A 4D 4E 32 47 58  ..Ghttp://JMN2GX
00000230: 78 5A 6F 53 47 79 5A 30  4C 56 62 49 4D 36 6F 56  xZoSGyZ0LVbIM6oV
00000240: 66 39 57 4F 6E 7A 37 39  47 45 48 75 6A 55 35 67  f9WOnz79GEHujU5g
00000250: 4F 33 73 6B 6D 6B 44 6F  56 46 68 75 61 58 77 33  O3skmkDoVFhuaXw3
00000260: 38 71 79 5A 64 71 64 56  75 32 00 00 00           8qyZdqdVu2...
====
STREAM PID 40027.0xffff948328f80b00 (C) > 40016.0xffff9482c72c0b00 (S), length 453
command[40027]: b'./src/ComposePostService/ComposePostService'
command[40016]: b'./cmake-build/src/TextService/TextService'
----
00000000: 00 00 01 C1 80 01 00 01  00 00 00 0B 43 6F 6D 70  ............Comp
00000010: 6F 73 65 54 65 78 74 00  00 00 00 0A 00 01 0E F9  oseText.........
00000020: 25 08 F9 F8 DE 80 0B 00  02 00 00 01 8E 62 73 68  %............bsh
00000030: 4A 65 78 48 71 6F 38 4A  70 54 62 38 77 70 6A 53  JexHqo8JpTb8wpjS
00000040: 33 62 46 34 64 6E 56 55  47 37 35 74 6B 56 45 79  3bF4dnVUG75tkVEy
00000050: 37 35 78 42 38 50 39 68  79 78 72 4A 48 39 39 35  75xB8P9hyxrJH995
00000060: 33 4C 73 52 59 34 33 62  7A 75 75 36 6E 37 5A 75  3LsRY43bzuu6n7Zu
00000070: 7A 4B 4C 4E 65 4C 56 34  4C 6F 4B 30 45 4D 46 74  zKLNeLV4LoK0EMFt
00000080: 50 48 76 76 7A 35 50 39  6B 75 32 57 44 6B 5A 30  PHvvz5P9ku2WDkZ0
00000090: 56 54 36 39 50 6C 72 4E  4C 38 56 7A 77 52 39 4B  VT69PlrNL8VzwR9K
000000A0: 42 52 71 30 4B 55 6E 56  4F 4E 52 70 71 39 61 42  BRq0KUnVONRpq9aB
000000B0: 44 4A 4E 61 54 76 7A 69  6F 64 4A 4A 56 35 41 49  DJNaTvziodJJV5AI
000000C0: 75 5A 6D 33 4F 69 6E 65  55 70 4A 4A 54 66 58 73  uZm3OineUpJJTfXs
000000D0: 58 69 69 4C 4A 5A 6A 64  44 4F 35 47 30 59 32 71  XiiLJZjdDO5G0Y2q
000000E0: 70 6A 4F 36 45 37 34 58  58 73 62 65 6D 4D 68 58  pjO6E74XXsbemMhX
000000F0: 76 61 58 58 54 4D 4F 4B  53 63 74 71 70 76 70 32  vaXXTMOKSctqpvp2
00000100: 5A 46 6B 77 43 36 45 6F  36 70 4F 4E 4E 38 63 54  ZFkwC6Eo6pONN8cT
00000110: 41 73 43 70 61 48 6A 42  51 78 48 69 53 68 52 38  AsCpaHjBQxHiShR8
00000120: 53 4E 61 6E 4D 44 49 53  6D 59 6E 31 37 20 40 75  SNanMDISmYn17 @u
00000130: 73 65 72 6E 61 6D 65 5F  35 32 34 20 40 75 73 65  sername_524 @use
00000140: 72 6E 61 6D 65 5F 34 32  39 20 40 75 73 65 72 6E  rname_429 @usern
00000150: 61 6D 65 5F 31 39 37 20  40 75 73 65 72 6E 61 6D  ame_197 @usernam
00000160: 65 5F 38 33 37 20 40 75  73 65 72 6E 61 6D 65 5F  e_837 @username_
00000170: 35 34 37 20 68 74 74 70  3A 2F 2F 78 64 33 7A 58  547 http://xd3zX
00000180: 33 76 64 58 6C 67 65 78  76 47 6E 65 34 36 78 77  3vdXlgexvGne46xw
00000190: 73 4B 7A 53 55 45 43 38  39 72 65 5A 68 76 5A 4B  sKzSUEC89reZhvZK
000001A0: 57 61 35 48 36 78 61 33  57 52 77 57 51 36 65 57  Wa5H6xa3WRwWQ6eW
000001B0: 41 4E 7A 75 44 6C 4E 5A  6C 4C 71 0D 00 03 0B 0B  ANzuDlNZlLq.....
000001C0: 00 00 00 00 00                                    .....
====
STREAM PID 40016.0xffff9482c72c0b00 (S) > 40027.0xffff948328f80b00 (C), length 522
command[40016]: b'./cmake-build/src/TextService/TextService'
command[40027]: b'./src/ComposePostService/ComposePostService'
----
00000000: 00 00 02 06 80 01 00 02  00 00 00 0B 43 6F 6D 70  ............Comp
00000010: 6F 73 65 54 65 78 74 00  00 00 00 0C 00 00 0B 00  oseText.........
00000020: 01 00 00 01 62 62 73 68  4A 65 78 48 71 6F 38 4A  ....bbshJexHqo8J
00000030: 70 54 62 38 77 70 6A 53  33 62 46 34 64 6E 56 55  pTb8wpjS3bF4dnVU
00000040: 47 37 35 74 6B 56 45 79  37 35 78 42 38 50 39 68  G75tkVEy75xB8P9h
00000050: 79 78 72 4A 48 39 39 35  33 4C 73 52 59 34 33 62  yxrJH9953LsRY43b
00000060: 7A 75 75 36 6E 37 5A 75  7A 4B 4C 4E 65 4C 56 34  zuu6n7ZuzKLNeLV4
00000070: 4C 6F 4B 30 45 4D 46 74  50 48 76 76 7A 35 50 39  LoK0EMFtPHvvz5P9
00000080: 6B 75 32 57 44 6B 5A 30  56 54 36 39 50 6C 72 4E  ku2WDkZ0VT69PlrN
00000090: 4C 38 56 7A 77 52 39 4B  42 52 71 30 4B 55 6E 56  L8VzwR9KBRq0KUnV
000000A0: 4F 4E 52 70 71 39 61 42  44 4A 4E 61 54 76 7A 69  ONRpq9aBDJNaTvzi
000000B0: 6F 64 4A 4A 56 35 41 49  75 5A 6D 33 4F 69 6E 65  odJJV5AIuZm3Oine
000000C0: 55 70 4A 4A 54 66 58 73  58 69 69 4C 4A 5A 6A 64  UpJJTfXsXiiLJZjd
000000D0: 44 4F 35 47 30 59 32 71  70 6A 4F 36 45 37 34 58  DO5G0Y2qpjO6E74X
000000E0: 58 73 62 65 6D 4D 68 58  76 61 58 58 54 4D 4F 4B  XsbemMhXvaXXTMOK
000000F0: 53 63 74 71 70 76 70 32  5A 46 6B 77 43 36 45 6F  Sctqpvp2ZFkwC6Eo
00000100: 36 70 4F 4E 4E 38 63 54  41 73 43 70 61 48 6A 42  6pONN8cTAsCpaHjB
00000110: 51 78 48 69 53 68 52 38  53 4E 61 6E 4D 44 49 53  QxHiShR8SNanMDIS
00000120: 6D 59 6E 31 37 20 40 75  73 65 72 6E 61 6D 65 5F  mYn17 @username_
00000130: 35 32 34 20 40 75 73 65  72 6E 61 6D 65 5F 34 32  524 @username_42
00000140: 39 20 40 75 73 65 72 6E  61 6D 65 5F 31 39 37 20  9 @username_197 
00000150: 40 75 73 65 72 6E 61 6D  65 5F 38 33 37 20 40 75  @username_837 @u
00000160: 73 65 72 6E 61 6D 65 5F  35 34 37 20 68 74 74 70  sername_547 http
00000170: 3A 2F 2F 73 68 6F 72 74  2D 75 72 6C 2F 33 36 56  ://short-url/36V
00000180: 59 41 6C 72 49 52 6C 0F  00 02 0C 00 00 00 00 0F  YAlrIRl.........
00000190: 00 03 0C 00 00 00 01 0B  00 01 00 00 00 1B 68 74  ..............ht
000001A0: 74 70 3A 2F 2F 73 68 6F  72 74 2D 75 72 6C 2F 33  tp://short-url/3
000001B0: 36 56 59 41 6C 72 49 52  6C 0B 00 02 00 00 00 47  6VYAlrIRl......G
000001C0: 68 74 74 70 3A 2F 2F 78  64 33 7A 58 33 76 64 58  http://xd3zX3vdX
000001D0: 6C 67 65 78 76 47 6E 65  34 36 78 77 73 4B 7A 53  lgexvGne46xwsKzS
000001E0: 55 45 43 38 39 72 65 5A  68 76 5A 4B 57 61 35 48  UEC89reZhvZKWa5H
000001F0: 36 78 61 33 57 52 77 57  51 36 65 57 41 4E 7A 75  6xa3WRwWQ6eWANzu
00000200: 44 6C 4E 5A 6C 4C 71 00  00 00                    DlNZlLq...
====
STREAM PID 40027.0xffff948328f80b00 (C) > 40016.0xffff9482c72c0b00 (S), length 613
command[40027]: b'./src/ComposePostService/ComposePostService'
command[40016]: b'./cmake-build/src/TextService/TextService'
----
00000000: 00 00 02 61 80 01 00 01  00 00 00 0B 43 6F 6D 70  ...a........Comp
00000010: 6F 73 65 54 65 78 74 00  00 00 00 0A 00 01 09 B6  oseText.........
00000020: BC D7 A7 82 23 00 0B 00  02 00 00 02 2E 74 32 48  ....#........t2H
00000030: 39 46 72 73 6A 4F 47 44  66 72 4E 51 62 78 53 32  9FrsjOGDfrNQbxS2
00000040: 6D 46 65 71 39 71 4D 46  59 69 44 4E 37 4A 6D 4B  mFeq9qMFYiDN7JmK
00000050: 53 73 54 6C 5A 30 68 56  6E 36 57 71 51 52 39 5A  SsTlZ0hVn6WqQR9Z
00000060: 65 39 4E 4B 64 51 7A 52  57 55 4A 4E 46 6C 37 48  e9NKdQzRWUJNFl7H
00000070: 43 74 32 4F 32 62 76 38  5A 39 49 45 52 46 54 6A  Ct2O2bv8Z9IERFTj
00000080: 49 7A 63 6E 4F 7A 52 4A  61 6E 61 39 35 51 65 34  IzcnOzRJana95Qe4
00000090: 4B 75 31 72 74 44 49 6A  74 41 4B 7A 66 37 6F 39  Ku1rtDIjtAKzf7o9
000000A0: 5A 61 57 63 70 64 42 51  55 58 39 51 45 45 75 45  ZaWcpdBQUX9QEEuE
000000B0: 4C 41 64 71 64 32 30 59  59 6E 77 70 38 48 6D 48  LAdqd20YYnwp8HmH
000000C0: 6A 31 57 4C 58 66 54 44  50 7A 49 46 34 41 33 4A  j1WLXfTDPzIF4A3J
000000D0: 6A 6B 64 6B 6B 53 54 4D  54 73 66 6A 57 55 4A 67  jkdkkSTMTsfjWUJg
000000E0: 78 74 6B 54 45 5A 31 57  7A 38 53 39 37 5A 54 75  xtkTEZ1Wz8S97ZTu
000000F0: 69 72 46 42 50 4E 74 6C  6D 4D 4B 4B 59 4E 56 68  irFBPNtlmMKKYNVh
00000100: 58 35 31 72 44 59 4E 6C  41 42 48 4F 75 30 55 41  X51rDYNlABHOu0UA
00000110: 51 4C 6B 72 41 37 4A 38  46 34 54 4F 53 6C 4D 35  QLkrA7J8F4TOSlM5
00000120: 73 63 5A 68 69 53 43 34  58 62 72 6E 59 20 40 75  scZhiSC4XbrnY @u
00000130: 73 65 72 6E 61 6D 65 5F  34 39 34 20 68 74 74 70  sername_494 http
00000140: 3A 2F 2F 55 57 35 33 4A  4C 47 57 35 45 37 5A 39  ://UW53JLGW5E7Z9
00000150: 4D 63 35 62 78 64 68 49  6D 6D 38 77 4E 30 62 48  Mc5bxdhImm8wN0bH
00000160: 30 6B 6A 59 79 41 52 45  30 6B 68 56 75 71 32 35  0kjYyARE0khVuq25
00000170: 32 4A 42 57 4A 4B 39 6D  47 55 35 47 62 65 52 6B  2JBWJK9mGU5GbeRk
00000180: 4F 34 44 20 68 74 74 70  3A 2F 2F 45 78 77 4F 37  O4D http://ExwO7
00000190: 53 64 51 67 78 58 50 6B  36 36 72 75 48 5A 54 4B  SdQgxXPk66ruHZTK
000001A0: 36 46 6E 36 71 6A 47 76  4D 76 78 44 6E 57 37 6C  6Fn6qjGvMvxDnW7l
000001B0: 36 66 71 73 44 44 39 68  70 52 71 62 73 76 46 48  6fqsDD9hpRqbsvFH
000001C0: 31 42 51 70 4C 76 6F 30  53 64 67 20 68 74 74 70  1BQpLvo0Sdg http
000001D0: 3A 2F 2F 41 69 4F 5A 50  79 48 36 73 43 62 4B 6F  ://AiOZPyH6sCbKo
000001E0: 49 4D 64 42 70 6A 71 7A  55 30 33 36 57 35 67 4C  IMdBpjqzU036W5gL
000001F0: 6E 68 59 64 44 41 6E 59  65 58 55 52 30 42 67 43  nhYdDAnYeXUR0BgC
00000200: 61 73 4A 54 37 70 54 61  37 6C 63 6D 72 33 57 41  asJT7pTa7lcmr3WA
00000210: 68 74 36 20 68 74 74 70  3A 2F 2F 73 47 44 38 32  ht6 http://sGD82
00000220: 77 4F 4B 35 6B 49 6C 51  6D 45 46 32 6F 32 6C 57  wOK5kIlQmEF2o2lW
00000230: 77 62 45 76 74 66 5A 36  6E 50 75 77 68 71 47 37  wbEvtfZ6nPuwhqG7
00000240: 79 59 6B 49 46 6F 6E 33  70 45 6F 55 4F 32 38 57  yYkIFon3pEoUO28W
00000250: 38 43 43 73 48 41 42 77  63 64 61 0D 00 03 0B 0B  8CCsHABwcda.....
00000260: 00 00 00 00 00                                    .....
====
STREAM PID 40016.0xffff9482c72c0b00 (S) > 40027.0xffff948328f80b00 (C), length 889
command[40016]: b'./cmake-build/src/TextService/TextService'
command[40027]: b'./src/ComposePostService/ComposePostService'
----
00000000: 00 00 03 75 80 01 00 02  00 00 00 0B 43 6F 6D 70  ...u........Comp
00000010: 6F 73 65 54 65 78 74 00  00 00 00 0C 00 00 0B 00  oseText.........
00000020: 01 00 00 01 7E 74 32 48  39 46 72 73 6A 4F 47 44  ....~t2H9FrsjOGD
00000030: 66 72 4E 51 62 78 53 32  6D 46 65 71 39 71 4D 46  frNQbxS2mFeq9qMF
00000040: 59 69 44 4E 37 4A 6D 4B  53 73 54 6C 5A 30 68 56  YiDN7JmKSsTlZ0hV
00000050: 6E 36 57 71 51 52 39 5A  65 39 4E 4B 64 51 7A 52  n6WqQR9Ze9NKdQzR
00000060: 57 55 4A 4E 46 6C 37 48  43 74 32 4F 32 62 76 38  WUJNFl7HCt2O2bv8
00000070: 5A 39 49 45 52 46 54 6A  49 7A 63 6E 4F 7A 52 4A  Z9IERFTjIzcnOzRJ
00000080: 61 6E 61 39 35 51 65 34  4B 75 31 72 74 44 49 6A  ana95Qe4Ku1rtDIj
00000090: 74 41 4B 7A 66 37 6F 39  5A 61 57 63 70 64 42 51  tAKzf7o9ZaWcpdBQ
000000A0: 55 58 39 51 45 45 75 45  4C 41 64 71 64 32 30 59  UX9QEEuELAdqd20Y
000000B0: 59 6E 77 70 38 48 6D 48  6A 31 57 4C 58 66 54 44  Ynwp8HmHj1WLXfTD
000000C0: 50 7A 49 46 34 41 33 4A  6A 6B 64 6B 6B 53 54 4D  PzIF4A3JjkdkkSTM
000000D0: 54 73 66 6A 57 55 4A 67  78 74 6B 54 45 5A 31 57  TsfjWUJgxtkTEZ1W
000000E0: 7A 38 53 39 37 5A 54 75  69 72 46 42 50 4E 74 6C  z8S97ZTuirFBPNtl
000000F0: 6D 4D 4B 4B 59 4E 56 68  58 35 31 72 44 59 4E 6C  mMKKYNVhX51rDYNl
00000100: 41 42 48 4F 75 30 55 41  51 4C 6B 72 41 37 4A 38  ABHOu0UAQLkrA7J8
00000110: 46 34 54 4F 53 6C 4D 35  73 63 5A 68 69 53 43 34  F4TOSlM5scZhiSC4
00000120: 58 62 72 6E 59 20 40 75  73 65 72 6E 61 6D 65 5F  XbrnY @username_
00000130: 34 39 34 20 68 74 74 70  3A 2F 2F 73 68 6F 72 74  494 http://short
00000140: 2D 75 72 6C 2F 52 31 47  6B 53 4A 68 46 70 56 20  -url/R1GkSJhFpV 
00000150: 68 74 74 70 3A 2F 2F 73  68 6F 72 74 2D 75 72 6C  http://short-url
00000160: 2F 46 61 52 43 32 4E 78  53 63 78 20 68 74 74 70  /FaRC2NxScx http
00000170: 3A 2F 2F 73 68 6F 72 74  2D 75 72 6C 2F 35 31 4E  ://short-url/51N
00000180: 58 32 50 70 39 73 48 20  68 74 74 70 3A 2F 2F 73  X2Pp9sH http://s
00000190: 68 6F 72 74 2D 75 72 6C  2F 75 77 38 4A 35 63 64  hort-url/uw8J5cd
000001A0: 79 7A 54 0F 00 02 0C 00  00 00 00 0F 00 03 0C 00  yzT.............
000001B0: 00 00 04 0B 00 01 00 00  00 1B 68 74 74 70 3A 2F  ..........http:/
000001C0: 2F 73 68 6F 72 74 2D 75  72 6C 2F 52 31 47 6B 53  /short-url/R1GkS
000001D0: 4A 68 46 70 56 0B 00 02  00 00 00 47 68 74 74 70  JhFpV......Ghttp
000001E0: 3A 2F 2F 55 57 35 33 4A  4C 47 57 35 45 37 5A 39  ://UW53JLGW5E7Z9
000001F0: 4D 63 35 62 78 64 68 49  6D 6D 38 77 4E 30 62 48  Mc5bxdhImm8wN0bH
00000200: 30 6B 6A 59 79 41 52 45  30 6B 68 56 75 71 32 35  0kjYyARE0khVuq25
00000210: 32 4A 42 57 4A 4B 39 6D  47 55 35 47 62 65 52 6B  2JBWJK9mGU5GbeRk
00000220: 4F 34 44 00 0B 00 01 00  00 00 1B 68 74 74 70 3A  O4D........http:
00000230: 2F 2F 73 68 6F 72 74 2D  75 72 6C 2F 46 61 52 43  //short-url/FaRC
00000240: 32 4E 78 53 63 78 0B 00  02 00 00 00 47 68 74 74  2NxScx......Ghtt
00000250: 70 3A 2F 2F 45 78 77 4F  37 53 64 51 67 78 58 50  p://ExwO7SdQgxXP
00000260: 6B 36 36 72 75 48 5A 54  4B 36 46 6E 36 71 6A 47  k66ruHZTK6Fn6qjG
00000270: 76 4D 76 78 44 6E 57 37  6C 36 66 71 73 44 44 39  vMvxDnW7l6fqsDD9
00000280: 68 70 52 71 62 73 76 46  48 31 42 51 70 4C 76 6F  hpRqbsvFH1BQpLvo
00000290: 30 53 64 67 00 0B 00 01  00 00 00 1B 68 74 74 70  0Sdg........http
000002A0: 3A 2F 2F 73 68 6F 72 74  2D 75 72 6C 2F 35 31 4E  ://short-url/51N
000002B0: 58 32 50 70 39 73 48 0B  00 02 00 00 00 47 68 74  X2Pp9sH......Ght
000002C0: 74 70 3A 2F 2F 41 69 4F  5A 50 79 48 36 73 43 62  tp://AiOZPyH6sCb
000002D0: 4B 6F 49 4D 64 42 70 6A  71 7A 55 30 33 36 57 35  KoIMdBpjqzU036W5
000002E0: 67 4C 6E 68 59 64 44 41  6E 59 65 58 55 52 30 42  gLnhYdDAnYeXUR0B
000002F0: 67 43 61 73 4A 54 37 70  54 61 37 6C 63 6D 72 33  gCasJT7pTa7lcmr3
00000300: 57 41 68 74 36 00 0B 00  01 00 00 00 1B 68 74 74  WAht6........htt
00000310: 70 3A 2F 2F 73 68 6F 72  74 2D 75 72 6C 2F 75 77  p://short-url/uw
00000320: 38 4A 35 63 64 79 7A 54  0B 00 02 00 00 00 47 68  8J5cdyzT......Gh
00000330: 74 74 70 3A 2F 2F 73 47  44 38 32 77 4F 4B 35 6B  ttp://sGD82wOK5k
00000340: 49 6C 51 6D 45 46 32 6F  32 6C 57 77 62 45 76 74  IlQmEF2o2lWwbEvt
00000350: 66 5A 36 6E 50 75 77 68  71 47 37 79 59 6B 49 46  fZ6nPuwhqG7yYkIF
00000360: 6F 6E 33 70 45 6F 55 4F  32 38 57 38 43 43 73 48  on3pEoUO28W8CCsH
00000370: 41 42 77 63 64 61 00 00  00                       ABwcda...
====
STREAM PID 40027.0xffff948328f80b00 (C) > 40016.0xffff9482c72c0b00 (S), length 555
command[40027]: b'./src/ComposePostService/ComposePostService'
command[40016]: b'./cmake-build/src/TextService/TextService'
----
00000000: 00 00 02 27 80 01 00 01  00 00 00 0B 43 6F 6D 70  ...'........Comp
00000010: 6F 73 65 54 65 78 74 00  00 00 00 0A 00 01 03 08  oseText.........
00000020: 52 A9 C0 77 31 E0 0B 00  02 00 00 01 F4 4C 5A 50  R..w1........LZP
00000030: 41 6E 38 68 77 65 74 59  45 66 30 6B 42 74 53 70  An8hwetYEf0kBtSp
00000040: 77 4F 67 53 6B 71 4C 77  57 68 67 33 47 79 4C 7A  wOgSkqLwWhg3GyLz
00000050: 34 63 51 4A 30 5A 66 53  52 4A 6E 79 42 66 41 72  4cQJ0ZfSRJnyBfAr
00000060: 63 76 59 30 70 31 75 72  46 4A 51 50 75 69 30 69  cvY0p1urFJQPui0i
00000070: 73 54 4B 6E 75 5A 4C 79  69 75 47 4A 72 79 43 35  sTKnuZLyiuGJryC5
00000080: 32 61 36 37 64 61 45 4B  73 7A 62 45 4B 6D 71 41  2a67daEKszbEKmqA
00000090: 45 6A 38 39 59 79 75 79  53 49 43 58 53 4B 50 72  Ej89YyuySICXSKPr
000000A0: 38 63 56 6C 43 34 52 42  4B 37 39 74 36 32 69 49  8cVlC4RBK79t62iI
000000B0: 46 5A 7A 41 53 41 33 30  73 47 79 38 49 67 41 77  FZzASA30sGy8IgAw
000000C0: 65 31 6C 42 71 4E 75 39  38 33 55 78 48 42 52 61  e1lBqNu983UxHBRa
000000D0: 6A 6B 65 76 64 74 73 4C  6A 44 31 64 45 55 5A 69  jkevdtsLjD1dEUZi
000000E0: 72 38 62 4C 30 31 42 4F  47 4A 6B 79 30 64 4F 46  r8bL01BOGJky0dOF
000000F0: 43 58 43 4B 70 4D 5A 61  6C 71 61 6C 61 53 6A 71  CXCKpMZalqalaSjq
00000100: 35 32 77 42 34 68 33 50  71 35 4A 42 32 47 48 53  52wB4h3Pq5JB2GHS
00000110: 74 41 70 45 31 69 76 78  45 79 78 79 70 72 68 4F  tApE1ivxEyxyprhO
00000120: 73 6E 35 48 50 68 54 6E  55 6B 44 31 4F 20 40 75  sn5HPhTnUkD1O @u
00000130: 73 65 72 6E 61 6D 65 5F  31 35 35 20 40 75 73 65  sername_155 @use
00000140: 72 6E 61 6D 65 5F 35 32  33 20 68 74 74 70 3A 2F  rname_523 http:/
00000150: 2F 6D 45 7A 66 7A 75 48  4C 4E 36 31 59 75 6E 34  /mEzfzuHLN61Yun4
00000160: 67 4A 76 30 55 54 4E 50  37 39 4E 35 45 71 53 6F  gJv0UTNP79N5EqSo
00000170: 67 67 73 41 68 57 37 72  6F 76 36 4E 48 4C 6F 31  ggsAhW7rov6NHLo1
00000180: 5A 42 56 76 71 61 6F 73  46 32 57 6A 70 51 78 6C  ZBVvqaosF2WjpQxl
00000190: 73 20 68 74 74 70 3A 2F  2F 46 46 46 33 67 49 53  s http://FFF3gIS
000001A0: 69 48 52 62 46 68 63 65  76 65 71 35 77 4D 44 41  iHRbFhceveq5wMDA
000001B0: 69 77 4B 69 39 70 66 43  33 68 55 73 54 61 67 61  iwKi9pfC3hUsTaga
000001C0: 70 34 5A 62 77 6F 61 35  6F 4E 45 74 7A 35 78 55  p4Zbwoa5oNEtz5xU
000001D0: 49 55 56 68 63 69 36 39  6B 20 68 74 74 70 3A 2F  IUVhci69k http:/
000001E0: 2F 54 59 68 63 31 35 48  7A 4B 71 61 48 49 4A 30  /TYhc15HzKqaHIJ0
000001F0: 57 55 79 48 34 45 74 51  4E 48 6B 38 69 41 41 66  WUyH4EtQNHk8iAAf
00000200: 4C 49 58 55 34 6B 59 43  31 6B 6C 79 6E 50 42 71  LIXU4kYC1klynPBq
00000210: 38 4A 33 6F 64 66 63 79  59 77 34 39 42 6A 53 6A  8J3odfcyYw49BjSj
00000220: 49 0D 00 03 0B 0B 00 00  00 00 00                 I..........
====
STREAM PID 40016.0xffff9482c72c0b00 (S) > 40027.0xffff948328f80b00 (C), length 762
command[40016]: b'./cmake-build/src/TextService/TextService'
command[40027]: b'./src/ComposePostService/ComposePostService'
----
00000000: 00 00 02 F6 80 01 00 02  00 00 00 0B 43 6F 6D 70  ............Comp
00000010: 6F 73 65 54 65 78 74 00  00 00 00 0C 00 00 0B 00  oseText.........
00000020: 01 00 00 01 70 4C 5A 50  41 6E 38 68 77 65 74 59  ....pLZPAn8hwetY
00000030: 45 66 30 6B 42 74 53 70  77 4F 67 53 6B 71 4C 77  Ef0kBtSpwOgSkqLw
00000040: 57 68 67 33 47 79 4C 7A  34 63 51 4A 30 5A 66 53  Whg3GyLz4cQJ0ZfS
00000050: 52 4A 6E 79 42 66 41 72  63 76 59 30 70 31 75 72  RJnyBfArcvY0p1ur
00000060: 46 4A 51 50 75 69 30 69  73 54 4B 6E 75 5A 4C 79  FJQPui0isTKnuZLy
00000070: 69 75 47 4A 72 79 43 35  32 61 36 37 64 61 45 4B  iuGJryC52a67daEK
00000080: 73 7A 62 45 4B 6D 71 41  45 6A 38 39 59 79 75 79  szbEKmqAEj89Yyuy
00000090: 53 49 43 58 53 4B 50 72  38 63 56 6C 43 34 52 42  SICXSKPr8cVlC4RB
000000A0: 4B 37 39 74 36 32 69 49  46 5A 7A 41 53 41 33 30  K79t62iIFZzASA30
000000B0: 73 47 79 38 49 67 41 77  65 31 6C 42 71 4E 75 39  sGy8IgAwe1lBqNu9
000000C0: 38 33 55 78 48 42 52 61  6A 6B 65 76 64 74 73 4C  83UxHBRajkevdtsL
000000D0: 6A 44 31 64 45 55 5A 69  72 38 62 4C 30 31 42 4F  jD1dEUZir8bL01BO
000000E0: 47 4A 6B 79 30 64 4F 46  43 58 43 4B 70 4D 5A 61  GJky0dOFCXCKpMZa
000000F0: 6C 71 61 6C 61 53 6A 71  35 32 77 42 34 68 33 50  lqalaSjq52wB4h3P
00000100: 71 35 4A 42 32 47 48 53  74 41 70 45 31 69 76 78  q5JB2GHStApE1ivx
00000110: 45 79 78 79 70 72 68 4F  73 6E 35 48 50 68 54 6E  EyxyprhOsn5HPhTn
00000120: 55 6B 44 31 4F 20 40 75  73 65 72 6E 61 6D 65 5F  UkD1O @username_
00000130: 31 35 35 20 40 75 73 65  72 6E 61 6D 65 5F 35 32  155 @username_52
00000140: 33 20 68 74 74 70 3A 2F  2F 73 68 6F 72 74 2D 75  3 http://short-u
00000150: 72 6C 2F 58 51 72 47 63  37 31 4A 51 58 20 68 74  rl/XQrGc71JQX ht
00000160: 74 70 3A 2F 2F 73 68 6F  72 74 2D 75 72 6C 2F 56  tp://short-url/V
00000170: 6E 64 31 33 46 4E 71 52  5A 20 68 74 74 70 3A 2F  nd13FNqRZ http:/
00000180: 2F 73 68 6F 72 74 2D 75  72 6C 2F 77 5A 49 51 4E  /short-url/wZIQN
00000190: 6D 58 33 34 6F 0F 00 02  0C 00 00 00 00 0F 00 03  mX34o...........
000001A0: 0C 00 00 00 03 0B 00 01  00 00 00 1B 68 74 74 70  ............http
000001B0: 3A 2F 2F 73 68 6F 72 74  2D 75 72 6C 2F 58 51 72  ://short-url/XQr
000001C0: 47 63 37 31 4A 51 58 0B  00 02 00 00 00 47 68 74  Gc71JQX......Ght
000001D0: 74 70 3A 2F 2F 6D 45 7A  66 7A 75 48 4C 4E 36 31  tp://mEzfzuHLN61
000001E0: 59 75 6E 34 67 4A 76 30  55 54 4E 50 37 39 4E 35  Yun4gJv0UTNP79N5
000001F0: 45 71 53 6F 67 67 73 41  68 57 37 72 6F 76 36 4E  EqSoggsAhW7rov6N
00000200: 48 4C 6F 31 5A 42 56 76  71 61 6F 73 46 32 57 6A  HLo1ZBVvqaosF2Wj
00000210: 70 51 78 6C 73 00 0B 00  01 00 00 00 1B 68 74 74  pQxls........htt
00000220: 70 3A 2F 2F 73 68 6F 72  74 2D 75 72 6C 2F 56 6E  p://short-url/Vn
00000230: 64 31 33 46 4E 71 52 5A  0B 00 02 00 00 00 47 68  d13FNqRZ......Gh
00000240: 74 74 70 3A 2F 2F 46 46  46 33 67 49 53 69 48 52  ttp://FFF3gISiHR
00000250: 62 46 68 63 65 76 65 71  35 77 4D 44 41 69 77 4B  bFhceveq5wMDAiwK
00000260: 69 39 70 66 43 33 68 55  73 54 61 67 61 70 34 5A  i9pfC3hUsTagap4Z
00000270: 62 77 6F 61 35 6F 4E 45  74 7A 35 78 55 49 55 56  bwoa5oNEtz5xUIUV
00000280: 68 63 69 36 39 6B 00 0B  00 01 00 00 00 1B 68 74  hci69k........ht
00000290: 74 70 3A 2F 2F 73 68 6F  72 74 2D 75 72 6C 2F 77  tp://short-url/w
000002A0: 5A 49 51 4E 6D 58 33 34  6F 0B 00 02 00 00 00 47  ZIQNmX34o......G
000002B0: 68 74 74 70 3A 2F 2F 54  59 68 63 31 35 48 7A 4B  http://TYhc15HzK
000002C0: 71 61 48 49 4A 30 57 55  79 48 34 45 74 51 4E 48  qaHIJ0WUyH4EtQNH
000002D0: 6B 38 69 41 41 66 4C 49  58 55 34 6B 59 43 31 6B  k8iAAfLIXU4kYC1k
000002E0: 6C 79 6E 50 42 71 38 4A  33 6F 64 66 63 79 59 77  lynPBq8J3odfcyYw
000002F0: 34 39 42 6A 53 6A 49 00  00 00                    49BjSjI...
====
STREAM PID 40027.0xffff948328f80b00 (C) > 40016.0xffff9482c72c0b00 (S), length 353
command[40027]: b'./src/ComposePostService/ComposePostService'
command[40016]: b'./cmake-build/src/TextService/TextService'
----
00000000: 00 00 01 5D 80 01 00 01  00 00 00 0B 43 6F 6D 70  ...]........Comp
00000010: 6F 73 65 54 65 78 74 00  00 00 00 0A 00 01 02 18  oseText.........
00000020: 5D 87 20 8A A8 00 0B 00  02 00 00 01 2A 57 4E 57  ]. .........*WNW
00000030: 4B 52 55 73 7A 53 33 4A  67 6E 48 6A 33 37 6C 34  KRUszS3JgnHj37l4
00000040: 30 53 4C 30 39 4B 75 47  66 52 7A 5A 68 4D 6C 52  0SL09KuGfRzZhMlR
00000050: 73 64 55 31 65 79 6C 4C  73 39 52 63 37 75 42 78  sdU1eylLs9Rc7uBx
00000060: 52 75 4E 6C 4B 73 76 52  52 57 67 43 74 5A 78 6F  RuNlKsvRRWgCtZxo
00000070: 59 47 6E 44 66 37 41 74  4F 34 4A 41 78 47 64 30  YGnDf7AtO4JAxGd0
00000080: 51 32 4C 49 49 6E 6B 43  39 7A 39 62 46 41 4B 4F  Q2LIInkC9z9bFAKO
00000090: 56 4F 57 71 43 53 6C 30  41 76 34 75 79 4A 4C 66  VOWqCSl0Av4uyJLf
000000A0: 6C 56 5A 51 35 76 58 70  6D 6C 39 4B 36 57 4E 4F  lVZQ5vXpml9K6WNO
000000B0: 4F 78 6B 64 31 37 47 49  59 58 4B 49 36 71 6C 77  Oxkd17GIYXKI6qlw
000000C0: 30 77 72 38 37 6E 41 7A  70 62 52 52 58 44 66 44  0wr87nAzpbRRXDfD
000000D0: 4E 71 4B 36 37 33 35 50  79 6C 44 63 4A 52 77 64  NqK6735PylDcJRwd
000000E0: 6E 47 79 45 70 4F 73 66  6E 6E 59 75 34 73 67 4B  nGyEpOsfnnYu4sgK
000000F0: 75 75 4A 4A 74 30 4A 55  38 78 75 4C 6B 48 70 69  uuJJt0JU8xuLkHpi
00000100: 35 30 71 72 30 47 4A 6F  31 66 52 6E 31 78 69 76  50qr0GJo1fRn1xiv
00000110: 30 53 55 6D 76 62 4C 44  4C 66 35 30 37 33 30 32  0SUmvbLDLf507302
00000120: 76 4F 56 4A 75 4B 73 7A  4F 68 4B 5A 64 20 40 75  vOVJuKszOhKZd @u
00000130: 73 65 72 6E 61 6D 65 5F  39 33 30 20 40 75 73 65  sername_930 @use
00000140: 72 6E 61 6D 65 5F 31 32  39 20 40 75 73 65 72 6E  rname_129 @usern
00000150: 61 6D 65 5F 37 30 30 0D  00 03 0B 0B 00 00 00 00  ame_700.........
00000160: 00                                                .
====
STREAM PID 40016.0xffff9482c72c0b00 (S) > 40027.0xffff948328f80b00 (C), length 353
command[40016]: b'./cmake-build/src/TextService/TextService'
command[40027]: b'./src/ComposePostService/ComposePostService'
----
00000000: 00 00 01 5D 80 01 00 02  00 00 00 0B 43 6F 6D 70  ...]........Comp
00000010: 6F 73 65 54 65 78 74 00  00 00 00 0C 00 00 0B 00  oseText.........
00000020: 01 00 00 01 2A 57 4E 57  4B 52 55 73 7A 53 33 4A  ....*WNWKRUszS3J
00000030: 67 6E 48 6A 33 37 6C 34  30 53 4C 30 39 4B 75 47  gnHj37l40SL09KuG
00000040: 66 52 7A 5A 68 4D 6C 52  73 64 55 31 65 79 6C 4C  fRzZhMlRsdU1eylL
00000050: 73 39 52 63 37 75 42 78  52 75 4E 6C 4B 73 76 52  s9Rc7uBxRuNlKsvR
00000060: 52 57 67 43 74 5A 78 6F  59 47 6E 44 66 37 41 74  RWgCtZxoYGnDf7At
00000070: 4F 34 4A 41 78 47 64 30  51 32 4C 49 49 6E 6B 43  O4JAxGd0Q2LIInkC
00000080: 39 7A 39 62 46 41 4B 4F  56 4F 57 71 43 53 6C 30  9z9bFAKOVOWqCSl0
00000090: 41 76 34 75 79 4A 4C 66  6C 56 5A 51 35 76 58 70  Av4uyJLflVZQ5vXp
000000A0: 6D 6C 39 4B 36 57 4E 4F  4F 78 6B 64 31 37 47 49  ml9K6WNOOxkd17GI
000000B0: 59 58 4B 49 36 71 6C 77  30 77 72 38 37 6E 41 7A  YXKI6qlw0wr87nAz
000000C0: 70 62 52 52 58 44 66 44  4E 71 4B 36 37 33 35 50  pbRRXDfDNqK6735P
000000D0: 79 6C 44 63 4A 52 77 64  6E 47 79 45 70 4F 73 66  ylDcJRwdnGyEpOsf
000000E0: 6E 6E 59 75 34 73 67 4B  75 75 4A 4A 74 30 4A 55  nnYu4sgKuuJJt0JU
000000F0: 38 78 75 4C 6B 48 70 69  35 30 71 72 30 47 4A 6F  8xuLkHpi50qr0GJo
00000100: 31 66 52 6E 31 78 69 76  30 53 55 6D 76 62 4C 44  1fRn1xiv0SUmvbLD
00000110: 4C 66 35 30 37 33 30 32  76 4F 56 4A 75 4B 73 7A  Lf507302vOVJuKsz
00000120: 4F 68 4B 5A 64 20 40 75  73 65 72 6E 61 6D 65 5F  OhKZd @username_
00000130: 39 33 30 20 40 75 73 65  72 6E 61 6D 65 5F 31 32  930 @username_12
00000140: 39 20 40 75 73 65 72 6E  61 6D 65 5F 37 30 30 0F  9 @username_700.
00000150: 00 02 0C 00 00 00 00 0F  00 03 0C 00 00 00 00 00  ................
00000160: 00                                                .
====
STREAM PID 40027.0xffff948328f80b00 (C) > 40016.0xffff9482c72c0b00 (S), length 510
command[40027]: b'./src/ComposePostService/ComposePostService'
command[40016]: b'./cmake-build/src/TextService/TextService'
----
00000000: 00 00 01 FA 80 01 00 01  00 00 00 0B 43 6F 6D 70  ............Comp
00000010: 6F 73 65 54 65 78 74 00  00 00 00 0A 00 01 02 C5  oseText.........
00000020: 4E FB B3 5D DD 60 0B 00  02 00 00 01 C7 65 4E 46  N..].`.......eNF
00000030: 4F 47 4A 46 78 6E 72 51  57 74 39 33 4E 61 6B 6C  OGJFxnrQWt93Nakl
00000040: 39 4E 4D 4A 4D 4C 4F 63  55 4C 71 33 4F 77 37 43  9NMJMLOcULq3Ow7C
00000050: 59 46 6D 71 51 61 67 4D  4B 39 79 49 4F 55 38 77  YFmqQagMK9yIOU8w
00000060: 57 47 57 54 44 48 4F 48  34 63 65 72 79 32 37 36  WGWTDHOH4cery276
00000070: 38 42 6B 79 72 62 33 4C  52 30 43 36 71 63 6D 46  8Bkyrb3LR0C6qcmF
00000080: 50 67 42 51 6F 4A 62 53  71 61 4F 54 4B 68 4C 66  PgBQoJbSqaOTKhLf
00000090: 65 69 71 79 47 6C 55 54  34 62 64 48 6A 31 77 52  eiqyGlUT4bdHj1wR
000000A0: 67 74 57 49 6D 61 63 67  4D 6A 78 36 37 4D 68 70  gtWImacgMjx67Mhp
000000B0: 73 74 39 65 54 61 6A 4D  71 56 43 67 30 63 30 46  st9eTajMqVCg0c0F
000000C0: 66 67 4B 4E 57 52 49 65  6A 53 45 62 53 35 69 76  fgKNWRIejSEbS5iv
000000D0: 38 4C 4D 78 67 49 73 52  4B 35 61 4C 79 32 4B 79  8LMxgIsRK5aLy2Ky
000000E0: 33 4A 4B 44 33 4A 63 31  4F 7A 49 36 79 45 5A 78  3JKD3Jc1OzI6yEZx
000000F0: 54 36 76 44 74 43 4D 6A  49 59 42 63 47 69 6F 49  T6vDtCMjIYBcGioI
00000100: 58 46 39 6F 58 47 6F 4E  38 44 63 76 72 4A 76 73  XF9oXGoN8DcvrJvs
00000110: 67 75 4E 6B 42 33 4D 75  4D 6C 70 35 6F 35 31 34  guNkB3MuMlp5o514
00000120: 57 57 52 38 38 33 78 55  33 6D 33 50 79 20 40 75  WWR883xU3m3Py @u
00000130: 73 65 72 6E 61 6D 65 5F  31 38 20 40 75 73 65 72  sername_18 @user
00000140: 6E 61 6D 65 5F 34 37 32  20 40 75 73 65 72 6E 61  name_472 @userna
00000150: 6D 65 5F 35 37 34 20 40  75 73 65 72 6E 61 6D 65  me_574 @username
00000160: 5F 34 35 35 20 68 74 74  70 3A 2F 2F 56 51 74 79  _455 http://VQty
00000170: 77 72 48 6D 75 65 4B 47  32 7A 68 75 77 69 64 62  wrHmueKG2zhuwidb
00000180: 6D 57 79 49 31 63 39 5A  61 53 47 78 79 63 35 43  mWyI1c9ZaSGxyc5C
00000190: 6A 53 69 68 77 42 56 7A  50 63 61 58 6B 43 38 45  jSihwBVzPcaXkC8E
000001A0: 6F 48 54 58 4B 6A 58 50  53 6D 75 78 20 68 74 74  oHTXKjXPSmux htt
000001B0: 70 3A 2F 2F 4C 4B 72 51  64 77 66 53 56 32 79 63  p://LKrQdwfSV2yc
000001C0: 79 4D 77 6C 51 6D 56 43  4A 46 76 6B 48 65 36 38  yMwlQmVCJFvkHe68
000001D0: 73 49 70 43 6A 30 4F 52  41 6C 35 46 64 69 63 35  sIpCj0ORAl5Fdic5
000001E0: 30 64 4B 4C 4A 76 5A 70  65 4B 71 36 46 76 35 5A  0dKLJvZpeKq6Fv5Z
000001F0: 6E 6F 5A 33 0D 00 03 0B  0B 00 00 00 00 00        noZ3..........
====
STREAM PID 40016.0xffff9482c72c0b00 (S) > 40027.0xffff948328f80b00 (C), length 648
command[40016]: b'./cmake-build/src/TextService/TextService'
command[40027]: b'./src/ComposePostService/ComposePostService'
----
00000000: 00 00 02 84 80 01 00 02  00 00 00 0B 43 6F 6D 70  ............Comp
00000010: 6F 73 65 54 65 78 74 00  00 00 00 0C 00 00 0B 00  oseText.........
00000020: 01 00 00 01 6F 65 4E 46  4F 47 4A 46 78 6E 72 51  ....oeNFOGJFxnrQ
00000030: 57 74 39 33 4E 61 6B 6C  39 4E 4D 4A 4D 4C 4F 63  Wt93Nakl9NMJMLOc
00000040: 55 4C 71 33 4F 77 37 43  59 46 6D 71 51 61 67 4D  ULq3Ow7CYFmqQagM
00000050: 4B 39 79 49 4F 55 38 77  57 47 57 54 44 48 4F 48  K9yIOU8wWGWTDHOH
00000060: 34 63 65 72 79 32 37 36  38 42 6B 79 72 62 33 4C  4cery2768Bkyrb3L
00000070: 52 30 43 36 71 63 6D 46  50 67 42 51 6F 4A 62 53  R0C6qcmFPgBQoJbS
00000080: 71 61 4F 54 4B 68 4C 66  65 69 71 79 47 6C 55 54  qaOTKhLfeiqyGlUT
00000090: 34 62 64 48 6A 31 77 52  67 74 57 49 6D 61 63 67  4bdHj1wRgtWImacg
000000A0: 4D 6A 78 36 37 4D 68 70  73 74 39 65 54 61 6A 4D  Mjx67Mhpst9eTajM
000000B0: 71 56 43 67 30 63 30 46  66 67 4B 4E 57 52 49 65  qVCg0c0FfgKNWRIe
000000C0: 6A 53 45 62 53 35 69 76  38 4C 4D 78 67 49 73 52  jSEbS5iv8LMxgIsR
000000D0: 4B 35 61 4C 79 32 4B 79  33 4A 4B 44 33 4A 63 31  K5aLy2Ky3JKD3Jc1
000000E0: 4F 7A 49 36 79 45 5A 78  54 36 76 44 74 43 4D 6A  OzI6yEZxT6vDtCMj
000000F0: 49 59 42 63 47 69 6F 49  58 46 39 6F 58 47 6F 4E  IYBcGioIXF9oXGoN
00000100: 38 44 63 76 72 4A 76 73  67 75 4E 6B 42 33 4D 75  8DcvrJvsguNkB3Mu
00000110: 4D 6C 70 35 6F 35 31 34  57 57 52 38 38 33 78 55  Mlp5o514WWR883xU
00000120: 33 6D 33 50 79 20 40 75  73 65 72 6E 61 6D 65 5F  3m3Py @username_
00000130: 31 38 20 40 75 73 65 72  6E 61 6D 65 5F 34 37 32  18 @username_472
00000140: 20 40 75 73 65 72 6E 61  6D 65 5F 35 37 34 20 40   @username_574 @
00000150: 75 73 65 72 6E 61 6D 65  5F 34 35 35 20 68 74 74  username_455 htt
00000160: 70 3A 2F 2F 73 68 6F 72  74 2D 75 72 6C 2F 75 69  p://short-url/ui
00000170: 58 32 70 4F 57 6E 52 68  20 68 74 74 70 3A 2F 2F  X2pOWnRh http://
00000180: 73 68 6F 72 74 2D 75 72  6C 2F 49 44 69 4D 72 34  short-url/IDiMr4
00000190: 67 35 51 6F 0F 00 02 0C  00 00 00 00 0F 00 03 0C  g5Qo............
000001A0: 00 00 00 02 0B 00 01 00  00 00 1B 68 74 74 70 3A  ...........http:
000001B0: 2F 2F 73 68 6F 72 74 2D  75 72 6C 2F 75 69 58 32  //short-url/uiX2
000001C0: 70 4F 57 6E 52 68 0B 00  02 00 00 00 47 68 74 74  pOWnRh......Ghtt
000001D0: 70 3A 2F 2F 56 51 74 79  77 72 48 6D 75 65 4B 47  p://VQtywrHmueKG
000001E0: 32 7A 68 75 77 69 64 62  6D 57 79 49 31 63 39 5A  2zhuwidbmWyI1c9Z
000001F0: 61 53 47 78 79 63 35 43  6A 53 69 68 77 42 56 7A  aSGxyc5CjSihwBVz
00000200: 50 63 61 58 6B 43 38 45  6F 48 54 58 4B 6A 58 50  PcaXkC8EoHTXKjXP
00000210: 53 6D 75 78 00 0B 00 01  00 00 00 1B 68 74 74 70  Smux........http
00000220: 3A 2F 2F 73 68 6F 72 74  2D 75 72 6C 2F 49 44 69  ://short-url/IDi
00000230: 4D 72 34 67 35 51 6F 0B  00 02 00 00 00 47 68 74  Mr4g5Qo......Ght
00000240: 74 70 3A 2F 2F 4C 4B 72  51 64 77 66 53 56 32 79  tp://LKrQdwfSV2y
00000250: 63 79 4D 77 6C 51 6D 56  43 4A 46 76 6B 48 65 36  cyMwlQmVCJFvkHe6
00000260: 38 73 49 70 43 6A 30 4F  52 41 6C 35 46 64 69 63  8sIpCj0ORAl5Fdic
00000270: 35 30 64 4B 4C 4A 76 5A  70 65 4B 71 36 46 76 35  50dKLJvZpeKq6Fv5
00000280: 5A 6E 6F 5A 33 00 00 00                           ZnoZ3...
====
STREAM PID 40027.0xffff948328f80b00 (C) > 40016.0xffff9482c72c0b00 (S), length 381
command[40027]: b'./src/ComposePostService/ComposePostService'
command[40016]: b'./cmake-build/src/TextService/TextService'
----
00000000: 00 00 01 79 80 01 00 01  00 00 00 0B 43 6F 6D 70  ...y........Comp
00000010: 6F 73 65 54 65 78 74 00  00 00 00 0A 00 01 05 FE  oseText.........
00000020: 01 2E 5A 74 F3 00 0B 00  02 00 00 01 46 5A 43 73  ..Zt........FZCs
00000030: 43 32 50 59 75 6E 49 59  34 52 7A 77 69 64 55 72  C2PYunIY4RzwidUr
00000040: 6D 4B 51 50 42 65 6D 41  38 39 64 4F 41 58 56 61  mKQPBemA89dOAXVa
00000050: 37 68 6D 71 48 33 52 46  5A 4E 76 73 72 48 34 78  7hmqH3RFZNvsrH4x
00000060: 41 45 59 55 32 6A 31 57  61 56 52 4D 61 64 6F 67  AEYU2j1WaVRMadog
00000070: 49 45 30 77 6D 6D 69 43  6A 4B 43 67 43 44 38 6C  IE0wmmiCjKCgCD8l
00000080: 59 52 77 4C 4A 67 74 7A  42 57 4D 76 30 45 50 59  YRwLJgtzBWMv0EPY
00000090: 67 6C 77 4F 4A 35 74 53  43 75 41 66 70 38 66 30  glwOJ5tSCuAfp8f0
000000A0: 65 38 4B 64 38 64 44 78  52 48 44 56 54 46 6E 68  e8Kd8dDxRHDVTFnh
000000B0: 6B 5A 4B 4D 42 70 31 70  7A 73 56 50 70 77 39 39  kZKMBp1pzsVPpw99
000000C0: 71 57 66 35 6D 54 4A 58  6A 53 6A 44 32 43 31 62  qWf5mTJXjSjD2C1b
000000D0: 79 6D 43 6E 30 4C 7A 32  55 76 48 78 70 44 69 6A  ymCn0Lz2UvHxpDij
000000E0: 32 4F 49 37 61 6A 6E 62  4A 66 53 72 4A 72 58 65  2OI7ajnbJfSrJrXe
000000F0: 30 43 4A 37 6A 45 69 55  56 38 66 33 51 78 6D 68  0CJ7jEiUV8f3Qxmh
00000100: 44 30 39 72 46 49 48 59  66 62 53 75 45 77 78 45  D09rFIHYfbSuEwxE
00000110: 7A 4A 34 33 79 38 56 4B  31 66 69 41 45 74 58 6F  zJ43y8VK1fiAEtXo
00000120: 46 34 73 73 59 43 70 33  4C 69 77 68 45 20 40 75  F4ssYCp3LiwhE @u
00000130: 73 65 72 6E 61 6D 65 5F  37 33 33 20 40 75 73 65  sername_733 @use
00000140: 72 6E 61 6D 65 5F 35 35  35 20 40 75 73 65 72 6E  rname_555 @usern
00000150: 61 6D 65 5F 35 39 35 20  40 75 73 65 72 6E 61 6D  ame_595 @usernam
00000160: 65 5F 39 35 36 20 40 75  73 65 72 6E 61 6D 65 5F  e_956 @username_
00000170: 32 35 31 0D 00 03 0B 0B  00 00 00 00 00           251..........
====
STREAM PID 40016.0xffff9482c72c0b00 (S) > 40027.0xffff948328f80b00 (C), length 381
command[40016]: b'./cmake-build/src/TextService/TextService'
command[40027]: b'./src/ComposePostService/ComposePostService'
----
00000000: 00 00 01 79 80 01 00 02  00 00 00 0B 43 6F 6D 70  ...y........Comp
00000010: 6F 73 65 54 65 78 74 00  00 00 00 0C 00 00 0B 00  oseText.........
00000020: 01 00 00 01 46 5A 43 73  43 32 50 59 75 6E 49 59  ....FZCsC2PYunIY
00000030: 34 52 7A 77 69 64 55 72  6D 4B 51 50 42 65 6D 41  4RzwidUrmKQPBemA
00000040: 38 39 64 4F 41 58 56 61  37 68 6D 71 48 33 52 46  89dOAXVa7hmqH3RF
00000050: 5A 4E 76 73 72 48 34 78  41 45 59 55 32 6A 31 57  ZNvsrH4xAEYU2j1W
00000060: 61 56 52 4D 61 64 6F 67  49 45 30 77 6D 6D 69 43  aVRMadogIE0wmmiC
00000070: 6A 4B 43 67 43 44 38 6C  59 52 77 4C 4A 67 74 7A  jKCgCD8lYRwLJgtz
00000080: 42 57 4D 76 30 45 50 59  67 6C 77 4F 4A 35 74 53  BWMv0EPYglwOJ5tS
00000090: 43 75 41 66 70 38 66 30  65 38 4B 64 38 64 44 78  CuAfp8f0e8Kd8dDx
000000A0: 52 48 44 56 54 46 6E 68  6B 5A 4B 4D 42 70 31 70  RHDVTFnhkZKMBp1p
000000B0: 7A 73 56 50 70 77 39 39  71 57 66 35 6D 54 4A 58  zsVPpw99qWf5mTJX
000000C0: 6A 53 6A 44 32 43 31 62  79 6D 43 6E 30 4C 7A 32  jSjD2C1bymCn0Lz2
000000D0: 55 76 48 78 70 44 69 6A  32 4F 49 37 61 6A 6E 62  UvHxpDij2OI7ajnb
000000E0: 4A 66 53 72 4A 72 58 65  30 43 4A 37 6A 45 69 55  JfSrJrXe0CJ7jEiU
000000F0: 56 38 66 33 51 78 6D 68  44 30 39 72 46 49 48 59  V8f3QxmhD09rFIHY
00000100: 66 62 53 75 45 77 78 45  7A 4A 34 33 79 38 56 4B  fbSuEwxEzJ43y8VK
00000110: 31 66 69 41 45 74 58 6F  46 34 73 73 59 43 70 33  1fiAEtXoF4ssYCp3
00000120: 4C 69 77 68 45 20 40 75  73 65 72 6E 61 6D 65 5F  LiwhE @username_
00000130: 37 33 33 20 40 75 73 65  72 6E 61 6D 65 5F 35 35  733 @username_55
00000140: 35 20 40 75 73 65 72 6E  61 6D 65 5F 35 39 35 20  5 @username_595 
00000150: 40 75 73 65 72 6E 61 6D  65 5F 39 35 36 20 40 75  @username_956 @u
00000160: 73 65 72 6E 61 6D 65 5F  32 35 31 0F 00 02 0C 00  sername_251.....
00000170: 00 00 00 0F 00 03 0C 00  00 00 00 00 00           .............
====
STREAM PID 40027.0xffff948328f80b00 (C) > 40016.0xffff9482c72c0b00 (S), length 383
command[40027]: b'./src/ComposePostService/ComposePostService'
command[40016]: b'./cmake-build/src/TextService/TextService'
----
00000000: 00 00 01 7B 80 01 00 01  00 00 00 0B 43 6F 6D 70  ...{........Comp
00000010: 6F 73 65 54 65 78 74 00  00 00 00 0A 00 01 04 0A  oseText.........
00000020: C8 9B F4 CE 34 00 0B 00  02 00 00 01 48 69 62 6F  ....4.......Hibo
00000030: 50 51 72 47 57 6E 55 34  33 6C 6A 7A 72 4F 69 46  PQrGWnU43ljzrOiF
00000040: 78 38 4F 6F 49 65 42 4E  53 63 54 4D 42 61 77 76  x8OoIeBNScTMBawv
00000050: 57 69 47 42 4C 4F 76 4F  52 35 76 78 55 5A 7A 58  WiGBLOvOR5vxUZzX
00000060: 72 59 39 56 6E 48 68 68  54 62 4A 4C 48 32 47 50  rY9VnHhhTbJLH2GP
00000070: 6E 64 7A 4B 30 75 64 5A  47 4C 44 57 31 69 78 4C  ndzK0udZGLDW1ixL
00000080: 37 38 6A 6A 55 67 56 4E  6B 41 51 34 64 33 36 63  78jjUgVNkAQ4d36c
00000090: 70 4F 68 38 6D 7A 4B 46  73 77 55 75 32 69 37 55  pOh8mzKFswUu2i7U
000000A0: 5A 4C 43 37 35 54 7A 43  76 62 59 69 6F 4D 42 53  ZLC75TzCvbYioMBS
000000B0: 6D 4D 6E 7A 4A 65 67 75  58 66 70 59 70 74 71 58  mMnzJeguXfpYptqX
000000C0: 77 6E 4E 4B 4B 6B 32 55  58 66 32 46 33 33 45 75  wnNKKk2UXf2F33Eu
000000D0: 37 7A 4E 76 7A 6C 46 42  36 30 30 4D 47 38 73 71  7zNvzlFB600MG8sq
000000E0: 43 43 34 6B 30 5A 58 4A  52 4D 46 57 51 39 4E 46  CC4k0ZXJRMFWQ9NF
000000F0: 36 76 78 56 54 48 4B 73  39 4A 39 4F 71 50 6A 64  6vxVTHKs9J9OqPjd
00000100: 67 35 78 7A 30 36 78 4A  76 35 77 34 56 64 55 68  g5xz06xJv5w4VdUh
00000110: 59 6C 58 45 4C 78 30 46  78 74 59 64 46 32 69 4C  YlXELx0FxtYdF2iL
00000120: 43 6F 54 69 6C 68 53 41  55 49 54 71 79 20 68 74  CoTilhSAUITqy ht
00000130: 74 70 3A 2F 2F 38 34 30  76 64 67 70 63 4F 64 75  tp://840vdgpcOdu
00000140: 63 47 62 34 30 49 4E 35  76 32 78 30 79 73 6F 74  cGb40IN5v2x0ysot
00000150: 6B 35 6D 64 50 6E 4C 71  50 42 55 55 42 4F 33 6C  k5mdPnLqPBUUBO3l
00000160: 5A 45 6C 78 36 42 65 36  54 5A 57 43 54 42 42 36  ZElx6Be6TZWCTBB6
00000170: 76 53 6C 54 7A 0D 00 03  0B 0B 00 00 00 00 00     vSlTz..........
====
STREAM PID 40016.0xffff9482c72c0b00 (S) > 40027.0xffff948328f80b00 (C), length 452
command[40016]: b'./cmake-build/src/TextService/TextService'
command[40027]: b'./src/ComposePostService/ComposePostService'
----
00000000: 00 00 01 C0 80 01 00 02  00 00 00 0B 43 6F 6D 70  ............Comp
00000010: 6F 73 65 54 65 78 74 00  00 00 00 0C 00 00 0B 00  oseText.........
00000020: 01 00 00 01 1C 69 62 6F  50 51 72 47 57 6E 55 34  .....iboPQrGWnU4
00000030: 33 6C 6A 7A 72 4F 69 46  78 38 4F 6F 49 65 42 4E  3ljzrOiFx8OoIeBN
00000040: 53 63 54 4D 42 61 77 76  57 69 47 42 4C 4F 76 4F  ScTMBawvWiGBLOvO
00000050: 52 35 76 78 55 5A 7A 58  72 59 39 56 6E 48 68 68  R5vxUZzXrY9VnHhh
00000060: 54 62 4A 4C 48 32 47 50  6E 64 7A 4B 30 75 64 5A  TbJLH2GPndzK0udZ
00000070: 47 4C 44 57 31 69 78 4C  37 38 6A 6A 55 67 56 4E  GLDW1ixL78jjUgVN
00000080: 6B 41 51 34 64 33 36 63  70 4F 68 38 6D 7A 4B 46  kAQ4d36cpOh8mzKF
00000090: 73 77 55 75 32 69 37 55  5A 4C 43 37 35 54 7A 43  swUu2i7UZLC75TzC
000000A0: 76 62 59 69 6F 4D 42 53  6D 4D 6E 7A 4A 65 67 75  vbYioMBSmMnzJegu
000000B0: 58 66 70 59 70 74 71 58  77 6E 4E 4B 4B 6B 32 55  XfpYptqXwnNKKk2U
000000C0: 58 66 32 46 33 33 45 75  37 7A 4E 76 7A 6C 46 42  Xf2F33Eu7zNvzlFB
000000D0: 36 30 30 4D 47 38 73 71  43 43 34 6B 30 5A 58 4A  600MG8sqCC4k0ZXJ
000000E0: 52 4D 46 57 51 39 4E 46  36 76 78 56 54 48 4B 73  RMFWQ9NF6vxVTHKs
000000F0: 39 4A 39 4F 71 50 6A 64  67 35 78 7A 30 36 78 4A  9J9OqPjdg5xz06xJ
00000100: 76 35 77 34 56 64 55 68  59 6C 58 45 4C 78 30 46  v5w4VdUhYlXELx0F
00000110: 78 74 59 64 46 32 69 4C  43 6F 54 69 6C 68 53 41  xtYdF2iLCoTilhSA
00000120: 55 49 54 71 79 20 68 74  74 70 3A 2F 2F 73 68 6F  UITqy http://sho
00000130: 72 74 2D 75 72 6C 2F 71  69 52 6C 51 71 63 72 37  rt-url/qiRlQqcr7
00000140: 35 0F 00 02 0C 00 00 00  00 0F 00 03 0C 00 00 00  5...............
00000150: 01 0B 00 01 00 00 00 1B  68 74 74 70 3A 2F 2F 73  ........http://s
00000160: 68 6F 72 74 2D 75 72 6C  2F 71 69 52 6C 51 71 63  hort-url/qiRlQqc
00000170: 72 37 35 0B 00 02 00 00  00 47 68 74 74 70 3A 2F  r75......Ghttp:/
00000180: 2F 38 34 30 76 64 67 70  63 4F 64 75 63 47 62 34  /840vdgpcOducGb4
00000190: 30 49 4E 35 76 32 78 30  79 73 6F 74 6B 35 6D 64  0IN5v2x0ysotk5md
000001A0: 50 6E 4C 71 50 42 55 55  42 4F 33 6C 5A 45 6C 78  PnLqPBUUBO3lZElx
000001B0: 36 42 65 36 54 5A 57 43  54 42 42 36 76 53 6C 54  6Be6TZWCTBB6vSlT
000001C0: 7A 00 00 00                                       z...
====
STREAM PID 40027.0xffff948328f80b00 (C) > 40016.0xffff9482c72c0b00 (S), length 353
command[40027]: b'./src/ComposePostService/ComposePostService'
command[40016]: b'./cmake-build/src/TextService/TextService'
----
00000000: 00 00 01 5D 80 01 00 01  00 00 00 0B 43 6F 6D 70  ...]........Comp
00000010: 6F 73 65 54 65 78 74 00  00 00 00 0A 00 01 06 E4  oseText.........
00000020: E4 66 80 EF E0 80 0B 00  02 00 00 01 2A 66 52 61  .f..........*fRa
00000030: 65 41 69 30 4A 68 4D 46  6E 47 49 6B 4B 43 6B 6C  eAi0JhMFnGIkKCkl
00000040: 78 34 59 59 30 31 4D 49  70 44 67 53 30 59 68 76  x4YY01MIpDgS0Yhv
00000050: 4E 4D 6C 4E 69 30 71 41  46 77 4A 44 62 77 58 49  NMlNi0qAFwJDbwXI
00000060: 6F 50 45 55 44 33 69 36  6D 58 64 38 34 64 52 36  oPEUD3i6mXd84dR6
00000070: 45 6A 75 32 30 6B 4B 77  50 4C 4A 44 58 63 31 41  Eju20kKwPLJDXc1A
00000080: 43 75 69 47 70 55 46 32  44 41 30 4F 7A 34 42 59  CuiGpUF2DA0Oz4BY
00000090: 6E 79 34 47 75 63 45 42  4D 58 71 6E 54 42 6B 70  ny4GucEBMXqnTBkp
000000A0: 68 79 67 51 53 57 63 31  50 67 65 66 30 6F 4A 54  hygQSWc1Pgef0oJT
000000B0: 61 75 44 6B 43 7A 44 58  4D 56 65 34 6C 54 55 53  auDkCzDXMVe4lTUS
000000C0: 70 4D 6B 30 35 6C 6D 48  43 37 52 6E 49 33 79 49  pMk05lmHC7RnI3yI
000000D0: 30 62 48 69 65 67 58 63  59 6F 70 43 56 6B 59 67  0bHiegXcYopCVkYg
000000E0: 64 44 73 4D 57 6F 4B 69  4A 76 39 65 41 67 46 67  dDsMWoKiJv9eAgFg
000000F0: 77 66 4D 63 4E 51 65 4B  69 75 4D 52 72 58 53 55  wfMcNQeKiuMRrXSU
00000100: 4E 47 6D 47 47 30 49 45  4C 78 73 38 30 6D 35 4E  NGmGG0IELxs80m5N
00000110: 67 72 4D 4F 47 7A 58 50  6E 38 70 5A 6B 77 52 64  grMOGzXPn8pZkwRd
00000120: 5A 6A 32 44 36 52 4B 50  4E 76 7A 42 4C 20 40 75  Zj2D6RKPNvzBL @u
00000130: 73 65 72 6E 61 6D 65 5F  37 30 31 20 40 75 73 65  sername_701 @use
00000140: 72 6E 61 6D 65 5F 38 33  30 20 40 75 73 65 72 6E  rname_830 @usern
00000150: 61 6D 65 5F 34 38 34 0D  00 03 0B 0B 00 00 00 00  ame_484.........
00000160: 00                                                .
====
STREAM PID 40016.0xffff9482c72c0b00 (S) > 40027.0xffff948328f80b00 (C), length 353
command[40016]: b'./cmake-build/src/TextService/TextService'
command[40027]: b'./src/ComposePostService/ComposePostService'
----
00000000: 00 00 01 5D 80 01 00 02  00 00 00 0B 43 6F 6D 70  ...]........Comp
00000010: 6F 73 65 54 65 78 74 00  00 00 00 0C 00 00 0B 00  oseText.........
00000020: 01 00 00 01 2A 66 52 61  65 41 69 30 4A 68 4D 46  ....*fRaeAi0JhMF
00000030: 6E 47 49 6B 4B 43 6B 6C  78 34 59 59 30 31 4D 49  nGIkKCklx4YY01MI
00000040: 70 44 67 53 30 59 68 76  4E 4D 6C 4E 69 30 71 41  pDgS0YhvNMlNi0qA
00000050: 46 77 4A 44 62 77 58 49  6F 50 45 55 44 33 69 36  FwJDbwXIoPEUD3i6
00000060: 6D 58 64 38 34 64 52 36  45 6A 75 32 30 6B 4B 77  mXd84dR6Eju20kKw
00000070: 50 4C 4A 44 58 63 31 41  43 75 69 47 70 55 46 32  PLJDXc1ACuiGpUF2
00000080: 44 41 30 4F 7A 34 42 59  6E 79 34 47 75 63 45 42  DA0Oz4BYny4GucEB
00000090: 4D 58 71 6E 54 42 6B 70  68 79 67 51 53 57 63 31  MXqnTBkphygQSWc1
000000A0: 50 67 65 66 30 6F 4A 54  61 75 44 6B 43 7A 44 58  Pgef0oJTauDkCzDX
000000B0: 4D 56 65 34 6C 54 55 53  70 4D 6B 30 35 6C 6D 48  MVe4lTUSpMk05lmH
000000C0: 43 37 52 6E 49 33 79 49  30 62 48 69 65 67 58 63  C7RnI3yI0bHiegXc
000000D0: 59 6F 70 43 56 6B 59 67  64 44 73 4D 57 6F 4B 69  YopCVkYgdDsMWoKi
000000E0: 4A 76 39 65 41 67 46 67  77 66 4D 63 4E 51 65 4B  Jv9eAgFgwfMcNQeK
000000F0: 69 75 4D 52 72 58 53 55  4E 47 6D 47 47 30 49 45  iuMRrXSUNGmGG0IE
00000100: 4C 78 73 38 30 6D 35 4E  67 72 4D 4F 47 7A 58 50  Lxs80m5NgrMOGzXP
00000110: 6E 38 70 5A 6B 77 52 64  5A 6A 32 44 36 52 4B 50  n8pZkwRdZj2D6RKP
00000120: 4E 76 7A 42 4C 20 40 75  73 65 72 6E 61 6D 65 5F  NvzBL @username_
00000130: 37 30 31 20 40 75 73 65  72 6E 61 6D 65 5F 38 33  701 @username_83
00000140: 30 20 40 75 73 65 72 6E  61 6D 65 5F 34 38 34 0F  0 @username_484.
00000150: 00 02 0C 00 00 00 00 0F  00 03 0C 00 00 00 00 00  ................
00000160: 00                                                .
